2026-09-16 21:37:14 auto_search_main.py INFO Limiting evaluation to first 1 instances.
2026-09-16 21:37:21 auto_search_main.py INFO ============================================================
2026-09-16 21:37:21 auto_search_main.py INFO ==== rank 0 setup localize djangocms-rc-9e33db4f4660 ====
2026-09-16 21:37:22 auto_search_main.py INFO ============================================================
2026-09-16 21:37:22 auto_search_main.py INFO ==== rank 0 begin localizing djangocms-rc-9e33db4f4660 ====
2026-09-16 21:37:22 auto_search_main.py INFO ============================================================
2026-09-16 21:37:22 auto_search_main.py INFO ==== djangocms-rc-9e33db4f4660 Count down: attempt 1 ====
2026-09-16 21:37:22 auto_search_main.py INFO ==== djangocms-rc-9e33db4f4660 start auto search ====
2026-09-16 21:37:22 utils.py INFO 
LiteLLM completion() model= qwen/qwen3-coder; provider = openrouter
2026-09-16 21:37:26 utils.py INFO Wrapper: Completed Call, calling success_handler
2026-09-16 21:37:26 auto_search_main.py INFO convert none fncall messages failed.
2026-09-16 21:37:26 utils.py INFO 
LiteLLM completion() model= qwen/qwen3-coder; provider = openrouter
2026-09-16 21:37:28 utils.py INFO Wrapper: Completed Call, calling success_handler
2026-09-16 21:37:28 auto_search_main.py INFO convert none fncall messages failed.
2026-09-16 21:37:28 utils.py INFO 
LiteLLM completion() model= qwen/qwen3-coder; provider = openrouter
2026-09-16 21:37:29 utils.py INFO Wrapper: Completed Call, calling success_handler
2026-09-16 21:37:29 auto_search_main.py INFO Executing code:
```
print(explore_tree_structure(**{'start_entities': ['/'], 'traversal_depth': 2, 'dependency_type_filter': '["contains"]'}))
```
2026-09-16 21:37:29 auto_search_main.py INFO OBSERVATION:
/
├── contains ── manage.py
│               ├── contains ── manage.py:install_auth_user_model
│               ├── contains ── manage.py:TempDirs
│               └── contains ── manage.py:main
├── contains ── setup.py
├── contains ── docs
│               ├── contains ── docs/conf.py
│               ├── contains ── docs/django_settings.py
│               └── contains ── docs/_ext
├── contains ── cms
│               ├── contains ── cms/toolbar_base.py
│               ├── contains ── cms/context_processors.py
│               ├── contains ── cms/app_base.py
│               ├── contains ── cms/apphook_pool.py
│               ├── contains ── cms/menu_bases.py
│               ├── contains ── cms/__main__.py
│               ├── contains ── cms/plugin_pool.py
│               ├── contains ── cms/app_registration.py
│               ├── contains ── cms/plugin_processors.py
│               ├── contains ── cms/page_rendering.py
│               ├── contains ── cms/cms_menus.py
│               ├── contains ── cms/api.py
│               ├── contains ── cms/constants.py
│               ├── contains ── cms/apps.py
│               ├── contains ── cms/cms_toolbars.py
│               ├── contains ── cms/urls.py
│               ├── contains ── cms/cms_config.py
│               ├── contains ── cms/__init__.py
│               ├── contains ── cms/views.py
│               ├── contains ── cms/appresolver.py
│               ├── contains ── cms/plugin_rendering.py
│               ├── contains ── cms/cms_plugins.py
│               ├── contains ── cms/toolbar_pool.py
│               ├── contains ── cms/exceptions.py
│               ├── contains ── cms/cms_wizards.py
│               ├── contains ── cms/templates.py
│               ├── contains ── cms/plugin_base.py
│               ├── contains ── cms/migrations
│               ├── contains ── cms/middleware
│               ├── contains ── cms/signals
│               ├── contains ── cms/toolbar
│               ├── contains ── cms/models
│               ├── contains ── cms/forms
│               ├── contains ── cms/extensions
│               ├── contains ── cms/wizards
│               ├── contains ── cms/admin
│               ├── contains ── cms/utils
│               ├── contains ── cms/sitemaps
│               ├── contains ── cms/operations
│               ├── contains ── cms/cache
│               ├── contains ── cms/management
│               └── contains ── cms/templatetags
└── contains ── menus
                ├── contains ── menus/models.py
                ├── contains ── menus/modifiers.py
                ├── contains ── menus/base.py
                ├── contains ── menus/utils.py
                ├── contains ── menus/apps.py
                ├── contains ── menus/menu_pool.py
                ├── contains ── menus/__init__.py
                ├── contains ── menus/exceptions.py
                ├── contains ── menus/migrations
                └── contains ── menus/templatetags

2026-09-16 21:37:29 utils.py INFO 
LiteLLM completion() model= qwen/qwen3-coder; provider = openrouter
2026-09-16 21:37:31 utils.py INFO Wrapper: Completed Call, calling success_handler
2026-09-16 21:37:31 auto_search_main.py INFO Executing code:
```
print(explore_tree_structure(**{'start_entities': ['cms/plugin_base.py'], 'direction': 'downstream', 'traversal_depth': 1}))
```
2026-09-16 21:37:31 auto_search_main.py INFO OBSERVATION:
cms/plugin_base.py
├── contains ── cms/plugin_base.py:CMSPluginBaseMetaclass
├── contains ── cms/plugin_base.py:CMSPluginBase
├── contains ── cms/plugin_base.py:PluginMenuItem
├── imports ── cms/operations/__init__.py
├── imports ── cms/exceptions.py:SubClassNeededError
├── imports ── cms/models/__init__.py
├── imports ── cms/toolbar/utils.py:get_plugin_toolbar_info
├── imports ── cms/toolbar/utils.py:get_plugin_tree
├── imports ── cms/utils/conf.py:get_cms_setting
├── imports ── cms/utils/placeholder.py:get_placeholder_conf
└── imports ── cms/plugin_pool.py

2026-09-16 21:37:31 utils.py INFO 
LiteLLM completion() model= qwen/qwen3-coder; provider = openrouter
2026-09-16 21:37:32 utils.py INFO Wrapper: Completed Call, calling success_handler
2026-09-16 21:37:32 auto_search_main.py INFO Executing code:
```
print(explore_tree_structure(**{'start_entities': ['cms/plugin_rendering.py'], 'direction': 'downstream', 'traversal_depth': 1}))
```
2026-09-16 21:37:32 auto_search_main.py INFO OBSERVATION:
cms/plugin_rendering.py
├── contains ── cms/plugin_rendering.py:_unpack_plugins
├── contains ── cms/plugin_rendering.py:RenderedPlaceholder
├── contains ── cms/plugin_rendering.py:BaseRenderer
├── contains ── cms/plugin_rendering.py:ContentRenderer
├── contains ── cms/plugin_rendering.py:StructureRenderer
├── contains ── cms/plugin_rendering.py:LegacyRenderer
├── contains ── cms/plugin_rendering.py:PluginContext
├── imports ── cms/cache/placeholder.py:get_placeholder_cache
├── imports ── cms/cache/placeholder.py:set_placeholder_cache
├── imports ── cms/exceptions.py:PlaceholderNotFound
├── imports ── cms/models/__init__.py
├── imports ── cms/toolbar/utils.py:get_placeholder_toolbar_js
├── imports ── cms/toolbar/utils.py:get_plugin_toolbar_js
├── imports ── cms/toolbar/utils.py:get_toolbar_from_request
├── imports ── cms/utils/__init__.py:get_language_from_request
├── imports ── cms/utils/conf.py:get_cms_setting
├── imports ── cms/utils/permissions.py:has_plugin_permission
├── imports ── cms/utils/placeholder.py:get_toolbar_plugin_struct
├── imports ── cms/utils/placeholder.py:rescan_placeholders_for_obj
├── imports ── cms/utils/placeholder.py:restore_sekizai_context
├── imports ── cms/utils/plugins.py:get_plugin_restrictions
├── imports ── cms/plugin_pool.py
├── imports ── cms/utils/plugins.py:get_plugins
└── imports ── cms/utils/plugins.py:assign_plugins

2026-09-16 21:37:32 utils.py INFO 
LiteLLM completion() model= qwen/qwen3-coder; provider = openrouter
2026-09-16 21:37:34 utils.py INFO Wrapper: Completed Call, calling success_handler
2026-09-16 21:37:34 auto_search_main.py INFO Executing code:
```
print(explore_tree_structure(**{'start_entities': ['cms/plugin_pool.py'], 'direction': 'both', 'traversal_depth': 1}))
```
2026-09-16 21:37:34 auto_search_main.py INFO OBSERVATION:
cms/plugin_pool.py
├── contains ── cms/plugin_pool.py:PluginPool
├── imports ── cms/exceptions.py:PluginAlreadyRegistered
├── imports ── cms/exceptions.py:PluginNotRegistered
├── imports ── cms/plugin_base.py:CMSPluginBase
├── imports ── cms/utils/conf.py:get_cms_setting
├── imports ── cms/utils/helpers.py:normalize_name
├── imports ── cms/cache/__init__.py:invalidate_cms_page_cache
├── imports ── cms/utils/placeholder.py:get_placeholder_conf
├── contains-by ── cms
├── imports-by ── cms/api.py
├── imports-by ── cms/plugin_rendering.py
├── imports-by ── cms/cms_plugins.py
├── imports-by ── cms/plugin_base.py
├── imports-by ── cms/models/placeholdermodel.py
├── imports-by ── cms/models/managers.py
├── imports-by ── cms/models/pluginmodel.py
├── imports-by ── cms/forms/wizards.py
├── imports-by ── cms/admin/pageadmin.py
├── imports-by ── cms/admin/placeholderadmin.py
├── imports-by ── cms/admin/forms.py
├── imports-by ── cms/admin/__init__.py
├── imports-by ── cms/utils/plugins.py
├── imports-by ── cms/utils/permissions.py
├── imports-by ── cms/utils/check.py
├── imports-by ── cms/utils/setup.py
├── imports-by ── cms/management/commands/subcommands/list.py
├── imports-by ── cms/templatetags/cms_tags.py
├── imports-by ── cms/plugin_rendering.py:BaseRenderer.plugin_pool
├── imports-by ── cms/plugin_base.py:CMSPluginBase.get_child_plugin_candidates
├── imports-by ── cms/models/placeholdermodel.py:Placeholder.get_extra_menu_items
├── imports-by ── cms/models/managers.py:PageManager.search
├── imports-by ── cms/models/pluginmodel.py:CMSPlugin.get_plugin_name
├── imports-by ── cms/models/pluginmodel.py:CMSPlugin.get_plugin_class
├── imports-by ── cms/utils/permissions.py:has_plugin_permission
├── imports-by ── cms/utils/check.py:check_copy_relations
└── imports-by ── cms/utils/setup.py:setup

2026-09-16 21:37:34 utils.py INFO 
LiteLLM completion() model= qwen/qwen3-coder; provider = openrouter
2026-09-16 21:37:37 utils.py INFO Wrapper: Completed Call, calling success_handler
2026-09-16 21:37:37 auto_search_main.py INFO Executing code:
```
print(explore_tree_structure(**{'start_entities': ['cms/templatetags/cms_tags.py'], 'direction': 'downstream', 'traversal_depth': 1}))
```
2026-09-16 21:37:37 auto_search_main.py INFO OBSERVATION:
cms/templatetags/cms_tags.py
├── contains ── cms/templatetags/cms_tags.py:_get_page_by_untyped_arg
├── contains ── cms/templatetags/cms_tags.py:_show_placeholder_by_id
├── contains ── cms/templatetags/cms_tags.py:_show_uncached_placeholder_by_id
├── contains ── cms/templatetags/cms_tags.py:render_extra_menu_items
├── contains ── cms/templatetags/cms_tags.py:render_plugin
├── contains ── cms/templatetags/cms_tags.py:EmptyListValue
├── contains ── cms/templatetags/cms_tags.py:MultiValueArgumentBeforeKeywordArgument
├── contains ── cms/templatetags/cms_tags.py:PageUrl
├── contains ── cms/templatetags/cms_tags.py:PlaceholderParser
├── contains ── cms/templatetags/cms_tags.py:PlaceholderOptions
├── contains ── cms/templatetags/cms_tags.py:Placeholder
├── contains ── cms/templatetags/cms_tags.py:RenderPluginBlock
├── contains ── cms/templatetags/cms_tags.py:PageAttribute
├── contains ── cms/templatetags/cms_tags.py:CMSToolbar
├── contains ── cms/templatetags/cms_tags.py:CMSEditableObject
├── contains ── cms/templatetags/cms_tags.py:CMSEditableObjectIcon
├── contains ── cms/templatetags/cms_tags.py:CMSEditableObjectAdd
├── contains ── cms/templatetags/cms_tags.py:CMSEditableObjectAddBlock
├── contains ── cms/templatetags/cms_tags.py:CMSEditableObjectBlock
├── contains ── cms/templatetags/cms_tags.py:StaticPlaceholderNode
├── contains ── cms/templatetags/cms_tags.py:RenderPlaceholder
├── contains ── cms/templatetags/cms_tags.py:RenderUncachedPlaceholder
├── contains ── cms/templatetags/cms_tags.py:CMSAdminURL
├── imports ── cms/cache/page.py:get_page_url_cache
├── imports ── cms/cache/page.py:set_page_url_cache
├── imports ── cms/exceptions.py:PlaceholderNotFound
├── imports ── cms/models/__init__.py
├── imports ── cms/plugin_pool.py
├── imports ── cms/toolbar/utils.py:get_toolbar_from_request
├── imports ── cms/utils/__init__.py:get_current_site
├── imports ── cms/utils/__init__.py:get_language_from_request
├── imports ── cms/utils/conf.py:get_site_id
├── imports ── cms/utils/page.py:get_page_queryset
├── imports ── cms/utils/placeholder.py:validate_placeholder_name
└── imports ── cms/utils/urlutils.py:admin_reverse

2026-09-16 21:37:37 utils.py INFO 
LiteLLM completion() model= qwen/qwen3-coder; provider = openrouter
2026-09-16 21:37:40 utils.py INFO Wrapper: Completed Call, calling success_handler
2026-09-16 21:37:40 auto_search_main.py INFO Executing code:
```
print(search_code_snippets(**{'search_terms': ['plugin context', 'template context', 'plugin_class', 'render_plugin']}))
```
2026-09-16 21:37:40 __init__.py DEBUG Building index from IDs objects
2026-09-16 21:37:40 __init__.py DEBUG Building index from IDs objects
2026-09-16 21:37:40 __init__.py DEBUG Building index from IDs objects
2026-09-16 21:37:40 __init__.py DEBUG Building index from IDs objects
2026-09-16 21:37:40 __init__.py DEBUG Building index from IDs objects
2026-09-16 21:37:41 auto_search_main.py INFO OBSERVATION:
cms/plugin_rendering.py:ContentRenderer.render_plugin
cms/templatetags/cms_tags.py:RenderPluginBlock
cms/templatetags/cms_tags.py:Placeholder.get_declaration
cms/templatetags/cms_tags.py:Placeholder.render_tag
cms/templatetags/cms_tags.py:RenderPluginBlock.get_context
cms/plugin_base.py:CMSPluginBase.render
cms/plugin_base.py:CMSPluginBase.get_render_queryset
cms/plugin_base.py:CMSPluginBase.get_extra_plugin_menu_items
cms/plugin_base.py:CMSPluginBase.__repr__
cms/plugin_base.py:CMSPluginBase.get_plugin_urls
cms/plugin_base.py:CMSPluginBase.get_parent_classes
cms/plugin_base.py:CMSPluginBase.get_extra_placeholder_menu_items
cms/plugin_base.py:CMSPluginBase.__str__
cms/plugin_base.py:CMSPluginBase:47
cms/plugin_base.py:CMSPluginBase.plugin_urls
cms/templatetags/cms_js_tags.py:JavascriptString.render_tag
cms/templatetags/cms_js_tags.py:JavascriptString
cms/templatetags/cms_js_tags.py:render_plugin_init_js
cms/admin/placeholderadmin.py:BaseEditableAdminMixin.edit_field
cms/plugin_rendering.py:ContentRenderer.render_plugins
cms/plugin_rendering.py:ContentRenderer.render_exception
cms/plugin_rendering.py:ContentRenderer.render_plugin
menus/templatetags/menu_tags.py:LanguageChooser
menus/templatetags/menu_tags.py:LanguageChooser.get_context
cms/templatetags/cms_tags.py:CMSEditableObjectBlock.render_tag
cms/plugin_base.py:CMSPluginBase.render
cms/plugin_base.py:CMSPluginBase.get_render_queryset
cms/plugin_rendering.py:ContentRenderer.render_placeholder
cms/templatetags/cms_admin.py:TreePublishRowMenu
cms/templatetags/cms_admin.py:TreePublishRowMenu.get_value
cms/templatetags/cms_tags.py:render_extra_menu_items
cms/templatetags/cms_tags.py:_show_uncached_placeholder_by_id
cms/templatetags/cms_tags.py:CMSEditableObjectAddBlock.get_context
cms/templatetags/cms_tags.py:CMSEditableObjectAddBlock.render_tag
cms/plugin_pool.py:PluginPool.validate_templates
cms/utils/plugins.py:get_plugin_restrictions
cms/plugin_pool.py:PluginPool.get_system_plugins
cms/plugin_pool.py:impl
cms/plugin_pool.py:PluginPool.registered_plugins
cms/plugin_pool.py:PluginPool.plugins_with_extra_menu
cms/plugin_pool.py:PluginPool.plugins_with_extra_placeholder_menu
cms/templatetags/cms_tags.py:render_extra_menu_items
cms/templatetags/cms_tags.py:_show_uncached_placeholder_by_id
cms/utils/check.py:check_copy_relations
cms/utils/permissions.py:has_plugin_permission
cms/models/pluginmodel.py:CMSPlugin.get_short_description
cms/models/pluginmodel.py:CMSPlugin.get_plugin_name
cms/models/pluginmodel.py:CMSPlugin.get_plugin_class
cms/models/pluginmodel.py:CMSPlugin.get_plugin_class_instance
cms/models/pluginmodel.py:CMSPlugin.__repr__
cms/plugin_base.py:CMSPluginBase.get_child_classes
cms/models/placeholdermodel.py:Placeholder.get_cache_expiration
cms/admin/placeholderadmin.py:PlaceholderAdmin.get_placeholder_template
cms/admin/placeholderadmin.py:PlaceholderAdmin.add_plugin
cms/plugin_pool.py:PluginPool.validate_templates
cms/templatetags/cms_tags.py:render_extra_menu_items
cms/templatetags/cms_tags.py:_show_uncached_placeholder_by_id
cms/plugin_rendering.py:ContentRenderer.render_plugin
cms/plugin_base.py:CMSPluginBase.render
cms/plugin_base.py:CMSPluginBase.get_render_queryset
cms/plugin_rendering.py:ContentRenderer.render_plugins
cms/plugin_rendering.py:ContentRenderer.render_exception
cms/templatetags/cms_tags.py:RenderPluginBlock
cms/templatetags/cms_tags.py:Placeholder.get_declaration
cms/templatetags/cms_tags.py:Placeholder.render_tag
cms/templatetags/cms_tags.py:RenderPluginBlock.get_context
cms/plugin_rendering.py:ContentRenderer.render_placeholder
cms/plugin_base.py:CMSPluginBase.get_extra_plugin_menu_items
cms/plugin_base.py:CMSPluginBase.__repr__
cms/plugin_base.py:CMSPluginBase.get_plugin_urls
cms/plugin_base.py:CMSPluginBase.get_parent_classes
cms/plugin_base.py:CMSPluginBase.get_extra_placeholder_menu_items
cms/plugin_base.py:CMSPluginBase.__str__
cms/plugin_base.py:CMSPluginBase:47
cms/plugin_base.py:CMSPluginBase.plugin_urls
cms/templatetags/cms_tags.py:CMSEditableObject.__init__
cms/templatetags/cms_tags.py:CMSEditableObject
cms/templatetags/cms_tags.py:CMSEditableObject.render_tag
cms/templatetags/cms_tags.py:CMSEditableObject.get_template
cms/templatetags/cms_tags.py:CMSEditableObject._is_editable
##Searching for term "plugin context"...
### Search Result:
Found `cms/templatetags/cms_alias_tags.py:render_alias_plugin`.
Source: Retrieved code content using keyword search (bm25).
```
 1 | import warnings
 2 | 
 3 | from django import template
 4 | from django.utils.safestring import mark_safe
 5 | 
 6 | from cms.toolbar.utils import get_toolbar_from_request
 7 | from cms.utils.compat.warnings import RemovedInDjangoCMS43Warning
 8 | from cms.utils.plugins import downcast_plugins, get_plugins_as_layered_tree
 9 | 
10 | register = template.Library()
11 | 
12 | 
13 | @register.simple_tag(takes_context=True)
14 | def render_alias_plugin(context, instance):
15 |     warnings.warn(
16 |         'AliasPlugin is deprecated, '
17 |         'and it will be removed; '
18 |         'please use the package djangocms-alias instead',
19 |         RemovedInDjangoCMS43Warning
20 |     )
21 | 
22 |     request = context['request']
23 |     toolbar = get_toolbar_from_request(request)
24 |     renderer = toolbar.content_renderer
25 | 
26 |     if instance.plugin:
27 |         plugins = instance.plugin.get_descendants()
28 |         plugins = [instance.plugin] + list(plugins)
29 |         plugins = downcast_plugins(plugins, request=request)
30 |         plugins = list(plugins)
31 |         plugins = get_plugins_as_layered_tree(plugins)
32 |         content = renderer.render_plugin(
33 |             instance=plugins[0],
34 |             context=context,
35 |             editable=False,
36 |         )
37 |         return mark_safe(content)
38 | 
39 |     if instance.alias_placeholder:
40 |         content = renderer.render_placeholder(
41 |             placeholder=instance.alias_placeholder,
42 |             context=context,
43 |             editable=False,
44 |         )
45 |         return mark_safe(content)
46 |     return ''
47 | 
```

Found function `cms/utils/plugins.py:get_plugin_class`.
Source: Retrieved entity using keyword search (bm25).
```
24 | def get_plugin_class(plugin_type: str) -> CMSPluginBase:
25 |     """Returns the plugin class for a given plugin_type (str)"""
26 |     return plugin_pool.get_plugin(plugin_type)
```

Found function `cms/utils/plugins.py:get_plugin_model`.
Source: Retrieved entity using keyword search (bm25).
```
30 | def get_plugin_model(plugin_type: str) -> CMSPlugin:
31 |     """Returns the plugin model class for a given plugin_type (str)"""
32 |     return get_plugin_class(plugin_type).model
```

Found function `cms/utils/plugins.py:get_bound_plugins`.
Source: Retrieved entity using keyword search (bm25).
```
339 | def get_bound_plugins(plugins):
340 |     """
341 |     Get the bound plugins by downcasting the plugins to their respective classes. Raises a KeyError if the plugin type
342 |     is not available.
343 | 
344 |     Creates a map of plugin types and their corresponding plugin IDs for later use in downcasting.
345 |     Then, retrieves the plugin instances from the plugin model using the mapped plugin IDs.
346 |     Finally, iterates over the plugins and yields the downcasted versions if they have a valid parent.
347 |     Does not affect caching.
348 | 
349 |     :param plugins:  List of ``CMSPlugin`` instances.
350 |     :type plugins: List[CMSPlugin]
351 |     :return: Generator that yields the downcasted plugins.
352 |     :rtype: Generator[CMSPlugin, None, None]
353 | 
354 |     Example::
355 | 
356 |         plugins = [plugin_instance1, plugin_instance2]
357 |         for bound_plugin in get_bound_plugins(plugins):
358 |             # Do something with the bound_plugin
359 |             pass
360 |     """
361 |     get_plugin = plugin_pool.get_plugin
362 |     plugin_types_map = defaultdict(list)
363 |     plugin_ids = []
364 |     plugin_lookup = {}
365 | 
366 |     # make a map of plugin types, needed later for downcasting
367 |     for plugin in plugins:
368 |         plugin_ids.append(plugin.pk)
369 |         plugin_types_map[plugin.plugin_type].append(plugin.pk)
370 | 
371 |     for plugin_type, pks in plugin_types_map.items():
372 |         plugin_model = get_plugin(plugin_type).model
373 |         plugin_queryset = plugin_model.objects.filter(pk__in=pks)
374 | 
375 |         # put them in a map, so we can replace the base CMSPlugins with their
376 |         # downcasted versions
377 |         for instance in plugin_queryset.iterator():
378 |             plugin_lookup[instance.pk] = instance
379 | 
380 |     for plugin in plugins:
381 |         parent_not_available = (not plugin.parent_id or plugin.parent_id not in plugin_ids)
382 |         # The plugin either has no parent or needs to have a non-ghost parent
383 |         valid_parent = (parent_not_available or plugin.parent_id in plugin_lookup)
384 | 
385 |         if valid_parent and plugin.pk in plugin_lookup:
386 |             yield plugin_lookup[plugin.pk]
```

Found function `cms/templatetags/cms_tags.py:Placeholder.render_tag`.
Source: Retrieved code content using keyword search (bm25).
```
313 | def render_tag(self, context, name, extra_bits, nodelist=None):
314 |         request = context.get('request')
315 | 
316 |         if not request:
317 |             return ''
318 | 
319 |         if name in context:
320 |             name = context[name]
321 |         validate_placeholder_name(name)
322 | 
323 |         toolbar = get_toolbar_from_request(request)
324 |         renderer = toolbar.get_content_renderer()
325 |         inherit = 'inherit' in extra_bits
326 | 
327 |         try:
328 |             content = renderer.render_obj_placeholder(
329 |                 slot=name,
330 |                 context=context,
331 |                 inherit=inherit,
332 |                 nodelist=nodelist,
333 |             )
334 |         except PlaceholderNotFound:
335 |             content = ''
336 | 
337 |         if not content and nodelist:
338 |             return nodelist.render(context)
339 |         return content
```

Found function `cms/templatetags/cms_tags.py:Placeholder.get_declaration`.
Source: Retrieved code content using keyword search (bm25).
```
341 | def get_declaration(self):
342 |         flags = self.kwargs['extra_bits']
343 |         slot = self.kwargs['name'].var.value.strip('"').strip("'")
344 | 
345 |         if isinstance(flags, ListValue):
346 |             inherit = any(extra.var.value.strip() == 'inherit' for extra in flags)
347 |             return DeclaredPlaceholder(slot=slot, inherit=inherit)
348 |         return DeclaredPlaceholder(slot=slot, inherit=False)
```

Found class `cms/templatetags/cms_tags.py:RenderPluginBlock`.
Source: Retrieved code content using keyword search (bm25).
```
351 | class RenderPluginBlock(InclusionTag):
352 |     """
353 |     Acts like the CMS's templatetag 'render_model_block' but with a plugin
354 |     instead of a model. This is used to link from a block of markup to a
355 |     plugin's changeform.
356 | 
357 |     This is useful for UIs that have some plugins hidden from display in
358 |     preview mode, but the CMS author needs to expose a way to edit them
359 |     anyway. It is also useful for just making duplicate or alternate means of
360 |     triggering the change form for a plugin.
361 |     """
362 | 
363 |     name = 'render_plugin_block'
364 |     template = "cms/toolbar/render_plugin_block.html"
365 |     options = Options(
366 |         Argument('plugin'),
367 |         blocks=[('endrender_plugin_block', 'nodelist')],
368 |     )
369 | 
370 |     def get_context(self, context, plugin, nodelist):
371 |         context['inner'] = nodelist.render(context)
372 |         context['plugin'] = plugin
373 |         return context
```



##Searching for term "plugin context", "plugin context template context plugin_class"...
### Search Result:
Found file `cms/utils/plugins.py`.
Source: Retrieved entity using keyword search (bm25).
Hint: Search `cms/utils/plugins.py` for the full content if needed.



##Searching for term "plugin context", "template context", "render_plugin", "plugin context template context plugin_class"...
### Search Result:
Found function `cms/plugin_rendering.py:ContentRenderer.render_plugin`.
Source: Retrieved code content using keyword search (bm25).
```
456 | def render_plugin(self, instance, context, placeholder=None, editable=False):
457 |         if not placeholder:
458 |             placeholder = instance.placeholder
459 | 
460 |         instance, plugin = instance.get_plugin_instance()
461 | 
462 |         if not instance or not plugin.render_plugin:
463 |             return ''
464 | 
465 |         # we'd better pass a flat dict to template.render
466 |         # as plugin.render can return pretty much any kind of context / dictionary
467 |         # we'd better flatten it and force to a Context object
468 |         # flattening the context means that template must be an engine-specific template object
469 |         # which is guaranteed by get_cached_template if the template returned by
470 |         # plugin._get_render_template is either a string or an engine-specific template object
471 |         context = PluginContext(context, instance, placeholder)
472 |         try:
473 |             context = plugin.render(context, instance, placeholder.slot)
474 |             context = flatten_context(context)
475 |         except Exception:  # catch errors when executing a plugin's render method
476 |             context['exc_info'] = sys.exc_info()
477 |             content = self.render_exception('executing plugin.render', instance, context, placeholder, editable)
478 |             logger.error(
479 |                 f"{instance.__class__.__name__}.render for plugin pk={instance.id} raised an exception",
480 |                 exc_info=context['exc_info']
481 |             )
482 |         else:
483 |             template_name = plugin._get_render_template(context, instance, placeholder)
484 | 
485 |             try:
486 |                 template = self.templates.get_cached_template(template_name)
487 |                 content = template.render(context)
488 |             except Exception:  # catch errors when rendering a plugin's template
489 |                 context['exc_info'] = sys.exc_info()
490 |                 content = self.render_exception('rendering template', instance, context, placeholder, editable)
491 |                 logger.error(
492 |                     f'Rendering "{template_name}" for plugin {instance.__class__.__name__} '
493 |                     f'(pk={instance.id}) raised an exception',
494 |                     exc_info=context['exc_info']
495 |                 )
496 | 
497 |         for path in get_cms_setting('PLUGIN_PROCESSORS'):
498 |             processor = import_string(path)
499 |             content = processor(instance, placeholder, content, context)
500 | 
501 |         if editable:
502 |             content = self.plugin_edit_template.format(pk=instance.pk, content=content)
503 |             placeholder_cache = self._rendered_plugins_by_placeholder.setdefault(placeholder.pk, {})
504 |             placeholder_cache.setdefault('plugins', []).append(instance)
505 |         return mark_safe(content)
```



##Searching for term "template context", "plugin context template context plugin_class"...
### Search Result:
Found class `cms/templates.py:TemplatesCache`.
Source: Retrieved entity using keyword search (bm25).
```
 5 | class TemplatesCache:
 6 | 
 7 |     def __init__(self):
 8 |         self._cached_templates = {}
 9 | 
10 |     def get_cached_template(self, template):
11 |         # we check if template quacks like a Template, as generic Template and engine-specific Template
12 |         # does not share a common ancestor
13 |         if hasattr(template, 'render'):
14 |             return template
15 | 
16 |         if template not in self._cached_templates:
17 |             # this always return an engine-specific template object
18 |             self._cached_templates[template] = get_template(template)
19 |         return self._cached_templates[template]
20 | 
21 |     @cached_property
22 |     def drag_item_template(self):
23 |         return get_template('cms/toolbar/dragitem.html')
24 | 
25 |     @cached_property
26 |     def placeholder_plugin_menu_template(self):
27 |         return get_template('cms/toolbar/dragitem_menu.html')
28 | 
29 |     @cached_property
30 |     def dragbar_template(self):
31 |         return get_template('cms/toolbar/dragbar.html')
```

Found function `cms/plugin_base.py:CMSPluginBase.render`.
Source: Retrieved code content using keyword search (bm25).
```
264 | def render(self, context, instance, placeholder):
265 |         """This method returns the context to be used to render the template
266 |         specified in :attr:`render_template`.
267 | 
268 |         :param dict context: The context with which the page is rendered.
269 |         :param instance: The instance of your plugin that is rendered.
270 |         :type instance: :class:`cms.models.pluginmodel.CMSPlugin` instance
271 |         :param str placeholder: The name of the placeholder that is rendered.
272 |         :rtype: `dict` or :class:`django.template.Context`
273 | 
274 |         This method must return a dictionary or an instance of
275 |         :class:`django.template.Context`, which will be used as context to render the
276 |         plugin template.
277 | 
278 |         By default, this method will add ``instance`` and ``placeholder`` to the
279 |         context, which means for simple plugins, there is no need to overwrite this
280 |         method.
281 | 
282 |         If you overwrite this method it's recommended to always populate the context
283 |         with default values by calling the render method of the super class::
284 | 
285 |             def render(self, context, instance, placeholder):
286 |                 context = super().render(context, instance, placeholder)
287 |                 ...
288 |                 return context
289 | 
290 |         """
291 |         context['instance'] = instance
292 |         context['placeholder'] = placeholder
293 |         return context
```

Found file `cms/templates.py`.
Source: Retrieved entity using keyword search (bm25).
Hint: Search `cms/templates.py` for the full content if needed.



##Searching for term "template context"...
### Search Result:
Found function `cms/templates.py:TemplatesCache.dragbar_template`.
Source: Retrieved entity using keyword search (bm25).
```
30 | def dragbar_template(self):
31 |         return get_template('cms/toolbar/dragbar.html')
```

Found class `menus/templatetags/menu_tags.py:LanguageChooser`.
Source: Retrieved code content using keyword search (bm25).
```
358 | class LanguageChooser(InclusionTag):
359 |     """
360 |     Displays a language chooser
361 |     - template: template used to render the language chooser
362 |     """
363 |     name = 'language_chooser'
364 |     template = 'menu/dummy.html'
365 | 
366 |     options = Options(
367 |         Argument('template', default=NOT_PROVIDED, required=False),
368 |         Argument('i18n_mode', default='raw', required=False),
369 |     )
370 | 
371 |     def get_context(self, context, template, i18n_mode):
372 |         if template in MARKERS:
373 |             _tmp = template
374 |             if i18n_mode not in MARKERS:
375 |                 template = i18n_mode
376 |             else:
377 |                 template = NOT_PROVIDED
378 |             i18n_mode = _tmp
379 |         if template is NOT_PROVIDED:
380 |             template = "menu/language_chooser.html"
381 |         if i18n_mode not in MARKERS:
382 |             i18n_mode = 'raw'
383 |         if 'request' not in context:
384 |             # If there's an exception (500), default context_processors may not be called.
385 |             return {'template': 'cms/content.html'}
386 |         marker = MARKERS[i18n_mode]
387 |         current_lang = get_language()
388 |         site = Site.objects.get_current()
389 |         request = context['request']
390 | 
391 |         if request.user.is_staff:
392 |             languages = get_language_list(site_id=site.pk)
393 |         else:
394 |             languages = get_public_languages(site_id=site.pk)
395 | 
396 |         languages_info = []
397 | 
398 |         for language in languages:
399 |             obj = get_language_object(language, site_id=site.pk)
400 |             languages_info.append((obj['code'], marker(obj['name'], obj['code'])))
401 | 
402 |         context['languages'] = languages_info
403 |         context['current_language'] = current_lang
404 |         context['template'] = template
405 |         return context
```

Found function `cms/templatetags/cms_tags.py:CMSEditableObjectBlock.render_tag`.
Source: Retrieved code content using keyword search (bm25).
```
833 | def render_tag(self, context, **kwargs):
834 |         """
835 |         Renders the block and then inject the resulting HTML in the template
836 |         context
837 |         """
838 |         context.push()
839 |         template = self.get_template(context, **kwargs)
840 |         data = self.get_context(context, **kwargs)
841 |         data['content'] = kwargs['nodelist'].render(data)
842 |         data['rendered_content'] = data['content']
843 |         output = render_to_string(template, flatten_context(data))
844 |         context.pop()
845 |         if kwargs.get('varname'):
846 |             context[kwargs['varname']] = output
847 |             return ''
848 |         else:
849 |             return output
```



##Searching for term "plugin_class"...
### Search Result:
Found function `cms/plugin_rendering.py:BaseRenderer.get_plugin_class`.
Source: Retrieved entity using keyword search (bm25).
```
156 | def get_plugin_class(self, plugin):
157 |         plugin_type = plugin.plugin_type
158 | 
159 |         if plugin_type not in self._cached_plugin_classes:
160 |             self._cached_plugin_classes[plugin_type] = self.plugin_pool.get_plugin(plugin_type)
161 |         return self._cached_plugin_classes[plugin_type]
```

Found function `cms/plugin_base.py:CMSPluginBase.get_child_class_overrides`.
Source: Retrieved entity using keyword search (bm25).
```
589 | def get_child_class_overrides(cls, slot, page):
590 |         """
591 |         Returns a list of plugin types that are allowed
592 |         as children of this plugin.
593 |         """
594 |         from cms.utils.placeholder import get_placeholder_conf
595 | 
596 |         template = page.get_template() if page else None
597 | 
598 |         # config overrides..
599 |         ph_conf = get_placeholder_conf('child_classes', slot, template, default={})
600 |         return ph_conf.get(cls.__name__, cls.child_classes)
```

Found function `cms/models/pluginmodel.py:CMSPlugin.get_plugin_class`.
Source: Retrieved entity using keyword search (bm25).
```
205 | def get_plugin_class(self):
206 |         from cms.plugin_pool import plugin_pool
207 | 
208 |         return plugin_pool.get_plugin(self.plugin_type)
```

Found function `cms/utils/plugins.py:get_plugin_restrictions`.
Source: Retrieved code content using keyword search (bm25).
```
181 | def get_plugin_restrictions(plugin, page=None, restrictions_cache=None):
182 |     if restrictions_cache is None:
183 |         restrictions_cache = {}
184 | 
185 |     plugin_type = plugin.plugin_type
186 |     plugin_class = get_plugin_class(plugin.plugin_type)
187 |     parents_cache = restrictions_cache.setdefault('plugin_parents', {})
188 |     children_cache = restrictions_cache.setdefault('plugin_children', {})
189 | 
190 |     try:
191 |         parent_classes = parents_cache[plugin_type]
192 |     except KeyError:
193 |         parent_classes = plugin_class.get_parent_classes(
194 |             slot=plugin.placeholder.slot,
195 |             page=page,
196 |             instance=plugin,
197 |         )
198 | 
199 |     if plugin_class.cache_parent_classes:
200 |         parents_cache[plugin_type] = parent_classes or []
201 | 
202 |     try:
203 |         child_classes = children_cache[plugin_type]
204 |     except KeyError:
205 |         child_classes = plugin_class.get_child_classes(
206 |             slot=plugin.placeholder.slot,
207 |             page=page,
208 |             instance=plugin,
209 |         )
210 | 
211 |     if plugin_class.cache_child_classes:
212 |         children_cache[plugin_type] = child_classes or []
213 |     return (child_classes, parent_classes)
```

Found function `cms/plugin_pool.py:PluginPool.get_system_plugins`.
Source: Retrieved code content using keyword search (bm25).
```
209 | def get_system_plugins(self):
210 |         self.discover_plugins()
211 |         return [plugin.__name__ for plugin in self.plugins.values() if plugin.system]
```

Found function `cms/plugin_pool.py:PluginPool.registered_plugins`.
Source: Retrieved code content using keyword search (bm25).
```
214 | def registered_plugins(self):
215 |         return self.get_all_plugins()
```

Found function `cms/plugin_pool.py:PluginPool.plugins_with_extra_menu`.
Source: Retrieved code content using keyword search (bm25).
```
218 | def plugins_with_extra_menu(self):
219 |         plugin_classes = [cls for cls in self.registered_plugins
220 |                           if cls._has_extra_plugin_menu_items]
221 |         return plugin_classes
```



##Searching for term "plugin_class", "plugin context template context plugin_class"...
### Search Result:
Found function `cms/plugin_pool.py:PluginPool.validate_templates`.
Source: Retrieved code content using keyword search (bm25).
```
50 | def validate_templates(self, plugin=None):
51 |         """
52 |         Plugins templates are validated at this stage
53 | 
54 |         """
55 |         if plugin:
56 |             plugins = [plugin]
57 |         else:
58 |             plugins = self.plugins.values()
59 |         for plugin_class in plugins:
60 |             if (plugin_class.render_plugin and type(plugin_class.render_plugin) is not property
61 |                     or hasattr(plugin_class.model, 'render_template')
62 |                     or hasattr(plugin_class, 'get_render_template')):
63 |                 if (plugin_class.render_template is None and not hasattr(plugin_class, 'get_render_template')):
64 |                     raise ImproperlyConfigured(
65 |                         "CMS Plugins must define a render template, "
66 |                         "a get_render_template method or "
67 |                         "set render_plugin=False: %s" % plugin_class
68 |                     )
69 |                 # If plugin class defines get_render_template we cannot
70 |                 # statically check for valid template file as it depends
71 |                 # on plugin configuration and context.
72 |                 # We cannot prevent developer to shoot in the users' feet
73 |                 elif not hasattr(plugin_class, 'get_render_template'):
74 |                     from django.template import loader
75 | 
76 |                     template = plugin_class.render_template
77 |                     if isinstance(template, str) and template:
78 |                         try:
79 |                             loader.get_template(template)
80 |                         except TemplateDoesNotExist as e:
81 |                             # Note that the template loader will throw
82 |                             # TemplateDoesNotExist if the plugin's render_template
83 |                             # does in fact exist, but it includes a template that
84 |                             # doesn't.
85 |                             if str(e) == template:
86 |                                 raise ImproperlyConfigured(
87 |                                     "CMS Plugins must define a render template (%s) that exists: %s"
88 |                                     % (plugin_class, template)
89 |                                 )
90 |                             else:
91 |                                 pass
92 |                         except TemplateSyntaxError:
93 |                             pass
94 |             else:
95 |                 if plugin_class.allow_children:
96 |                     raise ImproperlyConfigured(
97 |                         "CMS Plugins can not define render_plugin=False and allow_children=True: %s"
98 |                         % plugin_class
99 |                     )
```



##Searching for term "render_plugin"...
### Search Result:
Found function `cms/plugin_rendering.py:StructureRenderer.render_plugin`.
Source: Match found for entity name `render_plugin`.
```
718 | def render_plugin(self, instance, page=None):
719 |         placeholder_cache = self._rendered_plugins_by_placeholder.setdefault(instance.placeholder_id, {})
720 |         placeholder_cache.setdefault('plugins', []).append(instance)
721 |         return self.get_plugin_toolbar_js(instance, page=page)
```

Found function `cms/templatetags/cms_tags.py:render_plugin`.
Source: Match found for entity name `render_plugin`.
```
179 | def render_plugin(context, plugin):
180 |     request = context['request']
181 |     toolbar = get_toolbar_from_request(request)
182 |     renderer = toolbar.get_content_renderer()
183 |     content = renderer.render_plugin(
184 |         instance=plugin,
185 |         context=context,
186 |         editable=renderer._placeholders_are_editable,
187 |     )
188 |     return content
```



##Searching for term "plugin context template context plugin_class"...
### Search Result:
Found function `cms/templates.py:TemplatesCache.drag_item_template`.
Source: Retrieved entity using keyword search (bm25).
```
22 | def drag_item_template(self):
23 |         return get_template('cms/toolbar/dragitem.html')
```

Found function `cms/templatetags/cms_tags.py:_show_uncached_placeholder_by_id`.
Source: Retrieved code content using keyword search (bm25).
```
144 | def _show_uncached_placeholder_by_id(context, *args, **kwargs):
145 |     kwargs['use_cache'] = False
146 |     return _show_placeholder_by_id(context, *args, **kwargs)
```

Found function `cms/templatetags/cms_tags.py:render_extra_menu_items`.
Source: Retrieved code content using keyword search (bm25).
```
150 | def render_extra_menu_items(context, obj, template='cms/toolbar/dragitem_extra_menu.html'):
151 |     request = context['request']
152 |     toolbar = get_toolbar_from_request(request)
153 |     template = toolbar.templates.get_cached_template(template)
154 | 
155 |     if isinstance(obj, CMSPlugin):
156 |         items = []
157 | 
158 |         for plugin_class in plugin_pool.plugins_with_extra_menu:
159 |             plugin_items = plugin_class.get_extra_plugin_menu_items(request, obj)
160 |             if plugin_items:
161 |                 items.extend(plugin_items)
162 |     elif isinstance(obj, PlaceholderModel):
163 |         items = []
164 | 
165 |         for plugin_class in plugin_pool.plugins_with_extra_placeholder_menu:
166 |             plugin_items = plugin_class.get_extra_placeholder_menu_items(request, obj)
167 | 
168 |             if plugin_items:
169 |                 items.extend(plugin_items)
170 |     else:
171 |         items = []
172 | 
173 |     if not items:
174 |         return ''
175 |     return template.render({'items': items})
```

2026-09-16 21:37:41 utils.py INFO 
LiteLLM completion() model= qwen/qwen3-coder; provider = openrouter
2026-09-16 21:37:44 utils.py INFO Wrapper: Completed Call, calling success_handler
2026-09-16 21:37:44 auto_search_main.py INFO Executing code:
```
print(get_entity_contents(**{'entity_names': ['cms/plugin_rendering.py:PluginContext']}))
```
2026-09-16 21:37:44 auto_search_main.py INFO OBSERVATION:
##Searching for entity `cms/plugin_rendering.py:PluginContext`...
### Search Result:
Found class `cms/plugin_rendering.py:PluginContext`.
Source: Exact match found for entity name `cms/plugin_rendering.py:PluginContext`.
```
752 | class PluginContext(Context):
753 |     """
754 |     This subclass of template.Context automatically populates itself using
755 |     the processors defined in CMS_PLUGIN_CONTEXT_PROCESSORS.
756 |     Additional processors can be specified as a list of callables
757 |     using the "processors" keyword argument.
758 |     """
759 | 
760 |     def __init__(self, dict_, instance, placeholder, processors=None, current_app=None):
761 |         dict_ = flatten_context(dict_)
762 |         super().__init__(dict_)
763 | 
764 |         if not processors:
765 |             processors = []
766 | 
767 |         for path in get_cms_setting('PLUGIN_CONTEXT_PROCESSORS'):
768 |             processor = import_string(path)
769 |             self.update(processor(instance, placeholder, self))
770 |         for processor in processors:
771 |             self.update(processor(instance, placeholder, self))
```

2026-09-16 21:37:44 utils.py INFO 
LiteLLM completion() model= qwen/qwen3-coder; provider = openrouter
2026-09-16 21:37:47 utils.py INFO Wrapper: Completed Call, calling success_handler
2026-09-16 21:37:47 auto_search_main.py INFO Executing code:
```
print(get_entity_contents(**{'entity_names': ['cms/plugin_rendering.py:ContentRenderer.render_plugin']}))
```
2026-09-16 21:37:47 auto_search_main.py INFO OBSERVATION:
##Searching for entity `cms/plugin_rendering.py:ContentRenderer.render_plugin`...
### Search Result:
Found function `cms/plugin_rendering.py:ContentRenderer.render_plugin`.
Source: Exact match found for entity name `cms/plugin_rendering.py:ContentRenderer.render_plugin`.
```
456 | def render_plugin(self, instance, context, placeholder=None, editable=False):
457 |         if not placeholder:
458 |             placeholder = instance.placeholder
459 | 
460 |         instance, plugin = instance.get_plugin_instance()
461 | 
462 |         if not instance or not plugin.render_plugin:
463 |             return ''
464 | 
465 |         # we'd better pass a flat dict to template.render
466 |         # as plugin.render can return pretty much any kind of context / dictionary
467 |         # we'd better flatten it and force to a Context object
468 |         # flattening the context means that template must be an engine-specific template object
469 |         # which is guaranteed by get_cached_template if the template returned by
470 |         # plugin._get_render_template is either a string or an engine-specific template object
471 |         context = PluginContext(context, instance, placeholder)
472 |         try:
473 |             context = plugin.render(context, instance, placeholder.slot)
474 |             context = flatten_context(context)
475 |         except Exception:  # catch errors when executing a plugin's render method
476 |             context['exc_info'] = sys.exc_info()
477 |             content = self.render_exception('executing plugin.render', instance, context, placeholder, editable)
478 |             logger.error(
479 |                 f"{instance.__class__.__name__}.render for plugin pk={instance.id} raised an exception",
480 |                 exc_info=context['exc_info']
481 |             )
482 |         else:
483 |             template_name = plugin._get_render_template(context, instance, placeholder)
484 | 
485 |             try:
486 |                 template = self.templates.get_cached_template(template_name)
487 |                 content = template.render(context)
488 |             except Exception:  # catch errors when rendering a plugin's template
489 |                 context['exc_info'] = sys.exc_info()
490 |                 content = self.render_exception('rendering template', instance, context, placeholder, editable)
491 |                 logger.error(
492 |                     f'Rendering "{template_name}" for plugin {instance.__class__.__name__} '
493 |                     f'(pk={instance.id}) raised an exception',
494 |                     exc_info=context['exc_info']
495 |                 )
496 | 
497 |         for path in get_cms_setting('PLUGIN_PROCESSORS'):
498 |             processor = import_string(path)
499 |             content = processor(instance, placeholder, content, context)
500 | 
501 |         if editable:
502 |             content = self.plugin_edit_template.format(pk=instance.pk, content=content)
503 |             placeholder_cache = self._rendered_plugins_by_placeholder.setdefault(placeholder.pk, {})
504 |             placeholder_cache.setdefault('plugins', []).append(instance)
505 |         return mark_safe(content)
```

2026-09-16 21:37:47 utils.py INFO 
LiteLLM completion() model= qwen/qwen3-coder; provider = openrouter
2026-09-16 21:37:50 utils.py INFO Wrapper: Completed Call, calling success_handler
2026-09-16 21:37:50 auto_search_main.py INFO Executing code:
```
print(get_entity_contents(**{'entity_names': ['cms/plugin_base.py:CMSPluginBase.render']}))
```
2026-09-16 21:37:50 auto_search_main.py INFO OBSERVATION:
##Searching for entity `cms/plugin_base.py:CMSPluginBase.render`...
### Search Result:
Found function `cms/plugin_base.py:CMSPluginBase.render`.
Source: Exact match found for entity name `cms/plugin_base.py:CMSPluginBase.render`.
```
264 | def render(self, context, instance, placeholder):
265 |         """This method returns the context to be used to render the template
266 |         specified in :attr:`render_template`.
267 | 
268 |         :param dict context: The context with which the page is rendered.
269 |         :param instance: The instance of your plugin that is rendered.
270 |         :type instance: :class:`cms.models.pluginmodel.CMSPlugin` instance
271 |         :param str placeholder: The name of the placeholder that is rendered.
272 |         :rtype: `dict` or :class:`django.template.Context`
273 | 
274 |         This method must return a dictionary or an instance of
275 |         :class:`django.template.Context`, which will be used as context to render the
276 |         plugin template.
277 | 
278 |         By default, this method will add ``instance`` and ``placeholder`` to the
279 |         context, which means for simple plugins, there is no need to overwrite this
280 |         method.
281 | 
282 |         If you overwrite this method it's recommended to always populate the context
283 |         with default values by calling the render method of the super class::
284 | 
285 |             def render(self, context, instance, placeholder):
286 |                 context = super().render(context, instance, placeholder)
287 |                 ...
288 |                 return context
289 | 
290 |         """
291 |         context['instance'] = instance
292 |         context['placeholder'] = placeholder
293 |         return context
```

2026-09-16 21:37:50 utils.py INFO 
LiteLLM completion() model= qwen/qwen3-coder; provider = openrouter
2026-09-16 21:37:53 utils.py INFO Wrapper: Completed Call, calling success_handler
2026-09-16 21:37:53 auto_search_main.py INFO Executing code:
```
print(get_entity_contents(**{'entity_names': ['cms/models/pluginmodel.py:CMSPlugin.get_plugin_class_instance']}))
```
2026-09-16 21:37:53 auto_search_main.py INFO OBSERVATION:
##Searching for entity `cms/models/pluginmodel.py:CMSPlugin.get_plugin_class_instance`...
### Search Result:
Found function `cms/models/pluginmodel.py:CMSPlugin.get_plugin_class_instance`.
Source: Exact match found for entity name `cms/models/pluginmodel.py:CMSPlugin.get_plugin_class_instance`.
```
210 | def get_plugin_class_instance(self, admin=None):
211 |         plugin_class = self.get_plugin_class()
212 |         # needed so we have the same signature as the original ModelAdmin
213 |         return plugin_class(plugin_class.model, admin)
```

2026-09-16 21:37:53 utils.py INFO 
LiteLLM completion() model= qwen/qwen3-coder; provider = openrouter
2026-09-16 21:37:56 utils.py INFO Wrapper: Completed Call, calling success_handler
2026-09-16 21:37:56 auto_search_main.py INFO Executing code:
```
print(get_entity_contents(**{'entity_names': ['cms/models/pluginmodel.py:CMSPlugin.get_plugin_instance']}))
```
2026-09-16 21:37:56 auto_search_main.py INFO OBSERVATION:
##Searching for entity `cms/models/pluginmodel.py:CMSPlugin.get_plugin_instance`...
### Search Result:
Found function `cms/models/pluginmodel.py:CMSPlugin.get_plugin_instance`.
Source: Exact match found for entity name `cms/models/pluginmodel.py:CMSPlugin.get_plugin_instance`.
```
215 | def get_plugin_instance(self, admin=None):
216 |         """
217 |         For a plugin instance (usually as a CMSPluginBase), this method
218 |         returns the downcasted (i.e., correctly typed subclass of CMSPluginBase) instance and the plugin class
219 | 
220 |         :return: Tuple (instance, plugin)
221 | 
222 |         instance: The instance AS THE APPROPRIATE SUBCLASS OF CMSPluginBase and not necessarily just 'self', which is
223 |         often just a CMSPluginBase,
224 | 
225 |         plugin: the associated plugin class instance (subclass of CMSPlugin)
226 |         """
227 |         plugin = self.get_plugin_class_instance(admin)
228 | 
229 |         try:
230 |             instance = self.get_bound_plugin()
231 |         except ObjectDoesNotExist:
232 |             instance = None
233 |             self._inst = None
234 |         return (instance, plugin)
```

2026-09-16 21:37:56 utils.py INFO 
LiteLLM completion() model= qwen/qwen3-coder; provider = openrouter
2026-09-16 21:38:00 utils.py INFO Wrapper: Completed Call, calling success_handler
2026-09-16 21:38:00 auto_search_main.py INFO Executing code:
```
print(search_code_snippets(**{'search_terms': ['plugin_class context', 'plugin class context']}))
```
2026-09-16 21:38:01 __init__.py DEBUG Building index from IDs objects
2026-09-16 21:38:01 __init__.py DEBUG Building index from IDs objects
2026-09-16 21:38:01 __init__.py DEBUG Building index from IDs objects
2026-09-16 21:38:01 __init__.py DEBUG Building index from IDs objects
2026-09-16 21:38:01 auto_search_main.py INFO OBSERVATION:
cms/templatetags/cms_tags.py:render_extra_menu_items
cms/templatetags/cms_tags.py:_show_uncached_placeholder_by_id
cms/plugin_pool.py:PluginPool.validate_templates
cms/utils/plugins.py:get_plugin_restrictions
cms/plugin_pool.py:PluginPool.get_system_plugins
cms/plugin_pool.py:impl
cms/plugin_pool.py:PluginPool.registered_plugins
cms/plugin_pool.py:PluginPool.plugins_with_extra_menu
cms/plugin_pool.py:PluginPool.plugins_with_extra_placeholder_menu
cms/utils/check.py:check_copy_relations
cms/utils/permissions.py:has_plugin_permission
cms/models/pluginmodel.py:CMSPlugin.get_short_description
cms/models/pluginmodel.py:CMSPlugin.get_plugin_name
cms/models/pluginmodel.py:CMSPlugin.get_plugin_class
cms/models/pluginmodel.py:CMSPlugin.get_plugin_class_instance
cms/models/pluginmodel.py:CMSPlugin.__repr__
cms/plugin_base.py:CMSPluginBase.get_child_classes
cms/models/placeholdermodel.py:Placeholder.get_cache_expiration
cms/admin/placeholderadmin.py:PlaceholderAdmin.get_placeholder_template
cms/admin/placeholderadmin.py:PlaceholderAdmin.add_plugin
cms/plugin_rendering.py:ContentRenderer.render_plugin
cms/plugin_base.py:CMSPluginBase.render
cms/plugin_base.py:CMSPluginBase.get_render_queryset
cms/templatetags/cms_tags.py:RenderPluginBlock
cms/templatetags/cms_tags.py:Placeholder.get_declaration
cms/templatetags/cms_tags.py:Placeholder.render_tag
cms/templatetags/cms_tags.py:RenderPluginBlock.get_context
cms/plugin_base.py:CMSPluginBase.get_extra_plugin_menu_items
cms/plugin_base.py:CMSPluginBase.__repr__
cms/plugin_base.py:CMSPluginBase.get_plugin_urls
cms/plugin_base.py:CMSPluginBase.get_parent_classes
cms/plugin_base.py:CMSPluginBase.get_extra_placeholder_menu_items
cms/plugin_base.py:CMSPluginBase.__str__
cms/plugin_base.py:CMSPluginBase:47
cms/plugin_base.py:CMSPluginBase.plugin_urls
cms/templatetags/cms_js_tags.py:JavascriptString.render_tag
cms/templatetags/cms_js_tags.py:JavascriptString
cms/templatetags/cms_js_tags.py:render_plugin_init_js
cms/admin/placeholderadmin.py:BaseEditableAdminMixin.edit_field
cms/plugin_pool.py:PluginPool.validate_templates
cms/templatetags/cms_tags.py:render_extra_menu_items
cms/templatetags/cms_tags.py:_show_uncached_placeholder_by_id
cms/plugin_rendering.py:ContentRenderer.render_plugin
cms/plugin_base.py:CMSPluginBase.render
cms/plugin_base.py:CMSPluginBase.get_render_queryset
cms/templatetags/cms_tags.py:RenderPluginBlock
cms/templatetags/cms_tags.py:Placeholder.get_declaration
cms/templatetags/cms_tags.py:Placeholder.render_tag
cms/templatetags/cms_tags.py:RenderPluginBlock.get_context
cms/utils/plugins.py:get_plugin_restrictions
cms/plugin_pool.py:PluginPool.get_system_plugins
cms/plugin_pool.py:impl
cms/plugin_pool.py:PluginPool.registered_plugins
cms/plugin_pool.py:PluginPool.plugins_with_extra_menu
cms/plugin_pool.py:PluginPool.plugins_with_extra_placeholder_menu
##Searching for term "plugin_class context"...
### Search Result:
Found function `cms/plugin_processors.py:plugin_meta_context_processor`.
Source: Retrieved entity using keyword search (bm25).
```
 4 | def plugin_meta_context_processor(instance, placeholder, context):
 5 |     return {
 6 |         'plugin': {
 7 |             'counter': instance._render_meta.index + 1,
 8 |             'counter0': instance._render_meta.index,
 9 |             'revcounter': instance._render_meta.total - instance._render_meta.index,
10 |             'revcounter0': instance._render_meta.total - instance._render_meta.index - 1,
11 |             'first': instance._render_meta.index == 0,
12 |             'last': instance._render_meta.index == instance._render_meta.total - 1,
13 |             'total': instance._render_meta.total,
14 |             'id_attr': 'plugin_%i_%i' % (instance.placeholder_id, instance.pk),
15 |             'instance': instance,
16 |         }
17 |     }
```

Found function `cms/plugin_rendering.py:ContentRenderer.get_editable_placeholder_context`.
Source: Retrieved entity using keyword search (bm25).
```
318 | def get_editable_placeholder_context(self, placeholder, page=None):
319 |         placeholder_cache = self.get_rendered_plugins_cache(placeholder)
320 |         placeholder_toolbar_js = self.get_placeholder_toolbar_js(placeholder, page)
321 |         plugin_toolbar_js_bits = (self.get_plugin_toolbar_js(plugin, page=page)
322 |                                   for plugin in placeholder_cache['plugins'])
323 |         context = {
324 |             'plugin_js': ''.join(plugin_toolbar_js_bits),
325 |             'placeholder_js': placeholder_toolbar_js,
326 |             'placeholder_id': placeholder.pk,
327 |         }
328 |         return context
```

Found function `cms/plugin_rendering.py:LegacyRenderer.get_editable_placeholder_context`.
Source: Retrieved entity using keyword search (bm25).
```
746 | def get_editable_placeholder_context(self, placeholder, page=None):
747 |         context = super().get_editable_placeholder_context(placeholder, page)
748 |         context['plugin_menu_js'] = self.get_placeholder_plugin_menu(placeholder, page=page)
749 |         return context
```

Found function `cms/utils/plugins.py:get_plugin_restrictions`.
Source: Retrieved code content using keyword search (bm25).
```
181 | def get_plugin_restrictions(plugin, page=None, restrictions_cache=None):
182 |     if restrictions_cache is None:
183 |         restrictions_cache = {}
184 | 
185 |     plugin_type = plugin.plugin_type
186 |     plugin_class = get_plugin_class(plugin.plugin_type)
187 |     parents_cache = restrictions_cache.setdefault('plugin_parents', {})
188 |     children_cache = restrictions_cache.setdefault('plugin_children', {})
189 | 
190 |     try:
191 |         parent_classes = parents_cache[plugin_type]
192 |     except KeyError:
193 |         parent_classes = plugin_class.get_parent_classes(
194 |             slot=plugin.placeholder.slot,
195 |             page=page,
196 |             instance=plugin,
197 |         )
198 | 
199 |     if plugin_class.cache_parent_classes:
200 |         parents_cache[plugin_type] = parent_classes or []
201 | 
202 |     try:
203 |         child_classes = children_cache[plugin_type]
204 |     except KeyError:
205 |         child_classes = plugin_class.get_child_classes(
206 |             slot=plugin.placeholder.slot,
207 |             page=page,
208 |             instance=plugin,
209 |         )
210 | 
211 |     if plugin_class.cache_child_classes:
212 |         children_cache[plugin_type] = child_classes or []
213 |     return (child_classes, parent_classes)
```

Found function `cms/plugin_pool.py:PluginPool.get_system_plugins`.
Source: Retrieved code content using keyword search (bm25).
```
209 | def get_system_plugins(self):
210 |         self.discover_plugins()
211 |         return [plugin.__name__ for plugin in self.plugins.values() if plugin.system]
```



##Searching for term "plugin_class context", "plugin_class context plugin class context"...
### Search Result:
Found function `cms/templatetags/cms_tags.py:_show_uncached_placeholder_by_id`.
Source: Retrieved code content using keyword search (bm25).
```
144 | def _show_uncached_placeholder_by_id(context, *args, **kwargs):
145 |     kwargs['use_cache'] = False
146 |     return _show_placeholder_by_id(context, *args, **kwargs)
```

Found function `cms/templatetags/cms_tags.py:render_extra_menu_items`.
Source: Retrieved code content using keyword search (bm25).
```
150 | def render_extra_menu_items(context, obj, template='cms/toolbar/dragitem_extra_menu.html'):
151 |     request = context['request']
152 |     toolbar = get_toolbar_from_request(request)
153 |     template = toolbar.templates.get_cached_template(template)
154 | 
155 |     if isinstance(obj, CMSPlugin):
156 |         items = []
157 | 
158 |         for plugin_class in plugin_pool.plugins_with_extra_menu:
159 |             plugin_items = plugin_class.get_extra_plugin_menu_items(request, obj)
160 |             if plugin_items:
161 |                 items.extend(plugin_items)
162 |     elif isinstance(obj, PlaceholderModel):
163 |         items = []
164 | 
165 |         for plugin_class in plugin_pool.plugins_with_extra_placeholder_menu:
166 |             plugin_items = plugin_class.get_extra_placeholder_menu_items(request, obj)
167 | 
168 |             if plugin_items:
169 |                 items.extend(plugin_items)
170 |     else:
171 |         items = []
172 | 
173 |     if not items:
174 |         return ''
175 |     return template.render({'items': items})
```

Found function `cms/plugin_pool.py:PluginPool.validate_templates`.
Source: Retrieved code content using keyword search (bm25).
```
50 | def validate_templates(self, plugin=None):
51 |         """
52 |         Plugins templates are validated at this stage
53 | 
54 |         """
55 |         if plugin:
56 |             plugins = [plugin]
57 |         else:
58 |             plugins = self.plugins.values()
59 |         for plugin_class in plugins:
60 |             if (plugin_class.render_plugin and type(plugin_class.render_plugin) is not property
61 |                     or hasattr(plugin_class.model, 'render_template')
62 |                     or hasattr(plugin_class, 'get_render_template')):
63 |                 if (plugin_class.render_template is None and not hasattr(plugin_class, 'get_render_template')):
64 |                     raise ImproperlyConfigured(
65 |                         "CMS Plugins must define a render template, "
66 |                         "a get_render_template method or "
67 |                         "set render_plugin=False: %s" % plugin_class
68 |                     )
69 |                 # If plugin class defines get_render_template we cannot
70 |                 # statically check for valid template file as it depends
71 |                 # on plugin configuration and context.
72 |                 # We cannot prevent developer to shoot in the users' feet
73 |                 elif not hasattr(plugin_class, 'get_render_template'):
74 |                     from django.template import loader
75 | 
76 |                     template = plugin_class.render_template
77 |                     if isinstance(template, str) and template:
78 |                         try:
79 |                             loader.get_template(template)
80 |                         except TemplateDoesNotExist as e:
81 |                             # Note that the template loader will throw
82 |                             # TemplateDoesNotExist if the plugin's render_template
83 |                             # does in fact exist, but it includes a template that
84 |                             # doesn't.
85 |                             if str(e) == template:
86 |                                 raise ImproperlyConfigured(
87 |                                     "CMS Plugins must define a render template (%s) that exists: %s"
88 |                                     % (plugin_class, template)
89 |                                 )
90 |                             else:
91 |                                 pass
92 |                         except TemplateSyntaxError:
93 |                             pass
94 |             else:
95 |                 if plugin_class.allow_children:
96 |                     raise ImproperlyConfigured(
97 |                         "CMS Plugins can not define render_plugin=False and allow_children=True: %s"
98 |                         % plugin_class
99 |                     )
```



##Searching for term "plugin class context", "plugin_class context plugin class context"...
### Search Result:
Found function `cms/utils/plugins.py:get_plugin_class`.
Source: Retrieved entity using keyword search (bm25).
```
24 | def get_plugin_class(plugin_type: str) -> CMSPluginBase:
25 |     """Returns the plugin class for a given plugin_type (str)"""
26 |     return plugin_pool.get_plugin(plugin_type)
```

Found function `cms/utils/plugins.py:get_plugin_model`.
Source: Retrieved entity using keyword search (bm25).
```
30 | def get_plugin_model(plugin_type: str) -> CMSPlugin:
31 |     """Returns the plugin model class for a given plugin_type (str)"""
32 |     return get_plugin_class(plugin_type).model
```

Found function `cms/utils/plugins.py:get_bound_plugins`.
Source: Retrieved entity using keyword search (bm25).
```
339 | def get_bound_plugins(plugins):
340 |     """
341 |     Get the bound plugins by downcasting the plugins to their respective classes. Raises a KeyError if the plugin type
342 |     is not available.
343 | 
344 |     Creates a map of plugin types and their corresponding plugin IDs for later use in downcasting.
345 |     Then, retrieves the plugin instances from the plugin model using the mapped plugin IDs.
346 |     Finally, iterates over the plugins and yields the downcasted versions if they have a valid parent.
347 |     Does not affect caching.
348 | 
349 |     :param plugins:  List of ``CMSPlugin`` instances.
350 |     :type plugins: List[CMSPlugin]
351 |     :return: Generator that yields the downcasted plugins.
352 |     :rtype: Generator[CMSPlugin, None, None]
353 | 
354 |     Example::
355 | 
356 |         plugins = [plugin_instance1, plugin_instance2]
357 |         for bound_plugin in get_bound_plugins(plugins):
358 |             # Do something with the bound_plugin
359 |             pass
360 |     """
361 |     get_plugin = plugin_pool.get_plugin
362 |     plugin_types_map = defaultdict(list)
363 |     plugin_ids = []
364 |     plugin_lookup = {}
365 | 
366 |     # make a map of plugin types, needed later for downcasting
367 |     for plugin in plugins:
368 |         plugin_ids.append(plugin.pk)
369 |         plugin_types_map[plugin.plugin_type].append(plugin.pk)
370 | 
371 |     for plugin_type, pks in plugin_types_map.items():
372 |         plugin_model = get_plugin(plugin_type).model
373 |         plugin_queryset = plugin_model.objects.filter(pk__in=pks)
374 | 
375 |         # put them in a map, so we can replace the base CMSPlugins with their
376 |         # downcasted versions
377 |         for instance in plugin_queryset.iterator():
378 |             plugin_lookup[instance.pk] = instance
379 | 
380 |     for plugin in plugins:
381 |         parent_not_available = (not plugin.parent_id or plugin.parent_id not in plugin_ids)
382 |         # The plugin either has no parent or needs to have a non-ghost parent
383 |         valid_parent = (parent_not_available or plugin.parent_id in plugin_lookup)
384 | 
385 |         if valid_parent and plugin.pk in plugin_lookup:
386 |             yield plugin_lookup[plugin.pk]
```

Found function `cms/plugin_rendering.py:ContentRenderer.render_plugin`.
Source: Retrieved code content using keyword search (bm25).
```
456 | def render_plugin(self, instance, context, placeholder=None, editable=False):
457 |         if not placeholder:
458 |             placeholder = instance.placeholder
459 | 
460 |         instance, plugin = instance.get_plugin_instance()
461 | 
462 |         if not instance or not plugin.render_plugin:
463 |             return ''
464 | 
465 |         # we'd better pass a flat dict to template.render
466 |         # as plugin.render can return pretty much any kind of context / dictionary
467 |         # we'd better flatten it and force to a Context object
468 |         # flattening the context means that template must be an engine-specific template object
469 |         # which is guaranteed by get_cached_template if the template returned by
470 |         # plugin._get_render_template is either a string or an engine-specific template object
471 |         context = PluginContext(context, instance, placeholder)
472 |         try:
473 |             context = plugin.render(context, instance, placeholder.slot)
474 |             context = flatten_context(context)
475 |         except Exception:  # catch errors when executing a plugin's render method
476 |             context['exc_info'] = sys.exc_info()
477 |             content = self.render_exception('executing plugin.render', instance, context, placeholder, editable)
478 |             logger.error(
479 |                 f"{instance.__class__.__name__}.render for plugin pk={instance.id} raised an exception",
480 |                 exc_info=context['exc_info']
481 |             )
482 |         else:
483 |             template_name = plugin._get_render_template(context, instance, placeholder)
484 | 
485 |             try:
486 |                 template = self.templates.get_cached_template(template_name)
487 |                 content = template.render(context)
488 |             except Exception:  # catch errors when rendering a plugin's template
489 |                 context['exc_info'] = sys.exc_info()
490 |                 content = self.render_exception('rendering template', instance, context, placeholder, editable)
491 |                 logger.error(
492 |                     f'Rendering "{template_name}" for plugin {instance.__class__.__name__} '
493 |                     f'(pk={instance.id}) raised an exception',
494 |                     exc_info=context['exc_info']
495 |                 )
496 | 
497 |         for path in get_cms_setting('PLUGIN_PROCESSORS'):
498 |             processor = import_string(path)
499 |             content = processor(instance, placeholder, content, context)
500 | 
501 |         if editable:
502 |             content = self.plugin_edit_template.format(pk=instance.pk, content=content)
503 |             placeholder_cache = self._rendered_plugins_by_placeholder.setdefault(placeholder.pk, {})
504 |             placeholder_cache.setdefault('plugins', []).append(instance)
505 |         return mark_safe(content)
```

Found function `cms/plugin_base.py:CMSPluginBase.render`.
Source: Retrieved code content using keyword search (bm25).
```
264 | def render(self, context, instance, placeholder):
265 |         """This method returns the context to be used to render the template
266 |         specified in :attr:`render_template`.
267 | 
268 |         :param dict context: The context with which the page is rendered.
269 |         :param instance: The instance of your plugin that is rendered.
270 |         :type instance: :class:`cms.models.pluginmodel.CMSPlugin` instance
271 |         :param str placeholder: The name of the placeholder that is rendered.
272 |         :rtype: `dict` or :class:`django.template.Context`
273 | 
274 |         This method must return a dictionary or an instance of
275 |         :class:`django.template.Context`, which will be used as context to render the
276 |         plugin template.
277 | 
278 |         By default, this method will add ``instance`` and ``placeholder`` to the
279 |         context, which means for simple plugins, there is no need to overwrite this
280 |         method.
281 | 
282 |         If you overwrite this method it's recommended to always populate the context
283 |         with default values by calling the render method of the super class::
284 | 
285 |             def render(self, context, instance, placeholder):
286 |                 context = super().render(context, instance, placeholder)
287 |                 ...
288 |                 return context
289 | 
290 |         """
291 |         context['instance'] = instance
292 |         context['placeholder'] = placeholder
293 |         return context
```

Found file `cms/utils/plugins.py`.
Source: Retrieved entity using keyword search (bm25).
Hint: Search `cms/utils/plugins.py` for the full content if needed.



##Searching for term "plugin class context"...
### Search Result:
Found function `cms/plugin_base.py:CMSPluginBase.get_render_queryset`.
Source: Retrieved code content using keyword search (bm25).
```
261 | def get_render_queryset(cls):
262 |         return cls.model._default_manager.all()
```

Found function `cms/templatetags/cms_tags.py:Placeholder.get_declaration`.
Source: Retrieved code content using keyword search (bm25).
```
341 | def get_declaration(self):
342 |         flags = self.kwargs['extra_bits']
343 |         slot = self.kwargs['name'].var.value.strip('"').strip("'")
344 | 
345 |         if isinstance(flags, ListValue):
346 |             inherit = any(extra.var.value.strip() == 'inherit' for extra in flags)
347 |             return DeclaredPlaceholder(slot=slot, inherit=inherit)
348 |         return DeclaredPlaceholder(slot=slot, inherit=False)
```

Found class `cms/templatetags/cms_tags.py:RenderPluginBlock`.
Source: Retrieved code content using keyword search (bm25).
```
351 | class RenderPluginBlock(InclusionTag):
352 |     """
353 |     Acts like the CMS's templatetag 'render_model_block' but with a plugin
354 |     instead of a model. This is used to link from a block of markup to a
355 |     plugin's changeform.
356 | 
357 |     This is useful for UIs that have some plugins hidden from display in
358 |     preview mode, but the CMS author needs to expose a way to edit them
359 |     anyway. It is also useful for just making duplicate or alternate means of
360 |     triggering the change form for a plugin.
361 |     """
362 | 
363 |     name = 'render_plugin_block'
364 |     template = "cms/toolbar/render_plugin_block.html"
365 |     options = Options(
366 |         Argument('plugin'),
367 |         blocks=[('endrender_plugin_block', 'nodelist')],
368 |     )
369 | 
370 |     def get_context(self, context, plugin, nodelist):
371 |         context['inner'] = nodelist.render(context)
372 |         context['plugin'] = plugin
373 |         return context
```

2026-09-16 21:38:01 utils.py INFO 
LiteLLM completion() model= qwen/qwen3-coder; provider = openrouter
2026-09-16 21:38:08 utils.py INFO Wrapper: Completed Call, calling success_handler
2026-09-16 21:38:08 utils.py INFO 
LiteLLM completion() model= qwen/qwen3-coder; provider = openrouter
2026-09-16 21:38:23 utils.py INFO Wrapper: Completed Call, calling success_handler
2026-09-16 21:38:23 auto_search_main.py INFO Executing code:
```
print(get_entity_contents(**{'entity_names': ['cms/plugin_base.py:CMSPluginBase']}))
```
2026-09-16 21:38:23 auto_search_main.py INFO OBSERVATION:
##Searching for entity `cms/plugin_base.py:CMSPluginBase`...
### Search Result:
Found class `cms/plugin_base.py:CMSPluginBase`.
Source: Exact match found for entity name `cms/plugin_base.py:CMSPluginBase`.
```
 99 | class CMSPluginBase(admin.ModelAdmin, metaclass=CMSPluginBaseMetaclass):
100 |     """
101 |     Inherits :class:`django:django.contrib.admin.ModelAdmin` and in most respects behaves like a
102 |     normal subclass.
103 | 
104 |     Note however that some attributes of ``ModelAdmin`` simply won't make sense in the
105 |     context of a Plugin.
106 |     """
107 | 
108 |     #: Name of the plugin needs to be set in child classes
109 |     name = ""
110 | 
111 |     #: Modules collect plugins of similar type
112 |     module = _("Generic")  # To be overridden in child classes
113 | 
114 |     #: Custom form class to be used to edit this plugin.
115 |     form = None
116 | 
117 |     change_form_template = "admin/cms/page/plugin/change_form.html"
118 |     """
119 |     The template used to render the form when you edit the plugin.
120 | 
121 |     Example::
122 | 
123 |         class MyPlugin(CMSPluginBase):
124 |             model = MyModel
125 |             name = _("My Plugin")
126 |             render_template = "cms/plugins/my_plugin.html"
127 |             change_form_template = "admin/cms/page/plugin_change_form.html"
128 | 
129 |     See also: :attr:`frontend_edit_template`.
130 |     """
131 |     #: If True, displays a preview in the admin.
132 |     admin_preview = False
133 | 
134 |     #:  The path to the template used to render the template. If ``render_plugin`` is ``True`` either this or
135 |     #: ``get_render_template`` **must** be defined. See also: :attr:`render_plugin` , :meth:`get_render_template`.
136 |     render_template = None
137 | 
138 |     #: If set to ``False``, this plugin will not be rendered at all. If ``True``, :meth:`render_template` must also
139 |     #: be defined. See also: :attr:`render_template`, :meth:`get_render_template`.
140 |     render_plugin = True
141 | 
142 |     #: If the plugin requires per-instance settings, then this setting must be set to a model that inherits from
143 |     #: :class:`~cms.models.pluginmodel.CMSPlugin`. See also: :ref:`storing configuration`.
144 |     model = CMSPlugin
145 | 
146 |     text_enabled = False
147 |     """This attribute controls whether your plugin will be usable (and rendered)
148 |     in a text plugin. When you edit a text plugin on a page, the plugin will show up in
149 |     the *CMS Plugins* dropdown and can be configured and inserted. The output will even
150 |     be previewed in the text editor.
151 | 
152 |     Of course, not all plugins are usable in text plugins. Therefore the default of this
153 |     attribute is ``False``. If your plugin *is* usable in a text plugin:
154 | 
155 |     #. set this to ``True``
156 |     #. make sure your plugin provides its own :meth:`icon_alt`, this will be used as a tooltip in
157 |       the text-editor and comes in handy when you use multiple plugins in your text.
158 | 
159 |     See also: :meth:`icon_alt`, :meth:`icon_src`."""
160 | 
161 |     #: Set to ``True`` if this plugin should only be used in a placeholder that is attached to a django CMS page,
162 |     #: and not other models with ``PlaceholderFields``. See also: :attr:`child_classes`, :attr:`parent_classes`,
163 |     #: :attr:`require_parent`.
164 |     page_only = False
165 | 
166 |     allow_children = False
167 |     """Allows this plugin to have child plugins - other plugins placed inside it?
168 | 
169 |     If ``True`` you need to ensure that your plugin can render its children in the plugin template. For example:
170 | 
171 |     .. code-block:: html+django
172 | 
173 |         {% load cms_tags %}
174 |         <div class="myplugin">
175 |             {{ instance.my_content }}
176 |             {% for plugin in instance.child_plugin_instances %}
177 |                 {% render_plugin plugin %}
178 |             {% endfor %}
179 |         </div>
180 | 
181 |     ``instance.child_plugin_instances`` provides access to all the plugin's children.
182 |     They are pre-filled and ready to use. The child plugins should be rendered using
183 |     the ``{% render_plugin %}`` template tag.
184 | 
185 |     See also: :attr:`child_classes`, :attr:`parent_classes`, :attr:`require_parent`.
186 |     """
187 | 
188 |     #: A list of Plugin Class Names. If this is set, only plugins listed here can be added to this plugin.
189 |     #: See also: :attr:`parent_classes`.
190 |     child_classes = None
191 | 
192 |     #: Is it required that this plugin is a child of another plugin? Or can it be added to any placeholder, even one
193 |     #: attached to a page. See also: :attr:`child_classes`, :attr:`parent_classes`.
194 |     require_parent = False
195 | 
196 |     #: A list of the names of permissible parent classes for this plugin. See also: :attr:`child_classes`,
197 |     #: :attr:`require_parent`.
198 |     parent_classes = None
199 | 
200 |     #: Disables *dragging* of child plugins in structure mode.
201 |     disable_child_plugins = False
202 | 
203 |     # Warning: setting these to False, may have a serious performance impact,
204 |     # because their child-parent-relation must be recomputed each
205 |     # time the plugin tree is rendered.
206 |     cache_child_classes = True
207 |     cache_parent_classes = True
208 | 
209 |     _has_extra_placeholder_menu_items = False
210 |     _has_extra_plugin_menu_items = False
211 | 
212 |     cache = get_cms_setting('PLUGIN_CACHE')
213 |     """Is this plugin cacheable? If your plugin displays content based on the user or
214 |     request or other dynamic properties set this to ``False``.
215 | 
216 |     If present and set to ``False``, the plugin will prevent the caching of
217 |     the resulting page.
218 | 
219 |     .. important:: Setting this to ``False`` will effectively disable the
220 |                    CMS page cache and all upstream caches for pages where
221 |                    the plugin appears. This may be useful in certain cases
222 |                    but for general cache management, consider using the much
223 |                    more capable :meth:`get_cache_expiration`.
224 | 
225 |     .. warning::
226 | 
227 |         If you disable a plugin cache be sure to restart the server and clear the cache afterwards.
228 |     """
229 | 
230 |     system = False
231 | 
232 |     opts = {}
233 | 
234 |     def __init__(self, model=None, admin_site=None):
235 |         if admin_site:
236 |             super().__init__(self.model, admin_site)
237 | 
238 |         self.object_successfully_changed = False
239 |         self.placeholder = None
240 |         self.page = None
241 |         self.cms_plugin_instance = None
242 |         # The _cms_initial_attributes acts as a hook to set
243 |         # certain values when the form is saved.
244 |         # Currently, this only happens on plugin creation.
245 |         self._cms_initial_attributes = {}
246 |         self._operation_token = None
247 | 
248 |     def _get_render_template(self, context, instance, placeholder):
249 |         if hasattr(self, 'get_render_template'):
250 |             template = self.get_render_template(context, instance, placeholder)
251 |         elif getattr(self, 'render_template', False):
252 |             template = getattr(self, 'render_template', False)
253 |         else:
254 |             template = None
255 | 
256 |         if not template:
257 |             raise ValidationError("plugin has no render_template: %s" % self.__class__)
258 |         return template
259 | 
260 |     @classmethod
261 |     def get_render_queryset(cls):
262 |         return cls.model._default_manager.all()
263 | 
264 |     def render(self, context, instance, placeholder):
265 |         """This method returns the context to be used to render the template
266 |         specified in :attr:`render_template`.
267 | 
268 |         :param dict context: The context with which the page is rendered.
269 |         :param instance: The instance of your plugin that is rendered.
270 |         :type instance: :class:`cms.models.pluginmodel.CMSPlugin` instance
271 |         :param str placeholder: The name of the placeholder that is rendered.
272 |         :rtype: `dict` or :class:`django.template.Context`
273 | 
274 |         This method must return a dictionary or an instance of
275 |         :class:`django.template.Context`, which will be used as context to render the
276 |         plugin template.
277 | 
278 |         By default, this method will add ``instance`` and ``placeholder`` to the
279 |         context, which means for simple plugins, there is no need to overwrite this
280 |         method.
281 | 
282 |         If you overwrite this method it's recommended to always populate the context
283 |         with default values by calling the render method of the super class::
284 | 
285 |             def render(self, context, instance, placeholder):
286 |                 context = super().render(context, instance, placeholder)
287 |                 ...
288 |                 return context
289 | 
290 |         """
291 |         context['instance'] = instance
292 |         context['placeholder'] = placeholder
293 |         return context
294 | 
295 |     @classmethod
296 |     def requires_parent_plugin(cls, slot, page):
297 |         if cls.get_require_parent(slot, page):
298 |             return True
299 | 
300 |         allowed_parents = cls.get_parent_classes(slot, page)
301 |         return bool(allowed_parents)
302 | 
303 |     @classmethod
304 |     def get_require_parent(cls, slot, page):
305 |         from cms.utils.placeholder import get_placeholder_conf
306 | 
307 |         template = page.get_template() if page else None
308 | 
309 |         # config overrides..
310 |         require_parent = get_placeholder_conf('require_parent', slot, template, default=cls.require_parent)
311 |         return require_parent
312 | 
313 |     def get_cache_expiration(self, request, instance, placeholder):
314 |         """
315 |         Provides hints to the placeholder, and in turn to the page for
316 |         determining the appropriate Cache-Control headers to add to the
317 |         HTTPResponse object.
318 | 
319 |         :param request: Relevant ``HTTPRequest`` instance.
320 |         :param instance: The ``CMSPlugin`` instance that is being rendered.
321 |         :rtype: ``None`` or ``datetime`` or ```time_delta`` or ``int``
322 | 
323 |         Must return one of:
324 | 
325 |         :``None``:
326 |             This means the placeholder and the page will not even
327 |             consider this plugin when calculating the page expiration;
328 | 
329 |         :``datetime``:
330 |             A specific date and time (timezone-aware) in the future
331 |             when this plugin's content expires;
332 | 
333 |             .. important:: The returned ``datetime`` must be timezone-aware
334 |                            or the plugin will be ignored (with a warning)
335 |                            during expiration calculations.
336 | 
337 | 
338 |         :``datetime.timedelta``:
339 |             A timedelta instance indicating how long, relative to
340 |             the response timestamp that the content can be cached;
341 | 
342 |         :``int``:
343 |             An integer number of seconds that this plugin's content can be cached.
344 | 
345 |         There are constants are defined in ``cms.constants`` that may be
346 |         useful: :const:`~cms.constants.EXPIRE_NOW` and :data:`~cms.constants.MAX_EXPIRATION_TTL`.
347 | 
348 |         An integer value of 0 (zero) or :const:`~cms.constants.EXPIRE_NOW` effectively means "do not
349 |         cache". Negative values will be treated as `EXPIRE_NOW`. Values exceeding the value
350 |         `~cms.constants.MAX_EXPIRATION_TTL` will be set to that value.
351 | 
352 |         Negative `timedelta` values or those greater than `MAX_EXPIRATION_TTL`
353 |         will also be ranged in the same manner.
354 | 
355 |         Similarly, `datetime` values earlier than now will be treated as
356 |         `EXPIRE_NOW`. Values greater than `MAX_EXPIRATION_TTL` seconds in the
357 |         future will be treated as `MAX_EXPIRATION_TTL` seconds in the future.
358 |         """
359 |         return None
360 | 
361 |     def get_vary_cache_on(self, request, instance, placeholder):
362 |         """
363 |         Returns an HTTP VARY header string or a list of them to be considered by the placeholder
364 |         and in turn by the page to caching behaviour.
365 | 
366 |         Overriding this method is optional.
367 | 
368 |         Must return one of:
369 | 
370 |         :``None``:
371 |             This means that this plugin declares no headers for the cache
372 |             to be varied upon. (default)
373 | 
374 |         :string:
375 |             The name of a header to vary caching upon.
376 | 
377 |         :list of strings:
378 |             A list of strings, each corresponding to a header to vary the
379 |             cache upon.
380 | 
381 |         .. note::
382 |             This only makes sense to use with caching. If this plugin has
383 |             ``cache = False`` or plugin.get_cache_expiration(...) returns 0,
384 |             get_vary_cache_on() will have no effect.
385 |         """
386 |         return None
387 | 
388 |     def render_change_form(self, request, context, add=False, change=False, form_url='', obj=None):
389 |         """
390 |         We just need the popup interface here
391 |         """
392 |         context.update({
393 |             'preview': "no_preview" not in request.GET,
394 |             'is_popup': True,
395 |             'plugin': obj,
396 |             'CMS_MEDIA_URL': get_cms_setting('MEDIA_URL'),
397 |         })
398 | 
399 |         return super().render_change_form(request, context, add, change, form_url, obj)
400 | 
401 |     def render_close_frame(self, request, obj, extra_context=None):
402 |         try:
403 |             root = obj.parent.get_bound_plugin() if obj.parent else obj
404 |         except ObjectDoesNotExist:
405 |             # This is a nasty edge-case.
406 |             # If the parent plugin is a ghost plugin, fetching the plugin tree
407 |             # will fail because the downcasting function filters out all ghost plugins.
408 |             # Currently, this case is only present in the djangocms-text-ckeditor app
409 |             # which uses ghost plugins to create inline plugins on the text.
410 |             root = obj
411 | 
412 |         plugins = [root] + list(root.get_descendants())
413 |         # simulate the call to the unauthorized CMSPlugin.page property
414 |         cms_page = obj.placeholder.page if obj.placeholder_id else None
415 | 
416 |         child_classes = self.get_child_classes(
417 |             slot=obj.placeholder.slot,
418 |             page=cms_page,
419 |             instance=obj,
420 |         )
421 | 
422 |         parent_classes = self.get_parent_classes(
423 |             slot=obj.placeholder.slot,
424 |             page=cms_page,
425 |             instance=obj,
426 |         )
427 | 
428 |         data = get_plugin_toolbar_info(
429 |             obj,
430 |             children=child_classes,
431 |             parents=parent_classes,
432 |         )
433 |         data['plugin_desc'] = escapejs(force_str(obj.get_short_description()))
434 |         data['structure'] = get_plugin_tree(request, plugins)
435 |         context = {
436 |             'plugin': obj,
437 |             'is_popup': True,
438 |             'data_bridge': data,
439 |         }
440 | 
441 |         if extra_context:
442 |             context.update(extra_context)
443 |         return render(
444 |             request, 'admin/cms/page/plugin/confirm_form.html', context
445 |         )
446 | 
447 |     def save_model(self, request, obj, form, change):
448 |         """
449 |         Override original method, and add some attributes to obj
450 |         This has to be made, because if the object is newly created, it must know
451 |         where it lives.
452 |         """
453 |         from django.contrib.admin import site
454 | 
455 |         pl = obj.placeholder
456 |         pl_admin = site._registry[obj.placeholder.__class__]
457 |         operation_kwargs = {
458 |             'request': request,
459 |             'placeholder': pl,
460 |         }
461 |         if change:
462 |             operation_kwargs['old_plugin'] = self.model.objects.get(pk=obj.pk)
463 |             operation_kwargs['new_plugin'] = obj
464 |             operation_kwargs['operation'] = operations.CHANGE_PLUGIN
465 |         else:
466 |             parent_id = obj.parent.pk if obj.parent else None
467 |             tree_order = obj.placeholder.get_plugin_tree_order(parent_id)
468 |             operation_kwargs['plugin'] = obj
469 |             operation_kwargs['operation'] = operations.ADD_PLUGIN
470 |             operation_kwargs['tree_order'] = tree_order
471 |         # Remember the operation token
472 |         self._operation_token = pl_admin._send_pre_placeholder_operation(**operation_kwargs)
473 |         # Saves the plugin
474 |         # remember the saved object
475 |         self.saved_object = pl.add_plugin(obj)
476 |         pl.clear_cache(obj.language)
477 | 
478 |     def save_form(self, request, form, change):
479 |         obj = super().save_form(request, form, change)
480 | 
481 |         for field, value in self._cms_initial_attributes.items():
482 |             # Set the initial attribute hooks (if any)
483 |             setattr(obj, field, value)
484 |         return obj
485 | 
486 |     def response_add(self, request, obj, **kwargs):
487 |         self.object_successfully_changed = True
488 |         # Normally we would add the user message to say the object
489 |         # was added successfully but looks like the CMS has not
490 |         # supported this and can lead to issues with plugins
491 |         # like ckeditor.
492 |         return self.render_close_frame(request, obj)
493 | 
494 |     def response_change(self, request, obj):
495 |         self.object_successfully_changed = True
496 |         opts = self.model._meta
497 |         msg_dict = {'name': force_str(opts.verbose_name), 'obj': force_str(obj)}
498 |         msg = _('The %(name)s "%(obj)s" was changed successfully.') % msg_dict
499 |         self.message_user(request, msg, messages.SUCCESS)
500 |         return self.render_close_frame(request, obj)
501 | 
502 |     def log_addition(self, request, obj, bypass=None):
503 |         pass
504 | 
505 |     def log_change(self, request, obj, message, bypass=None):
506 |         pass
507 | 
508 |     def log_deletion(self, request, obj, object_repr, bypass=None):
509 |         pass
510 | 
511 |     def icon_src(self, instance):
512 |         """By default, this returns an empty string, which, if left un-overridden would result in no icon
513 |         rendered at all, which, in turn, would render the plugin un-editable by the operator inside a parent
514 |         text plugin.
515 | 
516 |         Therefore, this should be overridden when the plugin has text_enabled set to True to return the path
517 |         to an icon to display in the text of the text plugin.
518 | 
519 |         Since djangocms-text-ckeditor introduced inline previews of plugins, the icon will not be
520 |         rendered in TextPlugins anymore.
521 | 
522 |         :param instance: The instance of the plugin model.
523 |         :type instance: :class:`cms.models.pluginmodel.CMSPlugin` instance
524 | 
525 |         Example::
526 | 
527 |             def icon_src(self, instance):
528 |                 return settings.STATIC_URL + "cms/img/icons/plugins/link.png"
529 | 
530 |         See also: :attr:`text_enabled`, :meth:`icon_alt`
531 |         """
532 |         return ""
533 | 
534 |     def icon_alt(self, instance):
535 |         """
536 |         Overwrite this if necessary if ``text_enabled = True``
537 |         Return the 'alt' text to be used for an icon representing
538 |         the plugin object in a text editor.
539 | 
540 |         :param instance: The instance of the plugin model to provide specific information
541 |             for the 'alt' text.
542 |         :type instance: :class:`cms.models.pluginmodel.CMSPlugin` instance
543 | 
544 |         By default :meth:`icon_alt` will return a string of the form: "[plugin type] -
545 |         [instance]", but can be modified to return anything you like.
546 | 
547 |         This function accepts the ``instance`` as a parameter and returns a string to be
548 |         used as the ``alt`` text for the plugin's preview or icon.
549 | 
550 |         Authors of text-enabled plugins should consider overriding this function as
551 |         it will be rendered as a tooltip in most browser. This is useful, because if
552 |         the same plugin is used multiple times, this tooltip can provide information about
553 |         its configuration.
554 | 
555 |         See also: :attr:`text_enabled`, :meth:`icon_src`.
556 | 
557 | 
558 |         """
559 |         return f"{force_str(self.name)} - {force_str(instance)}"
560 | 
561 |     def get_fieldsets(self, request, obj=None):
562 |         """
563 |         Same as from base class except if there are no fields, show an info message.
564 |         """
565 |         fieldsets = super().get_fieldsets(request, obj)
566 | 
567 |         for name, data in fieldsets:
568 |             if data.get('fields'):  # if fieldset with non-empty fields is found, return fieldsets
569 |                 return fieldsets
570 | 
571 |         if self.inlines:
572 |             return []  # if plugin has inlines but no own fields return empty fieldsets to remove empty white fieldset
573 | 
574 |         try:  # if all fieldsets are empty (assuming there is only one fieldset then) add description
575 |             fieldsets[0][1]['description'] = self.get_empty_change_form_text(obj=obj)
576 |         except KeyError:
577 |             pass
578 |         return fieldsets
579 | 
580 |     @classmethod
581 |     def get_empty_change_form_text(cls, obj=None):
582 |         """
583 |         Returns the text displayed to the user when editing a plugin
584 |         that requires no configuration.
585 |         """
586 |         return gettext('There are no further settings for this plugin. Please press save.')
587 | 
588 |     @classmethod
589 |     def get_child_class_overrides(cls, slot, page):
590 |         """
591 |         Returns a list of plugin types that are allowed
592 |         as children of this plugin.
593 |         """
594 |         from cms.utils.placeholder import get_placeholder_conf
595 | 
596 |         template = page.get_template() if page else None
597 | 
598 |         # config overrides..
599 |         ph_conf = get_placeholder_conf('child_classes', slot, template, default={})
600 |         return ph_conf.get(cls.__name__, cls.child_classes)
601 | 
602 |     @classmethod
603 |     def get_child_plugin_candidates(cls, slot, page):
604 |         """
605 |         Returns a list of all plugin classes
606 |         that will be considered when fetching
607 |         all available child classes for this plugin.
608 |         """
609 |         # Adding this as a separate method,
610 |         # we allow other plugins to affect
611 |         # the list of child plugin candidates.
612 |         # Useful in cases like djangocms-text-ckeditor
613 |         # where only text only plugins are allowed.
614 |         from cms.plugin_pool import plugin_pool
615 |         return plugin_pool.registered_plugins
616 | 
617 |     @classmethod
618 |     def get_child_classes(cls, slot, page, instance=None):
619 |         """
620 |         Returns a list of plugin types that can be added
621 |         as children to this plugin.
622 |         """
623 |         # Placeholder overrides are highest in priority
624 |         child_classes = cls.get_child_class_overrides(slot, page)
625 | 
626 |         if child_classes:
627 |             return child_classes
628 | 
629 |         # Get all child plugin candidates
630 |         installed_plugins = cls.get_child_plugin_candidates(slot, page)
631 | 
632 |         child_classes = []
633 |         plugin_type = cls.__name__
634 | 
635 |         # The following will go through each
636 |         # child plugin candidate and check if
637 |         # has configured parent class restrictions.
638 |         # If there are restrictions then the plugin
639 |         # is only a valid child class if the current plugin
640 |         # matches one of the parent restrictions.
641 |         # If there are no restrictions then the plugin
642 |         # is a valid child class.
643 |         for plugin_class in installed_plugins:
644 |             allowed_parents = plugin_class.get_parent_classes(slot, page, instance)
645 |             if not allowed_parents or plugin_type in allowed_parents:
646 |                 # Plugin has no parent restrictions or
647 |                 # Current plugin (self) is a configured parent
648 |                 child_classes.append(plugin_class.__name__)
649 | 
650 |         return child_classes
651 | 
652 |     @classmethod
653 |     def get_parent_classes(cls, slot, page, instance=None):
654 |         from cms.utils.placeholder import get_placeholder_conf
655 | 
656 |         template = page.get_template() if page else None
657 | 
658 |         # config overrides..
659 |         ph_conf = get_placeholder_conf('parent_classes', slot, template, default={})
660 |         parent_classes = ph_conf.get(cls.__name__, cls.parent_classes)
661 |         return parent_classes
662 | 
663 |     def get_plugin_urls(self):
664 |         """
665 |         Returns the URL patterns the plugin wants to register views for.
666 |         They are included under django CMS's page admin URLS in the plugin path
667 |         (e.g.: ``/admin/cms/page/plugin/<plugin-name>/`` in the default case).
668 | 
669 | 
670 |         ``get_plugin_urls()`` is useful if your plugin needs to talk asynchronously to the admin.
671 |         """
672 |         return []
673 | 
674 |     def plugin_urls(self):
675 |         return self.get_plugin_urls()
676 |     plugin_urls = property(plugin_urls)
677 | 
678 |     @classmethod
679 |     def get_extra_placeholder_menu_items(self, request, placeholder):
680 |         """Extends the placeholder context menu for all placeholders.
681 | 
682 |         To add one or more custom context menu items that are displayed in the context menu for all placeholders when
683 |         in structure mode, override this method in a related plugin to return a list of
684 |         :class:`cms.plugin_base.PluginMenuItem` instances.
685 |         """
686 |         pass
687 | 
688 |     @classmethod
689 |     def get_extra_plugin_menu_items(cls, request, plugin):
690 |         """Extends the plugin context menu for all plugins.
691 | 
692 |         To add one or more custom context menu items that are displayed in the context menu for all plugins when in
693 |         structure mode, override this method in a related plugin to return a list of
694 |         :class:`cms.plugin_base.PluginMenuItem` instances.
695 |         """
696 |         pass
697 | 
698 |     def __repr__(self):
699 |         return smart_str(self.name)
700 | 
701 |     def __str__(self):
702 |         return self.name
```

2026-09-16 21:38:23 utils.py INFO 
LiteLLM completion() model= qwen/qwen3-coder; provider = openrouter
2026-09-16 21:38:34 utils.py INFO Wrapper: Completed Call, calling success_handler
2026-09-16 21:38:34 auto_search_main.py INFO Executing code:
```
print(search_code_snippets(**{'search_terms': ['plugin.*class', 'instance.*class'], 'file_path_or_pattern': '"**/templates/**/*.html"'}))
```
2026-09-16 21:38:34 __init__.py DEBUG Building index from IDs objects
2026-09-16 21:38:35 __init__.py DEBUG Building index from IDs objects
2026-09-16 21:38:35 __init__.py DEBUG Building index from IDs objects
2026-09-16 21:38:35 __init__.py DEBUG Building index from IDs objects
2026-09-16 21:38:35 auto_search_main.py INFO OBSERVATION:
cms/plugin_pool.py:PluginPool.get_all_plugins
cms/models/placeholdermodel.py:Placeholder.move_plugin
cms/plugin_rendering.py:StructureRenderer.get_plugins_to_render
cms/plugin_rendering.py:StructureRenderer
cms/plugin_pool.py:PluginPool.register_plugin
cms/plugin_pool.py:PluginPool.unregister_plugin
cms/plugin_base.py:CMSPluginBase
cms/models/pluginmodel.py:CMSPlugin.get_plugin_instance
cms/plugin_base.py:CMSPluginBase.get_child_classes
cms/management/commands/subcommands/list.py:plugin_report
cms/utils/plugins.py:copy_plugins_to_placeholder
cms/models/pluginmodel.py:CMSPlugin.get_plugin_instance
menus/menu_pool.py:MenuPool.get_registered_menus
cms/plugin_base.py:CMSPluginBase.render
cms/plugin_base.py:CMSPluginBase.get_render_queryset
cms/models/placeholdermodel.py:Placeholder.delete_plugin
cms/management/commands/subcommands/base.py:SubcommandsCommand.add_arguments
cms/models/placeholdermodel.py:Placeholder.add_plugin
cms/models/pluginmodel.py:CMSPlugin.get_plugin_instance
cms/models/placeholdermodel.py:Placeholder.delete_plugin
cms/models/placeholdermodel.py:Placeholder.add_plugin
cms/management/commands/subcommands/list.py:plugin_report
cms/management/commands/subcommands/list.py:ListCommand
cms/management/commands/subcommands/list.py:ListPluginsCommand
cms/management/commands/subcommands/list.py:ListPluginsCommand.handle
cms/plugin_base.py:CMSPluginBase.icon_src
cms/plugin_rendering.py:StructureRenderer.render_plugin
cms/plugin_rendering.py:StructureRenderer.render_plugins
cms/plugin_rendering.py:ContentRenderer.render_plugin
cms/models/placeholdermodel.py:Placeholder.move_plugin
No files found for file pattern '"**/templates/**/*.html"'. Will search all files.
...
##Searching for term "plugin.*class", "plugin.*class instance.*class"...
### Search Result:
Found function `cms/utils/plugins.py:get_plugin_class`.
Source: Retrieved entity using keyword search (bm25).
```
24 | def get_plugin_class(plugin_type: str) -> CMSPluginBase:
25 |     """Returns the plugin class for a given plugin_type (str)"""
26 |     return plugin_pool.get_plugin(plugin_type)
```

Found function `cms/utils/plugins.py:get_plugin_model`.
Source: Retrieved entity using keyword search (bm25).
```
30 | def get_plugin_model(plugin_type: str) -> CMSPlugin:
31 |     """Returns the plugin model class for a given plugin_type (str)"""
32 |     return get_plugin_class(plugin_type).model
```

Found function `cms/utils/plugins.py:get_bound_plugins`.
Source: Retrieved entity using keyword search (bm25).
```
339 | def get_bound_plugins(plugins):
340 |     """
341 |     Get the bound plugins by downcasting the plugins to their respective classes. Raises a KeyError if the plugin type
342 |     is not available.
343 | 
344 |     Creates a map of plugin types and their corresponding plugin IDs for later use in downcasting.
345 |     Then, retrieves the plugin instances from the plugin model using the mapped plugin IDs.
346 |     Finally, iterates over the plugins and yields the downcasted versions if they have a valid parent.
347 |     Does not affect caching.
348 | 
349 |     :param plugins:  List of ``CMSPlugin`` instances.
350 |     :type plugins: List[CMSPlugin]
351 |     :return: Generator that yields the downcasted plugins.
352 |     :rtype: Generator[CMSPlugin, None, None]
353 | 
354 |     Example::
355 | 
356 |         plugins = [plugin_instance1, plugin_instance2]
357 |         for bound_plugin in get_bound_plugins(plugins):
358 |             # Do something with the bound_plugin
359 |             pass
360 |     """
361 |     get_plugin = plugin_pool.get_plugin
362 |     plugin_types_map = defaultdict(list)
363 |     plugin_ids = []
364 |     plugin_lookup = {}
365 | 
366 |     # make a map of plugin types, needed later for downcasting
367 |     for plugin in plugins:
368 |         plugin_ids.append(plugin.pk)
369 |         plugin_types_map[plugin.plugin_type].append(plugin.pk)
370 | 
371 |     for plugin_type, pks in plugin_types_map.items():
372 |         plugin_model = get_plugin(plugin_type).model
373 |         plugin_queryset = plugin_model.objects.filter(pk__in=pks)
374 | 
375 |         # put them in a map, so we can replace the base CMSPlugins with their
376 |         # downcasted versions
377 |         for instance in plugin_queryset.iterator():
378 |             plugin_lookup[instance.pk] = instance
379 | 
380 |     for plugin in plugins:
381 |         parent_not_available = (not plugin.parent_id or plugin.parent_id not in plugin_ids)
382 |         # The plugin either has no parent or needs to have a non-ghost parent
383 |         valid_parent = (parent_not_available or plugin.parent_id in plugin_lookup)
384 | 
385 |         if valid_parent and plugin.pk in plugin_lookup:
386 |             yield plugin_lookup[plugin.pk]
```

Found file `cms/utils/plugins.py`.
Source: Retrieved entity using keyword search (bm25).
Hint: Search `cms/utils/plugins.py` for the full content if needed.



##Searching for term "plugin.*class"...
### Search Result:
Found function `cms/plugin_pool.py:PluginPool.register_plugin`.
Source: Retrieved code content using keyword search (bm25).
```
101 | def register_plugin(self, plugin):
102 |         """
103 |         Registers the given plugin(s).
104 | 
105 |         Static sanity checks is also performed.
106 | 
107 |         If a plugin is already registered, this will raise PluginAlreadyRegistered.
108 |         """
109 |         if not issubclass(plugin, CMSPluginBase):
110 |             raise ImproperlyConfigured(
111 |                 "CMS Plugins must be subclasses of CMSPluginBase, %r is not."
112 |                 % plugin
113 |             )
114 |         plugin_name = plugin.__name__
115 |         if plugin_name in self.plugins:
116 |             raise PluginAlreadyRegistered(
117 |                 "Cannot register %r, a plugin with this name (%r) is already "
118 |                 "registered." % (plugin, plugin_name)
119 |             )
120 | 
121 |         plugin.value = plugin_name
122 |         self.plugins[plugin_name] = plugin
123 |         return plugin
```

Found function `cms/plugin_pool.py:PluginPool.get_all_plugins`.
Source: Retrieved code content using keyword search (bm25).
```
138 | def get_all_plugins(self, placeholder=None, page=None, setting_key="plugins", include_page_only=True):
139 |         from cms.utils.placeholder import get_placeholder_conf
140 | 
141 |         self.discover_plugins()
142 |         plugins = sorted(self.plugins.values(), key=attrgetter('name'))
143 |         template = page.get_template() if page else None
144 | 
145 |         allowed_plugins = get_placeholder_conf(
146 |             setting_key,
147 |             placeholder,
148 |             template,
149 |         ) or ()
150 |         excluded_plugins = get_placeholder_conf(
151 |             'excluded_plugins',
152 |             placeholder,
153 |             template,
154 |         ) or ()
155 | 
156 |         if not include_page_only:
157 |             # Filters out any plugin marked as page only because
158 |             # the include_page_only flag has been set to False
159 |             plugins = (plugin for plugin in plugins if not plugin.page_only)
160 | 
161 |         if allowed_plugins:
162 |             # Check that plugins are in the list of the allowed ones
163 |             plugins = (plugin for plugin in plugins if plugin.__name__ in allowed_plugins)
164 | 
165 |         if excluded_plugins:
166 |             # Check that plugins are not in the list of the excluded ones
167 |             plugins = (plugin for plugin in plugins if plugin.__name__ not in excluded_plugins)
168 | 
169 |         if placeholder:
170 |             # Filters out any plugin that requires a parent or has set parent classes
171 |             plugins = (plugin for plugin in plugins
172 |                        if not plugin.requires_parent_plugin(placeholder, page))
173 |         return sorted(plugins, key=attrgetter('module'))
```

Found function `cms/models/placeholdermodel.py:Placeholder.move_plugin`.
Source: Retrieved code content using keyword search (bm25).
```
551 | def move_plugin(self, plugin, target_position, target_placeholder=None, target_plugin=None):
552 |         """
553 |         .. versionadded:: 4.0
554 | 
555 |         Moves a plugin within the placeholder (``target_placeholder=None``) or to another placeholder.
556 | 
557 |         :param plugin: Plugin to move
558 |         :type plugin: :class:`cms.models.pluginmodel.CMSPlugin` instance
559 |         :param int target_position: The plugin's new position
560 |         :param  target_placeholder: Placeholder to move plugin to (or ``None``)
561 |         :type target_placeholder: :class:`cms.models.placeholdermodel.Placeholder` instance
562 |         :param target_plugin: New parent plugin (or ``None``). The target plugin must be in the same placeholder
563 |            or in the ``target_placeholder`` if one is given.
564 |         :type target_plugin: :class:`cms.models.pluginmodel.CMSPlugin` instance
565 | 
566 |         The ``target_position`` is enumerated from the start of the palceholder's plugin tree (1) to
567 |         the last plugin (*n*, where *n* is the number of plugins in the placeholder).
568 |         """
569 | 
570 |         if target_placeholder:
571 |             return self._move_plugin_to_placeholder(
572 |                 plugin=plugin,
573 |                 target_position=target_position,
574 |                 target_placeholder=target_placeholder,
575 |                 target_plugin=target_plugin,
576 |             )
577 | 
578 |         target_tree = self.get_plugins(plugin.language)
579 |         last_plugin = self.get_last_plugin(plugin.language)
580 |         source_plugin_desc_count = plugin._get_descendants_count()
581 |         # Attn: The following line assumes that all children and grand-children have consecutive positions!
582 |         source_plugin_range = (plugin.position, plugin.position + source_plugin_desc_count)
583 | 
584 |         if target_position < plugin.position:
585 |             # Moving left
586 |             # Make a big hole on the right side of the current plugin's position
587 |             # by shifting all right nodes further to the right, excluding the current plugin
588 |             # but including the target plugin and its descendants.
589 |             (target_tree
590 |              .filter(position__gte=target_position)
591 |              .exclude(position__range=source_plugin_range)
592 |              ).update(position=(models.F('position') + last_plugin.position))
593 | 
594 |             # Make a big hole on the left side of the current plugin's position
595 |             # by shifting all right nodes further the right, including the current plugin
596 |             # and its descendants.
597 |             target_tree.filter(
598 |                 position__lte=source_plugin_range[1]
599 |             ).update(position=models.F('position') - last_plugin.position)
600 |         else:
601 |             # Moving right
602 |             # Make a big hole on the left side of the target position,
603 |             # by shifting all left nodes further to the left, excluding the current plugin
604 |             # but including the target plugin and its descendants.
605 |             # Left node in the common case is target_position but if the current plugin
606 |             # has descendants then left node is the closest node to the right side of the
607 |             # last descendant.
608 |             (target_tree
609 |              .filter(position__lte=target_position + source_plugin_desc_count)
610 |              .exclude(position__range=source_plugin_range)
611 |              ).update(position=(models.F('position') - last_plugin.position))
612 | 
613 |             # Make a big hole on the right side of the current plugin's position
614 |             # by shifting all right nodes further the right, including the current plugin
615 |             # and its descendants.
616 |             target_tree.filter(
617 |                 position__gte=plugin.position
618 |             ).update(position=models.F('position') + last_plugin.position)
619 | 
620 |         if plugin.parent != target_plugin:
621 |             # Plugin is being moved to another tree (under another parent)
622 |             # OR plugin is being moved to the root (no parent)
623 |             plugin.update(parent=target_plugin)
624 |         # The plugin tree was shifted to the right to make space,
625 |         # Squash all plugin positions in the tree to close any holes.
626 |         self._recalculate_plugin_positions(plugin.language)
```

Found class `cms/plugin_rendering.py:StructureRenderer`.
Source: Retrieved code content using keyword search (bm25).
```
648 | class StructureRenderer(BaseRenderer):
649 | 
650 |     load_structure = True
651 |     placeholder_edit_template = (
652 |         """
653 |         <script data-cms id="cms-plugin-child-classes-{placeholder_id}" type="text/cms-template">
654 |             {plugin_menu_js}
655 |         </script>
656 |         <script data-cms>{plugin_js}\n{placeholder_js}</script>
657 |         """
658 |     )
659 | 
660 |     def get_plugins_to_render(self, *args, **kwargs):
661 |         plugins = super().get_plugins_to_render(*args, **kwargs)
662 | 
663 |         for plugin in plugins:
664 |             yield plugin
665 | 
666 |             if not plugin.child_plugin_instances:
667 |                 continue
668 | 
669 |             for plugin in _unpack_plugins(plugin):
670 |                 yield plugin
671 | 
672 |     def render_placeholder(self, placeholder, language, page=None):
673 |         rendered_plugins = self.render_plugins(placeholder, language=language, page=page)
674 |         plugin_js_output = ''.join(rendered_plugins)
675 | 
676 |         placeholder_toolbar_js = self.get_placeholder_toolbar_js(placeholder, page)
677 |         rendered_placeholder = RenderedPlaceholder(
678 |             placeholder=placeholder,
679 |             language=language,
680 |             site_id=self.current_site.pk,
681 |             cached=False,
682 |             editable=True,
683 |         )
684 | 
685 |         if placeholder.pk not in self._rendered_placeholders:
686 |             self._rendered_placeholders[placeholder.pk] = rendered_placeholder
687 | 
688 |         placeholder_structure_is = self.placeholder_edit_template.format(
689 |             placeholder_id=placeholder.pk,
690 |             plugin_js=plugin_js_output,
691 |             plugin_menu_js=self.get_placeholder_plugin_menu(placeholder, page=page),
692 |             placeholder_js=placeholder_toolbar_js,
693 |         )
694 |         return mark_safe(placeholder_structure_is)
695 | 
696 |     def render_page_placeholder(self, page, placeholder, language=None):
697 |         return self.render_placeholder(placeholder, language=language, page=page)
698 | 
699 |     def render_static_placeholder(self, static_placeholder, language=None):
700 |         user = self.request.user
701 | 
702 |         if not user.has_perm('cms.edit_static_placeholder'):
703 |             return ''
704 | 
705 |         language = language or self.request_language
706 | 
707 |         placeholder = static_placeholder.draft
708 |         # I really don't like these impromptu flags...
709 |         placeholder.is_static = True
710 | 
711 |         content = self.render_placeholder(placeholder, language=language)
712 | 
713 |         if static_placeholder.pk not in self._rendered_static_placeholders:
714 |             # First time this static placeholder is rendered
715 |             self._rendered_static_placeholders[static_placeholder.pk] = static_placeholder
716 |         return content
717 | 
718 |     def render_plugin(self, instance, page=None):
719 |         placeholder_cache = self._rendered_plugins_by_placeholder.setdefault(instance.placeholder_id, {})
720 |         placeholder_cache.setdefault('plugins', []).append(instance)
721 |         return self.get_plugin_toolbar_js(instance, page=page)
722 | 
723 |     def render_plugins(self, placeholder, language, page=None):
724 |         template = page.get_template() if page else None
725 |         plugins = self.get_plugins_to_render(placeholder, language, template)
726 | 
727 |         for plugin in plugins:
728 |             plugin._placeholder_cache = placeholder
729 |             yield self.render_plugin(plugin, page=page)
```



##Searching for term "instance.*class"...
### Search Result:
Found function `cms/models/pluginmodel.py:CMSPlugin.get_plugin_class_instance`.
Source: Retrieved entity using keyword search (bm25).
```
210 | def get_plugin_class_instance(self, admin=None):
211 |         plugin_class = self.get_plugin_class()
212 |         # needed so we have the same signature as the original ModelAdmin
213 |         return plugin_class(plugin_class.model, admin)
```

Found function `menus/menu_pool.py:_get_menu_class_for_instance`.
Source: Retrieved entity using keyword search (bm25).
```
84 | def _get_menu_class_for_instance(menu_class, instance):
85 |     """
86 |     Returns a new menu class that subclasses
87 |     menu_class but is bound to instance.
88 |     This means it sets the "instance" attribute of the class.
89 |     """
90 |     attrs = {'instance': instance}
91 |     class_name = menu_class.__name__
92 |     meta_class = type(menu_class)
93 |     return meta_class(class_name, (menu_class,), attrs)
```

Found function `menus/menu_pool.py:MenuPool.get_registered_menus`.
Source: Retrieved code content using keyword search (bm25).
```
291 | def get_registered_menus(self, for_rendering=False):
292 |         """
293 |         Returns all registered menu classes.
294 | 
295 |         :param for_rendering: Flag that when True forces us to include
296 |             all CMSAttachMenu subclasses, even if they're not attached.
297 |         """
298 |         self.discover_menus()
299 |         registered_menus = {}
300 | 
301 |         for menu_class_name, menu_cls in self.menus.items():
302 |             if isinstance(menu_cls, Menu):
303 |                 # A Menu **instance** was registered,
304 |                 # this is non-standard, but acceptable.
305 |                 menu_cls = menu_cls.__class__
306 |             if hasattr(menu_cls, "get_instances"):
307 |                 # It quacks like a CMSAttachMenu.
308 |                 # Expand the one CMSAttachMenu into multiple classes.
309 |                 # Each class is bound to the instance the menu is attached to.
310 |                 _get_menu_class = partial(_get_menu_class_for_instance, menu_cls)
311 | 
312 |                 instances = menu_cls.get_instances() or []
313 |                 for instance in instances:
314 |                     # For each instance, we create a unique class
315 |                     # that is bound to that instance.
316 |                     # Doing this allows us to delay the instantiation
317 |                     # of the menu class until it's needed.
318 |                     # Plus we keep the menus consistent by always
319 |                     # pointing to a class instead of an instance.
320 |                     namespace = f"{menu_class_name}:{instance.pk}"
321 |                     registered_menus[namespace] = _get_menu_class(instance)
322 | 
323 |                 if not instances and not for_rendering:
324 |                     # The menu is a CMSAttachMenu but has no instances,
325 |                     # normally we'd just ignore it but it's been
326 |                     # explicitly set that we are not rendering these menus
327 |                     # via the (for_rendering) flag.
328 |                     registered_menus[menu_class_name] = menu_cls
329 |             elif hasattr(menu_cls, "get_nodes"):
330 |                 # This is another type of Menu, cannot be expanded, but must be
331 |                 # instantiated, none-the-less.
332 |                 registered_menus[menu_class_name] = menu_cls
333 |             else:
334 |                 raise ValidationError(
335 |                     "Something was registered as a menu, but isn't.")
336 |         return registered_menus
```

Found function `cms/signals/log_entries.py:_is_valid_page_instance`.
Source: Retrieved entity using keyword search (bm25).
```
87 | def _is_valid_page_instance(page):
88 |     """
89 |     Check if the supplied object is a valid Page / PageType object
90 |     """
91 |     return isinstance(page, (Page, PageType))
```

Found function `cms/plugin_base.py:CMSPluginBase.get_render_queryset`.
Source: Retrieved code content using keyword search (bm25).
```
261 | def get_render_queryset(cls):
262 |         return cls.model._default_manager.all()
```

Found function `cms/plugin_base.py:CMSPluginBase.render`.
Source: Retrieved code content using keyword search (bm25).
```
264 | def render(self, context, instance, placeholder):
265 |         """This method returns the context to be used to render the template
266 |         specified in :attr:`render_template`.
267 | 
268 |         :param dict context: The context with which the page is rendered.
269 |         :param instance: The instance of your plugin that is rendered.
270 |         :type instance: :class:`cms.models.pluginmodel.CMSPlugin` instance
271 |         :param str placeholder: The name of the placeholder that is rendered.
272 |         :rtype: `dict` or :class:`django.template.Context`
273 | 
274 |         This method must return a dictionary or an instance of
275 |         :class:`django.template.Context`, which will be used as context to render the
276 |         plugin template.
277 | 
278 |         By default, this method will add ``instance`` and ``placeholder`` to the
279 |         context, which means for simple plugins, there is no need to overwrite this
280 |         method.
281 | 
282 |         If you overwrite this method it's recommended to always populate the context
283 |         with default values by calling the render method of the super class::
284 | 
285 |             def render(self, context, instance, placeholder):
286 |                 context = super().render(context, instance, placeholder)
287 |                 ...
288 |                 return context
289 | 
290 |         """
291 |         context['instance'] = instance
292 |         context['placeholder'] = placeholder
293 |         return context
```



##Searching for term "instance.*class", "plugin.*class instance.*class"...
### Search Result:
Found function `cms/models/pluginmodel.py:CMSPlugin.get_plugin_instance`.
Source: Retrieved code content using keyword search (bm25).
```
215 | def get_plugin_instance(self, admin=None):
216 |         """
217 |         For a plugin instance (usually as a CMSPluginBase), this method
218 |         returns the downcasted (i.e., correctly typed subclass of CMSPluginBase) instance and the plugin class
219 | 
220 |         :return: Tuple (instance, plugin)
221 | 
222 |         instance: The instance AS THE APPROPRIATE SUBCLASS OF CMSPluginBase and not necessarily just 'self', which is
223 |         often just a CMSPluginBase,
224 | 
225 |         plugin: the associated plugin class instance (subclass of CMSPlugin)
226 |         """
227 |         plugin = self.get_plugin_class_instance(admin)
228 | 
229 |         try:
230 |             instance = self.get_bound_plugin()
231 |         except ObjectDoesNotExist:
232 |             instance = None
233 |             self._inst = None
234 |         return (instance, plugin)
```

Found function `cms/models/placeholdermodel.py:Placeholder.delete_plugin`.
Source: Retrieved code content using keyword search (bm25).
```
678 | def delete_plugin(self, instance):
679 |         """
680 |         .. versionadded:: 4.0
681 | 
682 |         Removes a plugin and its descendants from the placeholder and database.
683 | 
684 |         :param instance: Plugin to add. It's position parameter needs to be set.
685 |         :type instance: :class:`cms.models.pluginmodel.CMSPlugin` instance
686 |         """
687 |         with transaction.atomic():
688 |             # We're using raw sql - make the whole operation atomic
689 |             plugins = self.get_plugins(language=instance.language).count()  # 1st hit: Count plugins
690 |             descendants = instance._get_descendants_ids()  # 2nd hit: Get descendant ids
691 |             to_delete = [instance.pk] + descendants  # Instance plus descendants pk
692 |             self.cmsplugin_set.filter(pk__in=to_delete).delete()  # 3rd hit: Delete all plugins in one query
693 | 
694 |             last_position = instance.position + len(descendants)  # Last position of deleted plugins
695 |             if last_position < plugins:
696 |                 # Close the gap in the plugin tree (2 hits)
697 |                 self._shift_plugin_positions(
698 |                     instance.language,
699 |                     start=instance.position,
700 |                     offset=plugins,
701 |                 )
702 |                 self._recalculate_plugin_positions(instance.language)
```



##Searching for term "plugin.*class instance.*class"...
### Search Result:
Found `cms/management/commands/subcommands/delete_orphaned_plugins.py:DeleteOrphanedPluginsCommand`, `cms/management/commands/subcommands/delete_orphaned_plugins.py:DeleteOrphanedPluginsCommand.handle`.
Source: Retrieved code content using keyword search (bm25).
```
 1 | from cms.management.commands.subcommands.list import plugin_report
 2 | 
 3 | from .base import SubcommandsCommand
 4 | 
 5 | 
 6 | class DeleteOrphanedPluginsCommand(SubcommandsCommand):
 7 |     help_string = ('Delete plugins from the CMSPlugins table that should have instances '
 8 |                    'but don\'t, and ones for which a corresponding plugin model can no '
 9 |                    'longer be found')
10 |     command_name = 'delete-orphaned-plugins'
11 | 
12 |     def handle(self, *args, **options):
13 |         """
14 |         Obtains a plugin report -
15 |         cms.management.commands.subcommands.list.plugin_report - and uses it
16 |         to delete orphaned plugins from the database, i.e. ones that are no
17 |         longer installed, and ones that have no corresponding saved plugin
18 |         instances (as will happen if a plugin is inserted into a placeholder,
19 |         but not saved).
20 |         """
21 |         self.stdout.write('Obtaining plugin report\n')
22 |         uninstalled_instances = []
23 |         unsaved_instances = []
24 | 
25 |         for plugin in plugin_report():
26 |             if not plugin['model']:
27 |                 for instance in plugin['instances']:
28 |                     uninstalled_instances.append(instance)
29 | 
30 |             for instance in plugin['unsaved_instances']:
31 |                 unsaved_instances.append(instance)
32 | 
33 |         if options.get('interactive'):
34 |             confirm = input("""
35 | You have requested to delete any instances of uninstalled plugins and empty plugin instances.
36 | There are %d uninstalled plugins and %d empty plugins.
37 | Are you sure you want to do this?
38 | Type 'yes' to continue, or 'no' to cancel: """ % (len(uninstalled_instances), len(unsaved_instances)))
39 |         else:
40 |             confirm = 'yes'
41 | 
42 |         if confirm == 'yes':
43 |             # delete items whose plugin is uninstalled and items with unsaved instances
44 |             self.stdout.write('... deleting any instances of uninstalled plugins and empty plugin instances\n')
45 | 
46 |             for instance in uninstalled_instances:
47 |                 if instance.placeholder:
48 |                     instance.placeholder.delete_plugin(instance)
49 |                 else:
50 |                     instance.delete()
51 | 
52 |             for instance in unsaved_instances:
53 |                 if instance.placeholder:
54 |                     instance.placeholder.delete_plugin(instance)
55 |                 else:
56 |                     instance.delete()
57 | 
58 |             self.stdout.write(
59 |                 f'Deleted instances of: \n    {len(uninstalled_instances)} uninstalled plugins  \n    {len(unsaved_instances)} plugins with unsaved instances\n'
60 |             )
61 |             self.stdout.write('all done\n')
62 | 
```

Found function `cms/models/placeholdermodel.py:Placeholder.add_plugin`.
Source: Retrieved code content using keyword search (bm25).
```
508 | def add_plugin(self, instance):
509 |         """
510 |         .. versionadded:: 4.0
511 | 
512 |         Adds a plugin to the placeholder. The plugin's position field must be set to the target
513 |         position. Positions are enumerated from the start of the palceholder's plugin tree (1) to
514 |         the last plugin (*n*, where *n* is the number of plugins in the placeholder).
515 | 
516 |         :param instance: Plugin to add. It's position parameter needs to be set.
517 |         :type instance: :class:`cms.models.pluginmodel.CMSPlugin` instance
518 | 
519 |         .. note::
520 |             As of version 4 of django CMS the position counter does not re-start at 1 for the first
521 |             child plugin. The ``position`` field  and ``language`` field are unique for a placeholder.
522 | 
523 |         Example::
524 | 
525 |             new_child = MyCoolPlugin()
526 |             new_child.position = parent_plugin.position + 1  # add as first child: directly after parent
527 |             parent_plugin.placeholder.add(new_child)
528 | 
529 |         """
530 |         last_position = self.get_last_plugin_position(instance.language) or 0
531 |         # A shift is only needed if the distance between the new plugin
532 |         # and the last plugin is greater than 1 position.
533 |         needs_shift = (instance.position - last_position) < 1
534 | 
535 |         if needs_shift:
536 |             # shift to the right
537 |             self._shift_plugin_positions(
538 |                 instance.language,
539 |                 start=instance.position,
540 |                 offset=last_position - instance.position + 2,  # behind last_position plus one to shift back
541 |             )
542 | 
543 |         instance.save()
544 | 
545 |         if needs_shift:
546 |             # The plugin tree was shifted to the right to make space,
547 |             # now squash all plugins in the tree to close any holes.
548 |             self._recalculate_plugin_positions(instance.language)
549 |         return instance
```

Found function `cms/management/commands/subcommands/list.py:plugin_report`.
Source: Retrieved code content using keyword search (bm25).
```
38 | def plugin_report():
39 |     """
40 |     Returns a report of existing plugins
41 | 
42 |     structure of report:
43 |     [
44 |         {
45 |             'type': CMSPlugin class,
46 |             'model': plugin_type.model,
47 |             'instances': instances in the CMSPlugin table,
48 |             'unsaved_instances': those with no corresponding model instance,
49 |         },
50 |     ]
51 |     """
52 |     plugin_report = []
53 |     all_plugins = CMSPlugin.objects.order_by('plugin_type')
54 |     plugin_types = list(set(all_plugins.values_list('plugin_type', flat=True)))
55 |     plugin_types.sort()
56 | 
57 |     for plugin_type in plugin_types:
58 |         plugin = {}
59 |         plugin['type'] = plugin_type
60 |         try:
61 |             # get all plugins of this type
62 |             plugins = CMSPlugin.objects.filter(plugin_type=plugin_type)
63 |             plugin['instances'] = plugins
64 |             # does this plugin have a model? report unsaved instances
65 |             plugin['model'] = plugin_pool.get_plugin(name=plugin_type).model
66 |             unsaved_instances = [p for p in plugins if not p.get_plugin_instance()[0]]
67 |             plugin['unsaved_instances'] = unsaved_instances
68 | 
69 |         # catch uninstalled plugins
70 |         except KeyError:
71 |             plugin['model'] = None
72 |             plugin['instances'] = plugins
73 |             plugin['unsaved_instances'] = []
74 | 
75 |         plugin_report.append(plugin)
76 | 
77 |     return plugin_report
```

2026-09-16 21:38:35 utils.py INFO 
LiteLLM completion() model= qwen/qwen3-coder; provider = openrouter
2026-09-16 21:38:42 utils.py INFO Wrapper: Completed Call, calling success_handler
2026-09-16 21:38:42 auto_search_main.py INFO Executing code:
```
print(search_code_snippets(**{'search_terms': ['plugin.*class', 'instance.*plugin'], 'file_path_or_pattern': '"**/templates/**/*.html"'}))
```
2026-09-16 21:38:42 __init__.py DEBUG Building index from IDs objects
2026-09-16 21:38:42 __init__.py DEBUG Building index from IDs objects
2026-09-16 21:38:42 __init__.py DEBUG Building index from IDs objects
2026-09-16 21:38:42 auto_search_main.py INFO OBSERVATION:
cms/plugin_pool.py:PluginPool.get_all_plugins
cms/models/placeholdermodel.py:Placeholder.move_plugin
cms/plugin_rendering.py:StructureRenderer.get_plugins_to_render
cms/plugin_rendering.py:StructureRenderer
cms/plugin_pool.py:PluginPool.register_plugin
cms/plugin_pool.py:PluginPool.unregister_plugin
cms/plugin_base.py:CMSPluginBase
cms/models/pluginmodel.py:CMSPlugin.get_plugin_instance
cms/plugin_base.py:CMSPluginBase.get_child_classes
cms/management/commands/subcommands/list.py:plugin_report
cms/utils/plugins.py:copy_plugins_to_placeholder
cms/models/pluginmodel.py:CMSPlugin.get_plugin_instance
cms/models/placeholdermodel.py:Placeholder.delete_plugin
cms/management/commands/subcommands/list.py:plugin_report
cms/models/placeholdermodel.py:Placeholder.add_plugin
cms/plugin_rendering.py:ContentRenderer.render_plugin
cms/management/commands/subcommands/list.py:ListCommand
cms/management/commands/subcommands/list.py:ListPluginsCommand
cms/management/commands/subcommands/list.py:ListPluginsCommand.handle
cms/plugin_rendering.py:StructureRenderer.render_plugin
cms/plugin_rendering.py:StructureRenderer.render_plugins
cms/plugin_base.py:CMSPluginBase.icon_src
cms/models/pluginmodel.py:CMSPlugin.get_plugin_instance
cms/management/commands/subcommands/list.py:plugin_report
cms/models/placeholdermodel.py:Placeholder.delete_plugin
cms/models/placeholdermodel.py:Placeholder.add_plugin
cms/management/commands/subcommands/list.py:ListCommand
cms/management/commands/subcommands/list.py:ListPluginsCommand
cms/management/commands/subcommands/list.py:ListPluginsCommand.handle
cms/utils/plugins.py:get_bound_plugins
cms/plugin_rendering.py:StructureRenderer.render_plugin
cms/plugin_rendering.py:StructureRenderer.render_plugins
cms/plugin_base.py:CMSPluginBase.icon_src
No files found for file pattern '"**/templates/**/*.html"'. Will search all files.
...
##Searching for term "plugin.*class", "instance.*plugin", "plugin.*class instance.*plugin"...
### Search Result:
Found function `cms/utils/plugins.py:get_plugin_class`.
Source: Retrieved entity using keyword search (bm25).
```
24 | def get_plugin_class(plugin_type: str) -> CMSPluginBase:
25 |     """Returns the plugin class for a given plugin_type (str)"""
26 |     return plugin_pool.get_plugin(plugin_type)
```

Found function `cms/utils/plugins.py:get_plugin_model`.
Source: Retrieved entity using keyword search (bm25).
```
30 | def get_plugin_model(plugin_type: str) -> CMSPlugin:
31 |     """Returns the plugin model class for a given plugin_type (str)"""
32 |     return get_plugin_class(plugin_type).model
```

Found function `cms/utils/plugins.py:get_bound_plugins`.
Source: Retrieved entity using keyword search (bm25).
```
339 | def get_bound_plugins(plugins):
340 |     """
341 |     Get the bound plugins by downcasting the plugins to their respective classes. Raises a KeyError if the plugin type
342 |     is not available.
343 | 
344 |     Creates a map of plugin types and their corresponding plugin IDs for later use in downcasting.
345 |     Then, retrieves the plugin instances from the plugin model using the mapped plugin IDs.
346 |     Finally, iterates over the plugins and yields the downcasted versions if they have a valid parent.
347 |     Does not affect caching.
348 | 
349 |     :param plugins:  List of ``CMSPlugin`` instances.
350 |     :type plugins: List[CMSPlugin]
351 |     :return: Generator that yields the downcasted plugins.
352 |     :rtype: Generator[CMSPlugin, None, None]
353 | 
354 |     Example::
355 | 
356 |         plugins = [plugin_instance1, plugin_instance2]
357 |         for bound_plugin in get_bound_plugins(plugins):
358 |             # Do something with the bound_plugin
359 |             pass
360 |     """
361 |     get_plugin = plugin_pool.get_plugin
362 |     plugin_types_map = defaultdict(list)
363 |     plugin_ids = []
364 |     plugin_lookup = {}
365 | 
366 |     # make a map of plugin types, needed later for downcasting
367 |     for plugin in plugins:
368 |         plugin_ids.append(plugin.pk)
369 |         plugin_types_map[plugin.plugin_type].append(plugin.pk)
370 | 
371 |     for plugin_type, pks in plugin_types_map.items():
372 |         plugin_model = get_plugin(plugin_type).model
373 |         plugin_queryset = plugin_model.objects.filter(pk__in=pks)
374 | 
375 |         # put them in a map, so we can replace the base CMSPlugins with their
376 |         # downcasted versions
377 |         for instance in plugin_queryset.iterator():
378 |             plugin_lookup[instance.pk] = instance
379 | 
380 |     for plugin in plugins:
381 |         parent_not_available = (not plugin.parent_id or plugin.parent_id not in plugin_ids)
382 |         # The plugin either has no parent or needs to have a non-ghost parent
383 |         valid_parent = (parent_not_available or plugin.parent_id in plugin_lookup)
384 | 
385 |         if valid_parent and plugin.pk in plugin_lookup:
386 |             yield plugin_lookup[plugin.pk]
```

Found file `cms/utils/plugins.py`.
Source: Retrieved entity using keyword search (bm25).
Hint: Search `cms/utils/plugins.py` for the full content if needed.



##Searching for term "plugin.*class"...
### Search Result:
Found function `cms/plugin_pool.py:PluginPool.register_plugin`.
Source: Retrieved code content using keyword search (bm25).
```
101 | def register_plugin(self, plugin):
102 |         """
103 |         Registers the given plugin(s).
104 | 
105 |         Static sanity checks is also performed.
106 | 
107 |         If a plugin is already registered, this will raise PluginAlreadyRegistered.
108 |         """
109 |         if not issubclass(plugin, CMSPluginBase):
110 |             raise ImproperlyConfigured(
111 |                 "CMS Plugins must be subclasses of CMSPluginBase, %r is not."
112 |                 % plugin
113 |             )
114 |         plugin_name = plugin.__name__
115 |         if plugin_name in self.plugins:
116 |             raise PluginAlreadyRegistered(
117 |                 "Cannot register %r, a plugin with this name (%r) is already "
118 |                 "registered." % (plugin, plugin_name)
119 |             )
120 | 
121 |         plugin.value = plugin_name
122 |         self.plugins[plugin_name] = plugin
123 |         return plugin
```

Found function `cms/plugin_pool.py:PluginPool.get_all_plugins`.
Source: Retrieved code content using keyword search (bm25).
```
138 | def get_all_plugins(self, placeholder=None, page=None, setting_key="plugins", include_page_only=True):
139 |         from cms.utils.placeholder import get_placeholder_conf
140 | 
141 |         self.discover_plugins()
142 |         plugins = sorted(self.plugins.values(), key=attrgetter('name'))
143 |         template = page.get_template() if page else None
144 | 
145 |         allowed_plugins = get_placeholder_conf(
146 |             setting_key,
147 |             placeholder,
148 |             template,
149 |         ) or ()
150 |         excluded_plugins = get_placeholder_conf(
151 |             'excluded_plugins',
152 |             placeholder,
153 |             template,
154 |         ) or ()
155 | 
156 |         if not include_page_only:
157 |             # Filters out any plugin marked as page only because
158 |             # the include_page_only flag has been set to False
159 |             plugins = (plugin for plugin in plugins if not plugin.page_only)
160 | 
161 |         if allowed_plugins:
162 |             # Check that plugins are in the list of the allowed ones
163 |             plugins = (plugin for plugin in plugins if plugin.__name__ in allowed_plugins)
164 | 
165 |         if excluded_plugins:
166 |             # Check that plugins are not in the list of the excluded ones
167 |             plugins = (plugin for plugin in plugins if plugin.__name__ not in excluded_plugins)
168 | 
169 |         if placeholder:
170 |             # Filters out any plugin that requires a parent or has set parent classes
171 |             plugins = (plugin for plugin in plugins
172 |                        if not plugin.requires_parent_plugin(placeholder, page))
173 |         return sorted(plugins, key=attrgetter('module'))
```

Found function `cms/models/placeholdermodel.py:Placeholder.move_plugin`.
Source: Retrieved code content using keyword search (bm25).
```
551 | def move_plugin(self, plugin, target_position, target_placeholder=None, target_plugin=None):
552 |         """
553 |         .. versionadded:: 4.0
554 | 
555 |         Moves a plugin within the placeholder (``target_placeholder=None``) or to another placeholder.
556 | 
557 |         :param plugin: Plugin to move
558 |         :type plugin: :class:`cms.models.pluginmodel.CMSPlugin` instance
559 |         :param int target_position: The plugin's new position
560 |         :param  target_placeholder: Placeholder to move plugin to (or ``None``)
561 |         :type target_placeholder: :class:`cms.models.placeholdermodel.Placeholder` instance
562 |         :param target_plugin: New parent plugin (or ``None``). The target plugin must be in the same placeholder
563 |            or in the ``target_placeholder`` if one is given.
564 |         :type target_plugin: :class:`cms.models.pluginmodel.CMSPlugin` instance
565 | 
566 |         The ``target_position`` is enumerated from the start of the palceholder's plugin tree (1) to
567 |         the last plugin (*n*, where *n* is the number of plugins in the placeholder).
568 |         """
569 | 
570 |         if target_placeholder:
571 |             return self._move_plugin_to_placeholder(
572 |                 plugin=plugin,
573 |                 target_position=target_position,
574 |                 target_placeholder=target_placeholder,
575 |                 target_plugin=target_plugin,
576 |             )
577 | 
578 |         target_tree = self.get_plugins(plugin.language)
579 |         last_plugin = self.get_last_plugin(plugin.language)
580 |         source_plugin_desc_count = plugin._get_descendants_count()
581 |         # Attn: The following line assumes that all children and grand-children have consecutive positions!
582 |         source_plugin_range = (plugin.position, plugin.position + source_plugin_desc_count)
583 | 
584 |         if target_position < plugin.position:
585 |             # Moving left
586 |             # Make a big hole on the right side of the current plugin's position
587 |             # by shifting all right nodes further to the right, excluding the current plugin
588 |             # but including the target plugin and its descendants.
589 |             (target_tree
590 |              .filter(position__gte=target_position)
591 |              .exclude(position__range=source_plugin_range)
592 |              ).update(position=(models.F('position') + last_plugin.position))
593 | 
594 |             # Make a big hole on the left side of the current plugin's position
595 |             # by shifting all right nodes further the right, including the current plugin
596 |             # and its descendants.
597 |             target_tree.filter(
598 |                 position__lte=source_plugin_range[1]
599 |             ).update(position=models.F('position') - last_plugin.position)
600 |         else:
601 |             # Moving right
602 |             # Make a big hole on the left side of the target position,
603 |             # by shifting all left nodes further to the left, excluding the current plugin
604 |             # but including the target plugin and its descendants.
605 |             # Left node in the common case is target_position but if the current plugin
606 |             # has descendants then left node is the closest node to the right side of the
607 |             # last descendant.
608 |             (target_tree
609 |              .filter(position__lte=target_position + source_plugin_desc_count)
610 |              .exclude(position__range=source_plugin_range)
611 |              ).update(position=(models.F('position') - last_plugin.position))
612 | 
613 |             # Make a big hole on the right side of the current plugin's position
614 |             # by shifting all right nodes further the right, including the current plugin
615 |             # and its descendants.
616 |             target_tree.filter(
617 |                 position__gte=plugin.position
618 |             ).update(position=models.F('position') + last_plugin.position)
619 | 
620 |         if plugin.parent != target_plugin:
621 |             # Plugin is being moved to another tree (under another parent)
622 |             # OR plugin is being moved to the root (no parent)
623 |             plugin.update(parent=target_plugin)
624 |         # The plugin tree was shifted to the right to make space,
625 |         # Squash all plugin positions in the tree to close any holes.
626 |         self._recalculate_plugin_positions(plugin.language)
```

Found class `cms/plugin_rendering.py:StructureRenderer`.
Source: Retrieved code content using keyword search (bm25).
```
648 | class StructureRenderer(BaseRenderer):
649 | 
650 |     load_structure = True
651 |     placeholder_edit_template = (
652 |         """
653 |         <script data-cms id="cms-plugin-child-classes-{placeholder_id}" type="text/cms-template">
654 |             {plugin_menu_js}
655 |         </script>
656 |         <script data-cms>{plugin_js}\n{placeholder_js}</script>
657 |         """
658 |     )
659 | 
660 |     def get_plugins_to_render(self, *args, **kwargs):
661 |         plugins = super().get_plugins_to_render(*args, **kwargs)
662 | 
663 |         for plugin in plugins:
664 |             yield plugin
665 | 
666 |             if not plugin.child_plugin_instances:
667 |                 continue
668 | 
669 |             for plugin in _unpack_plugins(plugin):
670 |                 yield plugin
671 | 
672 |     def render_placeholder(self, placeholder, language, page=None):
673 |         rendered_plugins = self.render_plugins(placeholder, language=language, page=page)
674 |         plugin_js_output = ''.join(rendered_plugins)
675 | 
676 |         placeholder_toolbar_js = self.get_placeholder_toolbar_js(placeholder, page)
677 |         rendered_placeholder = RenderedPlaceholder(
678 |             placeholder=placeholder,
679 |             language=language,
680 |             site_id=self.current_site.pk,
681 |             cached=False,
682 |             editable=True,
683 |         )
684 | 
685 |         if placeholder.pk not in self._rendered_placeholders:
686 |             self._rendered_placeholders[placeholder.pk] = rendered_placeholder
687 | 
688 |         placeholder_structure_is = self.placeholder_edit_template.format(
689 |             placeholder_id=placeholder.pk,
690 |             plugin_js=plugin_js_output,
691 |             plugin_menu_js=self.get_placeholder_plugin_menu(placeholder, page=page),
692 |             placeholder_js=placeholder_toolbar_js,
693 |         )
694 |         return mark_safe(placeholder_structure_is)
695 | 
696 |     def render_page_placeholder(self, page, placeholder, language=None):
697 |         return self.render_placeholder(placeholder, language=language, page=page)
698 | 
699 |     def render_static_placeholder(self, static_placeholder, language=None):
700 |         user = self.request.user
701 | 
702 |         if not user.has_perm('cms.edit_static_placeholder'):
703 |             return ''
704 | 
705 |         language = language or self.request_language
706 | 
707 |         placeholder = static_placeholder.draft
708 |         # I really don't like these impromptu flags...
709 |         placeholder.is_static = True
710 | 
711 |         content = self.render_placeholder(placeholder, language=language)
712 | 
713 |         if static_placeholder.pk not in self._rendered_static_placeholders:
714 |             # First time this static placeholder is rendered
715 |             self._rendered_static_placeholders[static_placeholder.pk] = static_placeholder
716 |         return content
717 | 
718 |     def render_plugin(self, instance, page=None):
719 |         placeholder_cache = self._rendered_plugins_by_placeholder.setdefault(instance.placeholder_id, {})
720 |         placeholder_cache.setdefault('plugins', []).append(instance)
721 |         return self.get_plugin_toolbar_js(instance, page=page)
722 | 
723 |     def render_plugins(self, placeholder, language, page=None):
724 |         template = page.get_template() if page else None
725 |         plugins = self.get_plugins_to_render(placeholder, language, template)
726 | 
727 |         for plugin in plugins:
728 |             plugin._placeholder_cache = placeholder
729 |             yield self.render_plugin(plugin, page=page)
```



##Searching for term "instance.*plugin"...
### Search Result:
Found `cms/management/commands/subcommands/delete_orphaned_plugins.py:DeleteOrphanedPluginsCommand`, `cms/management/commands/subcommands/delete_orphaned_plugins.py:DeleteOrphanedPluginsCommand.handle`.
Source: Retrieved code content using keyword search (bm25).
```
 1 | from cms.management.commands.subcommands.list import plugin_report
 2 | 
 3 | from .base import SubcommandsCommand
 4 | 
 5 | 
 6 | class DeleteOrphanedPluginsCommand(SubcommandsCommand):
 7 |     help_string = ('Delete plugins from the CMSPlugins table that should have instances '
 8 |                    'but don\'t, and ones for which a corresponding plugin model can no '
 9 |                    'longer be found')
10 |     command_name = 'delete-orphaned-plugins'
11 | 
12 |     def handle(self, *args, **options):
13 |         """
14 |         Obtains a plugin report -
15 |         cms.management.commands.subcommands.list.plugin_report - and uses it
16 |         to delete orphaned plugins from the database, i.e. ones that are no
17 |         longer installed, and ones that have no corresponding saved plugin
18 |         instances (as will happen if a plugin is inserted into a placeholder,
19 |         but not saved).
20 |         """
21 |         self.stdout.write('Obtaining plugin report\n')
22 |         uninstalled_instances = []
23 |         unsaved_instances = []
24 | 
25 |         for plugin in plugin_report():
26 |             if not plugin['model']:
27 |                 for instance in plugin['instances']:
28 |                     uninstalled_instances.append(instance)
29 | 
30 |             for instance in plugin['unsaved_instances']:
31 |                 unsaved_instances.append(instance)
32 | 
33 |         if options.get('interactive'):
34 |             confirm = input("""
35 | You have requested to delete any instances of uninstalled plugins and empty plugin instances.
36 | There are %d uninstalled plugins and %d empty plugins.
37 | Are you sure you want to do this?
38 | Type 'yes' to continue, or 'no' to cancel: """ % (len(uninstalled_instances), len(unsaved_instances)))
39 |         else:
40 |             confirm = 'yes'
41 | 
42 |         if confirm == 'yes':
43 |             # delete items whose plugin is uninstalled and items with unsaved instances
44 |             self.stdout.write('... deleting any instances of uninstalled plugins and empty plugin instances\n')
45 | 
46 |             for instance in uninstalled_instances:
47 |                 if instance.placeholder:
48 |                     instance.placeholder.delete_plugin(instance)
49 |                 else:
50 |                     instance.delete()
51 | 
52 |             for instance in unsaved_instances:
53 |                 if instance.placeholder:
54 |                     instance.placeholder.delete_plugin(instance)
55 |                 else:
56 |                     instance.delete()
57 | 
58 |             self.stdout.write(
59 |                 f'Deleted instances of: \n    {len(uninstalled_instances)} uninstalled plugins  \n    {len(unsaved_instances)} plugins with unsaved instances\n'
60 |             )
61 |             self.stdout.write('all done\n')
62 | 
```



##Searching for term "instance.*plugin", "plugin.*class instance.*plugin"...
### Search Result:
Found function `cms/models/pluginmodel.py:CMSPlugin.get_plugin_instance`.
Source: Retrieved code content using keyword search (bm25).
```
215 | def get_plugin_instance(self, admin=None):
216 |         """
217 |         For a plugin instance (usually as a CMSPluginBase), this method
218 |         returns the downcasted (i.e., correctly typed subclass of CMSPluginBase) instance and the plugin class
219 | 
220 |         :return: Tuple (instance, plugin)
221 | 
222 |         instance: The instance AS THE APPROPRIATE SUBCLASS OF CMSPluginBase and not necessarily just 'self', which is
223 |         often just a CMSPluginBase,
224 | 
225 |         plugin: the associated plugin class instance (subclass of CMSPlugin)
226 |         """
227 |         plugin = self.get_plugin_class_instance(admin)
228 | 
229 |         try:
230 |             instance = self.get_bound_plugin()
231 |         except ObjectDoesNotExist:
232 |             instance = None
233 |             self._inst = None
234 |         return (instance, plugin)
```

Found function `cms/models/placeholdermodel.py:Placeholder.add_plugin`.
Source: Retrieved code content using keyword search (bm25).
```
508 | def add_plugin(self, instance):
509 |         """
510 |         .. versionadded:: 4.0
511 | 
512 |         Adds a plugin to the placeholder. The plugin's position field must be set to the target
513 |         position. Positions are enumerated from the start of the palceholder's plugin tree (1) to
514 |         the last plugin (*n*, where *n* is the number of plugins in the placeholder).
515 | 
516 |         :param instance: Plugin to add. It's position parameter needs to be set.
517 |         :type instance: :class:`cms.models.pluginmodel.CMSPlugin` instance
518 | 
519 |         .. note::
520 |             As of version 4 of django CMS the position counter does not re-start at 1 for the first
521 |             child plugin. The ``position`` field  and ``language`` field are unique for a placeholder.
522 | 
523 |         Example::
524 | 
525 |             new_child = MyCoolPlugin()
526 |             new_child.position = parent_plugin.position + 1  # add as first child: directly after parent
527 |             parent_plugin.placeholder.add(new_child)
528 | 
529 |         """
530 |         last_position = self.get_last_plugin_position(instance.language) or 0
531 |         # A shift is only needed if the distance between the new plugin
532 |         # and the last plugin is greater than 1 position.
533 |         needs_shift = (instance.position - last_position) < 1
534 | 
535 |         if needs_shift:
536 |             # shift to the right
537 |             self._shift_plugin_positions(
538 |                 instance.language,
539 |                 start=instance.position,
540 |                 offset=last_position - instance.position + 2,  # behind last_position plus one to shift back
541 |             )
542 | 
543 |         instance.save()
544 | 
545 |         if needs_shift:
546 |             # The plugin tree was shifted to the right to make space,
547 |             # now squash all plugins in the tree to close any holes.
548 |             self._recalculate_plugin_positions(instance.language)
549 |         return instance
```

Found function `cms/models/placeholdermodel.py:Placeholder.delete_plugin`.
Source: Retrieved code content using keyword search (bm25).
```
678 | def delete_plugin(self, instance):
679 |         """
680 |         .. versionadded:: 4.0
681 | 
682 |         Removes a plugin and its descendants from the placeholder and database.
683 | 
684 |         :param instance: Plugin to add. It's position parameter needs to be set.
685 |         :type instance: :class:`cms.models.pluginmodel.CMSPlugin` instance
686 |         """
687 |         with transaction.atomic():
688 |             # We're using raw sql - make the whole operation atomic
689 |             plugins = self.get_plugins(language=instance.language).count()  # 1st hit: Count plugins
690 |             descendants = instance._get_descendants_ids()  # 2nd hit: Get descendant ids
691 |             to_delete = [instance.pk] + descendants  # Instance plus descendants pk
692 |             self.cmsplugin_set.filter(pk__in=to_delete).delete()  # 3rd hit: Delete all plugins in one query
693 | 
694 |             last_position = instance.position + len(descendants)  # Last position of deleted plugins
695 |             if last_position < plugins:
696 |                 # Close the gap in the plugin tree (2 hits)
697 |                 self._shift_plugin_positions(
698 |                     instance.language,
699 |                     start=instance.position,
700 |                     offset=plugins,
701 |                 )
702 |                 self._recalculate_plugin_positions(instance.language)
```

Found function `cms/management/commands/subcommands/list.py:plugin_report`.
Source: Retrieved code content using keyword search (bm25).
```
38 | def plugin_report():
39 |     """
40 |     Returns a report of existing plugins
41 | 
42 |     structure of report:
43 |     [
44 |         {
45 |             'type': CMSPlugin class,
46 |             'model': plugin_type.model,
47 |             'instances': instances in the CMSPlugin table,
48 |             'unsaved_instances': those with no corresponding model instance,
49 |         },
50 |     ]
51 |     """
52 |     plugin_report = []
53 |     all_plugins = CMSPlugin.objects.order_by('plugin_type')
54 |     plugin_types = list(set(all_plugins.values_list('plugin_type', flat=True)))
55 |     plugin_types.sort()
56 | 
57 |     for plugin_type in plugin_types:
58 |         plugin = {}
59 |         plugin['type'] = plugin_type
60 |         try:
61 |             # get all plugins of this type
62 |             plugins = CMSPlugin.objects.filter(plugin_type=plugin_type)
63 |             plugin['instances'] = plugins
64 |             # does this plugin have a model? report unsaved instances
65 |             plugin['model'] = plugin_pool.get_plugin(name=plugin_type).model
66 |             unsaved_instances = [p for p in plugins if not p.get_plugin_instance()[0]]
67 |             plugin['unsaved_instances'] = unsaved_instances
68 | 
69 |         # catch uninstalled plugins
70 |         except KeyError:
71 |             plugin['model'] = None
72 |             plugin['instances'] = plugins
73 |             plugin['unsaved_instances'] = []
74 | 
75 |         plugin_report.append(plugin)
76 | 
77 |     return plugin_report
```



##Searching for term "plugin.*class instance.*plugin"...
### Search Result:
Found `cms/management/commands/subcommands/delete_orphaned_plugins.py:DeleteOrphanedPluginsCommand`, `cms/management/commands/subcommands/delete_orphaned_plugins.py:DeleteOrphanedPluginsCommand.handle`.
Source: Retrieved code content using keyword search (bm25).
```
 1 | from cms.management.commands.subcommands.list import plugin_report
 2 | 
 3 | from .base import SubcommandsCommand
 4 | 
 5 | 
 6 | class DeleteOrphanedPluginsCommand(SubcommandsCommand):
 7 |     help_string = ('Delete plugins from the CMSPlugins table that should have instances '
 8 |                    'but don\'t, and ones for which a corresponding plugin model can no '
 9 |                    'longer be found')
10 |     command_name = 'delete-orphaned-plugins'
11 | 
12 |     def handle(self, *args, **options):
13 |         """
14 |         Obtains a plugin report -
15 |         cms.management.commands.subcommands.list.plugin_report - and uses it
16 |         to delete orphaned plugins from the database, i.e. ones that are no
17 |         longer installed, and ones that have no corresponding saved plugin
18 |         instances (as will happen if a plugin is inserted into a placeholder,
19 |         but not saved).
20 |         """
21 |         self.stdout.write('Obtaining plugin report\n')
22 |         uninstalled_instances = []
23 |         unsaved_instances = []
24 | 
25 |         for plugin in plugin_report():
26 |             if not plugin['model']:
27 |                 for instance in plugin['instances']:
28 |                     uninstalled_instances.append(instance)
29 | 
30 |             for instance in plugin['unsaved_instances']:
31 |                 unsaved_instances.append(instance)
32 | 
33 |         if options.get('interactive'):
34 |             confirm = input("""
35 | You have requested to delete any instances of uninstalled plugins and empty plugin instances.
36 | There are %d uninstalled plugins and %d empty plugins.
37 | Are you sure you want to do this?
38 | Type 'yes' to continue, or 'no' to cancel: """ % (len(uninstalled_instances), len(unsaved_instances)))
39 |         else:
40 |             confirm = 'yes'
41 | 
42 |         if confirm == 'yes':
43 |             # delete items whose plugin is uninstalled and items with unsaved instances
44 |             self.stdout.write('... deleting any instances of uninstalled plugins and empty plugin instances\n')
45 | 
46 |             for instance in uninstalled_instances:
47 |                 if instance.placeholder:
48 |                     instance.placeholder.delete_plugin(instance)
49 |                 else:
50 |                     instance.delete()
51 | 
52 |             for instance in unsaved_instances:
53 |                 if instance.placeholder:
54 |                     instance.placeholder.delete_plugin(instance)
55 |                 else:
56 |                     instance.delete()
57 | 
58 |             self.stdout.write(
59 |                 f'Deleted instances of: \n    {len(uninstalled_instances)} uninstalled plugins  \n    {len(unsaved_instances)} plugins with unsaved instances\n'
60 |             )
61 |             self.stdout.write('all done\n')
62 | 
```

2026-09-16 21:38:42 utils.py INFO 
LiteLLM completion() model= qwen/qwen3-coder; provider = openrouter
2026-09-16 21:38:51 utils.py INFO Wrapper: Completed Call, calling success_handler
2026-09-16 21:38:51 utils.py INFO 
LiteLLM completion() model= qwen/qwen3-coder; provider = openrouter
2026-09-16 21:39:01 utils.py INFO Wrapper: Completed Call, calling success_handler
2026-09-16 21:39:01 utils.py INFO 
LiteLLM completion() model= qwen/qwen3-coder; provider = openrouter
2026-09-16 21:39:09 utils.py INFO Wrapper: Completed Call, calling success_handler
2026-09-16 21:39:09 auto_search_main.py INFO Executing code:
```
print(search_code_snippets(**{'search_terms': ['PLUGIN_CONTEXT_PROCESSORS']}))
```
2026-09-16 21:39:08 __init__.py DEBUG Building index from IDs objects
2026-09-16 21:39:09 __init__.py DEBUG Building index from IDs objects
2026-09-16 21:39:09 auto_search_main.py INFO OBSERVATION:
cms/plugin_rendering.py:PluginContext
cms/plugin_rendering.py:PluginContext.__init__
cms/utils/conf.py:impl:3
cms/migrations/0010_migrate_use_structure.py:Migration
cms/migrations/0010_migrate_use_structure.py:backwards
##Searching for term "PLUGIN_CONTEXT_PROCESSORS"...
### Search Result:
Found `cms/migrations/0008_auto_20150208_2149.py:Migration`.
Source: Retrieved code content using keyword search (bm25).
```
 1 | from __future__ import unicode_literals
 2 | 
 3 | from django.db import models, migrations
 4 | 
 5 | 
 6 | class Migration(migrations.Migration):
 7 | 
 8 |     dependencies = [
 9 |         ('cms', '0007_auto_20141028_1559'),
10 |     ]
11 | 
12 |     operations = [
13 |         migrations.AlterField(
14 |             model_name='title',
15 |             name='redirect',
16 |             field=models.CharField(max_length=2048, null=True, help_text='Redirects to this URL.', verbose_name='redirect', blank=True),
17 |             preserve_default=True,
18 |         ),
19 |     ]
20 | 
```

Found `cms/migrations/0009_merge.py:Migration`.
Source: Retrieved code content using keyword search (bm25).
```
 1 | from __future__ import unicode_literals
 2 | 
 3 | from django.db import models, migrations
 4 | 
 5 | 
 6 | class Migration(migrations.Migration):
 7 | 
 8 |     dependencies = [
 9 |         ('cms', '0008_auto_20150121_0059'),
10 |         ('cms', '0008_auto_20150208_2149'),
11 |     ]
12 | 
13 |     operations = [
14 |     ]
15 | 
```

Found `cms/migrations/0010_migrate_use_structure.py:_get_manager`, `cms/migrations/0010_migrate_use_structure.py:forwards`.
Source: Retrieved code content using keyword search (bm25).
```
 1 | import warnings
 2 | import functools
 3 | 
 4 | from django.conf import settings
 5 | from django.db import models, migrations
 6 | 
 7 | 
 8 | def _get_manager(model, db_alias):
 9 |     return model.objects.db_manager(db_alias)
10 | 
11 | 
12 | def forwards(apps, schema_editor):
13 |     db_alias = schema_editor.connection.alias
14 | 
15 |     get_manager = functools.partial(_get_manager, db_alias=db_alias)
16 | 
17 |     ContentType = apps.get_model('contenttypes', 'ContentType')
18 |     Permission = apps.get_model('auth', 'Permission')
19 |     Group = apps.get_model('auth', 'Group')
20 |     user_model = apps.get_model(settings.AUTH_USER_MODEL)
21 |     ph_model = apps.get_model('cms', 'Placeholder')
22 |     page_model = apps.get_model('cms', 'Page')
23 | 
24 |     try:
25 |         ph_ctype = get_manager(ContentType).get_for_model(ph_model)
26 |         page_ctype = get_manager(ContentType).get_for_model(page_model)
27 |         permission, __ = get_manager(Permission).get_or_create(
28 |             codename='use_structure', content_type=ph_ctype, name=u"Can use Structure mode")
29 |         page_permission, __ = get_manager(Permission).get_or_create(
30 |             codename='change_page', content_type=page_ctype, name=u'Can change page'
31 |         )
32 |         for user in get_manager(user_model).filter(is_superuser=False, is_staff=True):
33 |             if user.user_permissions.filter(codename='change_page', content_type_id=page_ctype.pk).exists():
34 |                 user.user_permissions.add(permission.pk)
35 |         for group in get_manager(Group).all():
36 |             if page_permission in group.permissions.all():
37 |                 group.permissions.add(permission.pk)
38 |     except Exception:
39 |         warnings.warn(u'Users not migrated to use_structure permission, please add the permission manually')
```

Found class `menus/templatetags/menu_tags.py:NOT_PROVIDED`.
Source: Retrieved entity using keyword search (bm25).
```
24 | class NOT_PROVIDED:
25 |     pass
```

Found class `cms/utils/encoder.py:SafeJSONEncoder`.
Source: Retrieved entity using keyword search (bm25).
```
 7 | class SafeJSONEncoder(DjangoJSONEncoder):
 8 |     def _recursive_escape(self, o, esc=conditional_escape):
 9 |         if isinstance(o, dict):
10 |             return type(o)((esc(k), self._recursive_escape(v)) for (k, v) in dict.items(o))
11 |         if isinstance(o, (list, tuple)):
12 |             return type(o)(self._recursive_escape(v) for v in o)
13 |         if isinstance(o, bool):
14 |             return o
15 |         try:
16 |             return type(o)(esc(o))
17 |         except (ValueError, TypeError):
18 |             return self.default(o)
19 | 
20 |     def encode(self, o):
21 |         value = self._recursive_escape(o)
22 |         return super().encode(value)
23 | 
24 |     def default(self, o):
25 |         if isinstance(o, Promise):
26 |             return force_str(o)
27 |         return super().default(o)
```

Found class `cms/cms_menus.py:NavExtender`.
Source: Retrieved entity using keyword search (bm25).
```
390 | class NavExtender(Modifier):
391 |     def modify(self, request, nodes, namespace, root_id, post_cut, breadcrumb):
392 |         if post_cut:
393 |             return nodes
394 |         # rearrange the parent relations
395 |         # Find home
396 |         home = next((n for n in nodes if n.attr.get("is_home", False)), None)
397 |         # Find nodes with NavExtenders
398 |         exts = []
399 |         for node in nodes:
400 |             extenders = node.attr.get("navigation_extenders", None)
401 |             if extenders:
402 |                 for ext in extenders:
403 |                     if ext not in exts:
404 |                         exts.append(ext)
405 |                     # Link the nodes
406 |                     for extnode in nodes:
407 |                         if extnode.namespace == ext and not extnode.parent_id:
408 |                             # if home has nav extenders but home is not visible
409 |                             if node == home and not node.visible:
410 |                                 # extnode.parent_id = None
411 |                                 extnode.parent_namespace = None
412 |                                 extnode.parent = None
413 |                             else:
414 |                                 extnode.parent_id = node.id
415 |                                 extnode.parent_namespace = node.namespace
416 |                                 extnode.parent = node
417 |                                 node.children.append(extnode)
418 |         removed = []
419 | 
420 |         # find all not assigned nodes
421 |         for menu in self.renderer.menus.items():
422 |             if hasattr(menu[1], "cms_enabled") and menu[1].cms_enabled and menu[0] not in exts:
423 |                 for node in nodes:
424 |                     if node.namespace == menu[0]:
425 |                         removed.append(node)
426 |         if breadcrumb:
427 |             # if breadcrumb and home not in navigation add node
428 |             if breadcrumb and home and not home.visible:
429 |                 home.visible = True
430 |                 if request.path_info == home.get_absolute_url():
431 |                     home.selected = True
432 |                 else:
433 |                     home.selected = False
434 |         # remove all nodes that are nav_extenders and not assigned
435 |         for node in removed:
436 |             nodes.remove(node)
437 |         return nodes
```

Found class `cms/plugin_rendering.py:PluginContext`.
Source: Retrieved code content using keyword search (bm25).
```
752 | class PluginContext(Context):
753 |     """
754 |     This subclass of template.Context automatically populates itself using
755 |     the processors defined in CMS_PLUGIN_CONTEXT_PROCESSORS.
756 |     Additional processors can be specified as a list of callables
757 |     using the "processors" keyword argument.
758 |     """
759 | 
760 |     def __init__(self, dict_, instance, placeholder, processors=None, current_app=None):
761 |         dict_ = flatten_context(dict_)
762 |         super().__init__(dict_)
763 | 
764 |         if not processors:
765 |             processors = []
766 | 
767 |         for path in get_cms_setting('PLUGIN_CONTEXT_PROCESSORS'):
768 |             processor = import_string(path)
769 |             self.update(processor(instance, placeholder, self))
770 |         for processor in processors:
771 |             self.update(processor(instance, placeholder, self))
```

Found class `cms/migrations/0010_migrate_use_structure.py:Migration`.
Source: Retrieved code content using keyword search (bm25).
```
69 | class Migration(migrations.Migration):
70 | 
71 |     dependencies = [
72 |         ('cms', '0009_merge'),
73 |         ('contenttypes', '0001_initial'),
74 |     ]
75 | 
76 |     operations = [
77 |         migrations.AlterModelOptions(
78 |             name='placeholder',
79 |             options={'permissions': (('use_structure', 'Can use Structure mode'),)},
80 |         ),
81 |         migrations.RunPython(forwards, backwards)
82 |     ]
```

2026-09-16 21:39:09 utils.py INFO 
LiteLLM completion() model= qwen/qwen3-coder; provider = openrouter
2026-09-16 21:39:18 utils.py INFO Wrapper: Completed Call, calling success_handler
2026-09-16 21:39:18 auto_search_main.py INFO Executing code:
```
print(search_code_snippets(**{'search_terms': ['PLUGIN_CONTEXT_PROCESSORS', 'get_cms_setting']}))
```
2026-09-16 21:39:18 __init__.py DEBUG Building index from IDs objects
2026-09-16 21:39:18 __init__.py DEBUG Building index from IDs objects
2026-09-16 21:39:18 auto_search_main.py INFO OBSERVATION:
cms/plugin_rendering.py:PluginContext
cms/plugin_rendering.py:PluginContext.__init__
cms/utils/conf.py:impl:3
cms/migrations/0010_migrate_use_structure.py:Migration
cms/migrations/0010_migrate_use_structure.py:backwards
##Searching for term "PLUGIN_CONTEXT_PROCESSORS"...
### Search Result:
Found `cms/migrations/0008_auto_20150208_2149.py:Migration`.
Source: Retrieved code content using keyword search (bm25).
```
 1 | from __future__ import unicode_literals
 2 | 
 3 | from django.db import models, migrations
 4 | 
 5 | 
 6 | class Migration(migrations.Migration):
 7 | 
 8 |     dependencies = [
 9 |         ('cms', '0007_auto_20141028_1559'),
10 |     ]
11 | 
12 |     operations = [
13 |         migrations.AlterField(
14 |             model_name='title',
15 |             name='redirect',
16 |             field=models.CharField(max_length=2048, null=True, help_text='Redirects to this URL.', verbose_name='redirect', blank=True),
17 |             preserve_default=True,
18 |         ),
19 |     ]
20 | 
```

Found `cms/migrations/0009_merge.py:Migration`.
Source: Retrieved code content using keyword search (bm25).
```
 1 | from __future__ import unicode_literals
 2 | 
 3 | from django.db import models, migrations
 4 | 
 5 | 
 6 | class Migration(migrations.Migration):
 7 | 
 8 |     dependencies = [
 9 |         ('cms', '0008_auto_20150121_0059'),
10 |         ('cms', '0008_auto_20150208_2149'),
11 |     ]
12 | 
13 |     operations = [
14 |     ]
15 | 
```

Found `cms/migrations/0010_migrate_use_structure.py:_get_manager`, `cms/migrations/0010_migrate_use_structure.py:forwards`.
Source: Retrieved code content using keyword search (bm25).
```
 1 | import warnings
 2 | import functools
 3 | 
 4 | from django.conf import settings
 5 | from django.db import models, migrations
 6 | 
 7 | 
 8 | def _get_manager(model, db_alias):
 9 |     return model.objects.db_manager(db_alias)
10 | 
11 | 
12 | def forwards(apps, schema_editor):
13 |     db_alias = schema_editor.connection.alias
14 | 
15 |     get_manager = functools.partial(_get_manager, db_alias=db_alias)
16 | 
17 |     ContentType = apps.get_model('contenttypes', 'ContentType')
18 |     Permission = apps.get_model('auth', 'Permission')
19 |     Group = apps.get_model('auth', 'Group')
20 |     user_model = apps.get_model(settings.AUTH_USER_MODEL)
21 |     ph_model = apps.get_model('cms', 'Placeholder')
22 |     page_model = apps.get_model('cms', 'Page')
23 | 
24 |     try:
25 |         ph_ctype = get_manager(ContentType).get_for_model(ph_model)
26 |         page_ctype = get_manager(ContentType).get_for_model(page_model)
27 |         permission, __ = get_manager(Permission).get_or_create(
28 |             codename='use_structure', content_type=ph_ctype, name=u"Can use Structure mode")
29 |         page_permission, __ = get_manager(Permission).get_or_create(
30 |             codename='change_page', content_type=page_ctype, name=u'Can change page'
31 |         )
32 |         for user in get_manager(user_model).filter(is_superuser=False, is_staff=True):
33 |             if user.user_permissions.filter(codename='change_page', content_type_id=page_ctype.pk).exists():
34 |                 user.user_permissions.add(permission.pk)
35 |         for group in get_manager(Group).all():
36 |             if page_permission in group.permissions.all():
37 |                 group.permissions.add(permission.pk)
38 |     except Exception:
39 |         warnings.warn(u'Users not migrated to use_structure permission, please add the permission manually')
```

Found class `menus/templatetags/menu_tags.py:NOT_PROVIDED`.
Source: Retrieved entity using keyword search (bm25).
```
24 | class NOT_PROVIDED:
25 |     pass
```

Found class `cms/utils/encoder.py:SafeJSONEncoder`.
Source: Retrieved entity using keyword search (bm25).
```
 7 | class SafeJSONEncoder(DjangoJSONEncoder):
 8 |     def _recursive_escape(self, o, esc=conditional_escape):
 9 |         if isinstance(o, dict):
10 |             return type(o)((esc(k), self._recursive_escape(v)) for (k, v) in dict.items(o))
11 |         if isinstance(o, (list, tuple)):
12 |             return type(o)(self._recursive_escape(v) for v in o)
13 |         if isinstance(o, bool):
14 |             return o
15 |         try:
16 |             return type(o)(esc(o))
17 |         except (ValueError, TypeError):
18 |             return self.default(o)
19 | 
20 |     def encode(self, o):
21 |         value = self._recursive_escape(o)
22 |         return super().encode(value)
23 | 
24 |     def default(self, o):
25 |         if isinstance(o, Promise):
26 |             return force_str(o)
27 |         return super().default(o)
```

Found class `cms/cms_menus.py:NavExtender`.
Source: Retrieved entity using keyword search (bm25).
```
390 | class NavExtender(Modifier):
391 |     def modify(self, request, nodes, namespace, root_id, post_cut, breadcrumb):
392 |         if post_cut:
393 |             return nodes
394 |         # rearrange the parent relations
395 |         # Find home
396 |         home = next((n for n in nodes if n.attr.get("is_home", False)), None)
397 |         # Find nodes with NavExtenders
398 |         exts = []
399 |         for node in nodes:
400 |             extenders = node.attr.get("navigation_extenders", None)
401 |             if extenders:
402 |                 for ext in extenders:
403 |                     if ext not in exts:
404 |                         exts.append(ext)
405 |                     # Link the nodes
406 |                     for extnode in nodes:
407 |                         if extnode.namespace == ext and not extnode.parent_id:
408 |                             # if home has nav extenders but home is not visible
409 |                             if node == home and not node.visible:
410 |                                 # extnode.parent_id = None
411 |                                 extnode.parent_namespace = None
412 |                                 extnode.parent = None
413 |                             else:
414 |                                 extnode.parent_id = node.id
415 |                                 extnode.parent_namespace = node.namespace
416 |                                 extnode.parent = node
417 |                                 node.children.append(extnode)
418 |         removed = []
419 | 
420 |         # find all not assigned nodes
421 |         for menu in self.renderer.menus.items():
422 |             if hasattr(menu[1], "cms_enabled") and menu[1].cms_enabled and menu[0] not in exts:
423 |                 for node in nodes:
424 |                     if node.namespace == menu[0]:
425 |                         removed.append(node)
426 |         if breadcrumb:
427 |             # if breadcrumb and home not in navigation add node
428 |             if breadcrumb and home and not home.visible:
429 |                 home.visible = True
430 |                 if request.path_info == home.get_absolute_url():
431 |                     home.selected = True
432 |                 else:
433 |                     home.selected = False
434 |         # remove all nodes that are nav_extenders and not assigned
435 |         for node in removed:
436 |             nodes.remove(node)
437 |         return nodes
```

Found class `cms/plugin_rendering.py:PluginContext`.
Source: Retrieved code content using keyword search (bm25).
```
752 | class PluginContext(Context):
753 |     """
754 |     This subclass of template.Context automatically populates itself using
755 |     the processors defined in CMS_PLUGIN_CONTEXT_PROCESSORS.
756 |     Additional processors can be specified as a list of callables
757 |     using the "processors" keyword argument.
758 |     """
759 | 
760 |     def __init__(self, dict_, instance, placeholder, processors=None, current_app=None):
761 |         dict_ = flatten_context(dict_)
762 |         super().__init__(dict_)
763 | 
764 |         if not processors:
765 |             processors = []
766 | 
767 |         for path in get_cms_setting('PLUGIN_CONTEXT_PROCESSORS'):
768 |             processor = import_string(path)
769 |             self.update(processor(instance, placeholder, self))
770 |         for processor in processors:
771 |             self.update(processor(instance, placeholder, self))
```

Found class `cms/migrations/0010_migrate_use_structure.py:Migration`.
Source: Retrieved code content using keyword search (bm25).
```
69 | class Migration(migrations.Migration):
70 | 
71 |     dependencies = [
72 |         ('cms', '0009_merge'),
73 |         ('contenttypes', '0001_initial'),
74 |     ]
75 | 
76 |     operations = [
77 |         migrations.AlterModelOptions(
78 |             name='placeholder',
79 |             options={'permissions': (('use_structure', 'Can use Structure mode'),)},
80 |         ),
81 |         migrations.RunPython(forwards, backwards)
82 |     ]
```



##Searching for term "get_cms_setting"...
### Search Result:
Found function `cms/utils/conf.py:get_cms_setting`.
Source: Match found for entity name `get_cms_setting`.
```
294 | def get_cms_setting(name):
295 |     if name in COMPLEX:
296 |         return COMPLEX[name]()
297 |     return getattr(settings, 'CMS_%s' % name, DEFAULTS[name])
```

2026-09-16 21:39:18 utils.py INFO 
LiteLLM completion() model= qwen/qwen3-coder; provider = openrouter
2026-09-16 21:39:33 utils.py INFO Wrapper: Completed Call, calling success_handler
2026-09-16 21:39:33 auto_search_main.py INFO Executing code:
```
print(search_code_snippets(**{'search_terms': ['DEFAULTS', 'PLUGIN_CONTEXT'], 'file_path_or_pattern': '"cms/utils/conf.py"'}))
```
2026-09-16 21:39:33 __init__.py DEBUG Building index from IDs objects
2026-09-16 21:39:33 __init__.py DEBUG Building index from IDs objects
2026-09-16 21:39:33 __init__.py DEBUG Building index from IDs objects
2026-09-16 21:39:33 __init__.py DEBUG Building index from IDs objects
2026-09-16 21:39:33 auto_search_main.py INFO OBSERVATION:
menus/templatetags/menu_tags.py:ShowMenuBelowId
cms/utils/conf.py:_ensure_languages_settings
cms/utils/conf.py:get_media_url
cms/utils/conf.py:get_media_root
cms/utils/conf.py:get_cache_durations
cms/utils/conf.py:get_toolbar_url__persist
cms/utils/conf.py:get_toolbar_url__disable
cms/utils/conf.py:get_toolbar_url__enable
cms/models/permissionmodels.py:AbstractPagePermission
cms/models/permissionmodels.py:AbstractPagePermission.Meta
menus/templatetags/menu_tags.py:flatten
menus/templatetags/menu_tags.py:ShowMenu
cms/migrations/0010_migrate_use_structure.py:Migration
cms/migrations/0010_migrate_use_structure.py:backwards
cms/migrations/0017_pagetype.py:Migration
menus/templatetags/menu_tags.py:ShowMenuBelowId
cms/utils/conf.py:_ensure_languages_settings
cms/utils/conf.py:get_media_url
cms/utils/conf.py:get_media_root
cms/utils/conf.py:get_cache_durations
cms/utils/conf.py:get_toolbar_url__persist
cms/utils/conf.py:get_toolbar_url__disable
cms/utils/conf.py:get_toolbar_url__enable
cms/models/permissionmodels.py:AbstractPagePermission
cms/models/permissionmodels.py:AbstractPagePermission.Meta
menus/templatetags/menu_tags.py:flatten
menus/templatetags/menu_tags.py:ShowMenu
No files found for file pattern '"cms/utils/conf.py"'. Will search all files.
...
##Searching for term "DEFAULTS", "DEFAULTS PLUGIN_CONTEXT"...
### Search Result:
Found function `cms/utils/conf.py:default`.
Source: Retrieved entity using keyword search (bm25).
```
33 | def default(name):
34 |     def decorator(wrapped):
35 |         def wrapper():
36 |             if hasattr(settings, name):
37 |                 return getattr(settings, name)
38 |             return wrapped()
39 | 
40 |         update_wrapper(wrapper, wrapped)
41 |         return wrapped
42 | 
43 |     return decorator
```

Found function `cms/utils/conf.py:get_cache_durations`.
Source: Retrieved code content using keyword search (bm25).
```
 97 | def get_cache_durations():
 98 |     """
 99 |     Returns the setting: CMS_CACHE_DURATIONS or the defaults.
100 |     """
101 |     return getattr(settings, 'CMS_CACHE_DURATIONS', {
102 |         'menus': 60 * 60,
103 |         'content': 60,
104 |         'permissions': 60 * 60,
105 |     })
```

Found function `cms/utils/conf.py:get_media_root`.
Source: Retrieved code content using keyword search (bm25).
```
109 | def get_media_root():
110 |     return os.path.join(settings.MEDIA_ROOT, get_cms_setting('MEDIA_PATH'))
```

Found function `cms/utils/conf.py:get_media_url`.
Source: Retrieved code content using keyword search (bm25).
```
114 | def get_media_url():
115 |     return urljoin(settings.MEDIA_URL, get_cms_setting('MEDIA_PATH'))
```

Found function `cms/utils/conf.py:_ensure_languages_settings`.
Source: Retrieved code content using keyword search (bm25).
```
186 | def _ensure_languages_settings(languages):
187 |     valid_language_keys = ['code', 'name', 'fallbacks', 'hide_untranslated', 'redirect_on_fallback', 'public']
188 |     required_language_keys = ['code', 'name']
189 |     simple_defaults = ['public', 'redirect_on_fallback', 'hide_untranslated']
190 | 
191 |     if not isinstance(languages, dict):
192 |         raise ImproperlyConfigured(
193 |             "CMS_LANGUAGES must be a dictionary with site IDs and 'default'"
194 |             " as keys. Please check the format.")
195 | 
196 |     defaults = languages.pop('default', {})
197 |     default_fallbacks = defaults.get('fallbacks')
198 |     needs_fallbacks = []
199 | 
200 |     for key in defaults:
201 |         if key not in valid_language_keys:
202 |             raise ImproperlyConfigured("CMS_LANGUAGES has an invalid property in the default properties: %s" % key)
203 | 
204 |     for key in simple_defaults:
205 |         if key not in defaults:
206 |             defaults[key] = True
207 | 
208 |     for site, language_list in languages.items():
209 |         if site != hash(site):
210 |             raise ImproperlyConfigured(
211 |                 "CMS_LANGUAGES can only be filled with integers (site IDs) and 'default'"
212 |                 " for default values. %s is not a valid key." % site)
213 | 
214 |         for language_object in language_list:
215 |             for required_key in required_language_keys:
216 |                 if required_key not in language_object:
217 |                     raise ImproperlyConfigured("CMS_LANGUAGES has a language which is missing the required key %r "
218 |                                                "in site %r" % (key, site))
219 |             language_code = language_object['code']
220 |             for key in language_object:
221 |                 if key not in valid_language_keys:
222 |                     raise ImproperlyConfigured(
223 |                         f"CMS_LANGUAGES has invalid key {key!r} in language {language_code!r} in site {site!r}"
224 |                     )
225 | 
226 |             if 'fallbacks' not in language_object:
227 |                 if default_fallbacks:
228 |                     language_object['fallbacks'] = default_fallbacks
229 |                 else:
230 |                     needs_fallbacks.append((site, language_object))
231 |             for key in simple_defaults:
232 |                 if key not in language_object:
233 |                     language_object[key] = defaults[key]
234 | 
235 |     site_fallbacks = {}
236 |     for site, language_object in needs_fallbacks:
237 |         if site not in site_fallbacks:
238 |             site_fallbacks[site] = [lang['code'] for lang in languages[site] if lang['public']]
239 |         language_object['fallbacks'] = [
240 |             lang_code for lang_code in site_fallbacks[site] if lang_code != language_object['code']
241 |         ]
242 | 
243 |     languages['default'] = defaults
244 |     languages[VERIFIED] = True  # this will be busted by @override_settings and cause a re-check
245 | 
246 |     return languages
```

Found function `cms/utils/encoder.py:SafeJSONEncoder.default`.
Source: Retrieved entity using keyword search (bm25).
```
24 | def default(self, o):
25 |         if isinstance(o, Promise):
26 |             return force_str(o)
27 |         return super().default(o)
```

Found class `menus/templatetags/menu_tags.py:ShowMenuBelowId`.
Source: Retrieved code content using keyword search (bm25).
```
178 | class ShowMenuBelowId(ShowMenu):
179 |     name = 'show_menu_below_id'
180 |     options = Options(
181 |         Argument('root_id', default=None, required=False),
182 |         IntegerArgument('from_level', default=0, required=False),
183 |         IntegerArgument('to_level', default=100, required=False),
184 |         IntegerArgument('extra_inactive', default=0, required=False),
185 |         IntegerArgument('extra_active', default=1000, required=False),
186 |         Argument('template', default='menu/menu.html', required=False),
187 |         Argument('namespace', default=None, required=False),
188 |         Argument('next_page', default=None, required=False),
189 |     )
```



##Searching for term "PLUGIN_CONTEXT"...
### Search Result:
Found `cms/migrations/0008_auto_20150121_0059.py:Migration`.
Source: Retrieved code content using keyword search (bm25).
```
 1 | from __future__ import unicode_literals
 2 | 
 3 | from django.db import models, migrations
 4 | 
 5 | 
 6 | class Migration(migrations.Migration):
 7 | 
 8 |     dependencies = [
 9 |         ('cms', '0007_auto_20141028_1559'),
10 |     ]
11 | 
12 |     operations = [
13 |         migrations.AlterUniqueTogether(
14 |             name='page',
15 |             unique_together=set([('reverse_id', 'site', 'publisher_is_draft'), ('publisher_is_draft', 'site', 'application_namespace')]),
16 |         ),
17 |     ]
18 | 
```

Found `cms/migrations/0008_auto_20150208_2149.py:Migration`.
Source: Retrieved code content using keyword search (bm25).
```
 1 | from __future__ import unicode_literals
 2 | 
 3 | from django.db import models, migrations
 4 | 
 5 | 
 6 | class Migration(migrations.Migration):
 7 | 
 8 |     dependencies = [
 9 |         ('cms', '0007_auto_20141028_1559'),
10 |     ]
11 | 
12 |     operations = [
13 |         migrations.AlterField(
14 |             model_name='title',
15 |             name='redirect',
16 |             field=models.CharField(max_length=2048, null=True, help_text='Redirects to this URL.', verbose_name='redirect', blank=True),
17 |             preserve_default=True,
18 |         ),
19 |     ]
20 | 
```

Found `cms/migrations/0009_merge.py:Migration`.
Source: Retrieved code content using keyword search (bm25).
```
 1 | from __future__ import unicode_literals
 2 | 
 3 | from django.db import models, migrations
 4 | 
 5 | 
 6 | class Migration(migrations.Migration):
 7 | 
 8 |     dependencies = [
 9 |         ('cms', '0008_auto_20150121_0059'),
10 |         ('cms', '0008_auto_20150208_2149'),
11 |     ]
12 | 
13 |     operations = [
14 |     ]
15 | 
```

Found `cms/migrations/0010_migrate_use_structure.py:_get_manager`, `cms/migrations/0010_migrate_use_structure.py:forwards`.
Source: Retrieved code content using keyword search (bm25).
```
 1 | import warnings
 2 | import functools
 3 | 
 4 | from django.conf import settings
 5 | from django.db import models, migrations
 6 | 
 7 | 
 8 | def _get_manager(model, db_alias):
 9 |     return model.objects.db_manager(db_alias)
10 | 
11 | 
12 | def forwards(apps, schema_editor):
13 |     db_alias = schema_editor.connection.alias
14 | 
15 |     get_manager = functools.partial(_get_manager, db_alias=db_alias)
16 | 
17 |     ContentType = apps.get_model('contenttypes', 'ContentType')
18 |     Permission = apps.get_model('auth', 'Permission')
19 |     Group = apps.get_model('auth', 'Group')
20 |     user_model = apps.get_model(settings.AUTH_USER_MODEL)
21 |     ph_model = apps.get_model('cms', 'Placeholder')
22 |     page_model = apps.get_model('cms', 'Page')
23 | 
24 |     try:
25 |         ph_ctype = get_manager(ContentType).get_for_model(ph_model)
26 |         page_ctype = get_manager(ContentType).get_for_model(page_model)
27 |         permission, __ = get_manager(Permission).get_or_create(
28 |             codename='use_structure', content_type=ph_ctype, name=u"Can use Structure mode")
29 |         page_permission, __ = get_manager(Permission).get_or_create(
30 |             codename='change_page', content_type=page_ctype, name=u'Can change page'
31 |         )
32 |         for user in get_manager(user_model).filter(is_superuser=False, is_staff=True):
33 |             if user.user_permissions.filter(codename='change_page', content_type_id=page_ctype.pk).exists():
34 |                 user.user_permissions.add(permission.pk)
35 |         for group in get_manager(Group).all():
36 |             if page_permission in group.permissions.all():
37 |                 group.permissions.add(permission.pk)
38 |     except Exception:
39 |         warnings.warn(u'Users not migrated to use_structure permission, please add the permission manually')
```

Found class `menus/templatetags/menu_tags.py:NOT_PROVIDED`.
Source: Retrieved entity using keyword search (bm25).
```
24 | class NOT_PROVIDED:
25 |     pass
```

Found class `cms/utils/encoder.py:SafeJSONEncoder`.
Source: Retrieved entity using keyword search (bm25).
```
 7 | class SafeJSONEncoder(DjangoJSONEncoder):
 8 |     def _recursive_escape(self, o, esc=conditional_escape):
 9 |         if isinstance(o, dict):
10 |             return type(o)((esc(k), self._recursive_escape(v)) for (k, v) in dict.items(o))
11 |         if isinstance(o, (list, tuple)):
12 |             return type(o)(self._recursive_escape(v) for v in o)
13 |         if isinstance(o, bool):
14 |             return o
15 |         try:
16 |             return type(o)(esc(o))
17 |         except (ValueError, TypeError):
18 |             return self.default(o)
19 | 
20 |     def encode(self, o):
21 |         value = self._recursive_escape(o)
22 |         return super().encode(value)
23 | 
24 |     def default(self, o):
25 |         if isinstance(o, Promise):
26 |             return force_str(o)
27 |         return super().default(o)
```

Found class `cms/cms_menus.py:NavExtender`.
Source: Retrieved entity using keyword search (bm25).
```
390 | class NavExtender(Modifier):
391 |     def modify(self, request, nodes, namespace, root_id, post_cut, breadcrumb):
392 |         if post_cut:
393 |             return nodes
394 |         # rearrange the parent relations
395 |         # Find home
396 |         home = next((n for n in nodes if n.attr.get("is_home", False)), None)
397 |         # Find nodes with NavExtenders
398 |         exts = []
399 |         for node in nodes:
400 |             extenders = node.attr.get("navigation_extenders", None)
401 |             if extenders:
402 |                 for ext in extenders:
403 |                     if ext not in exts:
404 |                         exts.append(ext)
405 |                     # Link the nodes
406 |                     for extnode in nodes:
407 |                         if extnode.namespace == ext and not extnode.parent_id:
408 |                             # if home has nav extenders but home is not visible
409 |                             if node == home and not node.visible:
410 |                                 # extnode.parent_id = None
411 |                                 extnode.parent_namespace = None
412 |                                 extnode.parent = None
413 |                             else:
414 |                                 extnode.parent_id = node.id
415 |                                 extnode.parent_namespace = node.namespace
416 |                                 extnode.parent = node
417 |                                 node.children.append(extnode)
418 |         removed = []
419 | 
420 |         # find all not assigned nodes
421 |         for menu in self.renderer.menus.items():
422 |             if hasattr(menu[1], "cms_enabled") and menu[1].cms_enabled and menu[0] not in exts:
423 |                 for node in nodes:
424 |                     if node.namespace == menu[0]:
425 |                         removed.append(node)
426 |         if breadcrumb:
427 |             # if breadcrumb and home not in navigation add node
428 |             if breadcrumb and home and not home.visible:
429 |                 home.visible = True
430 |                 if request.path_info == home.get_absolute_url():
431 |                     home.selected = True
432 |                 else:
433 |                     home.selected = False
434 |         # remove all nodes that are nav_extenders and not assigned
435 |         for node in removed:
436 |             nodes.remove(node)
437 |         return nodes
```

Found class `cms/migrations/0010_migrate_use_structure.py:Migration`.
Source: Retrieved code content using keyword search (bm25).
```
69 | class Migration(migrations.Migration):
70 | 
71 |     dependencies = [
72 |         ('cms', '0009_merge'),
73 |         ('contenttypes', '0001_initial'),
74 |     ]
75 | 
76 |     operations = [
77 |         migrations.AlterModelOptions(
78 |             name='placeholder',
79 |             options={'permissions': (('use_structure', 'Can use Structure mode'),)},
80 |         ),
81 |         migrations.RunPython(forwards, backwards)
82 |     ]
```

2026-09-16 21:39:33 utils.py INFO 
LiteLLM completion() model= qwen/qwen3-coder; provider = openrouter
2026-09-16 21:39:49 utils.py INFO Wrapper: Completed Call, calling success_handler
2026-09-16 21:39:49 auto_search_main.py INFO Executing code:
```
print(get_entity_contents(**{'entity_names': ['cms/utils/conf.py']}))
```
2026-09-16 21:39:49 auto_search_main.py INFO OBSERVATION:
##Searching for entity `cms/utils/conf.py`...
### Search Result:
Found file `cms/utils/conf.py`.
Source: Exact match found for entity name `cms/utils/conf.py`.
```
  1 | import os
  2 | from functools import update_wrapper
  3 | from urllib.parse import urljoin
  4 | 
  5 | from django.conf import settings
  6 | from django.core.exceptions import ImproperlyConfigured
  7 | from django.utils.translation import gettext_lazy as _
  8 | 
  9 | from cms import __version__, constants
 10 | 
 11 | __all__ = [
 12 |     'get_cms_setting',
 13 |     'get_site_id'
 14 | ]
 15 | 
 16 | 
 17 | class VERIFIED:
 18 |     pass  # need a unique identifier for CMS_LANGUAGES
 19 | 
 20 | 
 21 | def _load_from_file(module_path):
 22 |     """
 23 |     Load a python module from its absolute filesystem path
 24 |     """
 25 |     from importlib.machinery import SourceFileLoader
 26 | 
 27 |     imported = None
 28 |     if module_path:
 29 |         imported = SourceFileLoader("mod", module_path).load_module()
 30 |     return imported
 31 | 
 32 | 
 33 | def default(name):
 34 |     def decorator(wrapped):
 35 |         def wrapper():
 36 |             if hasattr(settings, name):
 37 |                 return getattr(settings, name)
 38 |             return wrapped()
 39 | 
 40 |         update_wrapper(wrapper, wrapped)
 41 |         return wrapped
 42 | 
 43 |     return decorator
 44 | 
 45 | 
 46 | DEFAULTS = {
 47 |     'TEMPLATE_INHERITANCE': True,
 48 |     'DEFAULT_X_FRAME_OPTIONS': constants.X_FRAME_OPTIONS_INHERIT,
 49 |     'TOOLBAR_SIMPLE_STRUCTURE_MODE': True,
 50 |     'PLACEHOLDER_CONF': {},
 51 |     'PLACEHOLDERS': (('', ('content',), _("Single placeholder")),),
 52 |     'PERMISSION': False,
 53 |     # Whether to use raw ID lookups for users when PERMISSION is True
 54 |     'RAW_ID_USERS': False,
 55 |     'PUBLIC_FOR': 'all',
 56 |     'APPHOOKS': [],
 57 |     'TOOLBARS': [],
 58 |     'SITE_CHOICES_CACHE_KEY': 'CMS:site_choices',
 59 |     'PAGE_CHOICES_CACHE_KEY': 'CMS:page_choices',
 60 |     'MEDIA_PATH': 'cms/',
 61 |     'PAGE_MEDIA_PATH': 'cms_page_media/',
 62 |     'TITLE_CHARACTER': '+',
 63 |     'PAGE_CACHE': True,
 64 |     'PLACEHOLDER_CACHE': True,
 65 |     'PLUGIN_CACHE': True,
 66 |     'CACHE_PREFIX': f'cms_{__version__}_',
 67 |     'PLUGIN_PROCESSORS': [],
 68 |     'PLUGIN_CONTEXT_PROCESSORS': [],
 69 |     'UNIHANDECODE_VERSION': None,
 70 |     'UNIHANDECODE_DECODERS': ['ja', 'zh', 'kr', 'vn', 'diacritic'],
 71 |     'UNIHANDECODE_DEFAULT_DECODER': 'diacritic',
 72 |     'TOOLBAR_ANONYMOUS_ON': True,
 73 |     'TOOLBAR_URL__PERSIST': 'persist',
 74 |     'TOOLBAR_URL__DISABLE': 'toolbar_off',
 75 |     'TOOLBAR_URL__ENABLE': 'toolbar_on',
 76 |     'ADMIN_NAMESPACE': 'admin',
 77 |     'APP_NAME': None,
 78 |     'TOOLBAR_HIDE': False,
 79 |     'INTERNAL_IPS': [],
 80 |     'REQUEST_IP_RESOLVER': 'cms.utils.request_ip_resolvers.default_request_ip_resolver',
 81 |     'PAGE_WIZARD_DEFAULT_TEMPLATE': constants.TEMPLATE_INHERITANCE_MAGIC,
 82 |     'PAGE_WIZARD_CONTENT_PLUGIN': 'TextPlugin',
 83 |     'PAGE_WIZARD_CONTENT_PLUGIN_BODY': 'body',
 84 |     'PAGE_WIZARD_CONTENT_PLACEHOLDER': None,  # Use first placeholder it finds.
 85 |     'SIDEFRAME_ENABLED': True,
 86 |     'CONFIRM_VERSION4': False,
 87 |     'ENDPOINT_LIVE_URL_QUERYSTRING_PARAM_ENABLED': False,
 88 |     'ENDPOINT_LIVE_URL_QUERYSTRING_PARAM': "live-url",
 89 |     'REDIRECT_PRESERVE_QUERY_PARAMS': False,
 90 |     'REDIRECT_TO_LOWERCASE_SLUG': False,
 91 |     'HIDE_LEGACY_FEATURES': True,
 92 |     'COLOR_SCHEME': 'auto',
 93 |     'COLOR_SCHEME_TOGGLE': True,
 94 | }
 95 | 
 96 | 
 97 | def get_cache_durations():
 98 |     """
 99 |     Returns the setting: CMS_CACHE_DURATIONS or the defaults.
100 |     """
101 |     return getattr(settings, 'CMS_CACHE_DURATIONS', {
102 |         'menus': 60 * 60,
103 |         'content': 60,
104 |         'permissions': 60 * 60,
105 |     })
106 | 
107 | 
108 | @default('CMS_MEDIA_ROOT')
109 | def get_media_root():
110 |     return os.path.join(settings.MEDIA_ROOT, get_cms_setting('MEDIA_PATH'))
111 | 
112 | 
113 | @default('CMS_MEDIA_URL')
114 | def get_media_url():
115 |     return urljoin(settings.MEDIA_URL, get_cms_setting('MEDIA_PATH'))
116 | 
117 | 
118 | @default('CMS_TOOLBAR_URL__PERSIST')
119 | def get_toolbar_url__persist():
120 |     return get_cms_setting('TOOLBAR_URL__PERSIST')
121 | 
122 | 
123 | @default('CMS_TOOLBAR_URL__DISABLE')
124 | def get_toolbar_url__disable():
125 |     return get_cms_setting('TOOLBAR_URL__DISABLE')
126 | 
127 | 
128 | @default('CMS_TOOLBAR_URL__ENABLE')
129 | def get_toolbar_url__enable():
130 |     return get_cms_setting('TOOLBAR_URL__ENABLE')
131 | 
132 | 
133 | def get_templates():
134 |     if getattr(settings, 'CMS_TEMPLATES_DIR', False):
135 |         tpldir = getattr(settings, 'CMS_TEMPLATES_DIR', False)
136 |         # CMS_TEMPLATES_DIR can either be a string pointing to the templates directory
137 |         # or a dictionary holding 'site: template dir' entries
138 |         if isinstance(tpldir, dict):
139 |             tpldir = tpldir[settings.SITE_ID]
140 |         # We must extract the relative path of CMS_TEMPLATES_DIR to the nearest
141 |         # valid templates' directory. Here we mimic what the filesystem and
142 |         # app_directories template loaders do
143 |         prefix = ''
144 |         # Relative to TEMPLATE['DIRS'] for filesystem loader
145 | 
146 |         path = [template['DIRS'][0] for template in settings.TEMPLATES]
147 | 
148 |         for basedir in path:
149 |             if tpldir.find(basedir) == 0:
150 |                 prefix = tpldir.replace(basedir + os.sep, '')
151 |                 break
152 |         # Relative to 'templates' directory that app_directory scans
153 |         if not prefix:
154 |             components = tpldir.split(os.sep)
155 |             try:
156 |                 prefix = os.path.join(*components[components.index('templates') + 1:])
157 |             except ValueError:
158 |                 # If templates is not found we use the directory name as prefix
159 |                 # and hope for the best
160 |                 prefix = os.path.basename(tpldir)
161 |         config_path = os.path.join(tpldir, '__init__.py')
162 |         # Try to load templates list and names from the template module
163 |         # If module file is not present skip configuration and just dump the filenames as templates
164 |         if os.path.isfile(config_path):
165 |             template_module = _load_from_file(config_path)
166 |             templates = [
167 |                 (os.path.join(prefix, data[0].strip()), data[1]) for data in template_module.TEMPLATES.items()
168 |             ]
169 |         else:
170 |             templates = list((os.path.join(prefix, tpl), tpl) for tpl in os.listdir(tpldir))
171 |     else:
172 |         templates = list(getattr(settings, 'CMS_TEMPLATES', []))
173 |     if get_cms_setting('TEMPLATE_INHERITANCE') and templates:
174 |         templates.append((constants.TEMPLATE_INHERITANCE_MAGIC, _('Inherit the template of the nearest ancestor')))
175 |     return templates
176 | 
177 | 
178 | def get_placeholders():
179 |     if getattr(settings, 'CMS_PLACEHOLDERS', False):
180 |         return settings.CMS_PLACEHOLDERS
181 |     if getattr(settings, 'CMS_TEMPLATES', False) or getattr(settings, 'CMS_TEMPLATES_DIR', False):
182 |         return ()
183 |     return DEFAULTS['PLACEHOLDERS']
184 | 
185 | 
186 | def _ensure_languages_settings(languages):
187 |     valid_language_keys = ['code', 'name', 'fallbacks', 'hide_untranslated', 'redirect_on_fallback', 'public']
188 |     required_language_keys = ['code', 'name']
189 |     simple_defaults = ['public', 'redirect_on_fallback', 'hide_untranslated']
190 | 
191 |     if not isinstance(languages, dict):
192 |         raise ImproperlyConfigured(
193 |             "CMS_LANGUAGES must be a dictionary with site IDs and 'default'"
194 |             " as keys. Please check the format.")
195 | 
196 |     defaults = languages.pop('default', {})
197 |     default_fallbacks = defaults.get('fallbacks')
198 |     needs_fallbacks = []
199 | 
200 |     for key in defaults:
201 |         if key not in valid_language_keys:
202 |             raise ImproperlyConfigured("CMS_LANGUAGES has an invalid property in the default properties: %s" % key)
203 | 
204 |     for key in simple_defaults:
205 |         if key not in defaults:
206 |             defaults[key] = True
207 | 
208 |     for site, language_list in languages.items():
209 |         if site != hash(site):
210 |             raise ImproperlyConfigured(
211 |                 "CMS_LANGUAGES can only be filled with integers (site IDs) and 'default'"
212 |                 " for default values. %s is not a valid key." % site)
213 | 
214 |         for language_object in language_list:
215 |             for required_key in required_language_keys:
216 |                 if required_key not in language_object:
217 |                     raise ImproperlyConfigured("CMS_LANGUAGES has a language which is missing the required key %r "
218 |                                                "in site %r" % (key, site))
219 |             language_code = language_object['code']
220 |             for key in language_object:
221 |                 if key not in valid_language_keys:
222 |                     raise ImproperlyConfigured(
223 |                         f"CMS_LANGUAGES has invalid key {key!r} in language {language_code!r} in site {site!r}"
224 |                     )
225 | 
226 |             if 'fallbacks' not in language_object:
227 |                 if default_fallbacks:
228 |                     language_object['fallbacks'] = default_fallbacks
229 |                 else:
230 |                     needs_fallbacks.append((site, language_object))
231 |             for key in simple_defaults:
232 |                 if key not in language_object:
233 |                     language_object[key] = defaults[key]
234 | 
235 |     site_fallbacks = {}
236 |     for site, language_object in needs_fallbacks:
237 |         if site not in site_fallbacks:
238 |             site_fallbacks[site] = [lang['code'] for lang in languages[site] if lang['public']]
239 |         language_object['fallbacks'] = [
240 |             lang_code for lang_code in site_fallbacks[site] if lang_code != language_object['code']
241 |         ]
242 | 
243 |     languages['default'] = defaults
244 |     languages[VERIFIED] = True  # this will be busted by @override_settings and cause a re-check
245 | 
246 |     return languages
247 | 
248 | 
249 | def get_languages():
250 |     if settings.SITE_ID != hash(settings.SITE_ID):
251 |         raise ImproperlyConfigured(
252 |             "SITE_ID must be an integer"
253 |         )
254 |     if not settings.USE_I18N:
255 |         return _ensure_languages_settings(
256 |             {settings.SITE_ID: [{'code': settings.LANGUAGE_CODE, 'name': settings.LANGUAGE_CODE}]})
257 |     if settings.LANGUAGE_CODE not in dict(settings.LANGUAGES):
258 |         raise ImproperlyConfigured(
259 |             'LANGUAGE_CODE "%s" must have a matching entry in LANGUAGES' % settings.LANGUAGE_CODE
260 |         )
261 |     languages = getattr(settings, 'CMS_LANGUAGES', {
262 |         settings.SITE_ID: [{'code': code, 'name': _(name)} for code, name in settings.LANGUAGES]
263 |     })
264 |     if VERIFIED in languages:
265 |         return languages
266 |     return _ensure_languages_settings(languages)
267 | 
268 | 
269 | def get_unihandecode_host():
270 |     host = getattr(settings, 'CMS_UNIHANDECODE_HOST', None)
271 |     if not host:
272 |         return host
273 |     if host.endswith('/'):
274 |         return host
275 |     else:
276 |         return host + '/'
277 | 
278 | 
279 | COMPLEX = {
280 |     'CACHE_DURATIONS': get_cache_durations,
281 |     'MEDIA_ROOT': get_media_root,
282 |     'MEDIA_URL': get_media_url,
283 |     # complex because not prefixed by CMS_
284 |     'TEMPLATES': get_templates,
285 |     'PLACEHOLDERS': get_placeholders,
286 |     'LANGUAGES': get_languages,
287 |     'UNIHANDECODE_HOST': get_unihandecode_host,
288 |     'CMS_TOOLBAR_URL__PERSIST': get_toolbar_url__persist,
289 |     'CMS_TOOLBAR_URL__DISABLE': get_toolbar_url__disable,
290 |     'CMS_TOOLBAR_URL__ENABLE': get_toolbar_url__enable,
291 | }
292 | 
293 | 
294 | def get_cms_setting(name):
295 |     if name in COMPLEX:
296 |         return COMPLEX[name]()
297 |     return getattr(settings, 'CMS_%s' % name, DEFAULTS[name])
298 | 
299 | 
300 | def get_site_id(site):
301 |     from django.contrib.sites.models import Site
302 |     if isinstance(site, Site):
303 |         return site.id
304 |     try:
305 |         return int(site)
306 |     except (TypeError, ValueError):
307 |         pass
308 |     return settings.SITE_ID
309 | 
```

2026-09-16 21:39:49 utils.py INFO 
LiteLLM completion() model= qwen/qwen3-coder; provider = openrouter
2026-09-16 21:40:04 utils.py INFO Wrapper: Completed Call, calling success_handler
2026-09-16 21:40:04 utils.py INFO 
LiteLLM completion() model= qwen/qwen3-coder; provider = openrouter
2026-09-16 21:40:23 utils.py INFO Wrapper: Completed Call, calling success_handler
2026-09-16 21:40:23 auto_search_main.py INFO Executing code:
```
print(search_code_snippets(**{'search_terms': ['plugin.*class.*template', 'template.*plugin.*class']}))
```
2026-09-16 21:40:24 __init__.py DEBUG Building index from IDs objects
2026-09-16 21:40:24 __init__.py DEBUG Building index from IDs objects
2026-09-16 21:40:24 __init__.py DEBUG Building index from IDs objects
2026-09-16 21:40:24 auto_search_main.py INFO OBSERVATION:
cms/plugin_pool.py:PluginPool.validate_templates
cms/plugin_rendering.py:ContentRenderer.__init__
cms/plugin_rendering.py:ContentRenderer.placeholder_cache_is_enabled
cms/plugin_rendering.py:ContentRenderer
cms/utils/plugins.py:get_plugins
cms/utils/placeholder.py:get_toolbar_plugin_struct
cms/plugin_pool.py:PluginPool.get_all_plugins
cms/plugin_rendering.py:ContentRenderer.render_plugin
cms/plugin_rendering.py:StructureRenderer.render_plugin
cms/plugin_rendering.py:StructureRenderer.render_plugins
cms/plugin_base.py:CMSPluginBase
cms/utils/plugins.py:assign_plugins
cms/toolbar/utils.py:get_plugin_tree
cms/plugin_pool.py:PluginPool.validate_templates
cms/plugin_rendering.py:ContentRenderer.__init__
cms/plugin_rendering.py:ContentRenderer.placeholder_cache_is_enabled
cms/plugin_rendering.py:ContentRenderer
cms/utils/plugins.py:get_plugins
cms/utils/placeholder.py:get_toolbar_plugin_struct
cms/plugin_pool.py:PluginPool.get_all_plugins
cms/plugin_rendering.py:ContentRenderer.render_plugin
cms/plugin_rendering.py:StructureRenderer.render_plugin
cms/plugin_rendering.py:StructureRenderer.render_plugins
cms/plugin_base.py:CMSPluginBase
cms/utils/plugins.py:assign_plugins
cms/toolbar/utils.py:get_plugin_tree
cms/plugin_pool.py:PluginPool.validate_templates
cms/plugin_rendering.py:ContentRenderer.__init__
cms/plugin_rendering.py:ContentRenderer.placeholder_cache_is_enabled
cms/plugin_rendering.py:ContentRenderer
cms/utils/plugins.py:get_plugins
cms/utils/placeholder.py:get_toolbar_plugin_struct
cms/plugin_pool.py:PluginPool.get_all_plugins
cms/plugin_rendering.py:ContentRenderer.render_plugin
cms/plugin_rendering.py:StructureRenderer.render_plugin
cms/plugin_rendering.py:StructureRenderer.render_plugins
cms/plugin_base.py:CMSPluginBase
cms/utils/plugins.py:assign_plugins
cms/toolbar/utils.py:get_plugin_tree
##Searching for term "plugin.*class.*template", "template.*plugin.*class", "plugin.*class.*template template.*plugin.*class"...
### Search Result:
Found class `cms/plugin_rendering.py:ContentRenderer`.
Source: Retrieved code content using keyword search (bm25).
Just show the structure of this class due to response length limitations:
```
class ContentRenderer(BaseRenderer):

    plugin_edit_template = (
        '<template class="cms-plugin '
        'cms-plugin-start cms-plugin-{pk}"></template>{content}'
        '<template class="cms-plugin cms-plugin-end cms-plugin-{pk}"></template>'
    )
    placeholder_edit_template = (
        '{content} '
        '<div class="cms-placeholder cms-placeholder-{placeholder_id}"></div> '
        '<script data-cms>{plugin_js}\n{placeholder_js}</script>'
    )

    def __init__(self, request):
...
    def placeholder_cache_is_enabled(self):
...
    def render_placeholder(self, placeholder, context, language=None, page=None,
                           editable=False, use_cache=False, nodelist=None, width=None):
...
    def get_editable_placeholder_context(self, placeholder, page=None):
...
    def render_obj_placeholder(self, slot, context, inherit,
                               nodelist=None, editable=True):
...
    def render_page_placeholder(self, slot, context, inherit,
                                page=None, nodelist=None, editable=True):
...
    def render_static_placeholder(self, static_placeholder, context, nodelist=None):
...
    def render_plugin(self, instance, context, placeholder=None, editable=False):
...
    def render_exception(self, action, instance, context, placeholder, editable):
...
    def render_plugins(self, placeholder, language, context, editable=False, template=None):
...
    def _get_cached_placeholder_content(self, placeholder, language):
...
    def _get_content_object(self, page, slots=None):
...
    def _preload_placeholders_for_page(self, page, slots=None, inherit=False):

```
Hint: Search `cms/plugin_rendering.py:ContentRenderer` to get the full content if needed.

Found class `cms/templates.py:TemplatesCache`.
Source: Retrieved entity using keyword search (bm25).
```
 5 | class TemplatesCache:
 6 | 
 7 |     def __init__(self):
 8 |         self._cached_templates = {}
 9 | 
10 |     def get_cached_template(self, template):
11 |         # we check if template quacks like a Template, as generic Template and engine-specific Template
12 |         # does not share a common ancestor
13 |         if hasattr(template, 'render'):
14 |             return template
15 | 
16 |         if template not in self._cached_templates:
17 |             # this always return an engine-specific template object
18 |             self._cached_templates[template] = get_template(template)
19 |         return self._cached_templates[template]
20 | 
21 |     @cached_property
22 |     def drag_item_template(self):
23 |         return get_template('cms/toolbar/dragitem.html')
24 | 
25 |     @cached_property
26 |     def placeholder_plugin_menu_template(self):
27 |         return get_template('cms/toolbar/dragitem_menu.html')
28 | 
29 |     @cached_property
30 |     def dragbar_template(self):
31 |         return get_template('cms/toolbar/dragbar.html')
```

Found function `cms/plugin_pool.py:PluginPool.validate_templates`.
Source: Retrieved code content using keyword search (bm25).
```
50 | def validate_templates(self, plugin=None):
51 |         """
52 |         Plugins templates are validated at this stage
53 | 
54 |         """
55 |         if plugin:
56 |             plugins = [plugin]
57 |         else:
58 |             plugins = self.plugins.values()
59 |         for plugin_class in plugins:
60 |             if (plugin_class.render_plugin and type(plugin_class.render_plugin) is not property
61 |                     or hasattr(plugin_class.model, 'render_template')
62 |                     or hasattr(plugin_class, 'get_render_template')):
63 |                 if (plugin_class.render_template is None and not hasattr(plugin_class, 'get_render_template')):
64 |                     raise ImproperlyConfigured(
65 |                         "CMS Plugins must define a render template, "
66 |                         "a get_render_template method or "
67 |                         "set render_plugin=False: %s" % plugin_class
68 |                     )
69 |                 # If plugin class defines get_render_template we cannot
70 |                 # statically check for valid template file as it depends
71 |                 # on plugin configuration and context.
72 |                 # We cannot prevent developer to shoot in the users' feet
73 |                 elif not hasattr(plugin_class, 'get_render_template'):
74 |                     from django.template import loader
75 | 
76 |                     template = plugin_class.render_template
77 |                     if isinstance(template, str) and template:
78 |                         try:
79 |                             loader.get_template(template)
80 |                         except TemplateDoesNotExist as e:
81 |                             # Note that the template loader will throw
82 |                             # TemplateDoesNotExist if the plugin's render_template
83 |                             # does in fact exist, but it includes a template that
84 |                             # doesn't.
85 |                             if str(e) == template:
86 |                                 raise ImproperlyConfigured(
87 |                                     "CMS Plugins must define a render template (%s) that exists: %s"
88 |                                     % (plugin_class, template)
89 |                                 )
90 |                             else:
91 |                                 pass
92 |                         except TemplateSyntaxError:
93 |                             pass
94 |             else:
95 |                 if plugin_class.allow_children:
96 |                     raise ImproperlyConfigured(
97 |                         "CMS Plugins can not define render_plugin=False and allow_children=True: %s"
98 |                         % plugin_class
99 |                     )
```

Found function `cms/plugin_rendering.py:ContentRenderer.placeholder_cache_is_enabled`.
Source: Retrieved code content using keyword search (bm25).
```
211 | def placeholder_cache_is_enabled(self):
212 |         if not get_cms_setting('PLACEHOLDER_CACHE'):
213 |             return False
214 |         if self.request.user.is_staff:
215 |             return False
216 |         return not self._placeholders_are_editable
```

Found function `cms/utils/plugins.py:get_plugins`.
Source: Retrieved code content using keyword search (bm25).
```
35 | def get_plugins(request, placeholder, template, lang=None):
36 |     """
37 |     Get a list of plugins for a placeholder in a specified template. Respects the placeholder's cache.
38 | 
39 |     :param request: (HttpRequest) The HTTP request object.
40 |     :param placeholder: (Placeholder) The placeholder object for which to retrieve plugins.
41 |     :param template: (Template) The template object in which the placeholder resides (not used).
42 |     :param lang: (str, optional) The language code for localization. Defaults to None.
43 | 
44 |     Returns:
45 |         list: A list of plugins for the specified placeholder in the template.
46 | 
47 |     Raises:
48 |         None.
49 | 
50 |     Examples::
51 | 
52 |         # Get plugins for a placeholder in a template
53 |         plugins = get_plugins(request, placeholder, template)
54 | 
55 |         # Get plugins for a placeholder in a template with specific language
56 |         plugins = get_plugins(request, placeholder, template, lang='en')
57 |     """
58 |     if not placeholder:
59 |         return []
60 |     if not hasattr(placeholder, '_plugins_cache'):
61 |         assign_plugins(request, [placeholder], template, lang)
62 |     return placeholder._plugins_cache
```

Found function `cms/utils/placeholder.py:get_toolbar_plugin_struct`.
Source: Retrieved code content using keyword search (bm25).
```
 94 | def get_toolbar_plugin_struct(plugins, slot=None, page=None):
 95 |     """
 96 |     Return the list of plugins to render in the toolbar.
 97 |     The dictionary contains the label, the classname and the module for the
 98 |     plugin.
 99 |     Names and modules can be defined on a per-placeholder basis using
100 |     'plugin_modules' and 'plugin_labels' attributes in CMS_PLACEHOLDER_CONF
101 | 
102 |     :param plugins: list of plugins
103 |     :param slot: placeholder slot name
104 |     :param page: the page
105 |     :return: list of dictionaries
106 |     """
107 |     template = None
108 | 
109 |     if page:
110 |         template = page.get_template()
111 | 
112 |     modules = get_placeholder_conf("plugin_modules", slot, template, default={})
113 |     names = get_placeholder_conf("plugin_labels", slot, template, default={})
114 | 
115 |     main_list = []
116 | 
117 |     # plugin.value points to the class name of the plugin
118 |     # It's added on registration. TIL.
119 |     for plugin in plugins:
120 |         main_list.append(
121 |             {
122 |                 "value": plugin.value,
123 |                 "name": names.get(plugin.value, plugin.name),
124 |                 "module": modules.get(plugin.value, plugin.module),
125 |             }
126 |         )
127 |     return sorted(main_list, key=operator.itemgetter("module"))
```

Found file `cms/templates.py`.
Found file `cms/utils/plugins.py`.
Source: Retrieved entity using keyword search (bm25).
Hint: Use more detailed query to get the full content of some if needed.

2026-09-16 21:40:24 utils.py INFO 
LiteLLM completion() model= qwen/qwen3-coder; provider = openrouter
2026-09-16 21:40:37 utils.py INFO Wrapper: Completed Call, calling success_handler
2026-09-16 21:40:37 auto_search_main.py INFO Executing code:
```
print(search_code_snippets(**{'search_terms': ['plugin.*class'], 'file_path_or_pattern': '"**/tests/**/*"'}))
```
2026-09-16 21:40:37 __init__.py DEBUG Building index from IDs objects
2026-09-16 21:40:37 auto_search_main.py INFO OBSERVATION:
cms/plugin_pool.py:PluginPool.get_all_plugins
cms/models/placeholdermodel.py:Placeholder.move_plugin
cms/plugin_rendering.py:StructureRenderer.get_plugins_to_render
cms/plugin_rendering.py:StructureRenderer
cms/plugin_pool.py:PluginPool.register_plugin
cms/plugin_pool.py:PluginPool.unregister_plugin
cms/plugin_base.py:CMSPluginBase
cms/models/pluginmodel.py:CMSPlugin.get_plugin_instance
cms/plugin_base.py:CMSPluginBase.get_child_classes
cms/management/commands/subcommands/list.py:plugin_report
cms/utils/plugins.py:copy_plugins_to_placeholder
No files found for file pattern '"**/tests/**/*"'. Will search all files.
...
##Searching for term "plugin.*class"...
### Search Result:
Found function `cms/utils/plugins.py:get_plugin_class`.
Source: Retrieved entity using keyword search (bm25).
```
24 | def get_plugin_class(plugin_type: str) -> CMSPluginBase:
25 |     """Returns the plugin class for a given plugin_type (str)"""
26 |     return plugin_pool.get_plugin(plugin_type)
```

Found function `cms/utils/plugins.py:get_plugin_model`.
Source: Retrieved entity using keyword search (bm25).
```
30 | def get_plugin_model(plugin_type: str) -> CMSPlugin:
31 |     """Returns the plugin model class for a given plugin_type (str)"""
32 |     return get_plugin_class(plugin_type).model
```

Found function `cms/utils/plugins.py:get_bound_plugins`.
Source: Retrieved entity using keyword search (bm25).
```
339 | def get_bound_plugins(plugins):
340 |     """
341 |     Get the bound plugins by downcasting the plugins to their respective classes. Raises a KeyError if the plugin type
342 |     is not available.
343 | 
344 |     Creates a map of plugin types and their corresponding plugin IDs for later use in downcasting.
345 |     Then, retrieves the plugin instances from the plugin model using the mapped plugin IDs.
346 |     Finally, iterates over the plugins and yields the downcasted versions if they have a valid parent.
347 |     Does not affect caching.
348 | 
349 |     :param plugins:  List of ``CMSPlugin`` instances.
350 |     :type plugins: List[CMSPlugin]
351 |     :return: Generator that yields the downcasted plugins.
352 |     :rtype: Generator[CMSPlugin, None, None]
353 | 
354 |     Example::
355 | 
356 |         plugins = [plugin_instance1, plugin_instance2]
357 |         for bound_plugin in get_bound_plugins(plugins):
358 |             # Do something with the bound_plugin
359 |             pass
360 |     """
361 |     get_plugin = plugin_pool.get_plugin
362 |     plugin_types_map = defaultdict(list)
363 |     plugin_ids = []
364 |     plugin_lookup = {}
365 | 
366 |     # make a map of plugin types, needed later for downcasting
367 |     for plugin in plugins:
368 |         plugin_ids.append(plugin.pk)
369 |         plugin_types_map[plugin.plugin_type].append(plugin.pk)
370 | 
371 |     for plugin_type, pks in plugin_types_map.items():
372 |         plugin_model = get_plugin(plugin_type).model
373 |         plugin_queryset = plugin_model.objects.filter(pk__in=pks)
374 | 
375 |         # put them in a map, so we can replace the base CMSPlugins with their
376 |         # downcasted versions
377 |         for instance in plugin_queryset.iterator():
378 |             plugin_lookup[instance.pk] = instance
379 | 
380 |     for plugin in plugins:
381 |         parent_not_available = (not plugin.parent_id or plugin.parent_id not in plugin_ids)
382 |         # The plugin either has no parent or needs to have a non-ghost parent
383 |         valid_parent = (parent_not_available or plugin.parent_id in plugin_lookup)
384 | 
385 |         if valid_parent and plugin.pk in plugin_lookup:
386 |             yield plugin_lookup[plugin.pk]
```

Found function `cms/plugin_pool.py:PluginPool.register_plugin`.
Source: Retrieved code content using keyword search (bm25).
```
101 | def register_plugin(self, plugin):
102 |         """
103 |         Registers the given plugin(s).
104 | 
105 |         Static sanity checks is also performed.
106 | 
107 |         If a plugin is already registered, this will raise PluginAlreadyRegistered.
108 |         """
109 |         if not issubclass(plugin, CMSPluginBase):
110 |             raise ImproperlyConfigured(
111 |                 "CMS Plugins must be subclasses of CMSPluginBase, %r is not."
112 |                 % plugin
113 |             )
114 |         plugin_name = plugin.__name__
115 |         if plugin_name in self.plugins:
116 |             raise PluginAlreadyRegistered(
117 |                 "Cannot register %r, a plugin with this name (%r) is already "
118 |                 "registered." % (plugin, plugin_name)
119 |             )
120 | 
121 |         plugin.value = plugin_name
122 |         self.plugins[plugin_name] = plugin
123 |         return plugin
```

Found function `cms/plugin_pool.py:PluginPool.get_all_plugins`.
Source: Retrieved code content using keyword search (bm25).
```
138 | def get_all_plugins(self, placeholder=None, page=None, setting_key="plugins", include_page_only=True):
139 |         from cms.utils.placeholder import get_placeholder_conf
140 | 
141 |         self.discover_plugins()
142 |         plugins = sorted(self.plugins.values(), key=attrgetter('name'))
143 |         template = page.get_template() if page else None
144 | 
145 |         allowed_plugins = get_placeholder_conf(
146 |             setting_key,
147 |             placeholder,
148 |             template,
149 |         ) or ()
150 |         excluded_plugins = get_placeholder_conf(
151 |             'excluded_plugins',
152 |             placeholder,
153 |             template,
154 |         ) or ()
155 | 
156 |         if not include_page_only:
157 |             # Filters out any plugin marked as page only because
158 |             # the include_page_only flag has been set to False
159 |             plugins = (plugin for plugin in plugins if not plugin.page_only)
160 | 
161 |         if allowed_plugins:
162 |             # Check that plugins are in the list of the allowed ones
163 |             plugins = (plugin for plugin in plugins if plugin.__name__ in allowed_plugins)
164 | 
165 |         if excluded_plugins:
166 |             # Check that plugins are not in the list of the excluded ones
167 |             plugins = (plugin for plugin in plugins if plugin.__name__ not in excluded_plugins)
168 | 
169 |         if placeholder:
170 |             # Filters out any plugin that requires a parent or has set parent classes
171 |             plugins = (plugin for plugin in plugins
172 |                        if not plugin.requires_parent_plugin(placeholder, page))
173 |         return sorted(plugins, key=attrgetter('module'))
```

Found function `cms/models/placeholdermodel.py:Placeholder.move_plugin`.
Source: Retrieved code content using keyword search (bm25).
```
551 | def move_plugin(self, plugin, target_position, target_placeholder=None, target_plugin=None):
552 |         """
553 |         .. versionadded:: 4.0
554 | 
555 |         Moves a plugin within the placeholder (``target_placeholder=None``) or to another placeholder.
556 | 
557 |         :param plugin: Plugin to move
558 |         :type plugin: :class:`cms.models.pluginmodel.CMSPlugin` instance
559 |         :param int target_position: The plugin's new position
560 |         :param  target_placeholder: Placeholder to move plugin to (or ``None``)
561 |         :type target_placeholder: :class:`cms.models.placeholdermodel.Placeholder` instance
562 |         :param target_plugin: New parent plugin (or ``None``). The target plugin must be in the same placeholder
563 |            or in the ``target_placeholder`` if one is given.
564 |         :type target_plugin: :class:`cms.models.pluginmodel.CMSPlugin` instance
565 | 
566 |         The ``target_position`` is enumerated from the start of the palceholder's plugin tree (1) to
567 |         the last plugin (*n*, where *n* is the number of plugins in the placeholder).
568 |         """
569 | 
570 |         if target_placeholder:
571 |             return self._move_plugin_to_placeholder(
572 |                 plugin=plugin,
573 |                 target_position=target_position,
574 |                 target_placeholder=target_placeholder,
575 |                 target_plugin=target_plugin,
576 |             )
577 | 
578 |         target_tree = self.get_plugins(plugin.language)
579 |         last_plugin = self.get_last_plugin(plugin.language)
580 |         source_plugin_desc_count = plugin._get_descendants_count()
581 |         # Attn: The following line assumes that all children and grand-children have consecutive positions!
582 |         source_plugin_range = (plugin.position, plugin.position + source_plugin_desc_count)
583 | 
584 |         if target_position < plugin.position:
585 |             # Moving left
586 |             # Make a big hole on the right side of the current plugin's position
587 |             # by shifting all right nodes further to the right, excluding the current plugin
588 |             # but including the target plugin and its descendants.
589 |             (target_tree
590 |              .filter(position__gte=target_position)
591 |              .exclude(position__range=source_plugin_range)
592 |              ).update(position=(models.F('position') + last_plugin.position))
593 | 
594 |             # Make a big hole on the left side of the current plugin's position
595 |             # by shifting all right nodes further the right, including the current plugin
596 |             # and its descendants.
597 |             target_tree.filter(
598 |                 position__lte=source_plugin_range[1]
599 |             ).update(position=models.F('position') - last_plugin.position)
600 |         else:
601 |             # Moving right
602 |             # Make a big hole on the left side of the target position,
603 |             # by shifting all left nodes further to the left, excluding the current plugin
604 |             # but including the target plugin and its descendants.
605 |             # Left node in the common case is target_position but if the current plugin
606 |             # has descendants then left node is the closest node to the right side of the
607 |             # last descendant.
608 |             (target_tree
609 |              .filter(position__lte=target_position + source_plugin_desc_count)
610 |              .exclude(position__range=source_plugin_range)
611 |              ).update(position=(models.F('position') - last_plugin.position))
612 | 
613 |             # Make a big hole on the right side of the current plugin's position
614 |             # by shifting all right nodes further the right, including the current plugin
615 |             # and its descendants.
616 |             target_tree.filter(
617 |                 position__gte=plugin.position
618 |             ).update(position=models.F('position') + last_plugin.position)
619 | 
620 |         if plugin.parent != target_plugin:
621 |             # Plugin is being moved to another tree (under another parent)
622 |             # OR plugin is being moved to the root (no parent)
623 |             plugin.update(parent=target_plugin)
624 |         # The plugin tree was shifted to the right to make space,
625 |         # Squash all plugin positions in the tree to close any holes.
626 |         self._recalculate_plugin_positions(plugin.language)
```

Found class `cms/plugin_rendering.py:StructureRenderer`.
Source: Retrieved code content using keyword search (bm25).
```
648 | class StructureRenderer(BaseRenderer):
649 | 
650 |     load_structure = True
651 |     placeholder_edit_template = (
652 |         """
653 |         <script data-cms id="cms-plugin-child-classes-{placeholder_id}" type="text/cms-template">
654 |             {plugin_menu_js}
655 |         </script>
656 |         <script data-cms>{plugin_js}\n{placeholder_js}</script>
657 |         """
658 |     )
659 | 
660 |     def get_plugins_to_render(self, *args, **kwargs):
661 |         plugins = super().get_plugins_to_render(*args, **kwargs)
662 | 
663 |         for plugin in plugins:
664 |             yield plugin
665 | 
666 |             if not plugin.child_plugin_instances:
667 |                 continue
668 | 
669 |             for plugin in _unpack_plugins(plugin):
670 |                 yield plugin
671 | 
672 |     def render_placeholder(self, placeholder, language, page=None):
673 |         rendered_plugins = self.render_plugins(placeholder, language=language, page=page)
674 |         plugin_js_output = ''.join(rendered_plugins)
675 | 
676 |         placeholder_toolbar_js = self.get_placeholder_toolbar_js(placeholder, page)
677 |         rendered_placeholder = RenderedPlaceholder(
678 |             placeholder=placeholder,
679 |             language=language,
680 |             site_id=self.current_site.pk,
681 |             cached=False,
682 |             editable=True,
683 |         )
684 | 
685 |         if placeholder.pk not in self._rendered_placeholders:
686 |             self._rendered_placeholders[placeholder.pk] = rendered_placeholder
687 | 
688 |         placeholder_structure_is = self.placeholder_edit_template.format(
689 |             placeholder_id=placeholder.pk,
690 |             plugin_js=plugin_js_output,
691 |             plugin_menu_js=self.get_placeholder_plugin_menu(placeholder, page=page),
692 |             placeholder_js=placeholder_toolbar_js,
693 |         )
694 |         return mark_safe(placeholder_structure_is)
695 | 
696 |     def render_page_placeholder(self, page, placeholder, language=None):
697 |         return self.render_placeholder(placeholder, language=language, page=page)
698 | 
699 |     def render_static_placeholder(self, static_placeholder, language=None):
700 |         user = self.request.user
701 | 
702 |         if not user.has_perm('cms.edit_static_placeholder'):
703 |             return ''
704 | 
705 |         language = language or self.request_language
706 | 
707 |         placeholder = static_placeholder.draft
708 |         # I really don't like these impromptu flags...
709 |         placeholder.is_static = True
710 | 
711 |         content = self.render_placeholder(placeholder, language=language)
712 | 
713 |         if static_placeholder.pk not in self._rendered_static_placeholders:
714 |             # First time this static placeholder is rendered
715 |             self._rendered_static_placeholders[static_placeholder.pk] = static_placeholder
716 |         return content
717 | 
718 |     def render_plugin(self, instance, page=None):
719 |         placeholder_cache = self._rendered_plugins_by_placeholder.setdefault(instance.placeholder_id, {})
720 |         placeholder_cache.setdefault('plugins', []).append(instance)
721 |         return self.get_plugin_toolbar_js(instance, page=page)
722 | 
723 |     def render_plugins(self, placeholder, language, page=None):
724 |         template = page.get_template() if page else None
725 |         plugins = self.get_plugins_to_render(placeholder, language, template)
726 | 
727 |         for plugin in plugins:
728 |             plugin._placeholder_cache = placeholder
729 |             yield self.render_plugin(plugin, page=page)
```

Found file `cms/utils/plugins.py`.
Source: Retrieved entity using keyword search (bm25).
Hint: Search `cms/utils/plugins.py` for the full content if needed.

2026-09-16 21:40:37 utils.py INFO 
LiteLLM completion() model= qwen/qwen3-coder; provider = openrouter
2026-09-16 21:41:09 utils.py INFO Wrapper: Completed Call, calling success_handler
2026-09-16 21:41:09 utils.py INFO 
LiteLLM completion() model= qwen/qwen3-coder; provider = openrouter
2026-09-16 21:41:20 utils.py INFO Wrapper: Completed Call, calling success_handler
2026-09-16 21:41:20 auto_search_main.py INFO Executing code:
```
print(search_code_snippets(**{'search_terms': ['plugin_class'], 'file_path_or_pattern': '"**/*.py"'}))
```
2026-09-16 21:41:20 __init__.py DEBUG Building index from IDs objects
2026-09-16 21:41:20 __init__.py DEBUG Building index from IDs objects
2026-09-16 21:41:20 auto_search_main.py INFO OBSERVATION:
cms/plugin_pool.py:PluginPool.validate_templates
cms/utils/plugins.py:get_plugin_restrictions
cms/plugin_pool.py:PluginPool.get_system_plugins
cms/plugin_pool.py:impl
cms/plugin_pool.py:PluginPool.registered_plugins
cms/plugin_pool.py:PluginPool.plugins_with_extra_menu
cms/plugin_pool.py:PluginPool.plugins_with_extra_placeholder_menu
cms/templatetags/cms_tags.py:render_extra_menu_items
cms/templatetags/cms_tags.py:_show_uncached_placeholder_by_id
cms/utils/check.py:check_copy_relations
cms/utils/permissions.py:has_plugin_permission
cms/models/pluginmodel.py:CMSPlugin.get_short_description
cms/models/pluginmodel.py:CMSPlugin.get_plugin_name
cms/models/pluginmodel.py:CMSPlugin.get_plugin_class
cms/models/pluginmodel.py:CMSPlugin.get_plugin_class_instance
cms/models/pluginmodel.py:CMSPlugin.__repr__
cms/plugin_base.py:CMSPluginBase.get_child_classes
cms/models/placeholdermodel.py:Placeholder.get_cache_expiration
cms/admin/placeholderadmin.py:PlaceholderAdmin.get_placeholder_template
cms/admin/placeholderadmin.py:PlaceholderAdmin.add_plugin
No files found for file pattern '"**/*.py"'. Will search all files.
...
##Searching for term "plugin_class"...
### Search Result:
Found function `cms/plugin_rendering.py:BaseRenderer.get_plugin_class`.
Source: Retrieved entity using keyword search (bm25).
```
156 | def get_plugin_class(self, plugin):
157 |         plugin_type = plugin.plugin_type
158 | 
159 |         if plugin_type not in self._cached_plugin_classes:
160 |             self._cached_plugin_classes[plugin_type] = self.plugin_pool.get_plugin(plugin_type)
161 |         return self._cached_plugin_classes[plugin_type]
```

Found function `cms/plugin_base.py:CMSPluginBase.get_child_class_overrides`.
Source: Retrieved entity using keyword search (bm25).
```
589 | def get_child_class_overrides(cls, slot, page):
590 |         """
591 |         Returns a list of plugin types that are allowed
592 |         as children of this plugin.
593 |         """
594 |         from cms.utils.placeholder import get_placeholder_conf
595 | 
596 |         template = page.get_template() if page else None
597 | 
598 |         # config overrides..
599 |         ph_conf = get_placeholder_conf('child_classes', slot, template, default={})
600 |         return ph_conf.get(cls.__name__, cls.child_classes)
```

Found function `cms/models/pluginmodel.py:CMSPlugin.get_plugin_class`.
Source: Retrieved entity using keyword search (bm25).
```
205 | def get_plugin_class(self):
206 |         from cms.plugin_pool import plugin_pool
207 | 
208 |         return plugin_pool.get_plugin(self.plugin_type)
```

Found function `cms/plugin_pool.py:PluginPool.validate_templates`.
Source: Retrieved code content using keyword search (bm25).
```
50 | def validate_templates(self, plugin=None):
51 |         """
52 |         Plugins templates are validated at this stage
53 | 
54 |         """
55 |         if plugin:
56 |             plugins = [plugin]
57 |         else:
58 |             plugins = self.plugins.values()
59 |         for plugin_class in plugins:
60 |             if (plugin_class.render_plugin and type(plugin_class.render_plugin) is not property
61 |                     or hasattr(plugin_class.model, 'render_template')
62 |                     or hasattr(plugin_class, 'get_render_template')):
63 |                 if (plugin_class.render_template is None and not hasattr(plugin_class, 'get_render_template')):
64 |                     raise ImproperlyConfigured(
65 |                         "CMS Plugins must define a render template, "
66 |                         "a get_render_template method or "
67 |                         "set render_plugin=False: %s" % plugin_class
68 |                     )
69 |                 # If plugin class defines get_render_template we cannot
70 |                 # statically check for valid template file as it depends
71 |                 # on plugin configuration and context.
72 |                 # We cannot prevent developer to shoot in the users' feet
73 |                 elif not hasattr(plugin_class, 'get_render_template'):
74 |                     from django.template import loader
75 | 
76 |                     template = plugin_class.render_template
77 |                     if isinstance(template, str) and template:
78 |                         try:
79 |                             loader.get_template(template)
80 |                         except TemplateDoesNotExist as e:
81 |                             # Note that the template loader will throw
82 |                             # TemplateDoesNotExist if the plugin's render_template
83 |                             # does in fact exist, but it includes a template that
84 |                             # doesn't.
85 |                             if str(e) == template:
86 |                                 raise ImproperlyConfigured(
87 |                                     "CMS Plugins must define a render template (%s) that exists: %s"
88 |                                     % (plugin_class, template)
89 |                                 )
90 |                             else:
91 |                                 pass
92 |                         except TemplateSyntaxError:
93 |                             pass
94 |             else:
95 |                 if plugin_class.allow_children:
96 |                     raise ImproperlyConfigured(
97 |                         "CMS Plugins can not define render_plugin=False and allow_children=True: %s"
98 |                         % plugin_class
99 |                     )
```

Found function `cms/plugin_pool.py:PluginPool.get_system_plugins`.
Source: Retrieved code content using keyword search (bm25).
```
209 | def get_system_plugins(self):
210 |         self.discover_plugins()
211 |         return [plugin.__name__ for plugin in self.plugins.values() if plugin.system]
```

Found function `cms/plugin_pool.py:PluginPool.registered_plugins`.
Source: Retrieved code content using keyword search (bm25).
```
214 | def registered_plugins(self):
215 |         return self.get_all_plugins()
```

Found function `cms/plugin_pool.py:PluginPool.plugins_with_extra_menu`.
Source: Retrieved code content using keyword search (bm25).
```
218 | def plugins_with_extra_menu(self):
219 |         plugin_classes = [cls for cls in self.registered_plugins
220 |                           if cls._has_extra_plugin_menu_items]
221 |         return plugin_classes
```

Found function `cms/utils/plugins.py:get_plugin_restrictions`.
Source: Retrieved code content using keyword search (bm25).
```
181 | def get_plugin_restrictions(plugin, page=None, restrictions_cache=None):
182 |     if restrictions_cache is None:
183 |         restrictions_cache = {}
184 | 
185 |     plugin_type = plugin.plugin_type
186 |     plugin_class = get_plugin_class(plugin.plugin_type)
187 |     parents_cache = restrictions_cache.setdefault('plugin_parents', {})
188 |     children_cache = restrictions_cache.setdefault('plugin_children', {})
189 | 
190 |     try:
191 |         parent_classes = parents_cache[plugin_type]
192 |     except KeyError:
193 |         parent_classes = plugin_class.get_parent_classes(
194 |             slot=plugin.placeholder.slot,
195 |             page=page,
196 |             instance=plugin,
197 |         )
198 | 
199 |     if plugin_class.cache_parent_classes:
200 |         parents_cache[plugin_type] = parent_classes or []
201 | 
202 |     try:
203 |         child_classes = children_cache[plugin_type]
204 |     except KeyError:
205 |         child_classes = plugin_class.get_child_classes(
206 |             slot=plugin.placeholder.slot,
207 |             page=page,
208 |             instance=plugin,
209 |         )
210 | 
211 |     if plugin_class.cache_child_classes:
212 |         children_cache[plugin_type] = child_classes or []
213 |     return (child_classes, parent_classes)
```

2026-09-16 21:41:20 utils.py INFO 
LiteLLM completion() model= qwen/qwen3-coder; provider = openrouter
2026-09-16 21:41:42 utils.py INFO Wrapper: Completed Call, calling success_handler
2026-09-16 21:41:42 utils.py INFO 
LiteLLM completion() model= qwen/qwen3-coder; provider = openrouter
2026-09-16 21:41:57 utils.py INFO Wrapper: Completed Call, calling success_handler
2026-09-16 21:41:57 utils.py INFO 
LiteLLM completion() model= qwen/qwen3-coder; provider = openrouter
2026-09-16 21:42:09 utils.py INFO Wrapper: Completed Call, calling success_handler
2026-09-16 21:42:09 utils.py INFO 
LiteLLM completion() model= qwen/qwen3-coder; provider = openrouter
2026-09-16 21:42:22 utils.py INFO Wrapper: Completed Call, calling success_handler
2026-09-16 21:42:22 utils.py INFO 
LiteLLM completion() model= qwen/qwen3-coder; provider = openrouter
2026-09-16 21:42:39 utils.py INFO Wrapper: Completed Call, calling success_handler
2026-09-16 21:42:39 utils.py INFO 
LiteLLM completion() model= qwen/qwen3-coder; provider = openrouter
2026-09-16 21:43:01 utils.py INFO Wrapper: Completed Call, calling success_handler
2026-09-16 21:43:01 utils.py INFO 
LiteLLM completion() model= qwen/qwen3-coder; provider = openrouter
2026-09-16 21:43:16 utils.py INFO Wrapper: Completed Call, calling success_handler
2026-09-16 21:43:16 utils.py INFO 
LiteLLM completion() model= qwen/qwen3-coder; provider = openrouter
2026-09-16 21:43:32 utils.py INFO Wrapper: Completed Call, calling success_handler
2026-09-16 21:43:32 utils.py INFO 
LiteLLM completion() model= qwen/qwen3-coder; provider = openrouter
2026-09-16 21:43:59 utils.py INFO Wrapper: Completed Call, calling success_handler
2026-09-16 21:43:59 utils.py INFO 
LiteLLM completion() model= qwen/qwen3-coder; provider = openrouter
2026-09-16 21:44:15 utils.py INFO Wrapper: Completed Call, calling success_handler
2026-09-16 21:44:15 utils.py INFO 
LiteLLM completion() model= qwen/qwen3-coder; provider = openrouter
2026-09-16 21:44:30 utils.py INFO Wrapper: Completed Call, calling success_handler
2026-09-16 21:44:30 utils.py INFO 
LiteLLM completion() model= qwen/qwen3-coder; provider = openrouter
2026-09-16 21:44:58 utils.py INFO Wrapper: Completed Call, calling success_handler
2026-09-16 21:44:58 utils.py INFO 
LiteLLM completion() model= qwen/qwen3-coder; provider = openrouter
2026-09-16 21:45:25 utils.py INFO Wrapper: Completed Call, calling success_handler
2026-09-16 21:45:25 utils.py INFO 
LiteLLM completion() model= qwen/qwen3-coder; provider = openrouter
2026-09-16 21:45:43 utils.py INFO Wrapper: Completed Call, calling success_handler
2026-09-16 21:45:43 utils.py INFO 
LiteLLM completion() model= qwen/qwen3-coder; provider = openrouter
2026-09-16 21:46:00 utils.py INFO Wrapper: Completed Call, calling success_handler
2026-09-16 21:46:00 utils.py INFO 
LiteLLM completion() model= qwen/qwen3-coder; provider = openrouter
2026-09-16 21:46:16 utils.py INFO Wrapper: Completed Call, calling success_handler
2026-09-16 21:46:16 utils.py INFO 
LiteLLM completion() model= qwen/qwen3-coder; provider = openrouter
2026-09-16 21:46:35 utils.py INFO Wrapper: Completed Call, calling success_handler
2026-09-16 21:46:35 utils.py INFO 
LiteLLM completion() model= qwen/qwen3-coder; provider = openrouter
2026-09-16 21:46:54 utils.py INFO Wrapper: Completed Call, calling success_handler
2026-09-16 21:46:54 utils.py INFO 
LiteLLM completion() model= qwen/qwen3-coder; provider = openrouter
2026-09-16 21:47:11 utils.py INFO Wrapper: Completed Call, calling success_handler
2026-09-16 21:47:11 utils.py INFO 
LiteLLM completion() model= qwen/qwen3-coder; provider = openrouter
2026-09-16 21:47:26 utils.py INFO Wrapper: Completed Call, calling success_handler
2026-09-16 21:47:26 utils.py INFO 
LiteLLM completion() model= qwen/qwen3-coder; provider = openrouter
2026-09-16 21:47:45 utils.py INFO Wrapper: Completed Call, calling success_handler
2026-09-16 21:47:45 utils.py INFO 
LiteLLM completion() model= qwen/qwen3-coder; provider = openrouter
2026-09-16 21:48:07 utils.py INFO Wrapper: Completed Call, calling success_handler
2026-09-16 21:48:07 utils.py INFO 
LiteLLM completion() model= qwen/qwen3-coder; provider = openrouter
2026-09-16 21:48:28 utils.py INFO Wrapper: Completed Call, calling success_handler
2026-09-16 21:48:28 utils.py INFO 
LiteLLM completion() model= qwen/qwen3-coder; provider = openrouter
2026-09-16 21:48:59 utils.py INFO Wrapper: Completed Call, calling success_handler
2026-09-16 21:48:59 utils.py INFO 
LiteLLM completion() model= qwen/qwen3-coder; provider = openrouter
2026-09-16 21:49:19 utils.py INFO Wrapper: Completed Call, calling success_handler
2026-09-16 21:49:19 utils.py INFO 
LiteLLM completion() model= qwen/qwen3-coder; provider = openrouter
2026-09-16 21:49:38 utils.py INFO Wrapper: Completed Call, calling success_handler
2026-09-16 21:49:38 utils.py INFO 
LiteLLM completion() model= qwen/qwen3-coder; provider = openrouter
2026-09-16 21:49:57 utils.py INFO Wrapper: Completed Call, calling success_handler
2026-09-16 21:49:57 utils.py INFO 
LiteLLM completion() model= qwen/qwen3-coder; provider = openrouter
2026-09-16 21:50:23 utils.py INFO Wrapper: Completed Call, calling success_handler
2026-09-16 21:50:23 utils.py INFO 
LiteLLM completion() model= qwen/qwen3-coder; provider = openrouter
2026-09-16 21:50:54 utils.py INFO Wrapper: Completed Call, calling success_handler
2026-09-16 21:50:54 utils.py INFO 
LiteLLM completion() model= qwen/qwen3-coder; provider = openrouter
2026-09-16 21:51:22 utils.py INFO Wrapper: Completed Call, calling success_handler
2026-09-16 21:51:22 utils.py INFO 
LiteLLM completion() model= qwen/qwen3-coder; provider = openrouter
2026-09-16 21:51:46 utils.py INFO Wrapper: Completed Call, calling success_handler
2026-09-16 21:51:46 utils.py INFO 
LiteLLM completion() model= qwen/qwen3-coder; provider = openrouter
2026-09-16 21:52:14 utils.py INFO Wrapper: Completed Call, calling success_handler
2026-09-16 21:52:14 utils.py INFO 
LiteLLM completion() model= qwen/qwen3-coder; provider = openrouter
2026-09-16 21:53:04 utils.py INFO Wrapper: Completed Call, calling success_handler
2026-09-16 21:53:04 utils.py INFO 
LiteLLM completion() model= qwen/qwen3-coder; provider = openrouter
2026-09-16 21:54:17 utils.py INFO Wrapper: Completed Call, calling success_handler
2026-09-16 21:54:17 utils.py INFO 
LiteLLM completion() model= qwen/qwen3-coder; provider = openrouter
2026-09-16 21:54:47 utils.py INFO Wrapper: Completed Call, calling success_handler
2026-09-16 21:54:47 utils.py INFO 
LiteLLM completion() model= qwen/qwen3-coder; provider = openrouter
2026-09-16 21:54:50 auto_search_main.py WARNING litellm.BadRequestError: litellm.BadRequestError: OpenrouterException - Upstream error from DeepInfra: This model's maximum context length is 262144 tokens. However, you requested 65536 output tokens and your prompt contains 197006 input tokens, for a total of 262542 tokens. Please reduce the length of the input prompt or the number of requested output tokens. (parameter=input_tokens, value=197006). Classifying attempt as failed.
2026-09-16 21:54:50 auto_search_main.py INFO ==== localizing djangocms-rc-9e33db4f4660 failed, save empty outputs ====
