2026-09-16 22:01:54 auto_search_main.py INFO Limiting evaluation to first 1 instances.
2026-09-16 22:02:00 auto_search_main.py INFO ============================================================
2026-09-16 22:02:00 auto_search_main.py INFO ==== rank 0 setup localize djangocms-rc-b39799f9fc1c ====
2026-09-16 22:02:00 auto_search_main.py INFO ============================================================
2026-09-16 22:02:01 auto_search_main.py INFO ==== rank 0 begin localizing djangocms-rc-b39799f9fc1c ====
2026-09-16 22:02:01 auto_search_main.py INFO ============================================================
2026-09-16 22:02:01 auto_search_main.py INFO ==== djangocms-rc-b39799f9fc1c Count down: attempt 1 ====
2026-09-16 22:02:01 auto_search_main.py INFO ==== djangocms-rc-b39799f9fc1c start auto search ====
2026-09-16 22:02:01 utils.py INFO 
LiteLLM completion() model= qwen/qwen3-coder; provider = openrouter
2026-09-16 22:02:06 utils.py INFO Wrapper: Completed Call, calling success_handler
2026-09-16 22:02:06 auto_search_main.py INFO Executing code:
```
print(explore_tree_structure(**{'start_entities': ['/'], 'traversal_depth': 2, 'dependency_type_filter': "['contains']"}))
```
2026-09-16 22:02:06 auto_search_main.py INFO OBSERVATION:
/
├── contains ── manage.py
│               ├── contains ── manage.py:install_auth_user_model
│               └── contains ── manage.py:DisableMigrations
├── contains ── setup.py
├── contains ── docs
│               ├── contains ── docs/conf.py
│               └── contains ── docs/_ext
├── contains ── cms
│               ├── contains ── cms/toolbar_base.py
│               ├── contains ── cms/context_processors.py
│               ├── contains ── cms/app_base.py
│               ├── contains ── cms/apphook_pool.py
│               ├── contains ── cms/menu_bases.py
│               ├── contains ── cms/plugin_pool.py
│               ├── contains ── cms/app_registration.py
│               ├── contains ── cms/plugin_processors.py
│               ├── contains ── cms/page_rendering.py
│               ├── contains ── cms/cms_menus.py
│               ├── contains ── cms/api.py
│               ├── contains ── cms/constants.py
│               ├── contains ── cms/apps.py
│               ├── contains ── cms/cms_toolbars.py
│               ├── contains ── cms/urls.py
│               ├── contains ── cms/cms_config.py
│               ├── contains ── cms/__init__.py
│               ├── contains ── cms/views.py
│               ├── contains ── cms/appresolver.py
│               ├── contains ── cms/plugin_rendering.py
│               ├── contains ── cms/cms_plugins.py
│               ├── contains ── cms/toolbar_pool.py
│               ├── contains ── cms/exceptions.py
│               ├── contains ── cms/cms_wizards.py
│               ├── contains ── cms/templates.py
│               ├── contains ── cms/plugin_base.py
│               ├── contains ── cms/migrations
│               ├── contains ── cms/middleware
│               ├── contains ── cms/signals
│               ├── contains ── cms/toolbar
│               ├── contains ── cms/models
│               ├── contains ── cms/forms
│               ├── contains ── cms/extensions
│               ├── contains ── cms/wizards
│               ├── contains ── cms/admin
│               ├── contains ── cms/utils
│               ├── contains ── cms/sitemaps
│               ├── contains ── cms/operations
│               ├── contains ── cms/cache
│               ├── contains ── cms/management
│               └── contains ── cms/templatetags
└── contains ── menus
                ├── contains ── menus/models.py
                ├── contains ── menus/modifiers.py
                ├── contains ── menus/base.py
                ├── contains ── menus/utils.py
                ├── contains ── menus/apps.py
                ├── contains ── menus/menu_pool.py
                ├── contains ── menus/__init__.py
                ├── contains ── menus/exceptions.py
                ├── contains ── menus/migrations
                └── contains ── menus/templatetags

2026-09-16 22:02:06 utils.py INFO 
LiteLLM completion() model= qwen/qwen3-coder; provider = openrouter
2026-09-16 22:02:08 utils.py INFO Wrapper: Completed Call, calling success_handler
2026-09-16 22:02:08 auto_search_main.py INFO Executing code:
```
print(explore_tree_structure(**{'start_entities': ['cms/toolbar'], 'traversal_depth': 2, 'dependency_type_filter': "['contains']"}))
```
2026-09-16 22:02:08 auto_search_main.py INFO OBSERVATION:
cms/toolbar
├── contains ── cms/toolbar/toolbar.py
│               ├── contains ── cms/toolbar/toolbar.py:BaseToolbar
│               ├── contains ── cms/toolbar/toolbar.py:CMSToolbar
│               └── contains ── cms/toolbar/toolbar.py:EmptyToolbar
├── contains ── cms/toolbar/utils.py
│               ├── contains ── cms/toolbar/utils.py:get_placeholder_toolbar_js
│               ├── contains ── cms/toolbar/utils.py:get_plugin_toolbar_info
│               ├── contains ── cms/toolbar/utils.py:get_plugin_toolbar_js
│               ├── contains ── cms/toolbar/utils.py:get_plugin_tree_as_json
│               ├── contains ── cms/toolbar/utils.py:get_toolbar_from_request
│               ├── contains ── cms/toolbar/utils.py:add_live_url_querystring_param
│               ├── contains ── cms/toolbar/utils.py:get_object_edit_url
│               ├── contains ── cms/toolbar/utils.py:get_object_preview_url
│               └── contains ── cms/toolbar/utils.py:get_object_structure_url
├── contains ── cms/toolbar/__init__.py
└── contains ── cms/toolbar/items.py
                ├── contains ── cms/toolbar/items.py:ItemSearchResult
                ├── contains ── cms/toolbar/items.py:may_be_lazy
                ├── contains ── cms/toolbar/items.py:ToolbarAPIMixin
                ├── contains ── cms/toolbar/items.py:BaseItem
                ├── contains ── cms/toolbar/items.py:TemplateItem
                ├── contains ── cms/toolbar/items.py:SubMenu
                ├── contains ── cms/toolbar/items.py:Menu
                ├── contains ── cms/toolbar/items.py:LinkItem
                ├── contains ── cms/toolbar/items.py:FrameItem
                ├── contains ── cms/toolbar/items.py:SideframeItem
                ├── contains ── cms/toolbar/items.py:ModalItem
                ├── contains ── cms/toolbar/items.py:AjaxItem
                ├── contains ── cms/toolbar/items.py:Break
                ├── contains ── cms/toolbar/items.py:BaseButton
                ├── contains ── cms/toolbar/items.py:Button
                ├── contains ── cms/toolbar/items.py:ModalButton
                ├── contains ── cms/toolbar/items.py:SideframeButton
                ├── contains ── cms/toolbar/items.py:ButtonList
                ├── contains ── cms/toolbar/items.py:Dropdown
                └── contains ── cms/toolbar/items.py:DropdownToggleButton

2026-09-16 22:02:08 utils.py INFO 
LiteLLM completion() model= qwen/qwen3-coder; provider = openrouter
2026-09-16 22:02:10 utils.py INFO Wrapper: Completed Call, calling success_handler
2026-09-16 22:02:10 auto_search_main.py INFO Executing code:
```
print(explore_tree_structure(**{'start_entities': ['cms/templatetags'], 'traversal_depth': 2, 'dependency_type_filter': "['contains']"}))
```
2026-09-16 22:02:10 auto_search_main.py INFO OBSERVATION:
cms/templatetags
├── contains ── cms/templatetags/cms_alias_tags.py
│               └── contains ── cms/templatetags/cms_alias_tags.py:render_alias_plugin
├── contains ── cms/templatetags/cms_admin.py
│               ├── contains ── cms/templatetags/cms_admin.py:get_admin_url_for_language
│               ├── contains ── cms/templatetags/cms_admin.py:show_admin_menu_for_pages
│               ├── contains ── cms/templatetags/cms_admin.py:get_page_display_name
│               ├── contains ── cms/templatetags/cms_admin.py:tree_publish_row
│               ├── contains ── cms/templatetags/cms_admin.py:render_filter_field
│               ├── contains ── cms/templatetags/cms_admin.py:boolean_icon
│               ├── contains ── cms/templatetags/cms_admin.py:PageSubmitRow
│               ├── contains ── cms/templatetags/cms_admin.py:in_filtered
│               ├── contains ── cms/templatetags/cms_admin.py:admin_static_url
│               ├── contains ── cms/templatetags/cms_admin.py:CMSAdminIconBase
│               └── contains ── cms/templatetags/cms_admin.py:submit_row_plugin
├── contains ── cms/templatetags/cms_js_tags.py
│               ├── contains ── cms/templatetags/cms_js_tags.py:json_filter
│               ├── contains ── cms/templatetags/cms_js_tags.py:bool
│               ├── contains ── cms/templatetags/cms_js_tags.py:render_cms_structure_js
│               ├── contains ── cms/templatetags/cms_js_tags.py:render_plugin_init_js
│               └── contains ── cms/templatetags/cms_js_tags.py:JavascriptString
├── contains ── cms/templatetags/cms_tags.py
│               ├── contains ── cms/templatetags/cms_tags.py:_get_page_by_untyped_arg
│               ├── contains ── cms/templatetags/cms_tags.py:_show_placeholder_by_id
│               ├── contains ── cms/templatetags/cms_tags.py:_show_uncached_placeholder_by_id
│               ├── contains ── cms/templatetags/cms_tags.py:render_extra_menu_items
│               ├── contains ── cms/templatetags/cms_tags.py:render_plugin
│               ├── contains ── cms/templatetags/cms_tags.py:PageUrl
│               ├── contains ── cms/templatetags/cms_tags.py:PlaceholderParser
│               ├── contains ── cms/templatetags/cms_tags.py:PlaceholderOptions
│               ├── contains ── cms/templatetags/cms_tags.py:Placeholder
│               ├── contains ── cms/templatetags/cms_tags.py:RenderPluginBlock
│               ├── contains ── cms/templatetags/cms_tags.py:PageAttribute
│               ├── contains ── cms/templatetags/cms_tags.py:CMSToolbar
│               ├── contains ── cms/templatetags/cms_tags.py:CMSEditableObject
│               ├── contains ── cms/templatetags/cms_tags.py:CMSEditableObjectIcon
│               ├── contains ── cms/templatetags/cms_tags.py:CMSEditableObjectAdd
│               ├── contains ── cms/templatetags/cms_tags.py:CMSEditableObjectAddBlock
│               ├── contains ── cms/templatetags/cms_tags.py:CMSEditableObjectBlock
│               ├── contains ── cms/templatetags/cms_tags.py:StaticPlaceholderNode
│               ├── contains ── cms/templatetags/cms_tags.py:RenderPlaceholder
│               ├── contains ── cms/templatetags/cms_tags.py:RenderUncachedPlaceholder
│               ├── contains ── cms/templatetags/cms_tags.py:EmptyListValue
│               ├── contains ── cms/templatetags/cms_tags.py:MultiValueArgumentBeforeKeywordArgument
│               └── contains ── cms/templatetags/cms_tags.py:CMSAdminURL
├── contains ── cms/templatetags/__init__.py
└── contains ── cms/templatetags/cms_static.py
                ├── contains ── cms/templatetags/cms_static.py:do_static_with_version
                └── contains ── cms/templatetags/cms_static.py:StaticWithVersionNode

2026-09-16 22:02:10 utils.py INFO 
LiteLLM completion() model= qwen/qwen3-coder; provider = openrouter
2026-09-16 22:02:15 utils.py INFO Wrapper: Completed Call, calling success_handler
2026-09-16 22:02:15 auto_search_main.py INFO Executing code:
```
print(explore_tree_structure(**{'start_entities': ['cms/admin'], 'traversal_depth': 2, 'dependency_type_filter': "['contains']"}))
```
2026-09-16 22:02:15 auto_search_main.py INFO OBSERVATION:
cms/admin
├── contains ── cms/admin/pageadmin.py
│               ├── contains ── cms/admin/pageadmin.py:get_site
│               ├── contains ── cms/admin/pageadmin.py:PageAdmin
│               └── contains ── cms/admin/pageadmin.py:PageContentAdmin
├── contains ── cms/admin/placeholderadmin.py
│               ├── contains ── cms/admin/placeholderadmin.py:get_int
│               ├── contains ── cms/admin/placeholderadmin.py:_instance_overrides_method
│               ├── contains ── cms/admin/placeholderadmin.py:FrontendEditableAdminMixin
│               ├── contains ── cms/admin/placeholderadmin.py:PlaceholderAdminMixinBase
│               ├── contains ── cms/admin/placeholderadmin.py:PlaceholderAdminMixin
│               └── contains ── cms/admin/placeholderadmin.py:PlaceholderAdmin
├── contains ── cms/admin/permissionadmin.py
│               ├── contains ── cms/admin/permissionadmin.py:TabularInline
│               ├── contains ── cms/admin/permissionadmin.py:PagePermissionInlineAdmin
│               ├── contains ── cms/admin/permissionadmin.py:ViewRestrictionInlineAdmin
│               └── contains ── cms/admin/permissionadmin.py:GlobalPagePermissionAdmin
├── contains ── cms/admin/useradmin.py
│               ├── contains ── cms/admin/useradmin.py:GenericCmsPermissionAdmin
│               ├── contains ── cms/admin/useradmin.py:PageUserAdmin
│               └── contains ── cms/admin/useradmin.py:PageUserGroupAdmin
├── contains ── cms/admin/forms.py
│               ├── contains ── cms/admin/forms.py:get_permission_accessor
│               ├── contains ── cms/admin/forms.py:get_page_changed_by_filter_choices
│               ├── contains ── cms/admin/forms.py:get_page_template_filter_choices
│               ├── contains ── cms/admin/forms.py:save_permissions
│               ├── contains ── cms/admin/forms.py:CopyPermissionForm
│               ├── contains ── cms/admin/forms.py:BasePageContentForm
│               ├── contains ── cms/admin/forms.py:AddPageForm
│               ├── contains ── cms/admin/forms.py:AddPageTypeForm
│               ├── contains ── cms/admin/forms.py:DuplicatePageForm
│               ├── contains ── cms/admin/forms.py:ChangePageForm
│               ├── contains ── cms/admin/forms.py:AdvancedSettingsForm
│               ├── contains ── cms/admin/forms.py:PageTreeForm
│               ├── contains ── cms/admin/forms.py:MovePageForm
│               ├── contains ── cms/admin/forms.py:CopyPageForm
│               ├── contains ── cms/admin/forms.py:ChangeListForm
│               ├── contains ── cms/admin/forms.py:BasePermissionAdminForm
│               ├── contains ── cms/admin/forms.py:PagePermissionInlineAdminForm
│               ├── contains ── cms/admin/forms.py:ViewRestrictionInlineAdminForm
│               ├── contains ── cms/admin/forms.py:GlobalPagePermissionAdminForm
│               ├── contains ── cms/admin/forms.py:GenericCmsPermissionForm
│               ├── contains ── cms/admin/forms.py:PageUserAddForm
│               ├── contains ── cms/admin/forms.py:PageUserChangeForm
│               ├── contains ── cms/admin/forms.py:PageUserGroupForm
│               ├── contains ── cms/admin/forms.py:PluginAddValidationForm
│               └── contains ── cms/admin/forms.py:RequestToolbarForm
├── contains ── cms/admin/static_placeholder.py
│               └── contains ── cms/admin/static_placeholder.py:StaticPlaceholderAdmin
├── contains ── cms/admin/__init__.py
└── contains ── cms/admin/settingsadmin.py
                └── contains ── cms/admin/settingsadmin.py:SettingsAdmin

2026-09-16 22:02:15 utils.py INFO 
LiteLLM completion() model= qwen/qwen3-coder; provider = openrouter
2026-09-16 22:02:16 utils.py INFO Wrapper: Completed Call, calling success_handler
2026-09-16 22:02:16 auto_search_main.py INFO Executing code:
```
print(search_code_snippets(**{'search_terms': ['status indicator', 'indicator menu', 'draft status']}))
```
2026-09-16 22:02:16 __init__.py DEBUG Building index from IDs objects
2026-09-16 22:02:16 __init__.py DEBUG Building index from IDs objects
2026-09-16 22:02:17 __init__.py DEBUG Building index from IDs objects
2026-09-16 22:02:17 __init__.py DEBUG Building index from IDs objects
2026-09-16 22:02:17 __init__.py DEBUG Building index from IDs objects
2026-09-16 22:02:17 __init__.py DEBUG Building index from IDs objects
2026-09-16 22:02:17 auto_search_main.py INFO OBSERVATION:
cms/admin/pageadmin.py:PageContentAdmin.change_innavigation
cms/toolbar/toolbar.py:CMSToolbar.post_template_populate
cms/toolbar/toolbar.py:CMSToolbar.populate
cms/toolbar/toolbar.py:CMSToolbar._call_toolbar
cms/toolbar/toolbar.py:CMSToolbar.media
cms/cms_menus.py:SoftRootCutter.modify
cms/admin/useradmin.py:PageUserAdmin.get_readonly_fields
cms/admin/useradmin.py:PageUserAdmin
cms/admin/useradmin.py:PageUserAdmin.get_subordinates
cms/admin/useradmin.py:PageUserAdmin.save_model
cms/plugin_base.py:CMSPluginBase.get_cache_expiration
cms/utils/page_permissions.py:user_can_view_page
cms/admin/pageadmin.py:PageAdmin.move_page
cms/cms_menus.py:SoftRootCutter.modify
cms/toolbar/toolbar.py:CMSToolbar.get_or_create_menu
cms/toolbar/items.py:Menu.get_or_create_menu
cms/toolbar/items.py:Menu
menus/menu_pool.py:MenuPool.get_registered_menus
menus/menu_pool.py:MenuPool.get_nodes_by_attribute
menus/menu_pool.py:impl:3
menus/menu_pool.py:MenuPool.get_menus_by_attribute
cms/toolbar/items.py:SubMenu.__repr__
cms/toolbar/items.py:SubMenu.add_break
cms/toolbar/items.py:SubMenu.get_items
cms/toolbar/items.py:SubMenu
cms/toolbar/items.py:SubMenu.__init__
cms/toolbar/items.py:SubMenu.get_context
menus/templatetags/menu_tags.py:ShowSubMenu
cms/admin/pageadmin.py:PageContentAdmin.change_innavigation
cms/management/commands/subcommands/tree.py:FixTreeCommand._update_descendants_tree
cms/toolbar/toolbar.py:CMSToolbar.post_template_populate
cms/toolbar/toolbar.py:CMSToolbar.populate
cms/toolbar/toolbar.py:CMSToolbar._call_toolbar
cms/toolbar/toolbar.py:CMSToolbar.media
cms/api.py:get_page_draft
cms/api.py:publish_page
cms/api.py:publish_pages
cms/utils/page.py:get_clean_username
cms/utils/page.py:get_page_queryset
cms/admin/useradmin.py:PageUserAdmin.get_readonly_fields
cms/admin/useradmin.py:PageUserAdmin
cms/admin/useradmin.py:PageUserAdmin.get_subordinates
cms/admin/useradmin.py:PageUserAdmin.save_model
cms/utils/page_permissions.py:user_can_view_page
cms/plugin_rendering.py:ContentRenderer.render_static_placeholder
cms/plugin_rendering.py:StructureRenderer.render_static_placeholder
cms/plugin_rendering.py:StructureRenderer.render_page_placeholder
cms/admin/pageadmin.py:PageContentAdmin.change_innavigation
cms/cms_menus.py:SoftRootCutter.modify
cms/toolbar/toolbar.py:CMSToolbar.post_template_populate
cms/toolbar/toolbar.py:CMSToolbar.populate
cms/toolbar/toolbar.py:CMSToolbar._call_toolbar
cms/toolbar/toolbar.py:CMSToolbar.media
cms/admin/useradmin.py:PageUserAdmin.get_readonly_fields
cms/admin/useradmin.py:PageUserAdmin
cms/admin/useradmin.py:PageUserAdmin.get_subordinates
cms/admin/useradmin.py:PageUserAdmin.save_model
cms/plugin_base.py:CMSPluginBase.get_cache_expiration
cms/utils/page_permissions.py:user_can_view_page
cms/admin/pageadmin.py:PageAdmin.move_page
##Searching for term "status indicator"...
### Search Result:
Found `cms/utils/admin.py:jsonify_request`.
Source: Retrieved code content using keyword search (bm25).
```
 1 | import json
 2 | 
 3 | from django.http import HttpResponse
 4 | from django.utils.encoding import smart_str
 5 | 
 6 | NOT_FOUND_RESPONSE = "NotFound"
 7 | 
 8 | 
 9 | def jsonify_request(response):
10 |     """ Turn any response in a 200 response to let jQuery code handle it nicely.
11 |         Response contains a json object with the following attributes:
12 |          * status: original response status code
13 |          * content: original response content
14 |     """
15 |     content = {'status': response.status_code, 'content': smart_str(response.content, response.charset)}
16 |     return HttpResponse(json.dumps(content), content_type="application/json")
17 | 
```

Found .
Source: Retrieved code content using keyword search (bm25).
```
 1 | """
 2 | Collection of important constants used throughout django CMS.
 3 | """
 4 | 
 5 | 
 6 | #: The token used to identify when a user selects "inherit" as template for a page.
 7 | TEMPLATE_INHERITANCE_MAGIC = 'INHERIT'
 8 | 
 9 | REFRESH_PAGE = 'REFRESH_PAGE'
10 | """
11 | Supplied to ``on_close`` arguments to refresh the current page when the frame is closed, for
12 | example:
13 | 
14 | ..  code-block:: python
15 | 
16 |     from cms.constants import REFRESH_PAGE
17 | 
18 |     self.toolbar.add_modal_item(
19 |         'Modal item',
20 |         url=modal_url,
21 |         on_close=REFRESH_PAGE
22 |         )
23 | """
24 | 
25 | FOLLOW_REDIRECT = 'FOLLOW_REDIRECT'
26 | URL_CHANGE = 'URL_CHANGE'
27 | 
28 | #: Used as a position indicator in the toolbar: On the right side.
29 | RIGHT = object()  # this is a trick so "foo is RIGHT" will only ever work for this, same goes for LEFT.
30 | 
31 | #: Used as a position indicator in the toolbar: On the left side.
32 | LEFT = object()
33 | 
34 | PAGE_TYPES_ID = "page_types"
35 | PAGE_TREE_POSITIONS = ('last-child', 'first-child', 'left', 'right')
36 | 
37 | #: Used for the ``limit_visibility_in_menu`` keyword argument to
38 | #: :func: `create_page`.Does not limit menu visibility.
39 | VISIBILITY_ALL = None
40 | 
41 | #: Used for the ``limit_visibility_in_menu`` keyword argument to :func: `create_page`.
42 | #: Limits menu visibility to authenticated users.
43 | VISIBILITY_USERS = 1
44 | 
45 | #: Used for the ``limit_visibility_in_menu`` keyword argument to :func: `create_page`.
46 | #: Limits menu visibility to anonymous(not authenticated) users.
47 | VISIBILITY_ANONYMOUS = 2
48 | 
49 | X_FRAME_OPTIONS_INHERIT = 0
50 | X_FRAME_OPTIONS_DENY = 1
51 | X_FRAME_OPTIONS_SAMEORIGIN = 2
52 | X_FRAME_OPTIONS_ALLOW = 3
53 | 
54 | PAGE_USERNAME_MAX_LENGTH = 255
55 | 
56 | SLUG_REGEXP = '[0-9A-Za-z-_.//]+'
57 | 
58 | #: Used for cache control headers: 0 seconds, i.e. now.
59 | EXPIRE_NOW = 0
60 | 
61 | #: Used for cache control headers: 365 * 24 * 3600 seconds, i.e. one year. HTTP specification says
62 | #: max caching should only be up to one year.
63 | MAX_EXPIRATION_TTL = 365 * 24 * 3600
64 | 
65 | PLUGIN_TOOLBAR_JS = "CMS._plugins.push([\"cms-plugin-%(pk)s\", %(config)s]);\n"
66 | 
67 | PLACEHOLDER_TOOLBAR_JS = "CMS._plugins.push([\"cms-placeholder-%(pk)s\", %(config)s]);"
68 | 
69 | # In the permissions system we use user levels to determine
70 | # the depth in which the user has permissions.
71 | # This constant represents a user that can see pages at all depths.
72 | ROOT_USER_LEVEL = -1
73 | 
74 | GRANT_ALL_PERMISSIONS = 'All'
75 | 
76 | PUBLISH_COMMENT = "Publish"
77 | 
78 | SCRIPT_USERNAME = 'script'
79 | 
80 | CMS_CONFIG_NAME = 'cms_config'
81 | 
```

Found file `cms/sitemaps/__init__.py`.
Found file `menus/__init__.py`.
Found file `menus/templatetags/__init__.py`.
Source: Retrieved entity using keyword search (bm25).
Hint: Use more detailed query to get the full content of some if needed.



##Searching for term "status indicator", "draft status", "status indicator indicator menu draft status"...
### Search Result:
Found function `cms/admin/pageadmin.py:PageContentAdmin.change_innavigation`.
Source: Retrieved code content using keyword search (bm25).
```
1329 | def change_innavigation(self, request, object_id):
1330 |         """
1331 |         Switch the in_navigation of a page
1332 |         """
1333 |         page_content = self.get_object(request, object_id=object_id)
1334 | 
1335 |         if not self.has_change_permission(request, obj=page_content):
1336 |             message = _("You do not have permission to change this page's in_navigation status")
1337 |             return HttpResponseForbidden(force_str(message))
1338 | 
1339 |         if page_content is None:
1340 |             raise self._get_404_exception(object_id)
1341 | 
1342 |         page_content.toggle_in_navigation()
1343 |         # 204 -> request was successful but no response returned.
1344 |         return HttpResponse(status=204)
```

Found function `cms/toolbar/toolbar.py:CMSToolbar.post_template_populate`.
Source: Retrieved code content using keyword search (bm25).
```
468 | def post_template_populate(self):
469 |         self.populate()
470 |         if self.post_template_populated:
471 |             return
472 |         self.post_template_populated = True
473 |         # FIXME: In 3.1 we should really update the request/staff status
474 |         # when toolbar is used in the cms_toolbar templatetag
475 |         if not self.request.user.is_staff:
476 |             return
477 |         self._call_toolbar('post_template_populate')
```



##Searching for term "status indicator", "draft status"...
### Search Result:
Found function `cms/toolbar/toolbar.py:CMSToolbar.populate`.
Source: Retrieved code content using keyword search (bm25).
```
454 | def populate(self):
455 |         """
456 |         Populates the toolbar with the CMS items.
457 |         """
458 |         if self.populated:
459 |             return
460 |         self.populated = True
461 |         # never populate the toolbar on is_staff=False
462 |         # FIXME: In 3.1 we should really update the request/staff status
463 |         # when toolbar is used in the cms_toolbar templatetag
464 |         if not self.request.user.is_staff:
465 |             return
466 |         self._call_toolbar('populate')
```



##Searching for term "indicator menu"...
### Search Result:
Found .
Source: Retrieved code content using keyword search (bm25).
```
 1 | """
 2 | Collection of important constants used throughout django CMS.
 3 | """
 4 | 
 5 | 
 6 | #: The token used to identify when a user selects "inherit" as template for a page.
 7 | TEMPLATE_INHERITANCE_MAGIC = 'INHERIT'
 8 | 
 9 | REFRESH_PAGE = 'REFRESH_PAGE'
10 | """
11 | Supplied to ``on_close`` arguments to refresh the current page when the frame is closed, for
12 | example:
13 | 
14 | ..  code-block:: python
15 | 
16 |     from cms.constants import REFRESH_PAGE
17 | 
18 |     self.toolbar.add_modal_item(
19 |         'Modal item',
20 |         url=modal_url,
21 |         on_close=REFRESH_PAGE
22 |         )
23 | """
24 | 
25 | FOLLOW_REDIRECT = 'FOLLOW_REDIRECT'
26 | URL_CHANGE = 'URL_CHANGE'
27 | 
28 | #: Used as a position indicator in the toolbar: On the right side.
29 | RIGHT = object()  # this is a trick so "foo is RIGHT" will only ever work for this, same goes for LEFT.
30 | 
31 | #: Used as a position indicator in the toolbar: On the left side.
32 | LEFT = object()
33 | 
34 | PAGE_TYPES_ID = "page_types"
35 | PAGE_TREE_POSITIONS = ('last-child', 'first-child', 'left', 'right')
36 | 
37 | #: Used for the ``limit_visibility_in_menu`` keyword argument to
38 | #: :func: `create_page`.Does not limit menu visibility.
39 | VISIBILITY_ALL = None
40 | 
41 | #: Used for the ``limit_visibility_in_menu`` keyword argument to :func: `create_page`.
42 | #: Limits menu visibility to authenticated users.
43 | VISIBILITY_USERS = 1
44 | 
45 | #: Used for the ``limit_visibility_in_menu`` keyword argument to :func: `create_page`.
46 | #: Limits menu visibility to anonymous(not authenticated) users.
47 | VISIBILITY_ANONYMOUS = 2
48 | 
49 | X_FRAME_OPTIONS_INHERIT = 0
50 | X_FRAME_OPTIONS_DENY = 1
51 | X_FRAME_OPTIONS_SAMEORIGIN = 2
52 | X_FRAME_OPTIONS_ALLOW = 3
53 | 
54 | PAGE_USERNAME_MAX_LENGTH = 255
55 | 
56 | SLUG_REGEXP = '[0-9A-Za-z-_.//]+'
57 | 
58 | #: Used for cache control headers: 0 seconds, i.e. now.
59 | EXPIRE_NOW = 0
60 | 
61 | #: Used for cache control headers: 365 * 24 * 3600 seconds, i.e. one year. HTTP specification says
62 | #: max caching should only be up to one year.
63 | MAX_EXPIRATION_TTL = 365 * 24 * 3600
64 | 
65 | PLUGIN_TOOLBAR_JS = "CMS._plugins.push([\"cms-plugin-%(pk)s\", %(config)s]);\n"
66 | 
67 | PLACEHOLDER_TOOLBAR_JS = "CMS._plugins.push([\"cms-placeholder-%(pk)s\", %(config)s]);"
68 | 
69 | # In the permissions system we use user levels to determine
70 | # the depth in which the user has permissions.
71 | # This constant represents a user that can see pages at all depths.
72 | ROOT_USER_LEVEL = -1
73 | 
74 | GRANT_ALL_PERMISSIONS = 'All'
75 | 
76 | PUBLISH_COMMENT = "Publish"
77 | 
78 | SCRIPT_USERNAME = 'script'
79 | 
80 | CMS_CONFIG_NAME = 'cms_config'
81 | 
```

Found function `cms/toolbar/toolbar.py:CMSToolbar.get_or_create_menu`.
Source: Retrieved code content using keyword search (bm25).
```
306 | def get_or_create_menu(self, key, verbose_name=None, disabled=False, side=LEFT, position=None):
307 |         """
308 |         If a :class:`~cms.toolbar.items.Menu` with :option:`key` already exists, this method will
309 |         return that menu. Otherwise it will create a menu with the ``key`` identifier.
310 |         """
311 |         self.populate()
312 |         if key in self.menus:
313 |             menu = self.menus[key]
314 |             if verbose_name:
315 |                 menu.name = verbose_name
316 |             if menu.side != side:
317 |                 menu.side = side
318 |             if position:
319 |                 self.remove_item(menu)
320 |                 self.add_item(menu, position=position)
321 |             return menu
322 |         menu = Menu(verbose_name, self.csrf_token, disabled=disabled, side=side)
323 |         self.menus[key] = menu
324 |         self.add_item(menu, position=position)
325 |         return menu
```

Found function `cms/toolbar/items.py:Menu.get_or_create_menu`.
Source: Retrieved code content using keyword search (bm25).
```
325 | def get_or_create_menu(self, key, verbose_name, disabled=False, side=LEFT, position=None):
326 |         """Adds a new sub-menu, at :option:`position`, and returns a :class:`SubMenu`."""
327 |         if key in self.menus:
328 |             return self.menus[key]
329 |         menu = SubMenu(verbose_name, self.csrf_token, disabled=disabled, side=side)
330 |         self.menus[key] = menu
331 |         self.add_item(menu, position=position)
332 |         return menu
```



##Searching for term "indicator menu", "status indicator indicator menu draft status"...
### Search Result:
Found class `menus/base.py:Menu`.
Source: Retrieved entity using keyword search (bm25).
```
 4 | class Menu(object):
 5 |     """The base class for all menu-generating classes."""
 6 |     namespace = None
 7 | 
 8 |     def __init__(self, renderer):
 9 |         self.renderer = renderer
10 | 
11 |         if not self.namespace:
12 |             self.namespace = self.__class__.__name__
13 | 
14 |     def get_nodes(self, request):
15 |         """Each subclass of Menu should return a list of :class:`menus.base.NavigationNode` instances."""
16 |         raise NotImplementedError
```

Found class `cms/toolbar/items.py:Menu`.
Source: Retrieved entity using keyword search (bm25).
```
317 | class Menu(SubMenu):
318 |     """
319 |     Provides a menu in the toolbar. Use a :meth:`CMSToolbar.get_or_create_menu
320 |     <cms.toolbar.toolbar.CMSToolbar.get_or_create_menu>` method to create a ``Menu``
321 |     instance. Can be added to :class:`~cms.toolbar.toolbar.CMSToolbar`.
322 |     """
323 |     sub_level = False
324 | 
325 |     def get_or_create_menu(self, key, verbose_name, disabled=False, side=LEFT, position=None):
326 |         """Adds a new sub-menu, at :option:`position`, and returns a :class:`SubMenu`."""
327 |         if key in self.menus:
328 |             return self.menus[key]
329 |         menu = SubMenu(verbose_name, self.csrf_token, disabled=disabled, side=side)
330 |         self.menus[key] = menu
331 |         self.add_item(menu, position=position)
332 |         return menu
```

Found function `cms/cms_menus.py:SoftRootCutter.modify`.
Source: Retrieved code content using keyword search (bm25).
```
412 | def modify(self, request, nodes, namespace, root_id, post_cut, breadcrumb):
413 |         # only apply this modifier if we're pre-cut (since what we do is cut)
414 |         # or if no id argument is provided, indicating {% show_menu_below_id %}
415 |         if post_cut or root_id:
416 |             return nodes
417 |         selected = None
418 |         root_nodes = []
419 |         # find the selected node as well as all the root nodes
420 |         for node in nodes:
421 |             if node.selected:
422 |                 selected = node
423 |             if not node.parent:
424 |                 root_nodes.append(node)
425 | 
426 |         # if we found a selected ...
427 |         if selected:
428 |             # and the selected is a softroot
429 |             if selected.attr.get("soft_root", False):
430 |                 # get it's descendants
431 |                 nodes = selected.get_descendants()
432 |                 # remove the link to parent
433 |                 selected.parent = None
434 |                 # make the selected page the root in the menu
435 |                 nodes = [selected] + nodes
436 |             else:
437 |                 # if it's not a soft root, walk ancestors (upwards!)
438 |                 nodes = self.find_ancestors_and_remove_children(selected, nodes)
439 |         return nodes
```



##Searching for term "draft status"...
### Search Result:
Found `cms/utils/admin.py:jsonify_request`.
Source: Retrieved code content using keyword search (bm25).
```
 1 | import json
 2 | 
 3 | from django.http import HttpResponse
 4 | from django.utils.encoding import smart_str
 5 | 
 6 | NOT_FOUND_RESPONSE = "NotFound"
 7 | 
 8 | 
 9 | def jsonify_request(response):
10 |     """ Turn any response in a 200 response to let jQuery code handle it nicely.
11 |         Response contains a json object with the following attributes:
12 |          * status: original response status code
13 |          * content: original response content
14 |     """
15 |     content = {'status': response.status_code, 'content': smart_str(response.content, response.charset)}
16 |     return HttpResponse(json.dumps(content), content_type="application/json")
17 | 
```

Found function `cms/api.py:get_page_draft`.
Source: Retrieved entity using keyword search (bm25).
```
550 | def get_page_draft(page):
551 |     """
552 |      .. warning::
553 | 
554 |         The concept of draft pages has been removed from django CMS core in version 4 onward.
555 | 
556 |         For draft functionality see `djangocms-versioning: <https://github.com/django-cms/djangocms-verisoning>`_
557 |     """
558 |     warnings.warn('This API function has been removed', UserWarning)
```

Found function `cms/utils/page_permissions.py:_get_draft_placeholders`.
Source: Retrieved entity using keyword search (bm25).
```
35 | def _get_draft_placeholders(page, language):
36 |     return page.get_placeholders(language)
```

Found function `cms/utils/page_permissions.py:user_can_view_page_draft`.
Source: Retrieved entity using keyword search (bm25).
```
294 | def user_can_view_page_draft(user, page, site=None):
295 |     has_perm = has_generic_permission(
296 |         page=page,
297 |         user=user,
298 |         action='change_page',
299 |         site=site,
300 |     )
301 |     return has_perm
```

Found function `cms/management/commands/subcommands/tree.py:FixTreeCommand._update_descendants_tree`.
Source: Retrieved code content using keyword search (bm25).
```
57 | def _update_descendants_tree(self, root):
58 |         nodes = TreeNode.objects.all()
59 |         descendants_by_parent = OrderedDict()
60 | 
61 |         for descendant in get_descendants(root):
62 |             parent_id = descendant.parent_id
63 |             descendants_by_parent.setdefault(parent_id, []).append(descendant)
64 | 
65 |         for tree in descendants_by_parent.values():
66 |             last_node = None
67 | 
68 |             for node in tree:
69 |                 node.refresh_from_db()
70 | 
71 |                 if last_node:
72 |                     # This is not the first loop so this is not the first draft
73 |                     # child. Set this page a sibling of the last processed
74 |                     # draft page.
75 |                     last_node.refresh_from_db()
76 |                     node.move(target=last_node, pos='right')
77 |                 else:
78 |                     # This is the first time through the loop so this is the first
79 |                     # draft child for this parent.
80 |                     node.move(target=nodes.get(pk=tree[0].parent_id), pos='first-child')
81 |                 last_node = node
```



##Searching for term "status indicator indicator menu draft status"...
### Search Result:
Found `cms/utils/admin.py:jsonify_request`.
Source: Retrieved code content using keyword search (bm25).
```
 1 | import json
 2 | 
 3 | from django.http import HttpResponse
 4 | from django.utils.encoding import smart_str
 5 | 
 6 | NOT_FOUND_RESPONSE = "NotFound"
 7 | 
 8 | 
 9 | def jsonify_request(response):
10 |     """ Turn any response in a 200 response to let jQuery code handle it nicely.
11 |         Response contains a json object with the following attributes:
12 |          * status: original response status code
13 |          * content: original response content
14 |     """
15 |     content = {'status': response.status_code, 'content': smart_str(response.content, response.charset)}
16 |     return HttpResponse(json.dumps(content), content_type="application/json")
17 | 
```

Found .
Source: Retrieved code content using keyword search (bm25).
```
 1 | """
 2 | Collection of important constants used throughout django CMS.
 3 | """
 4 | 
 5 | 
 6 | #: The token used to identify when a user selects "inherit" as template for a page.
 7 | TEMPLATE_INHERITANCE_MAGIC = 'INHERIT'
 8 | 
 9 | REFRESH_PAGE = 'REFRESH_PAGE'
10 | """
11 | Supplied to ``on_close`` arguments to refresh the current page when the frame is closed, for
12 | example:
13 | 
14 | ..  code-block:: python
15 | 
16 |     from cms.constants import REFRESH_PAGE
17 | 
18 |     self.toolbar.add_modal_item(
19 |         'Modal item',
20 |         url=modal_url,
21 |         on_close=REFRESH_PAGE
22 |         )
23 | """
24 | 
25 | FOLLOW_REDIRECT = 'FOLLOW_REDIRECT'
26 | URL_CHANGE = 'URL_CHANGE'
27 | 
28 | #: Used as a position indicator in the toolbar: On the right side.
29 | RIGHT = object()  # this is a trick so "foo is RIGHT" will only ever work for this, same goes for LEFT.
30 | 
31 | #: Used as a position indicator in the toolbar: On the left side.
32 | LEFT = object()
33 | 
34 | PAGE_TYPES_ID = "page_types"
35 | PAGE_TREE_POSITIONS = ('last-child', 'first-child', 'left', 'right')
36 | 
37 | #: Used for the ``limit_visibility_in_menu`` keyword argument to
38 | #: :func: `create_page`.Does not limit menu visibility.
39 | VISIBILITY_ALL = None
40 | 
41 | #: Used for the ``limit_visibility_in_menu`` keyword argument to :func: `create_page`.
42 | #: Limits menu visibility to authenticated users.
43 | VISIBILITY_USERS = 1
44 | 
45 | #: Used for the ``limit_visibility_in_menu`` keyword argument to :func: `create_page`.
46 | #: Limits menu visibility to anonymous(not authenticated) users.
47 | VISIBILITY_ANONYMOUS = 2
48 | 
49 | X_FRAME_OPTIONS_INHERIT = 0
50 | X_FRAME_OPTIONS_DENY = 1
51 | X_FRAME_OPTIONS_SAMEORIGIN = 2
52 | X_FRAME_OPTIONS_ALLOW = 3
53 | 
54 | PAGE_USERNAME_MAX_LENGTH = 255
55 | 
56 | SLUG_REGEXP = '[0-9A-Za-z-_.//]+'
57 | 
58 | #: Used for cache control headers: 0 seconds, i.e. now.
59 | EXPIRE_NOW = 0
60 | 
61 | #: Used for cache control headers: 365 * 24 * 3600 seconds, i.e. one year. HTTP specification says
62 | #: max caching should only be up to one year.
63 | MAX_EXPIRATION_TTL = 365 * 24 * 3600
64 | 
65 | PLUGIN_TOOLBAR_JS = "CMS._plugins.push([\"cms-plugin-%(pk)s\", %(config)s]);\n"
66 | 
67 | PLACEHOLDER_TOOLBAR_JS = "CMS._plugins.push([\"cms-placeholder-%(pk)s\", %(config)s]);"
68 | 
69 | # In the permissions system we use user levels to determine
70 | # the depth in which the user has permissions.
71 | # This constant represents a user that can see pages at all depths.
72 | ROOT_USER_LEVEL = -1
73 | 
74 | GRANT_ALL_PERMISSIONS = 'All'
75 | 
76 | PUBLISH_COMMENT = "Publish"
77 | 
78 | SCRIPT_USERNAME = 'script'
79 | 
80 | CMS_CONFIG_NAME = 'cms_config'
81 | 
```

2026-09-16 22:02:17 utils.py INFO 
LiteLLM completion() model= qwen/qwen3-coder; provider = openrouter
2026-09-16 22:02:19 utils.py INFO Wrapper: Completed Call, calling success_handler
2026-09-16 22:02:19 auto_search_main.py INFO Executing code:
```
print(search_code_snippets(**{'search_terms': ['scss', 'css', 'indicator']}))
```
2026-09-16 22:02:19 __init__.py DEBUG Building index from IDs objects
2026-09-16 22:02:19 __init__.py DEBUG Building index from IDs objects
2026-09-16 22:02:20 __init__.py DEBUG Building index from IDs objects
2026-09-16 22:02:20 __init__.py DEBUG Building index from IDs objects
2026-09-16 22:02:20 __init__.py DEBUG Building index from IDs objects
2026-09-16 22:02:20 __init__.py DEBUG Building index from IDs objects
2026-09-16 22:02:20 __init__.py DEBUG Building index from IDs objects
2026-09-16 22:02:20 __init__.py DEBUG Building index from IDs objects
2026-09-16 22:02:21 auto_search_main.py INFO OBSERVATION:
cms/migrations/0024_set_plugin_absolute_position.py:Migration
cms/migrations/0024_set_plugin_absolute_position.py:set_plugin_absolute_position
cms/migrations/0030_auto_20180810_0629.py:set_page_url
cms/migrations/0030_auto_20180810_0629.py:Migration
cms/forms/widgets.py:PageSmartLinkWidget
cms/forms/widgets.py:PageSmartLinkWidget.get_ajax_url
cms/forms/widgets.py:PageSmartLinkWidget.Media
cms/forms/widgets.py:PageSmartLinkWidget.__init__
cms/wizards/forms.py:WizardStep2BaseForm
cms/wizards/forms.py:WizardStep1Form
cms/wizards/forms.py:WizardStep1Form.get_wizard_entries
cms/wizards/forms.py:WizardStep1Form:2
cms/wizards/forms.py:WizardStep1Form.__init__
cms/wizards/forms.py:WizardStep1Form.Media
cms/utils/check.py:check_sekizai
docs/conf.py:impl:53
docs/conf.py:docstring:27
docs/conf.py:impl:57
cms/cms_menus.py:SoftRootCutter.modify
cms/plugin_base.py:CMSPluginBase.get_cache_expiration
cms/migrations/0024_set_plugin_absolute_position.py:Migration
cms/migrations/0024_set_plugin_absolute_position.py:set_plugin_absolute_position
cms/forms/widgets.py:PageSmartLinkWidget
cms/forms/widgets.py:PageSmartLinkWidget.get_ajax_url
cms/forms/widgets.py:PageSmartLinkWidget.Media
cms/forms/widgets.py:PageSmartLinkWidget.__init__
cms/wizards/forms.py:WizardStep2BaseForm
cms/wizards/forms.py:WizardStep1Form
cms/wizards/forms.py:WizardStep1Form.get_wizard_entries
cms/wizards/forms.py:WizardStep1Form:2
cms/wizards/forms.py:WizardStep1Form.__init__
cms/wizards/forms.py:WizardStep1Form.Media
cms/utils/check.py:check_sekizai
cms/cms_menus.py:SoftRootCutter.modify
cms/plugin_base.py:CMSPluginBase.get_cache_expiration
docs/conf.py:impl:53
docs/conf.py:docstring:27
docs/conf.py:impl:57
##Searching for term "scss"...
### Search Result:
Found `cms/migrations/0025_remove_plugin_tree_fields.py:Migration`.
Source: Retrieved code content using keyword search (bm25).
```
 1 | # Generated by Django 1.11.12 on 2018-05-29 14:39
 2 | from __future__ import unicode_literals
 3 | 
 4 | from django.db import migrations, models
 5 | 
 6 | 
 7 | class Migration(migrations.Migration):
 8 | 
 9 |     dependencies = [
10 |         ('cms', '0024_set_plugin_absolute_position'),
11 |     ]
12 | 
13 |     operations = [
14 |         migrations.AlterModelOptions(
15 |             name='cmsplugin',
16 |             options={'ordering': ('position',)},
17 |         ),
18 |         migrations.AlterField(
19 |             model_name='cmsplugin',
20 |             name='position',
21 |             field=models.SmallIntegerField(default=1, editable=False, verbose_name='position'),
22 |         ),
23 |         migrations.AlterUniqueTogether(
24 |             name='cmsplugin',
25 |             unique_together=set([('placeholder', 'language', 'position')]),
26 |         ),
27 |         migrations.AddIndex(
28 |             model_name='cmsplugin',
29 |             index=models.Index(fields=['placeholder', 'language', 'position'], name='cms_cmsplug_placeho_3f2b0f_idx'),
30 |         ),
31 |         migrations.RemoveField(
32 |             model_name='cmsplugin',
33 |             name='depth',
34 |         ),
35 |         migrations.RemoveField(
36 |             model_name='cmsplugin',
37 |             name='numchild',
38 |         ),
39 |         migrations.RemoveField(
40 |             model_name='cmsplugin',
41 |             name='path',
42 |         ),
43 |     ]
44 | 
```

Found `cms/migrations/0026_title_placeholders.py:Migration`.
Source: Retrieved code content using keyword search (bm25).
```
 1 | # Generated by Django 1.11 on 2018-07-02 16:17
 2 | from __future__ import unicode_literals
 3 | 
 4 | from django.db import migrations, models
 5 | 
 6 | 
 7 | class Migration(migrations.Migration):
 8 | 
 9 |     dependencies = [
10 |         ('cms', '0025_remove_plugin_tree_fields'),
11 |     ]
12 | 
13 |     operations = [
14 |         migrations.AddField(
15 |             model_name='title',
16 |             name='placeholders',
17 |             field=models.ManyToManyField(editable=False, to='cms.Placeholder'),
18 |         ),
19 |         # Temporary field used by migration 0027
20 |         migrations.AddField(
21 |             model_name='placeholder',
22 |             name='title_id',
23 |             field=models.PositiveSmallIntegerField(null=True),
24 |         ),
25 |     ]
26 | 
```

Found `cms/migrations/0027_title_placeholders_data_migration.py:forwards`, `cms/migrations/0027_title_placeholders_data_migration.py:Migration`.
Source: Retrieved code content using keyword search (bm25).
```
  1 | from __future__ import unicode_literals
  2 | from collections import defaultdict
  3 | import warnings
  4 | 
  5 | from django.db import migrations, models
  6 | 
  7 | """
  8 | # Current / Previous Placeholder structure
  9 | Title id 1
 10 | Title id 2
 11 | Page id 1
 12 |     - Placeholder 1
 13 |         - Plugin 1 lang 1
 14 |         - Plugin 5 lang 2
 15 |     - Placeholder 2
 16 |         - Plugin 3 lang 1
 17 |         - Plugin 4 lang 1
 18 | 
 19 | # New Title Placeholder structure
 20 | Page 1
 21 |     - Title id 1
 22 |         - Placeholder 1
 23 |             - Plugin 1 lang 1
 24 |         - Placeholder 2
 25 |             - Plugin 3 lang 1
 26 |             - Plugin 4 lang 1
 27 |     - Title id 2
 28 |         - Placeholder 1
 29 |             - Plugin 5 lang 2
 30 | """
 31 | 
 32 | 
 33 | def forwards(apps, schema_editor):
 34 |     Page = apps.get_model('cms', 'Page')
 35 |     Plugin = apps.get_model('cms', 'CMSPlugin')
 36 |     Placeholder = apps.get_model('cms', 'Placeholder')
 37 |     db_alias = schema_editor.connection.alias
 38 |     cms_pages = (
 39 |         Page
 40 |         .objects
 41 |         .using(db_alias)
 42 |         .filter(placeholders__isnull=False)
 43 |         .distinct()
 44 |         .prefetch_related('placeholders', 'title_set')
 45 |     )
 46 |     new_placeholders = []
 47 |     old_placeholder_ids = []
 48 | 
 49 |     for page in cms_pages:
 50 |         for title in page.title_set.all():
 51 |             for placeholder in page.placeholders.all():
 52 |                 new_placeholder = Placeholder(
 53 |                     slot=placeholder.slot,
 54 |                     default_width=placeholder.default_width,
 55 |                     title_id=title.pk,
 56 |                 )
 57 |                 new_placeholders.append(new_placeholder)
 58 |                 old_placeholder_ids.append(placeholder.pk)
 59 | 
 60 |     # Create all new placeholders
 61 |     Placeholder.objects.using(db_alias).bulk_create(new_placeholders)
 62 | 
 63 |     # Map out all new placeholders by title id
 64 |     placeholders_by_title = defaultdict(list)
 65 |     new_placeholder_lookup = (
 66 |         Placeholder
 67 |         .objects
 68 |         .using(db_alias)
 69 |         .filter(title_id__isnull=False)
 70 |     )
 71 | 
 72 |     for new_pl in new_placeholder_lookup.iterator():
 73 |         placeholders_by_title[new_pl.title_id].append(new_pl)
 74 | 
 75 |     for page in cms_pages:
 76 |         for translation in page.title_set.all():
 77 |             new_placeholders = placeholders_by_title[translation.pk]
 78 | 
 79 |             for new_placeholder in new_placeholders:
 80 |                 # Move all plugins whose language matches
 81 |                 # the current translation and are hosted on the
 82 |                 # current placeholder slot to point to the new title placeholder.
 83 |                 Plugin.objects.filter(
 84 |                     language=translation.language,
 85 |                     placeholder__page=page,
 86 |                     placeholder__slot=new_placeholder.slot,
 87 |                 ).update(placeholder_id=new_placeholder.pk)
 88 |             # Attach the new placeholders to the title
 89 |             translation.placeholders.set(new_placeholders)
 90 | 
 91 |     # Gather the old placeholders
 92 |     old_placeholders = (
 93 |         Placeholder
 94 |         .objects
 95 |         .using(db_alias)
 96 |         .filter(pk__in=old_placeholder_ids)
 97 |         .annotate(plugin_count=models.Count('cmsplugin'))
 98 |     )
 99 | 
100 |     if old_placeholders.filter(plugin_count__gt=0).exists():
101 |         warnings.warn(
102 |             "There's placeholders in your database "
103 |             "with plugins in a language that's not configured "
104 |             "These placeholders and its plugins are not in use and can be removed.",
105 |             UserWarning,
106 |         )
107 | 
108 |     # Delete all old placeholders that have no plugins
109 |     old_placeholders.filter(plugin_count=0).delete()
110 | 
111 | 
112 | class Migration(migrations.Migration):
113 | 
114 |     dependencies = [
115 |         ('cms', '0026_title_placeholders'),
116 |     ]
117 | 
118 |     operations = [
119 |         migrations.RunPython(forwards)
120 |     ]
121 | 
```

Found `cms/migrations/0028_remove_page_placeholders.py:Migration`.
Source: Retrieved code content using keyword search (bm25).
```
 1 | # Generated by Django 1.11 on 2018-07-03 09:39
 2 | from __future__ import unicode_literals
 3 | 
 4 | from django.db import migrations
 5 | 
 6 | 
 7 | class Migration(migrations.Migration):
 8 | 
 9 |     dependencies = [
10 |         ('cms', '0027_title_placeholders_data_migration'),
11 |     ]
12 | 
13 |     operations = [
14 |         migrations.RemoveField(
15 |             model_name='page',
16 |             name='placeholders',
17 |         ),
18 |         migrations.RemoveField(
19 |             model_name='placeholder',
20 |             name='title_id',
21 |         ),
22 |     ]
23 | 
```

Found file `cms/constants.py`.
Found file `cms/apps.py`.
Source: Retrieved entity using keyword search (bm25).
Hint: Use more detailed query to get the full content of some if needed.



##Searching for term "scss", "css"...
### Search Result:
Found file `cms/urls.py`.
Source: Retrieved entity using keyword search (bm25).
Hint: Search `cms/urls.py` for the full content if needed.



##Searching for term "scss", "indicator"...
### Search Result:
Found class `cms/migrations/0024_set_plugin_absolute_position.py:Migration`.
Source: Retrieved code content using keyword search (bm25).
```
59 | class Migration(migrations.Migration):
60 | 
61 |     dependencies = [
62 |         ('cms', '0023_placeholder_source_field'),
63 |     ]
64 | 
65 |     operations = [
66 |         migrations.RunPython(set_plugin_absolute_position),
67 |     ]
```



##Searching for term "css"...
### Search Result:
Found `cms/templatetags/cms_static.py:do_static_with_version`, `cms/templatetags/cms_static.py:StaticWithVersionNode`, `cms/templatetags/cms_static.py:StaticWithVersionNode.url`.
Source: Retrieved code content using keyword search (bm25).
```
 1 | from django import template
 2 | from django.templatetags.static import StaticNode
 3 | 
 4 | from cms.utils.urlutils import static_with_version
 5 | 
 6 | register = template.Library()
 7 | 
 8 | 
 9 | @register.tag('static_with_version')
10 | def do_static_with_version(parser, token):
11 |     """
12 |     Joins the given path with the STATIC_URL setting
13 |     and appends the CMS version as a GET parameter.
14 | 
15 |     Usage::
16 |         {% static_with_version path [as varname] %}
17 |     Examples::
18 |         {% static_with_version "myapp/css/base.css" %}
19 |         {% static_with_version variable_with_path %}
20 |         {% static_with_version "myapp/css/base.css" as admin_base_css %}
21 |         {% static_with_version variable_with_path as varname %}
22 |     """
23 |     return StaticWithVersionNode.handle_token(parser, token)
24 | 
25 | 
26 | class StaticWithVersionNode(StaticNode):
27 | 
28 |     def url(self, context):
29 |         path = self.path.resolve(context)
30 |         path_with_version = static_with_version(path)
31 | 
32 |         return self.handle_simple(path_with_version)
33 | 
```

Found file `cms/cms_menus.py`.
Found file `cms/views.py`.
Source: Retrieved entity using keyword search (bm25).
Hint: Use more detailed query to get the full content of some if needed.



##Searching for term "css", "scss css indicator"...
### Search Result:
Found class `cms/forms/widgets.py:PageSmartLinkWidget`.
Source: Retrieved code content using keyword search (bm25).
```
 98 | class PageSmartLinkWidget(TextInput):
 99 |     template_name = 'cms/widgets/pagesmartlinkwidget.html'
100 | 
101 |     class Media:
102 |         css = {
103 |             'all': (
104 |                 'cms/js/select2/select2.css',
105 |                 'cms/js/select2/select2-bootstrap.css',
106 |             )
107 |         }
108 |         js = (
109 |             static_with_version('cms/js/dist/bundle.forms.pagesmartlinkwidget.min.js'),
110 |         )
111 | 
112 |     def __init__(self, attrs=None, ajax_view=None):
113 |         super().__init__(attrs)
114 |         self.ajax_url = self.get_ajax_url(ajax_view=ajax_view)
115 | 
116 |     def get_ajax_url(self, ajax_view):
117 |         try:
118 |             return reverse_lazy(ajax_view)
119 |         except NoReverseMatch:
120 |             raise Exception(
121 |                 'You should provide an ajax_view argument that can be reversed to the PageSmartLinkWidget'
122 |             )
123 | 
124 |     def _build_script(self, name, value, attrs={}):
125 |         return r"""<script type="text/javascript">
126 |             var CMS = window.CMS || {};
127 | 
128 |             CMS.Widgets = CMS.Widgets || {};
129 |             CMS.Widgets._pageSmartLinkWidgets = CMS.Widgets._pageSmartLinkWidgets || [];
130 |             CMS.Widgets._pageSmartLinkWidgets.push({
131 |                 id: '%(element_id)s',
132 |                 text: '%(placeholder_text)s',
133 |                 lang: '%(language_code)s',
134 |                 url: '%(ajax_url)s'
135 |             });
136 |         </script>""" % {
137 |             'element_id': attrs.get('id', ''),
138 |             'placeholder_text': attrs.get('placeholder_text', ''),
139 |             'language_code': self.language,
140 |             'ajax_url': force_str(self.ajax_url)
141 |         }
142 | 
143 |     def get_context(self, name, value, attrs):
144 |         context = super().get_context(name, value, attrs)
145 |         context['widget']['script_init'] = self._build_script(name, value, context['widget']['attrs'])
146 |         return context
```

Found class `cms/wizards/forms.py:WizardStep2BaseForm`.
Source: Retrieved code content using keyword search (bm25).
```
89 | class WizardStep2BaseForm(BaseFormMixin):
90 |     pass
```



##Searching for term "indicator"...
### Search Result:
Found .
Source: Retrieved code content using keyword search (bm25).
```
 1 | """
 2 | Collection of important constants used throughout django CMS.
 3 | """
 4 | 
 5 | 
 6 | #: The token used to identify when a user selects "inherit" as template for a page.
 7 | TEMPLATE_INHERITANCE_MAGIC = 'INHERIT'
 8 | 
 9 | REFRESH_PAGE = 'REFRESH_PAGE'
10 | """
11 | Supplied to ``on_close`` arguments to refresh the current page when the frame is closed, for
12 | example:
13 | 
14 | ..  code-block:: python
15 | 
16 |     from cms.constants import REFRESH_PAGE
17 | 
18 |     self.toolbar.add_modal_item(
19 |         'Modal item',
20 |         url=modal_url,
21 |         on_close=REFRESH_PAGE
22 |         )
23 | """
24 | 
25 | FOLLOW_REDIRECT = 'FOLLOW_REDIRECT'
26 | URL_CHANGE = 'URL_CHANGE'
27 | 
28 | #: Used as a position indicator in the toolbar: On the right side.
29 | RIGHT = object()  # this is a trick so "foo is RIGHT" will only ever work for this, same goes for LEFT.
30 | 
31 | #: Used as a position indicator in the toolbar: On the left side.
32 | LEFT = object()
33 | 
34 | PAGE_TYPES_ID = "page_types"
35 | PAGE_TREE_POSITIONS = ('last-child', 'first-child', 'left', 'right')
36 | 
37 | #: Used for the ``limit_visibility_in_menu`` keyword argument to
38 | #: :func: `create_page`.Does not limit menu visibility.
39 | VISIBILITY_ALL = None
40 | 
41 | #: Used for the ``limit_visibility_in_menu`` keyword argument to :func: `create_page`.
42 | #: Limits menu visibility to authenticated users.
43 | VISIBILITY_USERS = 1
44 | 
45 | #: Used for the ``limit_visibility_in_menu`` keyword argument to :func: `create_page`.
46 | #: Limits menu visibility to anonymous(not authenticated) users.
47 | VISIBILITY_ANONYMOUS = 2
48 | 
49 | X_FRAME_OPTIONS_INHERIT = 0
50 | X_FRAME_OPTIONS_DENY = 1
51 | X_FRAME_OPTIONS_SAMEORIGIN = 2
52 | X_FRAME_OPTIONS_ALLOW = 3
53 | 
54 | PAGE_USERNAME_MAX_LENGTH = 255
55 | 
56 | SLUG_REGEXP = '[0-9A-Za-z-_.//]+'
57 | 
58 | #: Used for cache control headers: 0 seconds, i.e. now.
59 | EXPIRE_NOW = 0
60 | 
61 | #: Used for cache control headers: 365 * 24 * 3600 seconds, i.e. one year. HTTP specification says
62 | #: max caching should only be up to one year.
63 | MAX_EXPIRATION_TTL = 365 * 24 * 3600
64 | 
65 | PLUGIN_TOOLBAR_JS = "CMS._plugins.push([\"cms-plugin-%(pk)s\", %(config)s]);\n"
66 | 
67 | PLACEHOLDER_TOOLBAR_JS = "CMS._plugins.push([\"cms-placeholder-%(pk)s\", %(config)s]);"
68 | 
69 | # In the permissions system we use user levels to determine
70 | # the depth in which the user has permissions.
71 | # This constant represents a user that can see pages at all depths.
72 | ROOT_USER_LEVEL = -1
73 | 
74 | GRANT_ALL_PERMISSIONS = 'All'
75 | 
76 | PUBLISH_COMMENT = "Publish"
77 | 
78 | SCRIPT_USERNAME = 'script'
79 | 
80 | CMS_CONFIG_NAME = 'cms_config'
81 | 
```

Found function `cms/cms_menus.py:SoftRootCutter.modify`.
Source: Retrieved code content using keyword search (bm25).
```
412 | def modify(self, request, nodes, namespace, root_id, post_cut, breadcrumb):
413 |         # only apply this modifier if we're pre-cut (since what we do is cut)
414 |         # or if no id argument is provided, indicating {% show_menu_below_id %}
415 |         if post_cut or root_id:
416 |             return nodes
417 |         selected = None
418 |         root_nodes = []
419 |         # find the selected node as well as all the root nodes
420 |         for node in nodes:
421 |             if node.selected:
422 |                 selected = node
423 |             if not node.parent:
424 |                 root_nodes.append(node)
425 | 
426 |         # if we found a selected ...
427 |         if selected:
428 |             # and the selected is a softroot
429 |             if selected.attr.get("soft_root", False):
430 |                 # get it's descendants
431 |                 nodes = selected.get_descendants()
432 |                 # remove the link to parent
433 |                 selected.parent = None
434 |                 # make the selected page the root in the menu
435 |                 nodes = [selected] + nodes
436 |             else:
437 |                 # if it's not a soft root, walk ancestors (upwards!)
438 |                 nodes = self.find_ancestors_and_remove_children(selected, nodes)
439 |         return nodes
```

Found function `cms/plugin_base.py:CMSPluginBase.get_cache_expiration`.
Source: Retrieved code content using keyword search (bm25).
```
311 | def get_cache_expiration(self, request, instance, placeholder):
312 |         """
313 |         Provides hints to the placeholder, and in turn to the page for
314 |         determining the appropriate Cache-Control headers to add to the
315 |         HTTPResponse object.
316 | 
317 |         :param request: Relevant ``HTTPRequest`` instance.
318 |         :param instance: The ``CMSPlugin`` instance that is being rendered.
319 |         :rtype: ``None`` or ``datetime`` or ```time_delta`` or ``int``
320 | 
321 |         Must return one of:
322 | 
323 |         :``None``:
324 |             This means the placeholder and the page will not even
325 |             consider this plugin when calculating the page expiration;
326 | 
327 |         :``datetime``:
328 |             A specific date and time (timezone-aware) in the future
329 |             when this plugin's content expires;
330 | 
331 |             .. important:: The returned ``datetime`` must be timezone-aware
332 |                            or the plugin will be ignored (with a warning)
333 |                            during expiration calculations.
334 | 
335 | 
336 |         :``datetime.timedelta``:
337 |             A timedelta instance indicating how long, relative to
338 |             the response timestamp that the content can be cached;
339 | 
340 |         :``int``:
341 |             An integer number of seconds that this plugin's content can be cached.
342 | 
343 |         There are constants are defined in ``cms.constants`` that may be
344 |         useful: :const:`~cms.constants.EXPIRE_NOW` and :data:`~cms.constants.MAX_EXPIRATION_TTL`.
345 | 
346 |         An integer value of 0 (zero) or :const:`~cms.constants.EXPIRE_NOW` effectively means "do not
347 |         cache". Negative values will be treated as `EXPIRE_NOW`. Values exceeding the value
348 |         `~cms.constants.MAX_EXPIRATION_TTL` will be set to that value.
349 | 
350 |         Negative `timedelta` values or those greater than `MAX_EXPIRATION_TTL`
351 |         will also be ranged in the same manner.
352 | 
353 |         Similarly, `datetime` values earlier than now will be treated as
354 |         `EXPIRE_NOW`. Values greater than `MAX_EXPIRATION_TTL` seconds in the
355 |         future will be treated as `MAX_EXPIRATION_TTL` seconds in the future.
356 |         """
357 |         return None
```

Found function `cms/migrations/0024_set_plugin_absolute_position.py:set_plugin_absolute_position`.
Source: Retrieved code content using keyword search (bm25).
```
27 | def set_plugin_absolute_position(apps, schema_editor):
28 |     db_alias = schema_editor.connection.alias
29 |     CMSPlugin = apps.get_model('cms', 'CMSPlugin')
30 |     Placeholder = apps.get_model('cms', 'Placeholder')
31 |     placeholders = Placeholder.objects.using(db_alias).all()
32 |     all_languages = (
33 |         CMSPlugin
34 |         .objects
35 |         .using(db_alias)
36 |         .values_list('language', flat=True)
37 |         .distinct()
38 |     )
39 | 
40 |     for placeholder in placeholders:
41 |         for language in all_languages:
42 |             position = 1
43 |             plugins = placeholder.cmsplugin_set.filter(language=language)
44 |             root_plugin_ids = (
45 |                 plugins
46 |                 .filter(parent__isnull=True)
47 |                 .order_by('position')
48 |                 .values_list('pk', flat=True)
49 |             )
50 |             for root_id in root_plugin_ids:
51 |                 plugins.filter(pk=root_id).update(position=position)
52 |                 position +=1
53 | 
54 |                 for desc_id in get_descendant_ids(CMSPlugin, root_id=root_id):
55 |                     plugins.filter(pk=desc_id).update(position=position)
56 |                     position += 1
```

Found file `cms/toolbar/__init__.py`.
Found file `cms/migrations/__init__.py`.
Source: Retrieved entity using keyword search (bm25).
Hint: Use more detailed query to get the full content of some if needed.



##Searching for term "indicator", "scss css indicator"...
### Search Result:
Found file `cms/__init__.py`.
Source: Retrieved entity using keyword search (bm25).
Hint: Search `cms/__init__.py` for the full content if needed.



##Searching for term "scss css indicator"...
### Search Result:
Found `cms/templatetags/cms_static.py:do_static_with_version`, `cms/templatetags/cms_static.py:StaticWithVersionNode`, `cms/templatetags/cms_static.py:StaticWithVersionNode.url`.
Source: Retrieved code content using keyword search (bm25).
```
 1 | from django import template
 2 | from django.templatetags.static import StaticNode
 3 | 
 4 | from cms.utils.urlutils import static_with_version
 5 | 
 6 | register = template.Library()
 7 | 
 8 | 
 9 | @register.tag('static_with_version')
10 | def do_static_with_version(parser, token):
11 |     """
12 |     Joins the given path with the STATIC_URL setting
13 |     and appends the CMS version as a GET parameter.
14 | 
15 |     Usage::
16 |         {% static_with_version path [as varname] %}
17 |     Examples::
18 |         {% static_with_version "myapp/css/base.css" %}
19 |         {% static_with_version variable_with_path %}
20 |         {% static_with_version "myapp/css/base.css" as admin_base_css %}
21 |         {% static_with_version variable_with_path as varname %}
22 |     """
23 |     return StaticWithVersionNode.handle_token(parser, token)
24 | 
25 | 
26 | class StaticWithVersionNode(StaticNode):
27 | 
28 |     def url(self, context):
29 |         path = self.path.resolve(context)
30 |         path_with_version = static_with_version(path)
31 | 
32 |         return self.handle_simple(path_with_version)
33 | 
```

Found file `cms/signals/__init__.py`.
Found file `cms/forms/validators.py`.
Source: Retrieved entity using keyword search (bm25).
Hint: Use more detailed query to get the full content of some if needed.

2026-09-16 22:02:21 utils.py INFO 
LiteLLM completion() model= qwen/qwen3-coder; provider = openrouter
2026-09-16 22:02:23 utils.py INFO Wrapper: Completed Call, calling success_handler
2026-09-16 22:02:23 auto_search_main.py INFO convert none fncall messages failed.
2026-09-16 22:02:23 utils.py INFO 
LiteLLM completion() model= qwen/qwen3-coder; provider = openrouter
2026-09-16 22:02:25 utils.py INFO Wrapper: Completed Call, calling success_handler
2026-09-16 22:02:25 auto_search_main.py INFO convert none fncall messages failed.
2026-09-16 22:02:25 utils.py INFO 
LiteLLM completion() model= qwen/qwen3-coder; provider = openrouter
2026-09-16 22:02:27 utils.py INFO Wrapper: Completed Call, calling success_handler
2026-09-16 22:02:27 auto_search_main.py INFO convert none fncall messages failed.
2026-09-16 22:02:27 utils.py INFO 
LiteLLM completion() model= qwen/qwen3-coder; provider = openrouter
2026-09-16 22:02:29 utils.py INFO Wrapper: Completed Call, calling success_handler
2026-09-16 22:02:29 auto_search_main.py INFO Executing code:
```
print(explore_tree_structure(**{'start_entities': ['cms/templates'], 'traversal_depth': 2, 'dependency_type_filter': "['contains']"}))
```
2026-09-16 22:02:29 __init__.py DEBUG Building index from IDs objects
2026-09-16 22:02:29 auto_search_main.py INFO OBSERVATION:
The entity name `cms/templates` is invalid. Based on your input, here are some candidate entities you might be referring to:
file: `cms/templates.py`
class: `cms/templates.py:TemplatesCache`
function: `cms/templates.py:TemplatesCache.dragbar_template`
function: `cms/plugin_rendering.py:BaseRenderer.templates`
function: `cms/templates.py:TemplatesCache.placeholder_plugin_menu_template`
Source: Retrieved entity using keyword search (bm25).

2026-09-16 22:02:29 utils.py INFO 
LiteLLM completion() model= qwen/qwen3-coder; provider = openrouter
2026-09-16 22:02:32 utils.py INFO Wrapper: Completed Call, calling success_handler
2026-09-16 22:02:32 auto_search_main.py INFO Executing code:
```
print(search_code_snippets(**{'search_terms': ['toolbar', 'menu', 'dropdown']}))
```
2026-09-16 22:02:32 auto_search_main.py INFO OBSERVATION:
##Searching for term "toolbar"...
### Search Result:
Found file `cms/toolbar/toolbar.py`.
Source: Match found for entity name `toolbar`.
Just show the structure of this file due to response length limitations:
```


class BaseToolbar(ToolbarAPIMixin):
    #: Property; a list of models that the toolbar :ref:`watches for URL changes <url_changes>`,
    #: so it can redirect to the new URL on saving.
    watch_models = []

    disable_url = get_cms_setting('CMS_TOOLBAR_URL__DISABLE')

    @cached_property
    def _resolver_match(self):
...
    @cached_property
    def site_language(self):
...
    @cached_property
    def request_language(self):
...
    def get_content_renderer(self):
...
    @cached_property
    def legacy_renderer(self):
...
    @cached_property
    def content_renderer(self):
...
    @cached_property
    def structure_renderer(self):
...
    @cached_property
    def structure_mode_active(self):
...
    @cached_property
    def edit_mode_active(self):
...
    @cached_property
    def preview_mode_active(self):
...
    @cached_property
    def content_mode_active(self):
...
    @cached_property
    def uses_legacy_structure_mode(self):
...
    @cached_property
    def templates(self):
...
    @cached_property
    def sideframe_enabled(self):
...

class CMSToolbar(BaseToolbar):

    def __init__(self, request, request_path=None, _async=False):
...
    def init_toolbar(self, request, request_path=None):
...
    @cached_property
    def user_settings(self):
...
    @cached_property
    def clipboard_plugin(self):
...
    def get_user_settings(self):
...
    def _reorder_toolbars(self):
...
    @property
    def csrf_token(self):
...
    # Public API

    def get_menu(self, key, verbose_name=None, side=LEFT, position=None):
...
    def get_or_create_menu(self, key, verbose_name=None, disabled=False, side=LEFT, position=None):
...
    def add_button(self, name, url, active=False, disabled=False, extra_classes=None, extra_wrapper_classes=None,
                   side=LEFT, position=None):
...
    def add_modal_button(self, name, url, active=False, disabled=False, extra_classes=None, extra_wrapper_classes=None,
                         side=LEFT, position=None, on_close=REFRESH_PAGE):
...
    def add_sideframe_button(self, name, url, active=False, disabled=False, extra_classes=None,
                             extra_wrapper_classes=None, side=LEFT, position=None, on_close=None):
...
    def add_button_list(self, identifier=None, extra_classes=None, side=LEFT, position=None):
...
    def set_object(self, obj):
...
    def get_object(self):
...
    def get_object_model(self):
...
    def get_object_pk(self):
...
    def get_object_preview_url(self):
...
    def get_object_edit_url(self):
...
    def get_object_structure_url(self):
...
    # Internal API

    def _add_item(self, item, position=None):
...
    def _remove_item(self, item):
...
    def _item_position(self, item):
...
    def get_left_items(self):
...
    def get_right_items(self):
...
    @cached_property
    def media(self):
...
    def populate(self):
...
    def post_template_populate(self):
...
    def _call_toolbar(self, func_name):
...
    def get_render_context(self):
...
    def render(self):
...
    def render_with_structure(self, context, nodelist):
...

class EmptyToolbar(BaseToolbar):
    is_staff = False
    show_toolbar = False

    # Backwards compatibility
    edit_mode = False

    _cache_disabled = True

    def __init__(self, request):
...

```
Hint: Search `cms/toolbar/toolbar.py` to get the full content if needed.

Found file `cms/extensions/toolbar.py`.
Source: Match found for entity name `toolbar`.
Just show the structure of this file due to response length limitations:
```


class ExtensionToolbar(CMSToolbar):
    model = None
    page = None

    def _setup_extension_toolbar(self):
...
    def _get_page(self):
...
    def get_page_extension_admin(self):
...
    def get_title_extension_admin(self, language=None):
...
    def _get_sub_menu(self, current_menu, key, label, position=None):
...

```
Hint: Search `cms/extensions/toolbar.py` to get the full content if needed.

Found function `cms/plugin_rendering.py:BaseRenderer.toolbar`.
Source: Match found for entity name `toolbar`.
```
 99 | def toolbar(self):
100 |         return get_toolbar_from_request(self.request)
```

Found file `cms/middleware/toolbar.py`.
Source: Match found for entity name `toolbar`.
```
 1 | """
 2 | Edit Toolbar middleware
 3 | """
 4 | from django import forms
 5 | from django.core.exceptions import ValidationError
 6 | from django.urls import resolve
 7 | from django.utils.deprecation import MiddlewareMixin
 8 | from django.utils.functional import SimpleLazyObject
 9 | 
10 | from cms.toolbar.toolbar import CMSToolbar
11 | from cms.toolbar.utils import get_toolbar_from_request
12 | from cms.utils.conf import get_cms_setting
13 | from cms.utils.request_ip_resolvers import get_request_ip_resolver
14 | 
15 | get_request_ip = get_request_ip_resolver()
16 | 
17 | 
18 | class ToolbarMiddleware(MiddlewareMixin):
19 |     """
20 |     Middleware to set up CMS Toolbar.
21 |     """
22 | 
23 |     def is_edit_mode(self, request):
24 |         try:
25 |             match = resolve(request.path_info)
26 |         except:
27 |             return False
28 | 
29 |         return match.url_name == 'cms_placeholder_render_object_edit'
30 | 
31 |     def is_cms_request(self, request):
32 |         toolbar_hide = get_cms_setting('TOOLBAR_HIDE')
33 |         internal_ips = get_cms_setting('INTERNAL_IPS')
34 | 
35 |         if internal_ips:
36 |             client_ip = get_request_ip(request)
37 |             try:
38 |                 client_ip = forms.GenericIPAddressField().clean(client_ip)
39 |             except ValidationError:
40 |                 return False
41 |             else:
42 |                 if client_ip not in internal_ips:
43 |                     return False
44 | 
45 |         if not toolbar_hide:
46 |             return True
47 | 
48 |         try:
49 |             match = resolve(request.path_info)
50 |         except:
51 |             return False
52 | 
53 |         return match.url_name in ('pages-root', 'pages-details-by-slug')
54 | 
55 |     def process_request(self, request):
56 |         """
57 |         If we should show the toolbar for this request, put it on
58 |         request.toolbar. Then call the request_hook on the toolbar.
59 |         """
60 | 
61 |         if not self.is_cms_request(request):
62 |             return
63 | 
64 |         persist = get_cms_setting('CMS_TOOLBAR_URL__PERSIST')
65 |         enable_toolbar = get_cms_setting('CMS_TOOLBAR_URL__ENABLE')
66 |         disable_toolbar = get_cms_setting('CMS_TOOLBAR_URL__DISABLE')
67 |         field = forms.BooleanField(required=False)
68 | 
69 |         if field.clean(request.GET.get(persist, True)):
70 |             if disable_toolbar in request.GET:
71 |                 request.session['cms_toolbar_disabled'] = True
72 | 
73 |             if enable_toolbar in request.GET or self.is_edit_mode(request):
74 |                 request.session['cms_toolbar_disabled'] = False
75 | 
76 |         request.toolbar = SimpleLazyObject(lambda: CMSToolbar(request))
77 | 
78 |     def process_response(self, request, response):
79 |         if not self.is_cms_request(request):
80 |             return response
81 | 
82 |         from django.utils.cache import add_never_cache_headers
83 | 
84 |         toolbar = get_toolbar_from_request(request)
85 | 
86 |         if toolbar._cache_disabled:
87 |             add_never_cache_headers(response)
88 |         return response
89 | 
```



##Searching for term "menu"...
### Search Result:
Found class `cms/toolbar/items.py:Menu`.
Source: Match found for entity name `menu`.
```
317 | class Menu(SubMenu):
318 |     """
319 |     Provides a menu in the toolbar. Use a :meth:`CMSToolbar.get_or_create_menu
320 |     <cms.toolbar.toolbar.CMSToolbar.get_or_create_menu>` method to create a ``Menu``
321 |     instance. Can be added to :class:`~cms.toolbar.toolbar.CMSToolbar`.
322 |     """
323 |     sub_level = False
324 | 
325 |     def get_or_create_menu(self, key, verbose_name, disabled=False, side=LEFT, position=None):
326 |         """Adds a new sub-menu, at :option:`position`, and returns a :class:`SubMenu`."""
327 |         if key in self.menus:
328 |             return self.menus[key]
329 |         menu = SubMenu(verbose_name, self.csrf_token, disabled=disabled, side=side)
330 |         self.menus[key] = menu
331 |         self.add_item(menu, position=position)
332 |         return menu
```

Found class `menus/base.py:Menu`.
Source: Match found for entity name `menu`.
```
 4 | class Menu(object):
 5 |     """The base class for all menu-generating classes."""
 6 |     namespace = None
 7 | 
 8 |     def __init__(self, renderer):
 9 |         self.renderer = renderer
10 | 
11 |         if not self.namespace:
12 |             self.namespace = self.__class__.__name__
13 | 
14 |     def get_nodes(self, request):
15 |         """Each subclass of Menu should return a list of :class:`menus.base.NavigationNode` instances."""
16 |         raise NotImplementedError
```



##Searching for term "dropdown"...
### Search Result:
Found class `cms/toolbar/items.py:Dropdown`.
Source: Match found for entity name `dropdown`.
```
644 | class Dropdown(ButtonList):
645 | 
646 |     template = "cms/toolbar/items/dropdown.html"
647 | 
648 |     def __init__(self, *args, **kwargs):
649 |         super().__init__(*args, **kwargs)
650 |         self.primary_button = None
651 | 
652 |     def __repr__(self):
653 |         return '<Dropdown:%s>' % force_str(self.name)
654 | 
655 |     def add_primary_button(self, button):
656 |         self.primary_button = button
657 | 
658 |     def get_buttons(self):
659 |         for button in self.buttons:
660 |             button.toolbar = self.toolbar
661 |             button.is_in_dropdown = True
662 |             yield button
663 | 
664 |     def get_context(self):
665 |         return {
666 |             'primary_button': self.primary_button,
667 |             'buttons': list(self.get_buttons()),
668 |             'extra_classes': self.extra_classes,
669 |         }
```

2026-09-16 22:02:32 utils.py INFO 
LiteLLM completion() model= qwen/qwen3-coder; provider = openrouter
2026-09-16 22:02:35 utils.py INFO Wrapper: Completed Call, calling success_handler
2026-09-16 22:02:35 auto_search_main.py INFO Executing code:
```
print(get_entity_contents(**{'entity_names': ['cms/toolbar/items.py:Dropdown']}))
```
2026-09-16 22:02:35 auto_search_main.py INFO OBSERVATION:
##Searching for entity `cms/toolbar/items.py:Dropdown`...
### Search Result:
Found class `cms/toolbar/items.py:Dropdown`.
Source: Exact match found for entity name `cms/toolbar/items.py:Dropdown`.
```
644 | class Dropdown(ButtonList):
645 | 
646 |     template = "cms/toolbar/items/dropdown.html"
647 | 
648 |     def __init__(self, *args, **kwargs):
649 |         super().__init__(*args, **kwargs)
650 |         self.primary_button = None
651 | 
652 |     def __repr__(self):
653 |         return '<Dropdown:%s>' % force_str(self.name)
654 | 
655 |     def add_primary_button(self, button):
656 |         self.primary_button = button
657 | 
658 |     def get_buttons(self):
659 |         for button in self.buttons:
660 |             button.toolbar = self.toolbar
661 |             button.is_in_dropdown = True
662 |             yield button
663 | 
664 |     def get_context(self):
665 |         return {
666 |             'primary_button': self.primary_button,
667 |             'buttons': list(self.get_buttons()),
668 |             'extra_classes': self.extra_classes,
669 |         }
```

2026-09-16 22:02:35 utils.py INFO 
LiteLLM completion() model= qwen/qwen3-coder; provider = openrouter
2026-09-16 22:02:37 utils.py INFO Wrapper: Completed Call, calling success_handler
2026-09-16 22:02:37 auto_search_main.py INFO Executing code:
```
print(search_code_snippets(**{'search_terms': ['dropdown.html', 'toolbar template']}))
```
2026-09-16 22:02:37 __init__.py DEBUG Building index from IDs objects
2026-09-16 22:02:37 __init__.py DEBUG Building index from IDs objects
2026-09-16 22:02:37 __init__.py DEBUG Building index from IDs objects
2026-09-16 22:02:37 auto_search_main.py INFO OBSERVATION:
cms/toolbar/items.py:Dropdown
cms/toolbar/items.py:Dropdown.add_primary_button
cms/toolbar/items.py:Dropdown.__init__
cms/toolbar/items.py:Dropdown.get_buttons
cms/toolbar/items.py:Dropdown.get_context
cms/toolbar/items.py:Dropdown.__repr__
cms/plugin_base.py:CMSPluginBase
cms/toolbar/items.py:Break
cms/toolbar/items.py:BaseButton.render
cms/toolbar/items.py:BaseButton
cms/toolbar/items.py:Break.__init__
cms/toolbar/items.py:BaseButton.get_context
cms/toolbar/items.py:TemplateItem
cms/toolbar/items.py:TemplateItem.__init__
cms/toolbar/items.py:TemplateItem.get_context
cms/toolbar/items.py:BaseItem
cms/toolbar/items.py:BaseItem.get_context
cms/toolbar/items.py:BaseItem.__init__
cms/toolbar/items.py:BaseItem.right
cms/toolbar/items.py:BaseItem.render
cms/templatetags/cms_tags.py:render_extra_menu_items
cms/templatetags/cms_tags.py:_show_uncached_placeholder_by_id
cms/toolbar/items.py:SideframeButton.__repr__
cms/toolbar/items.py:SideframeButton
cms/toolbar/utils.py:get_plugin_tree_as_json
cms/toolbar/items.py:SideframeItem.__repr__
cms/toolbar/items.py:SideframeItem
cms/toolbar/items.py:ModalItem.__repr__
cms/toolbar/items.py:ModalItem
cms/plugin_rendering.py:BaseRenderer
cms/plugin_rendering.py:BaseRenderer.current_site
cms/plugin_rendering.py:BaseRenderer.__init__
cms/plugin_rendering.py:BaseRenderer.plugin_pool
cms/plugin_rendering.py:BaseRenderer.templates
cms/plugin_rendering.py:BaseRenderer.current_page
cms/plugin_rendering.py:BaseRenderer.toolbar
cms/templatetags/cms_tags.py:CMSEditableObject.__init__
cms/templatetags/cms_tags.py:CMSEditableObject
cms/templatetags/cms_tags.py:CMSEditableObject.render_tag
cms/templatetags/cms_tags.py:CMSEditableObject.get_template
cms/templatetags/cms_tags.py:CMSEditableObject._is_editable
cms/toolbar/items.py:Dropdown
cms/toolbar/items.py:Dropdown.add_primary_button
cms/toolbar/items.py:Dropdown.__init__
cms/toolbar/items.py:Dropdown.get_buttons
cms/toolbar/items.py:Dropdown.get_context
cms/toolbar/items.py:Dropdown.__repr__
cms/toolbar/items.py:Break
cms/toolbar/items.py:BaseButton.render
cms/toolbar/items.py:BaseButton
cms/toolbar/items.py:Break.__init__
cms/toolbar/items.py:BaseButton.get_context
cms/templatetags/cms_tags.py:render_extra_menu_items
cms/templatetags/cms_tags.py:_show_uncached_placeholder_by_id
cms/toolbar/items.py:SideframeButton.__repr__
cms/toolbar/items.py:SideframeButton
cms/toolbar/items.py:SideframeItem.__repr__
cms/toolbar/items.py:SideframeItem
cms/toolbar/items.py:ModalItem.__repr__
cms/toolbar/items.py:ModalItem
cms/templatetags/cms_tags.py:CMSEditableObject.__init__
cms/templatetags/cms_tags.py:CMSEditableObject
cms/templatetags/cms_tags.py:CMSEditableObject.render_tag
cms/templatetags/cms_tags.py:CMSEditableObject.get_template
cms/templatetags/cms_tags.py:CMSEditableObject._is_editable
cms/toolbar/utils.py:get_plugin_tree_as_json
##Searching for term "dropdown.html", "dropdown.html toolbar template"...
### Search Result:
Found class `cms/toolbar/items.py:Dropdown`.
Source: Retrieved entity using keyword search (bm25).
```
644 | class Dropdown(ButtonList):
645 | 
646 |     template = "cms/toolbar/items/dropdown.html"
647 | 
648 |     def __init__(self, *args, **kwargs):
649 |         super().__init__(*args, **kwargs)
650 |         self.primary_button = None
651 | 
652 |     def __repr__(self):
653 |         return '<Dropdown:%s>' % force_str(self.name)
654 | 
655 |     def add_primary_button(self, button):
656 |         self.primary_button = button
657 | 
658 |     def get_buttons(self):
659 |         for button in self.buttons:
660 |             button.toolbar = self.toolbar
661 |             button.is_in_dropdown = True
662 |             yield button
663 | 
664 |     def get_context(self):
665 |         return {
666 |             'primary_button': self.primary_button,
667 |             'buttons': list(self.get_buttons()),
668 |             'extra_classes': self.extra_classes,
669 |         }
```



##Searching for term "toolbar template", "dropdown.html toolbar template"...
### Search Result:
Found function `cms/toolbar/toolbar.py:BaseToolbar.templates`.
Source: Retrieved entity using keyword search (bm25).
```
124 | def templates(self):
125 |         return TemplatesCache()
```



##Searching for term "toolbar template"...
### Search Result:
Found class `cms/templates.py:TemplatesCache`.
Source: Retrieved entity using keyword search (bm25).
```
 5 | class TemplatesCache():
 6 | 
 7 |     def __init__(self):
 8 |         self._cached_templates = {}
 9 | 
10 |     def get_cached_template(self, template):
11 |         # we check if template quacks like a Template, as generic Template and engine-specific Template
12 |         # does not share a common ancestor
13 |         if hasattr(template, 'render'):
14 |             return template
15 | 
16 |         if template not in self._cached_templates:
17 |             # this always return an engine-specific template object
18 |             self._cached_templates[template] = get_template(template)
19 |         return self._cached_templates[template]
20 | 
21 |     @cached_property
22 |     def drag_item_template(self):
23 |         return get_template('cms/toolbar/dragitem.html')
24 | 
25 |     @cached_property
26 |     def placeholder_plugin_menu_template(self):
27 |         return get_template('cms/toolbar/dragitem_menu.html')
28 | 
29 |     @cached_property
30 |     def dragbar_template(self):
31 |         return get_template('cms/toolbar/dragbar.html')
```

Found class `cms/toolbar/items.py:TemplateItem`.
Source: Retrieved code content using keyword search (bm25).
```
259 | class TemplateItem(BaseItem):
260 | 
261 |     def __init__(self, template, extra_context=None, side=LEFT):
262 |         super().__init__(side)
263 |         self.template = template
264 |         self.extra_context = extra_context
265 | 
266 |     def get_context(self):
267 |         if self.extra_context:
268 |             return self.extra_context
269 |         return {}
```

Found class `cms/toolbar/items.py:Break`.
Source: Retrieved code content using keyword search (bm25).
```
464 | class Break(BaseItem):
465 |     """
466 |     A visual break in a menu. Use an :class:`~cms.toolbar.items.SubMenu.add_break` method to create
467 |     a ``Break`` instance. Can be added to :class:`~cms.toolbar.items.Menu`,
468 |     :class:`~cms.toolbar.items.SubMenu`.
469 | 
470 |     """
471 |     template = "cms/toolbar/items/break.html"
472 | 
473 |     def __init__(self, identifier=None):
474 |         self.identifier = identifier
```

Found class `cms/toolbar/items.py:BaseButton`.
Source: Retrieved code content using keyword search (bm25).
```
477 | class BaseButton(metaclass=ABCMeta):
478 |     toolbar = None
479 |     template = None
480 | 
481 |     def render(self):
482 |         if self.toolbar:
483 |             template = self.toolbar.templates.get_cached_template(self.template)
484 |             return template.render(self.get_context())
485 |         # Backwards compatibility
486 |         return render_to_string(self.template, self.get_context())
487 | 
488 |     def get_context(self):
489 |         return {}
```

Found file `cms/templates.py`.
Source: Retrieved entity using keyword search (bm25).
Hint: Search `cms/templates.py` for the full content if needed.

2026-09-16 22:02:37 utils.py INFO 
LiteLLM completion() model= qwen/qwen3-coder; provider = openrouter
2026-09-16 22:02:40 utils.py INFO Wrapper: Completed Call, calling success_handler
2026-09-16 22:02:40 auto_search_main.py INFO Executing code:
```
print(search_code_snippets(**{'search_terms': ['js', 'javascript', 'ajax']}))
```
2026-09-16 22:02:40 __init__.py DEBUG Building index from IDs objects
2026-09-16 22:02:40 __init__.py DEBUG Building index from IDs objects
2026-09-16 22:02:40 __init__.py DEBUG Building index from IDs objects
2026-09-16 22:02:41 __init__.py DEBUG Building index from IDs objects
2026-09-16 22:02:41 __init__.py DEBUG Building index from IDs objects
2026-09-16 22:02:41 __init__.py DEBUG Building index from IDs objects
2026-09-16 22:02:41 __init__.py DEBUG Building index from IDs objects
2026-09-16 22:02:41 __init__.py DEBUG Building index from IDs objects
2026-09-16 22:02:41 auto_search_main.py INFO OBSERVATION:
cms/forms/widgets.py:PageSmartLinkWidget
cms/forms/widgets.py:PageSmartLinkWidget.get_ajax_url
cms/forms/widgets.py:PageSmartLinkWidget.Media
cms/forms/widgets.py:PageSmartLinkWidget.__init__
cms/forms/widgets.py:ApplicationConfigSelect.__init__
cms/forms/widgets.py:ApplicationConfigSelect
cms/forms/widgets.py:ApplicationConfigSelect.Media
cms/wizards/forms.py:WizardStep2BaseForm
cms/wizards/forms.py:WizardStep1Form
cms/wizards/forms.py:WizardStep1Form.get_wizard_entries
cms/wizards/forms.py:WizardStep1Form:2
cms/wizards/forms.py:WizardStep1Form.__init__
cms/wizards/forms.py:WizardStep1Form.Media
cms/forms/widgets.py:AppHookSelect
cms/forms/widgets.py:AppHookSelect.__init__
cms/forms/widgets.py:AppHookSelect.Media
cms/forms/widgets.py:AppHookSelect.create_option
cms/forms/wizards.py:CreateCMSPageForm.__init__
cms/forms/wizards.py:CreateCMSPageForm
cms/forms/wizards.py:CreateCMSPageForm._language
cms/forms/wizards.py:CreateCMSPageForm.Media
cms/forms/wizards.py:CreateCMSPageForm.get_placeholder
cms/admin/pageadmin.py:PageContentAdmin.get_unihandecode_context
cms/utils/check.py:check_sekizai
cms/templatetags/cms_js_tags.py:JavascriptString.render_tag
cms/templatetags/cms_js_tags.py:JavascriptString
cms/templatetags/cms_js_tags.py:render_plugin_init_js
cms/forms/widgets.py:ApplicationConfigSelect.__init__
cms/forms/widgets.py:ApplicationConfigSelect
cms/forms/widgets.py:ApplicationConfigSelect.Media
cms/templatetags/cms_js_tags.py:JavascriptString.render_tag
cms/templatetags/cms_js_tags.py:JavascriptString
cms/templatetags/cms_js_tags.py:render_plugin_init_js
cms/forms/widgets.py:PageSmartLinkWidget.get_context
cms/forms/widgets.py:PageSmartLinkWidget._build_script
cms/forms/widgets.py:ApplicationConfigSelect.get_context
cms/forms/widgets.py:ApplicationConfigSelect._build_script
cms/forms/widgets.py:PageSelectWidget._build_script
cms/forms/widgets.py:PageSelectWidget.get_context
cms/forms/widgets.py:PageSelectWidget.format_output
cms/forms/widgets.py:PageSelectWidget._build_widgets
cms/models/pluginmodel.py:CMSPlugin.get_action_urls
cms/models/pluginmodel.py:get_plugin_media_path
cms/forms/widgets.py:AppHookSelect
cms/forms/widgets.py:AppHookSelect.__init__
cms/forms/widgets.py:AppHookSelect.Media
cms/forms/widgets.py:AppHookSelect.create_option
cms/plugin_base.py:PluginMenuItem.__init__
cms/plugin_base.py:PluginMenuItem
cms/cms_toolbars.py:PlaceholderToolbar.init_placeholders
cms/cms_toolbars.py:PlaceholderToolbar.render_object_editable_buttons
cms/forms/fields.py:PageSmartLinkField.widget_attrs
cms/forms/fields.py:PageSmartLinkField.__init__
cms/forms/fields.py:PageSmartLinkField
cms/forms/fields.py:PageSmartLinkField.clean
cms/migrations/0024_set_plugin_absolute_position.py:Migration
cms/migrations/0024_set_plugin_absolute_position.py:set_plugin_absolute_position
cms/forms/widgets.py:ApplicationConfigSelect.__init__
cms/forms/widgets.py:ApplicationConfigSelect
cms/forms/widgets.py:ApplicationConfigSelect.Media
cms/templatetags/cms_js_tags.py:JavascriptString.render_tag
cms/templatetags/cms_js_tags.py:JavascriptString
cms/templatetags/cms_js_tags.py:render_plugin_init_js
cms/forms/widgets.py:PageSmartLinkWidget
cms/forms/widgets.py:PageSmartLinkWidget.get_ajax_url
cms/forms/widgets.py:PageSmartLinkWidget.Media
cms/forms/widgets.py:PageSmartLinkWidget.__init__
cms/plugin_base.py:PluginMenuItem.__init__
cms/plugin_base.py:PluginMenuItem
cms/wizards/forms.py:WizardStep2BaseForm
cms/wizards/forms.py:WizardStep1Form
cms/wizards/forms.py:WizardStep1Form.get_wizard_entries
cms/wizards/forms.py:WizardStep1Form:2
cms/wizards/forms.py:WizardStep1Form.__init__
cms/wizards/forms.py:WizardStep1Form.Media
cms/forms/widgets.py:AppHookSelect
cms/forms/widgets.py:AppHookSelect.__init__
cms/forms/widgets.py:AppHookSelect.Media
cms/forms/widgets.py:AppHookSelect.create_option
cms/forms/wizards.py:CreateCMSPageForm.__init__
cms/forms/wizards.py:CreateCMSPageForm
cms/forms/wizards.py:CreateCMSPageForm._language
cms/forms/wizards.py:CreateCMSPageForm.Media
cms/forms/wizards.py:CreateCMSPageForm.get_placeholder
cms/admin/pageadmin.py:PageContentAdmin.get_unihandecode_context
##Searching for term "js"...
### Search Result:
Found `cms/forms/wizards.py:SlugWidget`, `cms/forms/wizards.py:SlugWidget.Media`.
Source: Retrieved code content using keyword search (bm25).
```
  1 | from django import forms
  2 | from django.core.exceptions import ValidationError
  3 | from django.db import transaction
  4 | from django.utils.text import slugify
  5 | from django.utils.translation import gettext, gettext_lazy as _
  6 | 
  7 | from cms.admin.forms import AddPageForm
  8 | from cms.plugin_pool import plugin_pool
  9 | from cms.utils import permissions
 10 | from cms.utils.conf import get_cms_setting
 11 | from cms.utils.page import get_available_slug
 12 | from cms.utils.page_permissions import user_can_add_page, user_can_add_subpage
 13 | from cms.utils.urlutils import static_with_version
 14 | 
 15 | try:
 16 |     # djangocms_text_ckeditor is not guaranteed to be available
 17 |     from djangocms_text_ckeditor.widgets import TextEditorWidget
 18 |     text_widget = TextEditorWidget
 19 | except ImportError:
 20 |     text_widget = forms.Textarea
 21 | 
 22 | 
 23 | class SlugWidget(forms.widgets.TextInput):
 24 |     """
 25 |     Special widget for the slug field that requires PageContent field to be there.
 26 |     Adds the js for the slugifying.
 27 |     """
 28 |     class Media:
 29 |         js = (
 30 |             'admin/js/urlify.js',
 31 |             static_with_version('cms/js/dist/bundle.forms.slugwidget.min.js'),
 32 |         )
```

Found function `cms/plugin_rendering.py:BaseRenderer.get_placeholder_toolbar_js`.
Source: Retrieved entity using keyword search (bm25).
```
123 | def get_placeholder_toolbar_js(self, placeholder, page=None):
124 |         plugins = self.plugin_pool.get_all_plugins(placeholder.slot, page)  # original
125 | 
126 |         plugin_types = [cls.__name__ for cls in plugins]
127 |         allowed_plugins = plugin_types + self.plugin_pool.get_system_plugins()
128 |         placeholder_toolbar_js = get_placeholder_toolbar_js(
129 |             placeholder=placeholder,
130 |             allowed_plugins=allowed_plugins,
131 |         )
132 |         return placeholder_toolbar_js
```

Found function `cms/plugin_rendering.py:BaseRenderer.get_plugin_toolbar_js`.
Source: Retrieved entity using keyword search (bm25).
```
134 | def get_plugin_toolbar_js(self, plugin, page=None):
135 |         placeholder_cache = self._rendered_plugins_by_placeholder.setdefault(plugin.placeholder_id, {})
136 |         child_classes, parent_classes = get_plugin_restrictions(
137 |             plugin=plugin,
138 |             page=page,
139 |             restrictions_cache=placeholder_cache,
140 |         )
141 |         content = get_plugin_toolbar_js(
142 |             plugin,
143 |             children=child_classes,
144 |             parents=parent_classes,
145 |         )
146 |         return content
```

Found function `cms/toolbar/utils.py:get_placeholder_toolbar_js`.
Source: Retrieved entity using keyword search (bm25).
```
16 | def get_placeholder_toolbar_js(placeholder, allowed_plugins=None):
17 |     label = placeholder.get_label() or ''
18 |     help_text = gettext(
19 |         'Add plugin to placeholder "%(placeholder_label)s"'
20 |     ) % {'placeholder_label': label}
21 | 
22 |     data = {
23 |         'type': 'placeholder',
24 |         'name': force_str(label),
25 |         'placeholder_id': str(placeholder.pk),
26 |         'plugin_restriction': allowed_plugins or [],
27 |         'addPluginHelpTitle': force_str(help_text),
28 |         'urls': {
29 |             'add_plugin': admin_reverse('cms_placeholder_add_plugin'),
30 |             'copy_plugin': admin_reverse('cms_placeholder_copy_plugins'),
31 |         }
32 |     }
33 |     return PLACEHOLDER_TOOLBAR_JS % {'pk': placeholder.pk, 'config': json.dumps(data)}
```

Found class `cms/forms/widgets.py:PageSmartLinkWidget`.
Source: Retrieved code content using keyword search (bm25).
```
 98 | class PageSmartLinkWidget(TextInput):
 99 |     template_name = 'cms/widgets/pagesmartlinkwidget.html'
100 | 
101 |     class Media:
102 |         css = {
103 |             'all': (
104 |                 'cms/js/select2/select2.css',
105 |                 'cms/js/select2/select2-bootstrap.css',
106 |             )
107 |         }
108 |         js = (
109 |             static_with_version('cms/js/dist/bundle.forms.pagesmartlinkwidget.min.js'),
110 |         )
111 | 
112 |     def __init__(self, attrs=None, ajax_view=None):
113 |         super().__init__(attrs)
114 |         self.ajax_url = self.get_ajax_url(ajax_view=ajax_view)
115 | 
116 |     def get_ajax_url(self, ajax_view):
117 |         try:
118 |             return reverse_lazy(ajax_view)
119 |         except NoReverseMatch:
120 |             raise Exception(
121 |                 'You should provide an ajax_view argument that can be reversed to the PageSmartLinkWidget'
122 |             )
123 | 
124 |     def _build_script(self, name, value, attrs={}):
125 |         return r"""<script type="text/javascript">
126 |             var CMS = window.CMS || {};
127 | 
128 |             CMS.Widgets = CMS.Widgets || {};
129 |             CMS.Widgets._pageSmartLinkWidgets = CMS.Widgets._pageSmartLinkWidgets || [];
130 |             CMS.Widgets._pageSmartLinkWidgets.push({
131 |                 id: '%(element_id)s',
132 |                 text: '%(placeholder_text)s',
133 |                 lang: '%(language_code)s',
134 |                 url: '%(ajax_url)s'
135 |             });
136 |         </script>""" % {
137 |             'element_id': attrs.get('id', ''),
138 |             'placeholder_text': attrs.get('placeholder_text', ''),
139 |             'language_code': self.language,
140 |             'ajax_url': force_str(self.ajax_url)
141 |         }
142 | 
143 |     def get_context(self, name, value, attrs):
144 |         context = super().get_context(name, value, attrs)
145 |         context['widget']['script_init'] = self._build_script(name, value, context['widget']['attrs'])
146 |         return context
```



##Searching for term "js", "ajax"...
### Search Result:
Found function `cms/forms/widgets.py:PageSmartLinkWidget.get_ajax_url`.
Source: Retrieved code content using keyword search (bm25).
```
116 | def get_ajax_url(self, ajax_view):
117 |         try:
118 |             return reverse_lazy(ajax_view)
119 |         except NoReverseMatch:
120 |             raise Exception(
121 |                 'You should provide an ajax_view argument that can be reversed to the PageSmartLinkWidget'
122 |             )
```



##Searching for term "js", "javascript", "js javascript ajax"...
### Search Result:
Found class `cms/forms/widgets.py:ApplicationConfigSelect`.
Source: Retrieved code content using keyword search (bm25).
```
217 | class ApplicationConfigSelect(Select):
218 |     """
219 |     Special widget -populate by javascript- that shows application configurations
220 |     depending on selected Apphooks.
221 | 
222 |     Required data are injected in the page as javascript data that cms.app_hook_select.js
223 |     uses to create the appropriate data structure.
224 | 
225 |     A stub 'add-another' link is created and filled in with the correct URL by the same
226 |     javascript.
227 |     """
228 |     template_name = 'cms/widgets/applicationconfigselect.html'
229 | 
230 |     class Media:
231 |         js = (
232 |             static_with_version('cms/js/dist/bundle.forms.apphookselect.min.js'),
233 |         )
234 | 
235 |     def __init__(self, attrs=None, choices=(), app_configs={}):
236 |         self.app_configs = app_configs
237 |         super().__init__(attrs, choices)
238 | 
239 |     def _build_script(self, name, value, attrs={}):
240 |         configs = []
241 |         urls = []
242 |         for application, cms_app in self.app_configs.items():
243 |             configs.append("'%s': [%s]" % (application, ",".join(
244 |                 ["['%s', '%s']" % (config.pk, escapejs(escape(config))) for config in cms_app.get_configs()])))  # noqa
245 |         for application, cms_app in self.app_configs.items():
246 |             urls.append("'%s': '%s'" % (application, cms_app.get_config_add_url()))
247 |         return r"""<script type="text/javascript">
248 |             var apphooks_configuration = {
249 |                 %(apphooks_configurations)s
250 |             };
251 |             var apphooks_configuration_url = {
252 |                 %(apphooks_url)s
253 |             };
254 |             var apphooks_configuration_value = '%(apphooks_value)s';
255 |         </script>""" % {
256 |             'apphooks_configurations': ','.join(configs),
257 |             'apphooks_url': ','.join(urls),
258 |             'apphooks_value': value,
259 |         }
260 | 
261 |     def get_context(self, name, value, attrs):
262 |         context = super().get_context(name, value, attrs)
263 |         context['widget']['script_init'] = self._build_script(name, value, context['widget']['attrs'])
264 |         return context
```



##Searching for term "javascript"...
### Search Result:
Found function `cms/api.py:create_title`.
Source: Retrieved entity using keyword search (bm25).
```
349 | def create_title(language, title, page, menu_title=None, slug=None,
350 |                  redirect=None, meta_description=None, parent=None,
351 |                  overwrite_url=None, page_title=None, path=None,
352 |                  created_by='python-api', soft_root=False, in_navigation=False,
353 |                  template=TEMPLATE_INHERITANCE_MAGIC,
354 |                  limit_visibility_in_menu=constants.VISIBILITY_ALL,
355 |                  xframe_options=constants.X_FRAME_OPTIONS_INHERIT):
356 |     """
357 |     .. warning ::
358 |         ``create_title`` has been renamed to ``create_page_content`` as of django CMS version 4.
359 |     """
360 |     warnings.warn(
361 |         "cms.api.create_title has been renamed to cms.api.create_page_content().",
362 |         DeprecationWarning,
363 |         stacklevel=2
364 |     )
365 |     return create_page_content(
366 |         language, title, page,
367 |         menu_title=menu_title, slug=slug, redirect=redirect, meta_description=meta_description,
368 |         parent=parent, overwrite_url=overwrite_url, page_title=page_title, path=path,
369 |         created_by=created_by, soft_root=soft_root, in_navigation=in_navigation, template=template,
370 |         limit_visibility_in_menu=limit_visibility_in_menu, xframe_options=xframe_options
371 |     )
```

Found file `cms/app_base.py`.
Found file `cms/apps.py`.
Source: Retrieved entity using keyword search (bm25).
Hint: Use more detailed query to get the full content of some if needed.



##Searching for term "javascript", "js javascript ajax"...
### Search Result:
Found class `cms/forms/widgets.py:ApplicationConfigSelect.Media`.
Source: Retrieved code content using keyword search (bm25).
```
230 | class Media:
231 |         js = (
232 |             static_with_version('cms/js/dist/bundle.forms.apphookselect.min.js'),
233 |         )
```

Found function `cms/templatetags/cms_js_tags.py:render_plugin_init_js`.
Source: Retrieved code content using keyword search (bm25).
```
49 | def render_plugin_init_js(context, plugin):
50 |     renderer = context['cms_renderer']
51 |     plugin_js = renderer.get_plugin_toolbar_js(plugin)
52 |     # Add the toolbar javascript for this plugin to the
53 |     # sekizai "js" namespace.
54 |     context[get_varname()]['js'].append('<script data-cms>{}</script>'.format(plugin_js))
```

Found class `cms/templatetags/cms_js_tags.py:JavascriptString`.
Source: Retrieved code content using keyword search (bm25).
```
58 | class JavascriptString(Tag):
59 |     name = 'javascript_string'
60 |     options = Options(
61 |         blocks=[
62 |             ('end_javascript_string', 'nodelist'),
63 |         ]
64 |     )
65 | 
66 |     def render_tag(self, context, **kwargs):
67 |         try:
68 |             from django.utils.html import escapejs
69 |         except ImportError:
70 |             from django.utils.text import javascript_quote as escapejs
71 |         rendered = self.nodelist.render(context)
72 |         return "'%s'" % escapejs(rendered.strip())
```



##Searching for term "ajax"...
### Search Result:
Found function `cms/toolbar/items.py:ToolbarAPIMixin.add_ajax_item`.
Source: Retrieved entity using keyword search (bm25).
```
201 | def add_ajax_item(self, name, action, active=False, disabled=False,
202 |                       extra_classes=None, data=None, question=None,
203 |                       side=LEFT, position=None, on_success=None, method='POST'):
204 |         """Adds :class:`AjaxItem` that sends a POST request to ``action`` with ``data``, and returns
205 |         it. ``data`` should be ``None`` or a dictionary. The CSRF token will automatically be added
206 |         to the item.
207 | 
208 |         If a string is provided for ``question``, it will be presented to the user to allow
209 |         confirmation before the request is sent."""
210 | 
211 |         item = AjaxItem(
212 |             name, action, self.csrf_token,
213 |             active=active,
214 |             disabled=disabled,
215 |             extra_classes=extra_classes,
216 |             data=data,
217 |             question=question,
218 |             side=side,
219 |             on_success=on_success,
220 |             method=method,
221 |         )
222 |         self.add_item(item, position=position)
223 |         return item
```

Found class `cms/plugin_base.py:PluginMenuItem`.
Source: Retrieved code content using keyword search (bm25).
```
702 | class PluginMenuItem():
703 |     """
704 |     Creates an item in the plugin / placeholder menu
705 | 
706 |     :param name: Item name (label)
707 |     :param url: URL the item points to. This URL will be called using POST
708 |     :param data: Data to be POSTed to the above URL
709 |     :param question: Confirmation text to be shown to the user prior to call the given URL (optional)
710 |     :param action: Custom action to be called on click; currently supported: 'ajax', 'ajax_add'
711 |     :param attributes: Dictionary whose content will be added as data-attributes to the menu item
712 | 
713 |     """
714 |     def __init__(self, name, url, data=None, question=None, action='ajax', attributes=None):
715 |         if not attributes:
716 |             attributes = {}
717 | 
718 |         if data:
719 |             data = json.dumps(data)
720 | 
721 |         self.name = name
722 |         self.url = url
723 |         self.data = data
724 |         self.question = question
725 |         self.action = action
726 |         self.attributes = attributes
```

Found function `cms/cms_toolbars.py:PlaceholderToolbar.render_object_editable_buttons`.
Source: Retrieved code content using keyword search (bm25).
```
102 | def render_object_editable_buttons(self):
103 |         self.init_placeholders()
104 | 
105 |         if not self.toolbar.obj:
106 |             return
107 | 
108 |         # Edit button
109 |         if self.toolbar.content_mode_active and self._can_add_button():
110 |             self.add_edit_button()
111 |         # Preview button
112 |         if self.toolbar.edit_mode_active and self._can_add_button():
113 |             self.add_preview_button()
114 |         # Structure mode
115 |         if self._can_add_structure_mode():
116 |             self.add_structure_mode()
```

Found function `cms/cms_toolbars.py:PlaceholderToolbar.init_placeholders`.
Source: Retrieved code content using keyword search (bm25).
```
118 | def init_placeholders(self):
119 |         request = self.request
120 |         toolbar = self.toolbar
121 | 
122 |         if toolbar._async and 'placeholders[]' in request.GET:
123 |             # AJAX request to reload page structure.
124 |             placeholder_ids = request.GET.getlist('placeholders[]')
125 |             self.placeholders = Placeholder.objects.filter(pk__in=placeholder_ids)
126 |         else:
127 |             if toolbar.structure_mode_active and not toolbar.uses_legacy_structure_mode:
128 |                 # User has explicitly requested structure mode.
129 |                 # and the object (page, blog, etc..) allows for the non-legacy structure mode.
130 |                 renderer = toolbar.structure_renderer
131 |             else:
132 |                 renderer = toolbar.get_content_renderer()
133 | 
134 |             self.placeholders = renderer.get_rendered_placeholders()
```

Found class `cms/forms/fields.py:PageSmartLinkField`.
Source: Retrieved code content using keyword search (bm25).
```
 93 | class PageSmartLinkField(forms.CharField):
 94 |     """
 95 |     A field making use of ``cms.forms.widgets.PageSmartLinkWidget``.
 96 |     This field will offer you a list of matching internal pages as you type.
 97 |     You can either pick one or enter an arbitrary URL to create a non-existing entry.
 98 |     Takes a `placeholder_text` argument to define the text displayed inside the
 99 |     input before you type.
100 | 
101 |     The widget uses an ajax request to try to find pages match. It will try to find
102 |     case-insensitive matches amongst public and published pages on the `title`, `path`,
103 |     `page_title`, `menu_title` fields.
104 |     """
105 |     widget = PageSmartLinkWidget
106 |     default_validators = [validate_url]
107 | 
108 |     def __init__(self, max_length=None, min_length=None, placeholder_text=None,
109 |                  ajax_view=None, *args, **kwargs):
110 |         self.placeholder_text = placeholder_text
111 |         widget = self.widget(ajax_view=ajax_view)
112 |         super().__init__(
113 |             max_length=max_length, min_length=min_length, widget=widget, *args, **kwargs
114 |         )
115 | 
116 |     def widget_attrs(self, widget):
117 |         attrs = super().widget_attrs(widget)
118 |         attrs.update({'placeholder_text': self.placeholder_text})
119 |         return attrs
120 | 
121 |     def clean(self, value):
122 |         value = self.to_python(value).strip()
123 |         return super().clean(value)
```

Found file `manage.py`.
Source: Retrieved entity using keyword search (bm25).
Hint: Search `manage.py` for the full content if needed.



##Searching for term "js javascript ajax"...
### Search Result:
Found function `cms/utils/compat/dj.py:available_attrs`.
Source: Retrieved entity using keyword search (bm25).
```
16 | def available_attrs(fn):
17 |     return WRAPPER_ASSIGNMENTS
```

Found function `cms/api.py:assign_user_to_page`.
Source: Retrieved entity using keyword search (bm25).
```
484 | def assign_user_to_page(page, user, grant_on=ACCESS_PAGE_AND_DESCENDANTS,
485 |                         can_add=False, can_change=False, can_delete=False,
486 |                         can_change_advanced_settings=False, can_publish=False,
487 |                         can_change_permissions=False, can_move_page=False,
488 |                         can_recover_page=True, can_view=False,
489 |                         grant_all=False, global_permission=False):
490 |     """
491 |     Assigns a user to a page and gives them some permissions. Returns the
492 |     :class:`cms.models.PagePermission` object that gets
493 |     created.
494 | 
495 |     :param page: The page to assign the user to
496 |     :type page: :class:`cms.models.Page` instance
497 |     :param user: The user to assign to the page
498 |     :type user: :class:`django.contrib.auth.models.User` instance
499 |     :param grant_on: Controls which pages are affected
500 |     :type grant_on: :data:`cms.models.ACCESS_PAGE`, :data:`cms.models.ACCESS_CHILDREN`,
501 |     :data:`cms.models.ACCESS_DESCENDANTS` or :data:`cms.models.ACCESS_PAGE_AND_DESCENDANTS`
502 |     :param can_*: Permissions to grant
503 |     :param bool grant_all: Grant all permissions to the user
504 |     """
505 |     grant_all = grant_all and not global_permission
506 |     data = {
507 |         'can_add': can_add or grant_all,
508 |         'can_change': can_change or grant_all,
509 |         'can_delete': can_delete or grant_all,
510 |         'can_change_advanced_settings': can_change_advanced_settings or grant_all,
511 |         'can_publish': can_publish or grant_all,
512 |         'can_change_permissions': can_change_permissions or grant_all,
513 |         'can_move_page': can_move_page or grant_all,
514 |         'can_view': can_view or grant_all,
515 |     }
516 | 
517 |     page_permission = PagePermission(page=page, user=user,
518 |                                      grant_on=grant_on, **data)
519 |     page_permission.save()
520 |     if global_permission:
521 |         page_permission = GlobalPagePermission(
522 |             user=user, can_recover_page=can_recover_page, **data)
523 |         page_permission.save()
524 |         page_permission.sites.add(get_current_site())
525 |     return page_permission
```

2026-09-16 22:02:41 utils.py INFO 
LiteLLM completion() model= qwen/qwen3-coder; provider = openrouter
2026-09-16 22:02:45 utils.py INFO Wrapper: Completed Call, calling success_handler
2026-09-16 22:02:45 auto_search_main.py INFO Executing code:
```
print(search_code_snippets(**{'search_terms': ['pagetree', 'page tree']}))
```
2026-09-16 22:02:45 __init__.py DEBUG Building index from IDs objects
2026-09-16 22:02:45 __init__.py DEBUG Building index from IDs objects
2026-09-16 22:02:45 __init__.py DEBUG Building index from IDs objects
2026-09-16 22:02:45 __init__.py DEBUG Building index from IDs objects
2026-09-16 22:02:45 auto_search_main.py INFO OBSERVATION:
cms/templatetags/cms_admin.py:tree_publish_row
cms/admin/pageadmin.py:PageContentAdmin.get_tree
cms/management/commands/subcommands/copy.py:CopySiteCommand.get_site
cms/management/commands/subcommands/copy.py:CopySiteCommand
cms/management/commands/subcommands/copy.py:CopySiteCommand.add_arguments
cms/management/commands/subcommands/copy.py:CopyCommand
cms/management/commands/subcommands/copy.py:CopySiteCommand.handle
cms/migrations/0030_auto_20180810_0629.py:set_page_url
cms/migrations/0030_auto_20180810_0629.py:Migration
cms/management/commands/subcommands/tree.py:FixTreeCommand._update_descendants_tree
cms/models/placeholdermodel.py:Placeholder.get_first_plugin_position
cms/models/placeholdermodel.py:Placeholder._shift_plugin_positions
cms/models/placeholdermodel.py:Placeholder.get_last_plugin_position
cms/templatetags/cms_admin.py:show_admin_menu_for_pages
cms/admin/pageadmin.py:PageContentAdmin.log_addition
cms/admin/pageadmin.py:PageContentAdmin.get_object
cms/admin/pageadmin.py:PageContentAdmin.log_deletion
cms/admin/pageadmin.py:PageContentAdmin.get_admin_url
cms/admin/pageadmin.py:PageContentAdmin.log_change
cms/admin/pageadmin.py:PageContentAdmin
cms/admin/pageadmin.py:PageAdmin.get_admin_url
cms/admin/pageadmin.py:PageAdmin.has_add_permission
cms/admin/pageadmin.py:PageAdmin.log_deletion
cms/admin/pageadmin.py:PageAdmin.has_change_permission
cms/admin/pageadmin.py:PageAdmin
cms/admin/pageadmin.py:PageAdmin.has_change_advanced_settings_permission
cms/cms_menus.py:SoftRootCutter
cms/admin/pageadmin.py:impl:3
cms/admin/pageadmin.py:PageContentAdmin.get_tree_rows
cms/admin/pageadmin.py:PageContentAdmin.get_tree_rows
cms/models/pagemodel.py:Page._clear_placeholders
cms/models/pagemodel.py:Page.move_page
cms/templatetags/cms_admin.py:tree_publish_row
cms/management/commands/subcommands/copy.py:CopySiteCommand.get_site
cms/management/commands/subcommands/copy.py:CopySiteCommand
cms/management/commands/subcommands/copy.py:CopySiteCommand.add_arguments
cms/management/commands/subcommands/copy.py:CopyCommand
cms/management/commands/subcommands/copy.py:CopySiteCommand.handle
cms/management/commands/subcommands/tree.py:FixTreeCommand._update_descendants_tree
cms/admin/pageadmin.py:PageContentAdmin.get_tree
cms/models/placeholdermodel.py:Placeholder.get_first_plugin_position
cms/models/placeholdermodel.py:Placeholder._shift_plugin_positions
cms/models/placeholdermodel.py:Placeholder.get_last_plugin_position
cms/templatetags/cms_admin.py:show_admin_menu_for_pages
cms/admin/pageadmin.py:PageContentAdmin.log_addition
cms/admin/pageadmin.py:PageContentAdmin.get_object
cms/admin/pageadmin.py:PageContentAdmin.log_deletion
cms/admin/pageadmin.py:PageContentAdmin.get_admin_url
cms/admin/pageadmin.py:PageContentAdmin.log_change
cms/admin/pageadmin.py:PageContentAdmin
cms/admin/pageadmin.py:PageAdmin.get_admin_url
cms/admin/pageadmin.py:PageAdmin.has_add_permission
cms/admin/pageadmin.py:PageAdmin.log_deletion
cms/admin/pageadmin.py:PageAdmin.has_change_permission
cms/admin/pageadmin.py:PageAdmin
cms/admin/pageadmin.py:PageAdmin.has_change_advanced_settings_permission
cms/cms_menus.py:SoftRootCutter
##Searching for term "pagetree"...
### Search Result:
Found function `cms/page_rendering.py:render_page`.
Source: Retrieved entity using keyword search (bm25).
```
13 | def render_page(request, page, current_language, slug):
14 |     """
15 |     Renders a page
16 |     """
17 |     context = {}
18 |     context['lang'] = current_language
19 |     context['current_page'] = page
20 |     context['has_change_permissions'] = user_can_change_page(request.user, page)
21 |     context['has_view_permissions'] = user_can_view_page(request.user, page)
22 | 
23 |     cant_view_page = any([
24 |         not context['has_view_permissions'],
25 |         isinstance(page.get_content_obj(current_language), EmptyPageContent)
26 |     ])
27 |     if cant_view_page:
28 |         return _handle_no_page(request)
29 | 
30 |     template = get_page_template_from_request(request)
31 |     response = TemplateResponse(request, template, context)
32 |     response.add_post_render_callback(set_page_cache)
33 | 
34 |     # Add headers for X Frame Options - this really should be changed upon moving to class based views
35 |     xframe_options = page.get_xframe_options()
36 |     # xframe_options can be None if there's no xframe information on the page
37 |     # (eg. a top-level page which has xframe options set to "inherit")
38 |     if xframe_options == constants.X_FRAME_OPTIONS_INHERIT or xframe_options is None:
39 |         # This is when we defer to django's own clickjacking handling
40 |         return response
41 | 
42 |     # We want to prevent django setting this in their middlewear
43 |     response.xframe_options_exempt = True
44 | 
45 |     if xframe_options == constants.X_FRAME_OPTIONS_ALLOW:
46 |         # Do nothing, allowed is no header.
47 |         return response
48 |     elif xframe_options == constants.X_FRAME_OPTIONS_SAMEORIGIN:
49 |         response['X-Frame-Options'] = 'SAMEORIGIN'
50 |     elif xframe_options == constants.X_FRAME_OPTIONS_DENY:
51 |         response['X-Frame-Options'] = 'DENY'
52 |     return response
```

Found function `cms/admin/pageadmin.py:PageContentAdmin.get_tree`.
Source: Retrieved code content using keyword search (bm25).
```
1346 | def get_tree(self, request):
1347 |         """
1348 |         Get html for the descendants (only) of given page or if no page_id is
1349 |         provided, all the root nodes.
1350 | 
1351 |         Used for lazy loading pages in cms.pagetree.js
1352 |         """
1353 |         site = get_site(request)
1354 |         pages = Page.objects.on_site(site).order_by('node__path')
1355 |         node_id = request.GET.get('nodeId')
1356 |         open_nodes = list(map(int, request.GET.getlist('openNodes[]')))
1357 | 
1358 |         if node_id:
1359 |             page = get_object_or_404(pages, node_id=int(node_id))
1360 |             pages = page.get_descendant_pages().filter(Q(node__in=open_nodes) | Q(node__parent__in=open_nodes))
1361 |         else:
1362 |             page = None
1363 |             pages = pages.filter(
1364 |                 # get all root nodes
1365 |                 # or children which were previously open
1366 |                 # or children of the open descendants
1367 |                 Q(node__depth=1) | Q(node__depth=2, node__in=open_nodes) | Q(node__parent__in=open_nodes)
1368 |             )
1369 |         pages = pages.prefetch_related(
1370 |             Prefetch(
1371 |                 'pagecontent_set',
1372 |                 to_attr='filtered_translations',
1373 |                 queryset=self.get_queryset(request),
1374 |             ),
1375 |         )
1376 |         rows = self.get_tree_rows(
1377 |             request,
1378 |             pages=pages,
1379 |             language=get_site_language_from_request(request, site_id=site.pk),
1380 |             depth=(page.node.depth + 1 if page else 1),
1381 |             follow_descendants=True,
1382 |         )
1383 |         return HttpResponse(u''.join(rows))
```

Found file `cms/page_rendering.py`.
Found file `cms/utils/page.py`.
Source: Retrieved entity using keyword search (bm25).
Hint: Use more detailed query to get the full content of some if needed.



##Searching for term "pagetree", "pagetree page tree"...
### Search Result:
Found function `cms/templatetags/cms_admin.py:tree_publish_row`.
Source: Retrieved code content using keyword search (bm25).
```
82 | def tree_publish_row(context, page, language):
83 |     cls = "cms-pagetree-node-state cms-pagetree-node-state-empty empty"
84 |     text = _("no content")
85 | 
86 |     if page.page_content_cache.get(language):
87 |         cls = "cms-pagetree-node-state cms-pagetree-node-state-published published"
88 |         text = _("has contents")
89 | 
90 |     return mark_safe(
91 |         '<span class="cms-hover-tooltip cms-hover-tooltip-left cms-hover-tooltip-delay %s" '
92 |         'data-cms-tooltip="%s"></span>' % (cls, force_str(text)))
```

Found class `cms/management/commands/subcommands/copy.py:CopySiteCommand`.
Source: Retrieved code content using keyword search (bm25).
```
102 | class CopySiteCommand(SubcommandsCommand):
103 |     help_string = 'Duplicate the CMS pagetree from a specific SITE_ID.'
104 |     command_name = 'site'
105 | 
106 |     def add_arguments(self, parser):
107 |         parser.add_argument('--from-site', action='store', dest='from_site', required=True,
108 |                             help='Language to copy the content from.')
109 |         parser.add_argument('--to-site', action='store', dest='to_site', required=True,
110 |                             help='Language to copy the content to.')
111 | 
112 |     def handle(self, *args, **options):
113 |         try:
114 |             from_site = int(options.get('from_site', None))
115 |         except Exception:
116 |             from_site = settings.SITE_ID
117 |         try:
118 |             to_site = int(options.get('to_site', None))
119 |         except Exception:
120 |             to_site = settings.SITE_ID
121 |         try:
122 |             assert from_site != to_site
123 |         except AssertionError:
124 |             raise CommandError('Sites must be different')
125 | 
126 |         from_site = self.get_site(from_site)
127 |         to_site = self.get_site(to_site)
128 | 
129 |         pages = (
130 |             Page
131 |             .objects
132 |             .on_site(from_site)
133 |             .filter(node__depth=1)
134 |             .select_related('node')
135 |             .order_by('node__path')
136 |         )
137 | 
138 |         with transaction.atomic():
139 |             for page in pages:
140 |                 new_page = page.copy_with_descendants(
141 |                     target_node=None,
142 |                     target_site=to_site,
143 |                 )
144 | 
145 |                 if page.is_home:
146 |                     new_page.set_as_homepage()
147 |         self.stdout.write(
148 |             'Copied CMS Tree from SITE_ID {0} successfully to SITE_ID {1}.\n'.format(from_site.pk, to_site.pk)
149 |         )
150 | 
151 |     def get_site(self, site_id):
152 |         if site_id:
153 |             try:
154 |                 return Site.objects.get(pk=site_id)
155 |             except (ValueError, Site.DoesNotExist):
156 |                 raise CommandError('There is no site with given site id.')
157 |         else:
158 |             return None
```



##Searching for term "page tree"...
### Search Result:
Found `cms/management/commands/subcommands/tree.py:get_descendants`, `cms/management/commands/subcommands/tree.py:FixTreeCommand`, `cms/management/commands/subcommands/tree.py:FixTreeCommand.handle`.
Source: Retrieved code content using keyword search (bm25).
```
 1 | from collections import OrderedDict
 2 | 
 3 | from cms.models import TreeNode
 4 | 
 5 | from .base import SubcommandsCommand
 6 | 
 7 | 
 8 | def get_descendants(root):
 9 |     """
10 |     Returns a generator of primary keys which represent
11 |     descendants of the given node ID (root_id)
12 |     """
13 |     # Note this is done because get_descendants() can't be trusted
14 |     # as the tree can be corrupt.
15 |     children = TreeNode.objects.filter(parent=root).order_by('path')
16 | 
17 |     for child in children.iterator():
18 |         yield child
19 | 
20 |         for descendant in get_descendants(child):
21 |             yield descendant
22 | 
23 | 
24 | class FixTreeCommand(SubcommandsCommand):
25 |     help_string = 'Repairing Materialized Path Tree for Pages'
26 |     command_name = 'fix-tree'
27 | 
28 |     def handle(self, *args, **options):
29 |         """
30 |         Repairs the tree
31 |         """
32 |         self.stdout.write('fixing page tree')
33 |         TreeNode.fix_tree()
34 | 
35 |         root_nodes = TreeNode.objects.filter(parent__isnull=True)
36 | 
37 |         last = None
38 | 
39 |         try:
40 |             first = root_nodes.order_by('path')[0]
41 |         except IndexError:
42 |             first = None
43 | 
44 |         for node in root_nodes.order_by('site__pk', 'path'):
45 |             if last:
46 |                 last.refresh_from_db()
47 |                 node.refresh_from_db()
48 |                 node.move(target=last, pos='right')
49 |             elif first and first.pk != node.pk:
50 |                 node.move(target=first, pos='left')
51 |             last = node
52 | 
53 |         for root in root_nodes.order_by('site__pk', 'path'):
54 |             self._update_descendants_tree(root)
55 |         self.stdout.write('all done')
```

Found function `cms/models/placeholdermodel.py:Placeholder.get_first_plugin_position`.
Source: Retrieved code content using keyword search (bm25).
```
731 | def get_first_plugin_position(self, language, parent=None):
732 |         tree = self.get_plugins(language)
733 | 
734 |         if parent:
735 |             tree = tree.filter(parent=parent)
736 |         return tree.values_list('position', flat=True).first()
```

Found function `cms/models/placeholdermodel.py:Placeholder.get_last_plugin_position`.
Source: Retrieved code content using keyword search (bm25).
```
738 | def get_last_plugin_position(self, language, parent=None):
739 |         if parent is None:
740 |             tree = self.get_plugins(language)
741 |         elif parent.placeholder == self:
742 |             tree = parent.get_descendants()
743 |         else:  # No last plugin if parent is not in this placeholder's plugin tree
744 |             return None
745 |         return tree.values_list('position', flat=True).last()
```

Found function `cms/models/placeholdermodel.py:Placeholder._shift_plugin_positions`.
Source: Retrieved code content using keyword search (bm25).
```
747 | def _shift_plugin_positions(self, language, start, offset=None):
748 |         if offset is None:
749 |             offset = self.get_last_plugin_position(language) or 0
750 | 
751 |         self.get_plugins(language).filter(
752 |             position__gte=start
753 |         ).update(position=models.F('position') + offset)
```



##Searching for term "page tree", "pagetree page tree"...
### Search Result:
Found function `cms/management/commands/subcommands/tree.py:get_descendants`.
Source: Retrieved entity using keyword search (bm25).
```
 8 | def get_descendants(root):
 9 |     """
10 |     Returns a generator of primary keys which represent
11 |     descendants of the given node ID (root_id)
12 |     """
13 |     # Note this is done because get_descendants() can't be trusted
14 |     # as the tree can be corrupt.
15 |     children = TreeNode.objects.filter(parent=root).order_by('path')
16 | 
17 |     for child in children.iterator():
18 |         yield child
19 | 
20 |         for descendant in get_descendants(child):
21 |             yield descendant
```

Found class `cms/management/commands/subcommands/tree.py:FixTreeCommand`.
Source: Retrieved entity using keyword search (bm25).
```
24 | class FixTreeCommand(SubcommandsCommand):
25 |     help_string = 'Repairing Materialized Path Tree for Pages'
26 |     command_name = 'fix-tree'
27 | 
28 |     def handle(self, *args, **options):
29 |         """
30 |         Repairs the tree
31 |         """
32 |         self.stdout.write('fixing page tree')
33 |         TreeNode.fix_tree()
34 | 
35 |         root_nodes = TreeNode.objects.filter(parent__isnull=True)
36 | 
37 |         last = None
38 | 
39 |         try:
40 |             first = root_nodes.order_by('path')[0]
41 |         except IndexError:
42 |             first = None
43 | 
44 |         for node in root_nodes.order_by('site__pk', 'path'):
45 |             if last:
46 |                 last.refresh_from_db()
47 |                 node.refresh_from_db()
48 |                 node.move(target=last, pos='right')
49 |             elif first and first.pk != node.pk:
50 |                 node.move(target=first, pos='left')
51 |             last = node
52 | 
53 |         for root in root_nodes.order_by('site__pk', 'path'):
54 |             self._update_descendants_tree(root)
55 |         self.stdout.write('all done')
56 | 
57 |     def _update_descendants_tree(self, root):
58 |         nodes = TreeNode.objects.all()
59 |         descendants_by_parent = OrderedDict()
60 | 
61 |         for descendant in get_descendants(root):
62 |             parent_id = descendant.parent_id
63 |             descendants_by_parent.setdefault(parent_id, []).append(descendant)
64 | 
65 |         for tree in descendants_by_parent.values():
66 |             last_node = None
67 | 
68 |             for node in tree:
69 |                 node.refresh_from_db()
70 | 
71 |                 if last_node:
72 |                     # This is not the first loop so this is not the first draft
73 |                     # child. Set this page a sibling of the last processed
74 |                     # draft page.
75 |                     last_node.refresh_from_db()
76 |                     node.move(target=last_node, pos='right')
77 |                 else:
78 |                     # This is the first time through the loop so this is the first
79 |                     # draft child for this parent.
80 |                     node.move(target=nodes.get(pk=tree[0].parent_id), pos='first-child')
81 |                 last_node = node
```

Found file `cms/management/commands/subcommands/tree.py`.
Source: Retrieved entity using keyword search (bm25).
Hint: Search `cms/management/commands/subcommands/tree.py` for the full content if needed.



##Searching for term "pagetree page tree"...
### Search Result:
Found class `cms/management/commands/subcommands/copy.py:CopyCommand`.
Source: Retrieved code content using keyword search (bm25).
```
161 | class CopyCommand(SubcommandsCommand):
162 |     help_string = 'Copy content from one language or site to another'
163 |     command_name = 'copy'
164 |     missing_args_message = 'foo bar'
165 |     subcommands = {
166 |         'lang': CopyLangCommand,
167 |         'site': CopySiteCommand
168 |     }
```

2026-09-16 22:02:45 utils.py INFO 
LiteLLM completion() model= qwen/qwen3-coder; provider = openrouter
2026-09-16 22:02:49 utils.py INFO Wrapper: Completed Call, calling success_handler
2026-09-16 22:02:49 auto_search_main.py INFO Executing code:
```
print(get_entity_contents(**{'entity_names': ['cms/constants.py']}))
```
2026-09-16 22:02:49 auto_search_main.py INFO OBSERVATION:
##Searching for entity `cms/constants.py`...
### Search Result:
Found file `cms/constants.py`.
Source: Exact match found for entity name `cms/constants.py`.
```
 1 | """
 2 | Collection of important constants used throughout django CMS.
 3 | """
 4 | 
 5 | 
 6 | #: The token used to identify when a user selects "inherit" as template for a page.
 7 | TEMPLATE_INHERITANCE_MAGIC = 'INHERIT'
 8 | 
 9 | REFRESH_PAGE = 'REFRESH_PAGE'
10 | """
11 | Supplied to ``on_close`` arguments to refresh the current page when the frame is closed, for
12 | example:
13 | 
14 | ..  code-block:: python
15 | 
16 |     from cms.constants import REFRESH_PAGE
17 | 
18 |     self.toolbar.add_modal_item(
19 |         'Modal item',
20 |         url=modal_url,
21 |         on_close=REFRESH_PAGE
22 |         )
23 | """
24 | 
25 | FOLLOW_REDIRECT = 'FOLLOW_REDIRECT'
26 | URL_CHANGE = 'URL_CHANGE'
27 | 
28 | #: Used as a position indicator in the toolbar: On the right side.
29 | RIGHT = object()  # this is a trick so "foo is RIGHT" will only ever work for this, same goes for LEFT.
30 | 
31 | #: Used as a position indicator in the toolbar: On the left side.
32 | LEFT = object()
33 | 
34 | PAGE_TYPES_ID = "page_types"
35 | PAGE_TREE_POSITIONS = ('last-child', 'first-child', 'left', 'right')
36 | 
37 | #: Used for the ``limit_visibility_in_menu`` keyword argument to
38 | #: :func: `create_page`.Does not limit menu visibility.
39 | VISIBILITY_ALL = None
40 | 
41 | #: Used for the ``limit_visibility_in_menu`` keyword argument to :func: `create_page`.
42 | #: Limits menu visibility to authenticated users.
43 | VISIBILITY_USERS = 1
44 | 
45 | #: Used for the ``limit_visibility_in_menu`` keyword argument to :func: `create_page`.
46 | #: Limits menu visibility to anonymous(not authenticated) users.
47 | VISIBILITY_ANONYMOUS = 2
48 | 
49 | X_FRAME_OPTIONS_INHERIT = 0
50 | X_FRAME_OPTIONS_DENY = 1
51 | X_FRAME_OPTIONS_SAMEORIGIN = 2
52 | X_FRAME_OPTIONS_ALLOW = 3
53 | 
54 | PAGE_USERNAME_MAX_LENGTH = 255
55 | 
56 | SLUG_REGEXP = '[0-9A-Za-z-_.//]+'
57 | 
58 | #: Used for cache control headers: 0 seconds, i.e. now.
59 | EXPIRE_NOW = 0
60 | 
61 | #: Used for cache control headers: 365 * 24 * 3600 seconds, i.e. one year. HTTP specification says
62 | #: max caching should only be up to one year.
63 | MAX_EXPIRATION_TTL = 365 * 24 * 3600
64 | 
65 | PLUGIN_TOOLBAR_JS = "CMS._plugins.push([\"cms-plugin-%(pk)s\", %(config)s]);\n"
66 | 
67 | PLACEHOLDER_TOOLBAR_JS = "CMS._plugins.push([\"cms-placeholder-%(pk)s\", %(config)s]);"
68 | 
69 | # In the permissions system we use user levels to determine
70 | # the depth in which the user has permissions.
71 | # This constant represents a user that can see pages at all depths.
72 | ROOT_USER_LEVEL = -1
73 | 
74 | GRANT_ALL_PERMISSIONS = 'All'
75 | 
76 | PUBLISH_COMMENT = "Publish"
77 | 
78 | SCRIPT_USERNAME = 'script'
79 | 
80 | CMS_CONFIG_NAME = 'cms_config'
81 | 
```

2026-09-16 22:02:49 utils.py INFO 
LiteLLM completion() model= qwen/qwen3-coder; provider = openrouter
2026-09-16 22:03:07 utils.py INFO Wrapper: Completed Call, calling success_handler
2026-09-16 22:03:07 auto_search_main.py INFO Executing code:
```
print(get_entity_contents(**{'entity_names': ['cms/admin/pageadmin.py:PageAdmin']}))
```
2026-09-16 22:03:07 auto_search_main.py INFO OBSERVATION:
##Searching for entity `cms/admin/pageadmin.py:PageAdmin`...
### Search Result:
Found class `cms/admin/pageadmin.py:PageAdmin`.
Source: Exact match found for entity name `cms/admin/pageadmin.py:PageAdmin`.
```
 76 | class PageAdmin(admin.ModelAdmin):
 77 |     change_list_template = "admin/cms/page/tree/base.html"
 78 |     actions_menu_template = 'admin/cms/page/tree/actions_dropdown.html'
 79 | 
 80 |     form = AdvancedSettingsForm
 81 |     copy_form = CopyPageForm
 82 |     move_form = MovePageForm
 83 |     inlines = PERMISSION_ADMIN_INLINES
 84 | 
 85 |     def has_add_permission(self, request):
 86 |         return False
 87 | 
 88 |     def has_change_permission(self, request, obj=None):
 89 |         """
 90 |         Return true if the current user has permission on the page.
 91 |         Return the string 'All' if the user has all rights.
 92 |         """
 93 |         if obj is None:
 94 |             return
 95 | 
 96 |         site = get_site(request)
 97 |         return page_permissions.user_can_change_page(request.user, page=obj, site=site)
 98 | 
 99 |     def has_change_advanced_settings_permission(self, request, obj=None):
100 |         if not obj:
101 |             return False
102 |         site = get_site(request)
103 |         return page_permissions.user_can_change_page_advanced_settings(request.user, page=obj, site=site)
104 | 
105 |     def log_deletion(self, request, object, object_repr):
106 |         # Block the admin log for deletion. A signal takes care of this!
107 |         return
108 | 
109 |     def get_admin_url(self, action, *args):
110 |         url_name = "{}_{}_{}".format(
111 |             self.opts.app_label,
112 |             self.opts.model_name,
113 |             action,
114 |         )
115 |         return admin_reverse(url_name, args=args)
116 | 
117 |     def get_preserved_filters(self, request):
118 |         """
119 |         This override is in place to preserve the "language" get parameter in
120 |         the "Save" page redirect
121 |         """
122 |         site = get_site(request)
123 |         preserved_filters_encoded = super().get_preserved_filters(request)
124 |         preserved_filters = QueryDict(preserved_filters_encoded).copy()
125 |         lang = get_site_language_from_request(request, site_id=site.pk)
126 | 
127 |         if lang:
128 |             preserved_filters['language'] = lang
129 |         return preserved_filters.urlencode()
130 | 
131 |     def get_queryset(self, request):
132 |         site = get_site(request)
133 |         queryset = super().get_queryset(request)
134 |         queryset = queryset.filter(node__site=site)
135 |         return queryset.select_related('node')
136 | 
137 |     def get_page_from_id(self, page_id):
138 |         page_id = self.model._meta.pk.to_python(page_id)
139 | 
140 |         try:
141 |             page = self.model.objects.get(pk=page_id)
142 |         except self.model.DoesNotExist:
143 |             page = None
144 |         return page
145 | 
146 |     def get_urls(self):
147 |         """Get the admin urls
148 |         """
149 |         info = "%s_%s" % (self.model._meta.app_label, self.model._meta.model_name)
150 |         pat = lambda regex, fn: re_path(regex, self.admin_site.admin_view(fn), name='%s_%s' % (info, fn.__name__))
151 | 
152 |         url_patterns = [
153 |             pat(r'^list/$', self.get_list),
154 |             pat(r'^([0-9]+)/actions-menu/$', self.actions_menu),
155 |             pat(r'^([0-9]+)/([a-z\-]+)/edit-field/$', self.edit_title_fields),
156 |             pat(r'^([0-9]+)/advanced-settings/$', self.advanced),
157 |             pat(r'^([0-9]+)/move-page/$', self.move_page),
158 |             pat(r'^([0-9]+)/copy-page/$', self.copy_page),
159 |             pat(r'^([0-9]+)/dialog/copy/$', self.get_copy_dialog),  # copy dialog
160 |             pat(r'^([0-9]+)/permissions/$', self.get_permissions),
161 |             pat(r'^([0-9]+)/set-home/$', self.set_home),
162 |         ]
163 | 
164 |         if plugin_pool.registered_plugins:
165 |             url_patterns += plugin_pool.get_patterns()
166 |         return url_patterns + super().get_urls()
167 | 
168 |     def get_inline_instances(self, request, obj=None):
169 |         if obj and get_cms_setting('PERMISSION'):
170 |             can_change_perms = self.has_change_permissions_permission(request, obj=obj)
171 |         else:
172 |             can_change_perms = False
173 | 
174 |         if can_change_perms:
175 |             return super().get_inline_instances(request, obj)
176 |         return []
177 | 
178 |     def get_form(self, request, obj=None, **kwargs):
179 |         """
180 |         Get PageForm for the Page model and modify its fields depending on
181 |         the request.
182 |         """
183 |         form = super().get_form(request, obj, **kwargs)
184 |         form._site = get_site(request)
185 |         form._request = request
186 |         return form
187 | 
188 |     def actions_menu(self, request, object_id, extra_context=None):
189 |         page = self.get_object(request, object_id=object_id)
190 | 
191 |         if page is None:
192 |             raise self._get_404_exception(object_id)
193 | 
194 |         site = get_site(request)
195 |         paste_enabled = request.GET.get('has_copy') or request.GET.get('has_cut')
196 |         context = {
197 |             'page': page,
198 |             'node': page.node,
199 |             'opts': self.opts,
200 |             'site': site,
201 |             'page_is_restricted': page.has_view_restrictions(site),
202 |             'paste_enabled': paste_enabled,
203 |             'has_add_permission': page_permissions.user_can_add_subpage(request.user, target=page),
204 |             'has_copy_page_permission': page_permissions.user_can_view_page_draft(request.user, page, site=site),
205 |             'has_change_permission': self.has_change_permission(request, obj=page),
206 |             'has_change_advanced_settings_permission': self.has_change_advanced_settings_permission(request, obj=page),
207 |             'has_change_permissions_permission': self.has_change_permissions_permission(request, obj=page),
208 |             'has_move_page_permission': self.has_move_page_permission(request, obj=page),
209 |             'has_delete_permission': self.has_delete_permission(request, obj=page),
210 |             'CMS_PERMISSION': get_cms_setting('PERMISSION'),
211 |         }
212 | 
213 |         if extra_context:
214 |             context.update(extra_context)
215 |         return render(request, self.actions_menu_template, context)
216 | 
217 |     def advanced(self, request, object_id):
218 |         page = self.get_object(request, object_id=object_id)
219 | 
220 |         if not self.has_change_advanced_settings_permission(request, obj=page):
221 |             raise PermissionDenied("No permission for editing advanced settings")
222 | 
223 |         if page is None:
224 |             raise self._get_404_exception(object_id)
225 | 
226 |         if get_cms_setting('PERMISSION'):
227 |             show_permissions = self.has_change_permissions_permission(request, obj=page)
228 |         else:
229 |             show_permissions = False
230 |         context = {'title': _("Advanced Settings"), 'show_permissions': show_permissions}
231 |         return self.change_view(request, object_id, extra_context=context)
232 | 
233 |     def response_post_save_change(self, request, obj):
234 |         """
235 |         Figure out where to redirect after the 'Save' button has been pressed
236 |         when adding a new object.
237 |         """
238 |         can_change_any_page = page_permissions.user_can_change_at_least_one_page(
239 |             user=request.user,
240 |             site=get_site(request),
241 |             use_cache=False,
242 |         )
243 | 
244 |         if can_change_any_page:
245 |             query = self.get_preserved_filters(request)
246 |             post_url = admin_reverse('cms_pagecontent_changelist') + '?' + query
247 |         else:
248 |             post_url = admin_reverse('index')
249 |         return HttpResponseRedirect(post_url)
250 | 
251 |     @require_POST
252 |     @transaction.atomic
253 |     def set_home(self, request, object_id):
254 |         page = self.get_object(request, object_id=object_id)
255 | 
256 |         if not self.has_change_permission(request, page):
257 |             raise PermissionDenied("You do not have permission to set 'home'.")
258 | 
259 |         if page is None:
260 |             raise self._get_404_exception(object_id)
261 | 
262 |         if not page.is_potential_home():
263 |             return HttpResponseBadRequest(force_str(_("The page is not eligible to be home.")))
264 | 
265 |         new_home_tree, old_home_tree = page.set_as_homepage(request.user)
266 | 
267 |         # Check if one of the affected pages either from the old homepage
268 |         # or the homepage had an apphook attached
269 |         if old_home_tree:
270 |             apphooks_affected = old_home_tree.has_apphooks()
271 |         else:
272 |             apphooks_affected = False
273 | 
274 |         if not apphooks_affected:
275 |             apphooks_affected = new_home_tree.has_apphooks()
276 | 
277 |         if apphooks_affected:
278 |             # One or more pages affected by this operation was attached to an apphook.
279 |             # As a result, fire the apphook reload signal to reload the url patterns.
280 |             set_restart_trigger()
281 |         return HttpResponse('ok')
282 | 
283 |     def get_list(self, *args, **kwargs):
284 |         """
285 |          This view is used by the PageSmartLinkWidget as the user type to feed the autocomplete drop-down.
286 |         """
287 |         request = args[0]
288 | 
289 |         if request.headers.get('x-requested-with') == 'XMLHttpRequest':
290 |             query_term = request.GET.get('q', '').strip('/')
291 | 
292 |             language_code = request.GET.get('language_code', settings.LANGUAGE_CODE)
293 |             matching_published_pages = self.model.objects.filter(
294 |                 Q(
295 |                     pagecontent_set__title__icontains=query_term, pagecontent_set__language=language_code
296 |                 ) | Q(
297 |                     urls__path__icontains=query_term, pagecontent_set__language=language_code
298 |                 ) | Q(
299 |                     pagecontent_set__menu_title__icontains=query_term, pagecontent_set__language=language_code
300 |                 ) | Q(
301 |                     pagecontent_set__page_title__icontains=query_term, pagecontent_set__language=language_code
302 |                 )
303 |             ).distinct()
304 | 
305 |             results = []
306 |             for page in matching_published_pages:
307 |                 results.append(
308 |                     {
309 |                         'path': page.get_path(language=language_code),
310 |                         'title': page.get_title(language=language_code),
311 |                         'redirect_url': page.get_absolute_url(language=language_code)
312 |                     }
313 |                 )
314 |             return HttpResponse(json.dumps(results), content_type='application/json')
315 |         return HttpResponseForbidden()
316 | 
317 |     def changelist_view(self, request, extra_context=None):
318 |         can_change_any_page = page_permissions.user_can_change_at_least_one_page(
319 |             user=request.user,
320 |             site=get_site(request),
321 |             use_cache=False,
322 |         )
323 | 
324 |         if not can_change_any_page:
325 |             raise Http404
326 |         return HttpResponseRedirect(admin_reverse('cms_pagecontent_changelist'))
327 | 
328 |     @transaction.atomic
329 |     def delete_view(self, request, object_id, extra_context=None):
330 |         # This is an unfortunate copy/paste from django's delete view.
331 |         # The reason is to add the descendant pages to the deleted objects list.
332 |         opts = self.model._meta
333 |         app_label = opts.app_label
334 | 
335 |         obj = self.get_object(request, object_id=object_id)
336 | 
337 |         if not self.has_delete_permission(request, obj):
338 |             raise PermissionDenied
339 | 
340 |         if obj is None:
341 |             raise self._get_404_exception(object_id)
342 | 
343 |         # Populate deleted_objects, a data structure of all related objects that
344 |         # will also be deleted.
345 |         objs = [obj] + list(obj.get_descendant_pages())
346 | 
347 |         get_deleted_objects_additional_kwargs = {'request': request}
348 |         (deleted_objects, model_count, perms_needed, protected) = get_deleted_objects(
349 |             objs, admin_site=self.admin_site,
350 |             **get_deleted_objects_additional_kwargs
351 |         )
352 | 
353 |         # This is bad and I should feel bad.
354 |         if 'placeholder' in perms_needed:
355 |             perms_needed.remove('placeholder')
356 | 
357 |         if 'page content' in perms_needed:
358 |             perms_needed.remove('page content')
359 | 
360 |         if request.POST and not protected:  # The user has confirmed the deletion.
361 |             if perms_needed:
362 |                 raise PermissionDenied
363 |             obj_display = force_str(obj)
364 |             obj_id = obj.serializable_value(opts.pk.attname)
365 |             self.log_deletion(request, obj, obj_display)
366 |             self.delete_model(request, obj)
367 | 
368 |             if IS_POPUP_VAR in request.POST:
369 |                 popup_response_data = json.dumps({
370 |                     'action': 'delete',
371 |                     'value': str(obj_id),
372 |                 })
373 |                 return TemplateResponse(request, self.popup_response_template or [
374 |                     'admin/%s/%s/popup_response.html' % (opts.app_label, opts.model_name),
375 |                     'admin/%s/popup_response.html' % opts.app_label,
376 |                     'admin/popup_response.html',
377 |                 ], {'popup_response_data': popup_response_data})
378 | 
379 |             self.message_user(
380 |                 request,
381 |                 _('The %(name)s "%(obj)s" was deleted successfully.') % {
382 |                     'name': force_str(opts.verbose_name),
383 |                     'obj': force_str(obj_display),
384 |                 },
385 |                 messages.SUCCESS,
386 |             )
387 | 
388 |             can_change_any_page = page_permissions.user_can_change_at_least_one_page(
389 |                 user=request.user,
390 |                 site=get_site(request),
391 |                 use_cache=False,
392 |             )
393 | 
394 |             if can_change_any_page:
395 |                 query = self.get_preserved_filters(request)
396 |                 post_url = admin_reverse('cms_pagecontent_changelist') + '?' + query
397 |             else:
398 |                 post_url = admin_reverse('index')
399 |             return HttpResponseRedirect(post_url)
400 | 
401 |         object_name = force_str(opts.verbose_name)
402 | 
403 |         if perms_needed or protected:
404 |             title = _("Cannot delete %(name)s") % {"name": object_name}
405 |         else:
406 |             title = _("Are you sure?")
407 | 
408 |         context = dict(
409 |             self.admin_site.each_context(request),
410 |             title=title,
411 |             object_name=object_name,
412 |             object=obj,
413 |             deleted_objects=deleted_objects,
414 |             model_count=dict(model_count).items(),
415 |             perms_lacking=perms_needed,
416 |             protected=protected,
417 |             opts=opts,
418 |             app_label=app_label,
419 |             is_popup=(IS_POPUP_VAR in request.POST or IS_POPUP_VAR in request.GET),
420 |             to_field=None,
421 |         )
422 |         context.update(extra_context or {})
423 |         return self.render_delete_form(request, context)
424 | 
425 |     def delete_model(self, request, obj):
426 |         operation_token = send_pre_page_operation(
427 |             request=request,
428 |             operation=operations.DELETE_PAGE,
429 |             obj=obj,
430 |             sender=self.model
431 |         )
432 | 
433 |         cms_pages = [obj]
434 | 
435 |         if obj.node.is_branch:
436 |             nodes = obj.node.get_descendants()
437 |             cms_pages.extend(self.model.objects.filter(node__in=nodes))
438 | 
439 |         # Delete all of the pages titles contents
440 |         ct_page_content = ContentType.objects.get_for_model(PageContent)
441 |         page_content_objs = PageContent.objects.filter(page__in=cms_pages)
442 |         placeholders = Placeholder.objects.filter(
443 |             content_type=ct_page_content,
444 |             object_id__in=page_content_objs,
445 |         )
446 |         plugins = CMSPlugin.objects.filter(placeholder__in=placeholders)
447 |         QuerySet.delete(plugins)
448 |         placeholders.delete()
449 | 
450 |         super().delete_model(request, obj)
451 | 
452 |         send_post_page_operation(
453 |             request=request,
454 |             operation=operations.DELETE_PAGE,
455 |             token=operation_token,
456 |             obj=obj,
457 |             sender=self.model,
458 |         )
459 | 
460 |         clear_permission_cache()
461 | 
462 |         if obj.application_urls:
463 |             set_restart_trigger()
464 | 
465 |     def get_copy_dialog(self, request, page_id):
466 |         if not get_cms_setting('PERMISSION'):
467 |             return HttpResponse('')
468 | 
469 |         page = self.get_page_from_id(page_id)
470 | 
471 |         if page is None:
472 |             raise self._get_404_exception(page_id)
473 | 
474 |         if request.method == 'GET':
475 |             data = request.GET
476 |         else:
477 |             data = request.POST
478 | 
479 |         target_id = data.get('target')
480 | 
481 |         try:
482 |             source_site_id = data['source_site']
483 |             source_site = Site.objects.get(pk=source_site_id)
484 |         except (KeyError, ObjectDoesNotExist):
485 |             return HttpResponseBadRequest('source_site is required')
486 | 
487 |         site = get_site(request)
488 |         user = request.user
489 |         can_view_page = page_permissions.user_can_view_page(user, page, source_site)
490 | 
491 |         if not can_view_page:
492 |             raise PermissionDenied
493 | 
494 |         if target_id:
495 |             try:
496 |                 target = Page.objects.get(pk=target_id)
497 |             except Page.DoesNotExist:
498 |                 raise Http404
499 | 
500 |             if not page_permissions.user_can_add_subpage(user, target, site):
501 |                 raise PermissionDenied
502 |         elif not page_permissions.user_can_add_page(user, site):
503 |             raise PermissionDenied
504 | 
505 |         context = {
506 |             'dialog_id': 'dialog-copy',
507 |             'form': CopyPermissionForm(),  # class needs to be instantiated
508 |             'opts': self.opts,
509 |         }
510 |         return render(request, "admin/cms/page/tree/copy_premissions.html", context)
511 | 
512 |     def _get_404_exception(self, object_id):
513 |         exception = Http404(_('%(name)s object with primary key %(key)r does not exist.') % {
514 |             'name': force_str(self.opts.verbose_name),
515 |             'key': escape(object_id),
516 |         })
517 |         return exception
518 | 
519 |     def has_view_permission(self, request, obj=None):
520 |         return self.has_change_permission(request, obj)
521 | 
522 |     def has_change_permissions_permission(self, request, obj=None):
523 |         if not obj:
524 |             return False
525 |         site = get_site(request)
526 |         return page_permissions.user_can_change_page_permissions(request.user, page=obj, site=site)
527 | 
528 |     def has_delete_permission(self, request, obj=None):
529 |         """
530 |         Returns True if the current user has permission to delete the page.
531 |         """
532 |         if not obj:
533 |             return False
534 |         site = get_site(request)
535 |         return page_permissions.user_can_delete_page(request.user, page=obj, site=site)
536 | 
537 |     def has_move_page_permission(self, request, obj=None):
538 |         if not obj:
539 |             return False
540 |         site = get_site(request)
541 |         return page_permissions.user_can_move_page(user=request.user, page=obj, site=site)
542 | 
543 |     @require_POST
544 |     @transaction.atomic
545 |     def move_page(self, request, page_id, extra_context=None):
546 |         """
547 |         Move the page to the requested target, at the given position.
548 | 
549 |         NOTE: We have to change from one "coordinate system" to another to
550 |         adapt JSTree to Django Treebeard.
551 | 
552 |         If the Tree looks like this:
553 | 
554 |             <root>
555 |                ⊢ …
556 |                ⊢ …
557 |                ⊢ Page 4
558 |                    ⊢ Page 5 (position 0)
559 |                    ⊢ …
560 | 
561 |         For example,
562 |             target=4, position=1 => target=5, position="right"
563 |             target=4, position=0 => target=4, position="first-child"
564 | 
565 |         """
566 |         site = get_site(request)
567 |         page = self.get_object(request, object_id=page_id)
568 | 
569 |         if page is None:
570 |             return jsonify_request(HttpResponseBadRequest("error"))
571 | 
572 |         user = request.user
573 |         form = self.move_form(request.POST or None, page=page, site=site)
574 | 
575 |         if not form.is_valid():
576 |             return jsonify_request(HttpResponseBadRequest("error"))
577 | 
578 |         target = form.cleaned_data['target']
579 |         can_move_page = self.has_move_page_permission(request, obj=page)
580 | 
581 |         # Does the user have permissions to do this...?
582 |         if not can_move_page or (target and not target.has_add_permission(user)):
583 |             message = force_str(
584 |                 _("Error! You don't have permissions to move this page. Please reload the page")
585 |             )
586 |             return jsonify_request(HttpResponseForbidden(message))
587 | 
588 |         operation_token = send_pre_page_operation(
589 |             request=request,
590 |             operation=operations.MOVE_PAGE,
591 |             obj=page,
592 |             sender=self.model,
593 |         )
594 | 
595 |         form.move_page()
596 | 
597 |         send_post_page_operation(
598 |             request=request,
599 |             operation=operations.MOVE_PAGE,
600 |             token=operation_token,
601 |             obj=page,
602 |             sender=self.model,
603 |         )
604 |         return jsonify_request(HttpResponse(status=200))
605 | 
606 |     def get_permissions(self, request, page_id):
607 |         rows = []
608 |         user = request.user
609 |         page = self.get_object(request, object_id=page_id)
610 | 
611 |         if page is None:
612 |             raise self._get_404_exception(page_id)
613 | 
614 |         site = get_site(request)
615 |         PermissionRow = namedtuple('Permission', ['is_global', 'can_change', 'permission'])
616 | 
617 |         global_permissions = GlobalPagePermission.objects.filter(sites__in=[site.pk])
618 |         can_change_global_permissions = permissions.user_can_change_global_permissions(user, site)
619 | 
620 |         for permission in global_permissions.iterator():
621 |             row = PermissionRow(
622 |                 is_global=True,
623 |                 can_change=can_change_global_permissions,
624 |                 permission=permission,
625 |             )
626 |             rows.append(row)
627 | 
628 |         _page_permissions = (
629 |             PagePermission
630 |             .objects
631 |             .for_page(page)
632 |             .select_related('page')
633 |         )
634 | 
635 |         if not can_change_global_permissions:
636 |             allowed_pages = frozenset(page_permissions.get_change_id_list(user, site, check_global=False))
637 | 
638 |         for permission in _page_permissions.iterator():
639 |             if can_change_global_permissions:
640 |                 can_change = True
641 |             else:
642 |                 can_change = permission.page_id in allowed_pages
643 | 
644 |             row = PermissionRow(
645 |                 is_global=False,
646 |                 can_change=can_change,
647 |                 permission=permission,
648 |             )
649 |             rows.append(row)
650 | 
651 |         context = {
652 |             'page': page,
653 |             'rows': rows,
654 |             'opts': self.opts,
655 |         }
656 |         return render(request, 'admin/cms/page/permissions.html', context)
657 | 
658 |     @require_POST
659 |     @transaction.atomic
660 |     def copy_page(self, request, page_id):
661 |         """
662 |         Copy the page and all its plugins and descendants to the requested
663 |         target, at the given position
664 |         """
665 |         page = self.get_page_from_id(page_id)
666 | 
667 |         if page is None:
668 |             return jsonify_request(HttpResponseBadRequest("error"))
669 | 
670 |         user = request.user
671 |         site = get_site(request)
672 |         form = self.copy_form(request.POST or None, page=page, site=site)
673 | 
674 |         if not form.is_valid():
675 |             return jsonify_request(HttpResponseBadRequest("error"))
676 | 
677 |         target = form.cleaned_data['target']
678 |         source_site = form.cleaned_data['source_site']
679 | 
680 |         # User can only copy pages he can see
681 |         can_copy_page = page_permissions.user_can_view_page(user, page, source_site)
682 | 
683 |         if can_copy_page and target:
684 |             # User can only copy a page into another one if he has permission
685 |             # to add a page under the target page.
686 |             can_copy_page = page_permissions.user_can_add_subpage(user, target, site)
687 |         elif can_copy_page:
688 |             # User can only copy / paste a page if he has permission to add a page
689 |             can_copy_page = page_permissions.user_can_add_page(user, site)
690 | 
691 |         if not can_copy_page:
692 |             message = force_str(_("Error! You don't have permissions to copy this page."))
693 |             return jsonify_request(HttpResponseForbidden(message))
694 | 
695 |         page_languages = page.get_languages()
696 |         site_languages = get_language_list(site_id=site.pk)
697 | 
698 |         if not any(lang in page_languages for lang in site_languages):
699 |             message = force_str(_("Error! The page you're pasting is not "
700 |                                   "translated in any of the languages configured by the target site."))
701 |             return jsonify_request(HttpResponseBadRequest(message))
702 | 
703 |         new_page = form.copy_page()
704 |         return HttpResponse(json.dumps({"id": new_page.pk}), content_type='application/json')
705 | 
706 |     def edit_title_fields(self, request, page_id, language):
707 |         page = self.get_object(request, object_id=page_id)
708 |         translation = page.get_content_obj(language, fallback=False)
709 | 
710 |         if not self.has_change_permission(request, obj=page):
711 |             return HttpResponseForbidden(force_str(_("You do not have permission to edit this page")))
712 | 
713 |         if page is None:
714 |             raise self._get_404_exception(page_id)
715 | 
716 |         if not translation:
717 |             raise Http404('No translation matches requested language.')
718 | 
719 |         saved_successfully = False
720 |         raw_fields = request.GET.get("edit_fields", 'title')
721 |         edit_fields = [field for field in raw_fields.split(",") if field in self.title_frontend_editable_fields]
722 |         cancel_clicked = request.POST.get("_cancel", False)
723 |         opts = PageContent._meta
724 | 
725 |         if not edit_fields:
726 |             # Defaults to title
727 |             edit_fields = ('title',)
728 | 
729 |         class PageTitleForm(django.forms.ModelForm):
730 |             """
731 |             Dynamic form showing only the fields to be edited
732 |             """
733 |             class Meta:
734 |                 model = PageContent
735 |                 fields = edit_fields
736 | 
737 |         if not cancel_clicked and request.method == 'POST':
738 |             form = PageTitleForm(instance=translation, data=request.POST)
739 |             if form.is_valid():
740 |                 form.save()
741 |                 saved_successfully = True
742 |         else:
743 |             form = PageTitleForm(instance=translation)
744 |         admin_form = AdminForm(form, fieldsets=[(None, {'fields': edit_fields})], prepopulated_fields={},
745 |                                model_admin=self)
746 |         media = self.media + admin_form.media
747 |         context = {
748 |             'CMS_MEDIA_URL': get_cms_setting('MEDIA_URL'),
749 |             'title': 'Title',
750 |             'plugin': page,
751 |             'plugin_id': page.pk,
752 |             'adminform': admin_form,
753 |             'add': False,
754 |             'is_popup': True,
755 |             'media': media,
756 |             'opts': opts,
757 |             'change': True,
758 |             'save_as': False,
759 |             'has_add_permission': False,
760 |             'window_close_timeout': 10,
761 |         }
762 |         if cancel_clicked:
763 |             # cancel button was clicked
764 |             context.update({
765 |                 'cancel': True,
766 |             })
767 |             return render(request, 'admin/cms/page/plugin/confirm_form.html', context)
768 |         if not cancel_clicked and request.method == 'POST' and saved_successfully:
769 |             return render(request, 'admin/cms/page/plugin/confirm_form.html', context)
770 |         return render(request, 'admin/cms/page/plugin/change_form.html', context)
```

2026-09-16 22:03:07 utils.py INFO 
LiteLLM completion() model= qwen/qwen3-coder; provider = openrouter
2026-09-16 22:03:14 utils.py INFO Wrapper: Completed Call, calling success_handler
2026-09-16 22:03:14 auto_search_main.py INFO Executing code:
```
print(get_entity_contents(**{'entity_names': ['cms/admin/pageadmin.py:PageContentAdmin']}))
```
2026-09-16 22:03:14 auto_search_main.py INFO OBSERVATION:
##Searching for entity `cms/admin/pageadmin.py:PageContentAdmin`...
### Search Result:
Found class `cms/admin/pageadmin.py:PageContentAdmin`.
Source: Exact match found for entity name `cms/admin/pageadmin.py:PageContentAdmin`.
```
 773 | class PageContentAdmin(admin.ModelAdmin):
 774 |     ordering = ('page__node__path',)
 775 |     search_fields = ('=id', 'page__id', 'page__urls__slug', 'title', 'page__reverse_id')
 776 |     change_form_template = "admin/cms/page/change_form.html"
 777 |     change_list_template = "admin/cms/page/tree/base.html"
 778 |     actions_menu_template = 'admin/cms/page/tree/actions_dropdown.html'
 779 |     page_tree_row_template = 'admin/cms/page/tree/menu.html'
 780 | 
 781 |     form = AddPageForm
 782 |     add_form = form
 783 |     change_form = ChangePageForm
 784 |     copy_form = CopyPageForm
 785 |     move_form = MovePageForm
 786 |     changelist_form = ChangeListForm
 787 |     duplicate_form = DuplicatePageForm
 788 | 
 789 |     def log_addition(self, request, object, object_repr):
 790 |         # Block the admin log for addition. A signal takes care of this!
 791 |         return
 792 | 
 793 |     def log_deletion(self, request, object, object_repr):
 794 |         # Block the admin log for deletion. A signal takes care of this!
 795 |         return
 796 | 
 797 |     def log_change(self, request, object, message):
 798 |         # Block the admin log for change. A signal takes care of this!
 799 |         return
 800 | 
 801 |     def get_object(self, request, object_id, from_field=None):
 802 |         """
 803 |         Return an instance matching the field and value provided, the primary
 804 |         key is used if no field is provided. Return ``None`` if no match is
 805 |         found or the object_id fails validation.
 806 |         """
 807 |         obj = super().get_object(request, object_id, from_field)
 808 | 
 809 |         if obj:
 810 |             obj.page.page_content_cache[obj.language] = obj
 811 |         return obj
 812 | 
 813 |     def get_admin_url(self, action, *args):
 814 |         url_name = "{}_{}_{}".format(
 815 |             self.opts.app_label,
 816 |             self.opts.model_name,
 817 |             action,
 818 |         )
 819 |         return admin_reverse(url_name, args=args)
 820 | 
 821 |     def get_preserved_filters(self, request):
 822 |         """
 823 |         This override is in place to preserve the "language" get parameter in
 824 |         the "Save" page redirect
 825 |         """
 826 |         site = get_site(request)
 827 |         preserved_filters_encoded = super().get_preserved_filters(request)
 828 |         preserved_filters = QueryDict(preserved_filters_encoded).copy()
 829 |         lang = get_site_language_from_request(request, site_id=site.pk)
 830 | 
 831 |         if lang:
 832 |             preserved_filters['language'] = lang
 833 |         return preserved_filters.urlencode()
 834 | 
 835 |     def get_queryset(self, request):
 836 |         site = get_site(request)
 837 |         languages = get_language_list(site.pk)
 838 |         queryset = super().get_queryset(request)
 839 |         queryset = queryset.filter(language__in=languages, page__node__site=site)
 840 |         return queryset.select_related('page__node')
 841 | 
 842 |     def get_urls(self):
 843 |         """Get the admin urls
 844 |         """
 845 |         info = "%s_%s" % (self.model._meta.app_label, self.model._meta.model_name)
 846 |         pat = lambda regex, fn: re_path(regex, self.admin_site.admin_view(fn), name='%s_%s' % (info, fn.__name__))
 847 | 
 848 |         url_patterns = [
 849 |             pat(r'^get-tree/$', self.get_tree),
 850 |             pat(r'^([0-9]+)/duplicate/$', self.duplicate),
 851 |             pat(r'^([0-9]+)/copy-language/$', self.copy_language),
 852 |             pat(r'^([0-9]+)/change-navigation/$', self.change_innavigation),
 853 |             pat(r'^([0-9]+)/change-template/$', self.change_template),
 854 |         ]
 855 |         return url_patterns + super().get_urls()
 856 | 
 857 |     def get_fieldsets(self, request, obj=None):
 858 |         form = self.get_form(request, obj, fields=None)
 859 | 
 860 |         try:
 861 |             fieldsets = form.fieldsets
 862 |         except AttributeError:
 863 |             fields = list(form.base_fields) + list(self.get_readonly_fields(request, obj))
 864 |             fieldsets = [(None, {'fields': fields})]
 865 |         return fieldsets
 866 | 
 867 |     def get_form_class(self, request, obj=None, **kwargs):
 868 |         if 'change' in request.path_info:
 869 |             return self.change_form
 870 |         elif 'duplicate' in request.path_info:
 871 |             return self.duplicate_form
 872 |         return self.add_form
 873 | 
 874 |     def get_form(self, request, obj=None, **kwargs):
 875 |         """
 876 |         Get PageForm for the Page model and modify its fields depending on
 877 |         the request.
 878 |         """
 879 |         form = super().get_form(
 880 |             request,
 881 |             obj,
 882 |             form=self.get_form_class(request, obj),
 883 |             **kwargs
 884 |         )
 885 |         form._site = get_site(request)
 886 |         form._request = request
 887 |         return form
 888 | 
 889 |     def duplicate(self, request, object_id):
 890 |         """
 891 |         Leverages the add view logic to duplicate the page.
 892 |         """
 893 |         obj = self.get_object(request, object_id=object_id)
 894 | 
 895 |         if obj is None:
 896 |             raise self._get_404_exception(object_id)
 897 | 
 898 |         request = copy.copy(request)
 899 | 
 900 |         if request.method == 'GET':
 901 |             # source is a field in the form
 902 |             # because its value is in the url,
 903 |             # we have to set the initial value manually
 904 |             request.GET = request.GET.copy()
 905 |             request.GET['source'] = obj.page_id
 906 |         return self.add_view(request)
 907 | 
 908 |     def get_unihandecode_context(self, language):
 909 |         if language[:2] in get_cms_setting('UNIHANDECODE_DECODERS'):
 910 |             uhd_lang = language[:2]
 911 |         else:
 912 |             uhd_lang = get_cms_setting('UNIHANDECODE_DEFAULT_DECODER')
 913 |         uhd_host = get_cms_setting('UNIHANDECODE_HOST')
 914 |         uhd_version = get_cms_setting('UNIHANDECODE_VERSION')
 915 |         if uhd_lang and uhd_host and uhd_version:
 916 |             uhd_urls = [
 917 |                 '%sunihandecode-%s.core.min.js' % (uhd_host, uhd_version),
 918 |                 '%sunihandecode-%s.%s.min.js' % (uhd_host, uhd_version, uhd_lang),
 919 |             ]
 920 |         else:
 921 |             uhd_urls = []
 922 |         return {'unihandecode_lang': uhd_lang, 'unihandecode_urls': uhd_urls}
 923 | 
 924 |     def add_view(self, request, form_url='', extra_context=None):
 925 |         site = get_site(request)
 926 |         language = get_site_language_from_request(request, site_id=site.pk)
 927 | 
 928 |         if extra_context is None:
 929 |             extra_context = {}
 930 | 
 931 |         if 'duplicate' in request.path_info:
 932 |             extra_context.update({
 933 |                 'title': _("Add Page Copy"),
 934 |             })
 935 |         elif 'parent_node' in request.GET:
 936 |             extra_context.update({
 937 |                 'title': _("New sub page"),
 938 |             })
 939 |         else:
 940 |             extra_context.update({
 941 |                 'title': _("New page"),
 942 |             })
 943 | 
 944 |         try:
 945 |             page_id = request.GET.get('cms_page') or request.POST.get('cms_page')
 946 |             page_id = IntegerField().clean(page_id)
 947 |             cms_page = Page.objects.get(pk=page_id)
 948 |         except (ValidationError, Page.DoesNotExist):
 949 |             cms_page = None
 950 | 
 951 |         if cms_page:
 952 |             extra_context['cms_page'] = cms_page
 953 |             extra_context['language_tabs'] = get_language_tuple(site.pk)
 954 |             extra_context['filled_languages'] = self.get_filled_languages(request, cms_page)
 955 |             extra_context['show_language_tabs'] = len(extra_context['language_tabs'])
 956 |         extra_context['language'] = language
 957 |         extra_context.update(self.get_unihandecode_context(language))
 958 |         return super().add_view(request, form_url, extra_context=extra_context)
 959 | 
 960 |     def change_view(self, request, object_id, form_url='', extra_context=None):
 961 |         """
 962 |         The 'change' admin view for the Page model.
 963 |         """
 964 |         if extra_context is None:
 965 |             extra_context = {'basic_info': True}
 966 | 
 967 |         obj = self.get_object(request, object_id=object_id)
 968 | 
 969 |         if not self.has_change_permission(request, obj):
 970 |             raise PermissionDenied
 971 | 
 972 |         if obj is None:
 973 |             raise self._get_404_exception(object_id)
 974 | 
 975 |         site = get_site(request)
 976 |         context = {
 977 |             'cms_page': obj.page,
 978 |             'CMS_PERMISSION': get_cms_setting('PERMISSION'),
 979 |             'can_change': self.has_change_permission(request, obj=obj),
 980 |             'language': obj.language,
 981 |             'language_tabs': get_language_tuple(site.pk),
 982 |             'filled_languages': self.get_filled_languages(request, obj.page)
 983 |         }
 984 |         context['show_language_tabs'] = len(context['language_tabs'])
 985 |         context.update(extra_context or {})
 986 | 
 987 |         if 'basic_info' in extra_context:
 988 |             _has_advanced_settings_perm = self.has_change_advanced_settings_permission(request, obj=obj)
 989 |             context['can_change_advanced_settings'] = _has_advanced_settings_perm
 990 | 
 991 |         tab_language = get_site_language_from_request(request, site_id=site.pk)
 992 |         context.update(self.get_unihandecode_context(tab_language))
 993 |         return super().change_view(request, object_id, form_url=form_url, extra_context=context)
 994 | 
 995 |     def get_filled_languages(self, request, page):
 996 |         site_id = get_site(request).pk
 997 |         filled_languages = page.get_languages()
 998 |         allowed_languages = [lang[0] for lang in get_language_tuple(site_id)]
 999 |         return [lang for lang in filled_languages if lang in allowed_languages]
1000 | 
1001 |     def _get_404_exception(self, object_id):
1002 |         exception = Http404(_('%(name)s object with primary key %(key)r does not exist.') % {
1003 |             'name': force_str(self.opts.verbose_name),
1004 |             'key': escape(object_id),
1005 |         })
1006 |         return exception
1007 | 
1008 |     def _has_add_permission_from_request(self, request):
1009 |         site = get_site(request)
1010 |         parent_node_id = request.GET.get('parent_node')
1011 | 
1012 |         if parent_node_id:
1013 |             try:
1014 |                 parent_node_id = IntegerField().clean(parent_node_id)
1015 |                 parent_item = Page.objects.get(node=parent_node_id)
1016 |             except (ValidationError, Page.DoesNotExist):
1017 |                 return False
1018 |         else:
1019 |             parent_item = None
1020 | 
1021 |         if parent_item:
1022 |             has_perm = page_permissions.user_can_add_subpage(
1023 |                 request.user,
1024 |                 target=parent_item,
1025 |                 site=site,
1026 |             )
1027 |         else:
1028 |             has_perm = page_permissions.user_can_add_page(request.user, site=site)
1029 |         return has_perm
1030 | 
1031 |     def has_add_permission(self, request):
1032 |         """
1033 |         Return true if the current user has permission to add a new page.
1034 |         """
1035 |         return self._has_add_permission_from_request(request)
1036 | 
1037 |     def has_change_permission(self, request, obj=None):
1038 |         """
1039 |         Return true if the current user has permission on the page.
1040 |         Return the string 'All' if the user has all rights.
1041 |         """
1042 |         site = get_site(request)
1043 | 
1044 |         if obj:
1045 |             return page_permissions.user_can_change_page(request.user, page=obj.page, site=site)
1046 |         can_change_page = page_permissions.user_can_change_at_least_one_page(
1047 |             user=request.user,
1048 |             site=get_site(request),
1049 |             use_cache=False,
1050 |         )
1051 |         return can_change_page
1052 | 
1053 |     def has_delete_permission(self, request, obj=None):
1054 |         """
1055 |         Returns True if the current user has permission to delete the page.
1056 |         """
1057 |         if not obj:
1058 |             return False
1059 |         site = get_site(request)
1060 |         return page_permissions.user_can_delete_page(request.user, page=obj.page, site=site)
1061 | 
1062 |     def has_view_permission(self, request, obj=None):
1063 |         return self.has_change_permission(request, obj)
1064 | 
1065 |     def has_change_advanced_settings_permission(self, request, obj=None):
1066 |         if not obj:
1067 |             return False
1068 |         site = get_site(request)
1069 |         return page_permissions.user_can_change_page_advanced_settings(request.user, page=obj.page, site=site)
1070 | 
1071 |     def has_delete_translation_permission(self, request, language, obj=None):
1072 |         if not obj:
1073 |             return False
1074 | 
1075 |         site = get_site(request)
1076 |         has_perm = page_permissions.user_can_delete_page_translation(
1077 |             user=request.user,
1078 |             page=obj,
1079 |             language=language,
1080 |             site=site,
1081 |         )
1082 |         return has_perm
1083 | 
1084 |     def changelist_view(self, request, extra_context=None):
1085 |         from django.contrib.admin.views.main import ERROR_FLAG
1086 | 
1087 |         if not self.has_change_permission(request, obj=None):
1088 |             raise PermissionDenied
1089 | 
1090 |         if request.method == 'POST' and 'site' in request.POST:
1091 |             site_id = request.POST['site']
1092 | 
1093 |             if site_id.isdigit() and Site.objects.filter(pk=site_id).exists():
1094 |                 request.session['cms_admin_site'] = site_id
1095 | 
1096 |         site = get_site(request)
1097 |         language = get_site_language_from_request(request, site_id=site.pk)
1098 |         query = request.GET.get('q', '')
1099 |         page_contents = self.get_queryset(request)
1100 |         page_contents, _ = self.get_search_results(request, page_contents, query)
1101 |         changelist_form = self.changelist_form(request.GET)
1102 | 
1103 |         try:
1104 |             changelist_form.full_clean()
1105 |             page_contents = changelist_form.run_filters(page_contents)
1106 |         except (ValueError, ValidationError):
1107 |             # Wacky lookup parameters were given, so redirect to the main
1108 |             # changelist page, without parameters, and pass an 'invalid=1'
1109 |             # parameter via the query string. If wacky parameters were given
1110 |             # and the 'invalid=1' parameter was already in the query string,
1111 |             # something is screwed up with the database, so display an error
1112 |             # page.
1113 |             if ERROR_FLAG in request.GET.keys():
1114 |                 return SimpleTemplateResponse('admin/invalid_setup.html', {
1115 |                     'title': _('Database error'),
1116 |                 })
1117 |             return HttpResponseRedirect(request.path + '?' + ERROR_FLAG + '=1')
1118 | 
1119 |         pages = (
1120 |             Page
1121 |             .objects
1122 |             .on_site(site)
1123 |             .filter(pagecontent_set__in=page_contents)
1124 |             .distinct()
1125 |             .order_by('node__path')
1126 |         )
1127 |         pages = pages.prefetch_related(
1128 |             Prefetch(
1129 |                 'pagecontent_set',
1130 |                 to_attr='filtered_translations',
1131 |                 queryset=self.get_queryset(request),
1132 |             ),
1133 |         )
1134 | 
1135 |         if changelist_form.is_filtered():
1136 |             # Evaluates the queryset
1137 |             has_items = len(pages) >= 1
1138 |         else:
1139 |             has_items = pages.exists()
1140 | 
1141 |         context = self.admin_site.each_context(request)
1142 |         context.update({
1143 |             'opts': self.model._meta,
1144 |             'media': self.media,
1145 |             'CMS_MEDIA_URL': get_cms_setting('MEDIA_URL'),
1146 |             'CMS_PERMISSION': get_cms_setting('PERMISSION'),
1147 |             'site_languages': get_language_tuple(site.pk),
1148 |             'preview_language': language,
1149 |             'changelist_form': changelist_form,
1150 |             'cms_current_site': site,
1151 |             'has_add_permission': self.has_add_permission(request),
1152 |             'module_name': force_str(self.model._meta.verbose_name_plural),
1153 |             'admin': self,
1154 |             'tree': {
1155 |                 'site': site,
1156 |                 'query': query,
1157 |                 'is_filtered': changelist_form.is_filtered(),
1158 |                 'items': pages,
1159 |                 'has_items': has_items,
1160 |             },
1161 |         })
1162 |         context.update(extra_context or {})
1163 |         request.current_app = self.admin_site.name
1164 |         return TemplateResponse(request, self.change_list_template, context)
1165 | 
1166 |     @require_POST
1167 |     def change_template(self, request, object_id):
1168 |         page_content = self.get_object(request, object_id=object_id)
1169 | 
1170 |         if not self.has_change_permission(request, obj=page_content):
1171 |             raise PermissionDenied('No permissions to change the template')
1172 | 
1173 |         if page_content is None:
1174 |             raise self._get_404_exception(object_id)
1175 | 
1176 |         if not self.has_change_advanced_settings_permission(request, obj=page_content):
1177 |             raise PermissionDenied('No permissions to change the template')
1178 | 
1179 |         to_template = request.POST.get("template", None)
1180 | 
1181 |         if to_template not in dict(get_cms_setting('TEMPLATES')):
1182 |             return HttpResponseBadRequest(force_str(_("Template not valid")))
1183 | 
1184 |         page_content.template = to_template
1185 |         page_content.save()
1186 | 
1187 |         return HttpResponse(force_str(_("The template was successfully changed")))
1188 | 
1189 |     @require_POST
1190 |     @transaction.atomic
1191 |     def copy_language(self, request, object_id):
1192 |         target_language = request.POST.get('target_language')
1193 |         source_page_content = self.get_object(request, object_id=object_id)
1194 | 
1195 |         if not self.has_change_permission(request, obj=source_page_content):
1196 |             raise PermissionDenied
1197 | 
1198 |         if source_page_content is None:
1199 |             raise self._get_404_exception(object_id)
1200 | 
1201 |         page = source_page_content.page
1202 | 
1203 |         if not target_language or target_language not in get_language_list(site_id=page.node.site_id):
1204 |             return HttpResponseBadRequest(force_str(_("Language must be set to a supported language!")))
1205 | 
1206 |         target_page_content = page.get_content_obj(target_language, fallback=False)
1207 | 
1208 |         for placeholder in source_page_content.get_placeholders():
1209 |             # TODO: Handle missing placeholder
1210 |             target = target_page_content.get_placeholders().get(slot=placeholder.slot)
1211 |             plugins = placeholder.get_plugins_list(source_page_content.language)
1212 | 
1213 |             if not target.has_add_plugins_permission(request.user, plugins):
1214 |                 return HttpResponseForbidden(force_str(_('You do not have permission to copy these plugins.')))
1215 |             copy_plugins_to_placeholder(plugins, target, language=target_language)
1216 |         return HttpResponse("ok")
1217 | 
1218 |     @transaction.atomic
1219 |     def delete_view(self, request, object_id, extra_context=None):
1220 |         page_content = self.get_object(request, object_id=object_id)
1221 |         page = page_content.page
1222 |         language = page_content.language
1223 |         page_url = page.urls.get(language=page_content.language)
1224 |         request_language = get_site_language_from_request(request, site_id=page.node.site_id)
1225 | 
1226 |         if not self.has_delete_translation_permission(request, language, page):
1227 |             return HttpResponseForbidden(force_str(_("You do not have permission to delete this page")))
1228 | 
1229 |         if page is None:
1230 |             raise self._get_404_exception(object_id)
1231 | 
1232 |         if not len(list(page.get_languages())) > 1:
1233 |             return HttpResponseBadRequest('There only exists one translation for this page')
1234 | 
1235 |         titleopts = PageContent._meta
1236 |         app_label = titleopts.app_label
1237 |         placeholders = Placeholder.objects.get_for_obj(page_content)
1238 |         saved_plugins = CMSPlugin.objects.filter(
1239 |             placeholder__in=placeholders,
1240 |             language=language,
1241 |         )
1242 |         to_delete_urls, __, perms_needed_url = get_deleted_objects(
1243 |             [page_url],
1244 |             request=request,
1245 |             admin_site=self.admin_site,
1246 |         )[:3]
1247 |         to_delete_translations, __, perms_needed_translation = get_deleted_objects(
1248 |             [page_content],
1249 |             request=request,
1250 |             admin_site=self.admin_site,
1251 |         )[:3]
1252 |         to_delete_plugins, __, perms_needed_plugins = get_deleted_objects(
1253 |             saved_plugins,
1254 |             request=request,
1255 |             admin_site=self.admin_site,
1256 |         )[:3]
1257 | 
1258 |         to_delete_objects = [to_delete_urls, to_delete_plugins, to_delete_translations]
1259 |         perms_needed = set(
1260 |             list(perms_needed_url) + list(perms_needed_translation) + list(perms_needed_plugins)
1261 |         )
1262 | 
1263 |         # This is bad and I should feel bad.
1264 |         if 'placeholder' in perms_needed:
1265 |             perms_needed.remove('placeholder')
1266 | 
1267 |         if 'page content' in perms_needed:
1268 |             perms_needed.remove('page content')
1269 | 
1270 |         if request.method == 'POST':
1271 |             if perms_needed:
1272 |                 raise PermissionDenied
1273 | 
1274 |             operation_token = send_pre_page_operation(
1275 |                 request=request,
1276 |                 operation=operations.DELETE_PAGE_TRANSLATION,
1277 |                 obj=page,
1278 |                 translation=page_content,
1279 |                 sender=self.model
1280 |             )
1281 | 
1282 |             message = _('Title and plugins with language %(language)s was deleted') % {
1283 |                 'language': force_str(get_language_object(language)['name'])
1284 |             }
1285 |             messages.success(request, message)
1286 | 
1287 |             page_url.delete()
1288 |             page_content.delete()
1289 |             for p in saved_plugins:
1290 |                 p.delete()
1291 | 
1292 |             page.remove_language(language)
1293 | 
1294 |             send_post_page_operation(
1295 |                 request=request,
1296 |                 operation=operations.DELETE_PAGE_TRANSLATION,
1297 |                 token=operation_token,
1298 |                 obj=page,
1299 |                 translation=page_content,
1300 |                 sender=self.model,
1301 |             )
1302 | 
1303 |             if not self.has_change_permission(request, None):
1304 |                 return HttpResponseRedirect(admin_reverse('index'))
1305 | 
1306 |             redirect_to = self.get_admin_url('changelist')
1307 |             redirect_to += '?language={}'.format(request_language)
1308 |             return HttpResponseRedirect(redirect_to)
1309 | 
1310 |         context = {
1311 |             "title": _("Are you sure?"),
1312 |             "object_name": force_str(titleopts.verbose_name),
1313 |             "object": page_content,
1314 |             "deleted_objects": to_delete_objects,
1315 |             "perms_lacking": perms_needed,
1316 |             "opts": self.opts,
1317 |             "root_path": admin_reverse('index'),
1318 |             "app_label": app_label,
1319 |         }
1320 |         context.update(extra_context or {})
1321 |         request.current_app = self.admin_site.name
1322 |         return render(request, self.delete_confirmation_template or [
1323 |             "admin/%s/%s/delete_confirmation.html" % (app_label, titleopts.object_name.lower()),
1324 |             "admin/%s/delete_confirmation.html" % app_label,
1325 |             "admin/delete_confirmation.html"
1326 |         ], context)
1327 | 
1328 |     @require_POST
1329 |     def change_innavigation(self, request, object_id):
1330 |         """
1331 |         Switch the in_navigation of a page
1332 |         """
1333 |         page_content = self.get_object(request, object_id=object_id)
1334 | 
1335 |         if not self.has_change_permission(request, obj=page_content):
1336 |             message = _("You do not have permission to change this page's in_navigation status")
1337 |             return HttpResponseForbidden(force_str(message))
1338 | 
1339 |         if page_content is None:
1340 |             raise self._get_404_exception(object_id)
1341 | 
1342 |         page_content.toggle_in_navigation()
1343 |         # 204 -> request was successful but no response returned.
1344 |         return HttpResponse(status=204)
1345 | 
1346 |     def get_tree(self, request):
1347 |         """
1348 |         Get html for the descendants (only) of given page or if no page_id is
1349 |         provided, all the root nodes.
1350 | 
1351 |         Used for lazy loading pages in cms.pagetree.js
1352 |         """
1353 |         site = get_site(request)
1354 |         pages = Page.objects.on_site(site).order_by('node__path')
1355 |         node_id = request.GET.get('nodeId')
1356 |         open_nodes = list(map(int, request.GET.getlist('openNodes[]')))
1357 | 
1358 |         if node_id:
1359 |             page = get_object_or_404(pages, node_id=int(node_id))
1360 |             pages = page.get_descendant_pages().filter(Q(node__in=open_nodes) | Q(node__parent__in=open_nodes))
1361 |         else:
1362 |             page = None
1363 |             pages = pages.filter(
1364 |                 # get all root nodes
1365 |                 # or children which were previously open
1366 |                 # or children of the open descendants
1367 |                 Q(node__depth=1) | Q(node__depth=2, node__in=open_nodes) | Q(node__parent__in=open_nodes)
1368 |             )
1369 |         pages = pages.prefetch_related(
1370 |             Prefetch(
1371 |                 'pagecontent_set',
1372 |                 to_attr='filtered_translations',
1373 |                 queryset=self.get_queryset(request),
1374 |             ),
1375 |         )
1376 |         rows = self.get_tree_rows(
1377 |             request,
1378 |             pages=pages,
1379 |             language=get_site_language_from_request(request, site_id=site.pk),
1380 |             depth=(page.node.depth + 1 if page else 1),
1381 |             follow_descendants=True,
1382 |         )
1383 |         return HttpResponse(u''.join(rows))
1384 | 
1385 |     def get_tree_rows(self, request, pages, language, depth=1,
1386 |                       follow_descendants=True):
1387 |         """
1388 |         Used for rendering the page tree, inserts into context everything what
1389 |         we need for single item
1390 |         """
1391 |         user = request.user
1392 |         site = get_site(request)
1393 |         permissions_on = get_cms_setting('PERMISSION')
1394 |         template = get_template(self.page_tree_row_template)
1395 |         is_popup = (IS_POPUP_VAR in request.POST or IS_POPUP_VAR in request.GET)
1396 |         languages = get_language_list(site.pk)
1397 |         user_can_add = page_permissions.user_can_add_subpage
1398 |         user_can_change = page_permissions.user_can_change_page
1399 |         user_can_change_advanced = page_permissions.user_can_change_page_advanced_settings
1400 |         page_content_type = ContentType.objects.get_for_model(PageContent)
1401 | 
1402 |         def render_page_row(page):
1403 |             page.page_content_cache = {trans.language: trans for trans in page.filtered_translations}
1404 | 
1405 |             for _language in languages:
1406 |                 # EmptyPageContent is used to prevent the cms from trying
1407 |                 # to find a translation in the database
1408 |                 page.page_content_cache.setdefault(_language, EmptyPageContent(language=_language))
1409 | 
1410 |             has_move_page_permission = page_permissions.user_can_move_page(request.user, page, site=site)
1411 | 
1412 |             if permissions_on and not has_move_page_permission:
1413 |                 # TODO: check if this is really needed
1414 |                 metadata = '{"valid_children": False, "draggable": False}'
1415 |             else:
1416 |                 metadata = ''
1417 | 
1418 |             context = {
1419 |                 'admin': self,
1420 |                 'opts': self.opts,
1421 |                 'site': site,
1422 |                 'page': page,
1423 |                 'page_content': page.get_content_obj(language, fallback=True),
1424 |                 'page_content_type': page_content_type,
1425 |                 'node': page.node,
1426 |                 'ancestors': [node.item for node in page.node.get_cached_ancestors()],
1427 |                 'descendants': [node.item for node in page.node.get_cached_descendants()],
1428 |                 'request': request,
1429 |                 'lang': language,
1430 |                 'metadata': metadata,
1431 |                 'page_languages': page.get_languages(),
1432 |                 'preview_language': language,
1433 |                 'follow_descendants': follow_descendants,
1434 |                 'site_languages': languages,
1435 |                 'is_popup': is_popup,
1436 |                 'has_add_page_permission': user_can_add(user, target=page),
1437 |                 'has_change_permission': user_can_change(request.user, page, site),
1438 |                 'has_change_advanced_settings_permission': user_can_change_advanced(request.user, page, site),
1439 |                 'has_move_page_permission': has_move_page_permission,
1440 |             }
1441 |             context['is_concrete'] = context['page_content'].language == language
1442 |             return template.render(context)
1443 | 
1444 |         if follow_descendants:
1445 |             root_pages = (page for page in pages if page.node.depth == depth)
1446 |         else:
1447 |             # When the tree is filtered, it's displayed as a flat structure
1448 |             root_pages = pages
1449 | 
1450 |         if depth == 1:
1451 |             nodes = []
1452 | 
1453 |             for page in pages:
1454 |                 page.node.__dict__['item'] = page
1455 |                 nodes.append(page.node)
1456 | 
1457 |             for page in root_pages:
1458 |                 page.node._set_hierarchy(nodes)
1459 |                 yield render_page_row(page)
1460 |         else:
1461 |             for page in root_pages:
1462 |                 page.node.__dict__['item'] = page
1463 |                 yield render_page_row(page)
```

2026-09-16 22:03:14 utils.py INFO 
LiteLLM completion() model= qwen/qwen3-coder; provider = openrouter
2026-09-16 22:03:24 utils.py INFO Wrapper: Completed Call, calling success_handler
2026-09-16 22:03:24 auto_search_main.py INFO Executing code:
```
print(get_entity_contents(**{'entity_names': ['cms/toolbar/items.py']}))
```
2026-09-16 22:03:24 auto_search_main.py INFO OBSERVATION:
##Searching for entity `cms/toolbar/items.py`...
### Search Result:
Found file `cms/toolbar/items.py`.
Source: Exact match found for entity name `cms/toolbar/items.py`.
```
  1 | import json
  2 | from abc import ABCMeta
  3 | from collections import defaultdict
  4 | 
  5 | from django.template.loader import render_to_string
  6 | from django.utils.encoding import force_str
  7 | from django.utils.functional import Promise
  8 | 
  9 | from cms.constants import LEFT, REFRESH_PAGE, RIGHT, URL_CHANGE
 10 | 
 11 | 
 12 | class ItemSearchResult():
 13 |     """
 14 |     Returned by the find APIs in :class:`ToolbarAPIMixin`.
 15 | 
 16 |     An ``ItemSearchResult`` will have two useful attributes:
 17 | 
 18 |     .. attribute:: item
 19 | 
 20 |         The item found.
 21 | 
 22 |     .. attribute:: index
 23 | 
 24 |         The index of the item (its position amongst the other items).
 25 | 
 26 |     The ``ItemSearchResult`` itself can be cast to an integer, and supports addition and
 27 |     subtraction of numbers. See the :option:`position` parameter for more details, and
 28 |     :ref:`toolbar_control_item_position` for examples.
 29 |     """
 30 |     def __init__(self, item, index):
 31 |         self.item = item
 32 |         self.index = index
 33 | 
 34 |     def __add__(self, other):
 35 |         return ItemSearchResult(self.item, self.index + other)
 36 | 
 37 |     def __sub__(self, other):
 38 |         return ItemSearchResult(self.item, self.index - other)
 39 | 
 40 |     def __int__(self):
 41 |         return self.index
 42 | 
 43 | 
 44 | def may_be_lazy(thing):
 45 |     if isinstance(thing, Promise):
 46 |         return thing._proxy____args[0]
 47 |     else:
 48 |         return thing
 49 | 
 50 | 
 51 | class ToolbarAPIMixin(metaclass=ABCMeta):
 52 |     """
 53 |     Provides APIs used by :class:`~cms.toolbar.toolbar.CMSToolbar` and :class:`Menu`.
 54 |     """
 55 |     REFRESH_PAGE = REFRESH_PAGE
 56 |     URL_CHANGE = URL_CHANGE
 57 |     LEFT = LEFT
 58 |     RIGHT = RIGHT
 59 | 
 60 |     def __init__(self):
 61 |         self.items = []
 62 |         self.menus = {}
 63 |         self._memo = defaultdict(list)
 64 | 
 65 |     def _memoize(self, item):
 66 |         self._memo[item.__class__].append(item)
 67 | 
 68 |     def _unmemoize(self, item):
 69 |         self._memo[item.__class__].remove(item)
 70 | 
 71 |     def _item_position(self, item):
 72 |         return self.items.index(item)
 73 | 
 74 |     def _add_item(self, item, position):
 75 |         if position is not None:
 76 |             self.items.insert(position, item)
 77 |         else:
 78 |             self.items.append(item)
 79 | 
 80 |     def _remove_item(self, item):
 81 |         if item in self.items:
 82 |             self.items.remove(item)
 83 |         else:
 84 |             raise KeyError("Item %r not found" % item)
 85 | 
 86 |     def get_item_count(self):
 87 |         """Returns the number of items in the menu."""
 88 |         return len(self.items)
 89 | 
 90 |     def add_item(self, item, position=None):
 91 |         """Adds an item (which must be a subclass of :class:`~cms.toolbar.items.BaseItem`), and
 92 |         returns it. This is a low-level API, and you should always use one of the built-in
 93 |         object-specific methods to add items in preference if possible, using this method **only**
 94 |         for custom item classes."""
 95 |         if not isinstance(item, BaseItem):
 96 |             raise ValueError("Items must be subclasses of cms.toolbar.items.BaseItem, %r isn't" % item)
 97 |         if isinstance(position, ItemSearchResult):
 98 |             position = position.index
 99 |         elif isinstance(position, BaseItem):
100 |             position = self._item_position(position)
101 |         elif not (position is None or isinstance(position, (int,))):
102 |             raise ValueError(
103 |                 "Position must be None, an integer, an item or an ItemSearchResult, got %r instead" % position
104 |             )
105 |         self._add_item(item, position)
106 |         self._memoize(item)
107 |         return item
108 | 
109 |     def find_items(self, item_type, **attributes):
110 |         """Returns a list of :class:`ItemSearchResult` objects matching all items of ``item_type``
111 |         (e.g. ``LinkItem``)."""
112 |         results = []
113 |         attr_items = attributes.items()
114 |         notfound = object()
115 |         for candidate in self._memo[item_type]:
116 |             if all(may_be_lazy(getattr(candidate, key, notfound)) == value for key, value in attr_items):
117 |                 results.append(ItemSearchResult(candidate, self._item_position(candidate)))
118 |         return results
119 | 
120 |     def find_first(self, item_type, **attributes):
121 |         """Returns the first :class:`ItemSearchResult` that matches the search, or ``None``. The
122 |         search strategy is the same as in :meth:`find_items`. The return value of this method is
123 |         safe to use as the :option:`position` argument of the various APIs to add items."""
124 |         try:
125 |             return self.find_items(item_type, **attributes)[0]
126 |         except IndexError:
127 |             return None
128 | 
129 |     #
130 |     # This will only work if it is used to determine the insert position for
131 |     # all items in the same menu.
132 |     #
133 |     def get_alphabetical_insert_position(self, new_menu_name, item_type,
134 |                                          default=0):
135 |         results = self.find_items(item_type)
136 | 
137 |         # No items yet? Use the default value provided
138 |         if not len(results):
139 |             return default
140 | 
141 |         last_position = 0
142 | 
143 |         for result in sorted(results, key=lambda x: x.item.name):
144 |             if result.item.name > new_menu_name:
145 |                 return result.index
146 | 
147 |             if result.index > last_position:
148 |                 last_position = result.index
149 |         else:
150 |             return last_position + 1
151 | 
152 |     def remove_item(self, item):
153 |         self._remove_item(item)
154 |         self._unmemoize(item)
155 | 
156 |     def add_sideframe_item(self, name, url, active=False, disabled=False,
157 |                            extra_classes=None, on_close=None, side=LEFT, position=None):
158 |         """Adds a :class:`SideframeItem` that opens ``url`` in the sideframe and returns it."""
159 | 
160 |         item = SideframeItem(
161 |             name, url,
162 |             active=active,
163 |             disabled=disabled,
164 |             extra_classes=extra_classes,
165 |             on_close=on_close,
166 |             side=side,
167 |         )
168 |         self.add_item(item, position=position)
169 |         return item
170 | 
171 |     def add_modal_item(self, name, url, active=False, disabled=False,
172 |                        extra_classes=None, on_close=REFRESH_PAGE, side=LEFT, position=None):
173 |         """Similar to :meth:`add_sideframe_item`, but adds a :class:`ModalItem` that opens the
174 |         ``url`` in a modal dialog instead of the sideframe, and returns it."""
175 | 
176 |         item = ModalItem(
177 |             name, url,
178 |             active=active,
179 |             disabled=disabled,
180 |             extra_classes=extra_classes,
181 |             on_close=on_close,
182 |             side=side,
183 |         )
184 |         self.add_item(item, position=position)
185 |         return item
186 | 
187 |     def add_link_item(self, name, url, active=False, disabled=False,
188 |                       extra_classes=None, side=LEFT, position=None):
189 |         """Adds a :class:`LinkItem` that opens ``url``, and returns it."""
190 | 
191 |         item = LinkItem(
192 |             name, url,
193 |             active=active,
194 |             disabled=disabled,
195 |             extra_classes=extra_classes,
196 |             side=side
197 |         )
198 |         self.add_item(item, position=position)
199 |         return item
200 | 
201 |     def add_ajax_item(self, name, action, active=False, disabled=False,
202 |                       extra_classes=None, data=None, question=None,
203 |                       side=LEFT, position=None, on_success=None, method='POST'):
204 |         """Adds :class:`AjaxItem` that sends a POST request to ``action`` with ``data``, and returns
205 |         it. ``data`` should be ``None`` or a dictionary. The CSRF token will automatically be added
206 |         to the item.
207 | 
208 |         If a string is provided for ``question``, it will be presented to the user to allow
209 |         confirmation before the request is sent."""
210 | 
211 |         item = AjaxItem(
212 |             name, action, self.csrf_token,
213 |             active=active,
214 |             disabled=disabled,
215 |             extra_classes=extra_classes,
216 |             data=data,
217 |             question=question,
218 |             side=side,
219 |             on_success=on_success,
220 |             method=method,
221 |         )
222 |         self.add_item(item, position=position)
223 |         return item
224 | 
225 | 
226 | class BaseItem(metaclass=ABCMeta):
227 |     """
228 |     All toolbar items inherit from ``BaseItem``. If you need to create a custom toolbar item,
229 |     subclass ``BaseItem``.
230 |     """
231 |     toolbar = None
232 |     #: Must be set by subclasses and point to a Django template
233 |     template = None
234 | 
235 |     def __init__(self, side=LEFT):
236 |         self.side = side
237 | 
238 |     @property
239 |     def right(self):
240 |         return self.side is RIGHT
241 | 
242 |     def render(self):
243 |         """
244 |         Renders the item and returns it as a string. By default, calls
245 |         :meth:`get_context` and renders :attr:`template` with the context
246 |         returned.
247 |         """
248 |         if self.toolbar:
249 |             template = self.toolbar.templates.get_cached_template(self.template)
250 |             return template.render(self.get_context())
251 |         # Backwards compatibility
252 |         return render_to_string(self.template, self.get_context())
253 | 
254 |     def get_context(self):
255 |         """Returns the context (as dictionary) for this item."""
256 |         return {}
257 | 
258 | 
259 | class TemplateItem(BaseItem):
260 | 
261 |     def __init__(self, template, extra_context=None, side=LEFT):
262 |         super().__init__(side)
263 |         self.template = template
264 |         self.extra_context = extra_context
265 | 
266 |     def get_context(self):
267 |         if self.extra_context:
268 |             return self.extra_context
269 |         return {}
270 | 
271 | 
272 | class SubMenu(ToolbarAPIMixin, BaseItem):
273 |     """
274 |     A child of a :class:`Menu`. Use a :meth:`Menu.get_or_create_menu
275 |     <cms.toolbar.items.Menu.get_or_create_menu>` method to create a ``SubMenu``
276 |     instance. Can be added to ``Menu``.
277 |     """
278 |     template = "cms/toolbar/items/menu.html"
279 |     sub_level = True
280 |     active = False
281 | 
282 |     def __init__(self, name, csrf_token, disabled=False, side=LEFT):
283 |         ToolbarAPIMixin.__init__(self)
284 |         BaseItem.__init__(self, side)
285 |         self.name = name
286 |         self.disabled = disabled
287 |         self.csrf_token = csrf_token
288 | 
289 |     def __repr__(self):
290 |         return '<Menu:%s>' % force_str(self.name)
291 | 
292 |     def add_break(self, identifier=None, position=None):
293 |         """Adds a visual break in the menu, at :option:`position`, and returns it. ``identifier`` may
294 |         be used to make this item searchable."""
295 |         item = Break(identifier)
296 |         self.add_item(item, position=position)
297 |         return item
298 | 
299 |     def get_items(self):
300 |         items = self.items
301 |         for item in items:
302 |             item.toolbar = self.toolbar
303 |             if hasattr(item, 'disabled'):
304 |                 item.disabled = self.disabled or item.disabled
305 |         return items
306 | 
307 |     def get_context(self):
308 |         return {
309 |             'active': self.active,
310 |             'disabled': self.disabled,
311 |             'items': self.get_items(),
312 |             'title': self.name,
313 |             'sub_level': self.sub_level
314 |         }
315 | 
316 | 
317 | class Menu(SubMenu):
318 |     """
319 |     Provides a menu in the toolbar. Use a :meth:`CMSToolbar.get_or_create_menu
320 |     <cms.toolbar.toolbar.CMSToolbar.get_or_create_menu>` method to create a ``Menu``
321 |     instance. Can be added to :class:`~cms.toolbar.toolbar.CMSToolbar`.
322 |     """
323 |     sub_level = False
324 | 
325 |     def get_or_create_menu(self, key, verbose_name, disabled=False, side=LEFT, position=None):
326 |         """Adds a new sub-menu, at :option:`position`, and returns a :class:`SubMenu`."""
327 |         if key in self.menus:
328 |             return self.menus[key]
329 |         menu = SubMenu(verbose_name, self.csrf_token, disabled=disabled, side=side)
330 |         self.menus[key] = menu
331 |         self.add_item(menu, position=position)
332 |         return menu
333 | 
334 | 
335 | class LinkItem(BaseItem):
336 |     """
337 |     Sends a GET request. Use an :class:`~ToolbarAPIMixin.add_link_item` method to create a
338 |     ``LinkItem`` instance. Can be added to :class:`~cms.toolbar.toolbar.CMSToolbar`,
339 |     :class:`~cms.toolbar.items.Menu`, :class:`~cms.toolbar.items.SubMenu`.
340 |     """
341 |     template = "cms/toolbar/items/item_link.html"
342 | 
343 |     def __init__(self, name, url, active=False, disabled=False, extra_classes=None, side=LEFT):
344 |         super().__init__(side)
345 |         self.name = name
346 |         self.url = url
347 |         self.active = active
348 |         self.disabled = disabled
349 |         self.extra_classes = extra_classes or []
350 | 
351 |     def __repr__(self):
352 |         return '<LinkItem:%s>' % force_str(self.name)
353 | 
354 |     def get_context(self):
355 |         return {
356 |             'url': self.url,
357 |             'name': self.name,
358 |             'active': self.active,
359 |             'disabled': self.disabled,
360 |             'extra_classes': self.extra_classes,
361 |         }
362 | 
363 | 
364 | class FrameItem(BaseItem):
365 |     # Be sure to define the correct template
366 | 
367 |     def __init__(self, name, url, active=False, disabled=False,
368 |                  extra_classes=None, on_close=None, side=LEFT):
369 |         super().__init__(side)
370 |         self.name = "%s..." % force_str(name)
371 |         self.url = url
372 |         self.active = active
373 |         self.disabled = disabled
374 |         self.extra_classes = extra_classes or []
375 |         self.on_close = on_close
376 | 
377 |     def __repr__(self):
378 |         # Should be overridden
379 |         return '<FrameItem:%s>' % force_str(self.name)
380 | 
381 |     def get_context(self):
382 |         return {
383 |             'url': self.url,
384 |             'name': self.name,
385 |             'active': self.active,
386 |             'disabled': self.disabled,
387 |             'extra_classes': self.extra_classes,
388 |             'on_close': self.on_close,
389 |         }
390 | 
391 | 
392 | class SideframeItem(FrameItem):
393 |     """
394 |     Sends a GET request; loads response in a sideframe. Use an
395 |     :class:`~ToolbarAPIMixin.add_sideframe_item` method to create a ``SideframeItem`` instance. Can
396 |     be added to :class:`~cms.toolbar.toolbar.CMSToolbar`, :class:`~cms.toolbar.items.Menu`,
397 |     :class:`~cms.toolbar.items.SubMenu`.
398 |     """
399 |     template = "cms/toolbar/items/item_sideframe.html"
400 | 
401 |     def __repr__(self):
402 |         return '<SideframeItem:%s>' % force_str(self.name)
403 | 
404 | 
405 | class ModalItem(FrameItem):
406 |     """
407 |     Sends a GET request; loads response in a modal window. Use an
408 |     :class:`~ToolbarAPIMixin.add_modal_item` method to create a ``ModalItem`` instance. Can be
409 |     added to :class:`~cms.toolbar.toolbar.CMSToolbar`, :class:`~cms.toolbar.items.Menu`,
410 |     :class:`~cms.toolbar.items.SubMenu`.
411 |     """
412 |     template = "cms/toolbar/items/item_modal.html"
413 | 
414 |     def __repr__(self):
415 |         return '<ModalItem:%s>' % force_str(self.name)
416 | 
417 | 
418 | class AjaxItem(BaseItem):
419 |     """
420 |     Sends a POST request. Use an :class:`~ToolbarAPIMixin.add_ajax_item` method to create a
421 |     ``AjaxItem`` instance. Can be added to :class:`~cms.toolbar.toolbar.CMSToolbar`,
422 |     :class:`~cms.toolbar.items.Menu`, :class:`~cms.toolbar.items.SubMenu`.
423 | 
424 |     """
425 |     template = "cms/toolbar/items/item_ajax.html"
426 | 
427 |     def __init__(self, name, action, csrf_token, data=None, active=False,
428 |                  disabled=False, extra_classes=None,
429 |                  question=None, side=LEFT, on_success=None, method='POST'):
430 |         super().__init__(side)
431 |         self.name = name
432 |         self.action = action
433 |         self.active = active
434 |         self.disabled = disabled
435 |         self.csrf_token = csrf_token
436 |         self.data = data or {}
437 |         self.extra_classes = extra_classes or []
438 |         self.question = question
439 |         self.on_success = on_success
440 |         self.method = method
441 | 
442 |     def __repr__(self):
443 |         return '<AjaxItem:%s>' % force_str(self.name)
444 | 
445 |     def get_context(self):
446 |         data = self.data.copy()
447 | 
448 |         if self.method not in ('GET', 'HEAD', 'OPTIONS', 'TRACE'):
449 |             data['csrfmiddlewaretoken'] = self.csrf_token
450 | 
451 |         return {
452 |             'action': self.action,
453 |             'name': self.name,
454 |             'active': self.active,
455 |             'disabled': self.disabled,
456 |             'extra_classes': self.extra_classes,
457 |             'data': json.dumps(data),
458 |             'question': self.question,
459 |             'on_success': self.on_success,
460 |             'method': self.method,
461 |         }
462 | 
463 | 
464 | class Break(BaseItem):
465 |     """
466 |     A visual break in a menu. Use an :class:`~cms.toolbar.items.SubMenu.add_break` method to create
467 |     a ``Break`` instance. Can be added to :class:`~cms.toolbar.items.Menu`,
468 |     :class:`~cms.toolbar.items.SubMenu`.
469 | 
470 |     """
471 |     template = "cms/toolbar/items/break.html"
472 | 
473 |     def __init__(self, identifier=None):
474 |         self.identifier = identifier
475 | 
476 | 
477 | class BaseButton(metaclass=ABCMeta):
478 |     toolbar = None
479 |     template = None
480 | 
481 |     def render(self):
482 |         if self.toolbar:
483 |             template = self.toolbar.templates.get_cached_template(self.template)
484 |             return template.render(self.get_context())
485 |         # Backwards compatibility
486 |         return render_to_string(self.template, self.get_context())
487 | 
488 |     def get_context(self):
489 |         return {}
490 | 
491 | 
492 | class Button(BaseButton):
493 |     """
494 |     Sends a GET request. Use a :meth:`CMSToolbar.add_button
495 |     <cms.toolbar.toolbar.CMSToolbar.add_button>` or :meth:`ButtonList.add_button` method to create
496 |     a ``Button`` instance. Can be added to :class:`~cms.toolbar.toolbar.CMSToolbar`,
497 |     :class:`~cms.toolbar.items.ButtonList`.
498 |     """
499 |     template = "cms/toolbar/items/button.html"
500 | 
501 |     def __init__(self, name, url, active=False, disabled=False,
502 |                  extra_classes=None):
503 |         self.name = name
504 |         self.url = url
505 |         self.active = active
506 |         self.disabled = disabled
507 |         self.extra_classes = extra_classes or []
508 | 
509 |     def __repr__(self):
510 |         return '<Button:%s>' % force_str(self.name)
511 | 
512 |     def get_context(self):
513 |         return {
514 |             'name': self.name,
515 |             'url': self.url,
516 |             'active': self.active,
517 |             'disabled': self.disabled,
518 |             'extra_classes': self.extra_classes,
519 |         }
520 | 
521 | 
522 | class ModalButton(Button):
523 |     """
524 |     Sends a GET request. Use a :meth:`CMSToolbar.add_modal_button
525 |     <cms.toolbar.toolbar.CMSToolbar.add_modal_button>` or :meth:`ButtonList.add_modal_button`
526 |     method to create a ``ModalButton`` instance. Can be added to
527 |     :class:`~cms.toolbar.toolbar.CMSToolbar`, :class:`~cms.toolbar.items.ButtonList`.
528 |     """
529 |     template = "cms/toolbar/items/button_modal.html"
530 | 
531 |     def __init__(self, name, url, active=False, disabled=False, extra_classes=None, on_close=None):
532 |         self.name = name
533 |         self.url = url
534 |         self.active = active
535 |         self.disabled = disabled
536 |         self.extra_classes = extra_classes or []
537 |         self.on_close = on_close
538 | 
539 |     def __repr__(self):
540 |         return '<ModalButton:%s>' % force_str(self.name)
541 | 
542 |     def get_context(self):
543 |         return {
544 |             'name': self.name,
545 |             'url': self.url,
546 |             'active': self.active,
547 |             'disabled': self.disabled,
548 |             'extra_classes': self.extra_classes,
549 |             'on_close': self.on_close,
550 |         }
551 | 
552 | 
553 | class SideframeButton(ModalButton):
554 |     """
555 |     Sends a GET request. Use a :meth:`CMSToolbar.add_sideframe_button
556 |     <cms.toolbar.toolbar.CMSToolbar.add_sideframe_button>` or
557 |     :meth:`ButtonList.add_sideframe_button` method to create a ``SideframeButton`` instance. Can be
558 |     added to :class:`~cms.toolbar.toolbar.CMSToolbar`, :class:`~cms.toolbar.items.ButtonList`.
559 |     """
560 |     template = "cms/toolbar/items/button_sideframe.html"
561 | 
562 |     def __repr__(self):
563 |         return '<SideframeButton:%s>' % force_str(self.name)
564 | 
565 | 
566 | class ButtonList(BaseItem):
567 |     """
568 |     A visually-connected list of one or more buttons. Use an
569 |     :meth:`~cms.toolbar.toolbar.CMSToolbar.add_button_list` method to create a
570 |     ``ButtonList`` instance. Can be added to :class:`~cms.toolbar.toolbar.CMSToolbar`.
571 |     """
572 |     template = "cms/toolbar/items/button_list.html"
573 | 
574 |     def __init__(self, identifier=None, extra_classes=None, side=LEFT):
575 |         super().__init__(side)
576 |         self.extra_classes = extra_classes or []
577 |         self.buttons = []
578 |         self.identifier = identifier
579 | 
580 |     def __repr__(self):
581 |         return '<ButtonList:%s>' % self.identifier
582 | 
583 |     def add_item(self, item):
584 |         if not isinstance(item, Button):
585 |             raise ValueError("Expected instance of cms.toolbar.items.Button, got %r instead" % item)
586 |         self.buttons.append(item)
587 | 
588 |     def add_button(self, name, url, active=False, disabled=False,
589 |                    extra_classes=None):
590 |         """Adds a :class:`Button` to the list of buttons and returns it."""
591 | 
592 |         item = Button(
593 |             name, url,
594 |             active=active,
595 |             disabled=disabled,
596 |             extra_classes=extra_classes
597 |         )
598 |         self.buttons.append(item)
599 |         return item
600 | 
601 |     def add_modal_button(self, name, url, active=False, disabled=False, extra_classes=None, on_close=REFRESH_PAGE):
602 |         """Adds a :class:`~cms.toolbar.items.ModalButton` to the button list and returns it."""
603 | 
604 |         item = ModalButton(
605 |             name, url,
606 |             active=active,
607 |             disabled=disabled,
608 |             extra_classes=extra_classes,
609 |             on_close=on_close,
610 |         )
611 |         self.buttons.append(item)
612 |         return item
613 | 
614 |     def add_sideframe_button(self, name, url, active=False, disabled=False, extra_classes=None, on_close=None):
615 |         """Adds a :class:`~cms.toolbar.items.SideFrameButton` to the button list and returns it."""
616 | 
617 |         item = SideframeButton(
618 |             name, url,
619 |             active=active,
620 |             disabled=disabled,
621 |             extra_classes=extra_classes,
622 |             on_close=on_close,
623 |         )
624 |         self.buttons.append(item)
625 |         return item
626 | 
627 |     def get_buttons(self):
628 |         """Yields all buttons in the button list"""
629 |         for button in self.buttons:
630 |             button.toolbar = self.toolbar
631 |             yield button
632 | 
633 |     def get_context(self):
634 |         context = {
635 |             'buttons': list(self.get_buttons()),
636 |             'extra_classes': self.extra_classes
637 |         }
638 | 
639 |         if self.toolbar:
640 |             context['cms_structure_url'] = self.toolbar.get_object_structure_url()
641 |         return context
642 | 
643 | 
644 | class Dropdown(ButtonList):
645 | 
646 |     template = "cms/toolbar/items/dropdown.html"
647 | 
648 |     def __init__(self, *args, **kwargs):
649 |         super().__init__(*args, **kwargs)
650 |         self.primary_button = None
651 | 
652 |     def __repr__(self):
653 |         return '<Dropdown:%s>' % force_str(self.name)
654 | 
655 |     def add_primary_button(self, button):
656 |         self.primary_button = button
657 | 
658 |     def get_buttons(self):
659 |         for button in self.buttons:
660 |             button.toolbar = self.toolbar
661 |             button.is_in_dropdown = True
662 |             yield button
663 | 
664 |     def get_context(self):
665 |         return {
666 |             'primary_button': self.primary_button,
667 |             'buttons': list(self.get_buttons()),
668 |             'extra_classes': self.extra_classes,
669 |         }
670 | 
671 | 
672 | class DropdownToggleButton(BaseButton):
673 |     template = "cms/toolbar/items/dropdown_button.html"
674 |     has_no_action = True
675 | 
676 |     def __init__(self, name, active=False, disabled=False,
677 |                  extra_classes=None):
678 |         self.name = name
679 |         self.active = active
680 |         self.disabled = disabled
681 |         self.extra_classes = extra_classes or []
682 | 
683 |     def __repr__(self):
684 |         return '<DropdownToggleButton:%s>' % force_str(self.name)
685 | 
686 |     def get_context(self):
687 |         return {
688 |             'name': self.name,
689 |             'active': self.active,
690 |             'disabled': self.disabled,
691 |             'extra_classes': self.extra_classes,
692 |         }
693 | 
```

2026-09-16 22:03:24 utils.py INFO 
LiteLLM completion() model= qwen/qwen3-coder; provider = openrouter
2026-09-16 22:03:37 utils.py INFO Wrapper: Completed Call, calling success_handler
2026-09-16 22:03:37 utils.py INFO 
LiteLLM completion() model= qwen/qwen3-coder; provider = openrouter
2026-09-16 22:03:48 utils.py INFO Wrapper: Completed Call, calling success_handler
2026-09-16 22:03:48 auto_search_main.py INFO convert none fncall messages failed.
2026-09-16 22:03:48 utils.py INFO 
LiteLLM completion() model= qwen/qwen3-coder; provider = openrouter
2026-09-16 22:03:58 utils.py INFO Wrapper: Completed Call, calling success_handler
2026-09-16 22:03:58 auto_search_main.py INFO convert none fncall messages failed.
2026-09-16 22:03:58 utils.py INFO 
LiteLLM completion() model= qwen/qwen3-coder; provider = openrouter
2026-09-16 22:04:07 utils.py INFO Wrapper: Completed Call, calling success_handler
2026-09-16 22:04:07 auto_search_main.py INFO Executing code:
```
print(search_code_snippets(**{'search_terms': ['status indicator', 'draft status', 'indicator menu']}))
```
2026-09-16 22:04:07 __init__.py DEBUG Building index from IDs objects
2026-09-16 22:04:07 __init__.py DEBUG Building index from IDs objects
2026-09-16 22:04:07 __init__.py DEBUG Building index from IDs objects
2026-09-16 22:04:07 __init__.py DEBUG Building index from IDs objects
2026-09-16 22:04:08 __init__.py DEBUG Building index from IDs objects
2026-09-16 22:04:08 __init__.py DEBUG Building index from IDs objects
2026-09-16 22:04:08 auto_search_main.py INFO OBSERVATION:
cms/admin/pageadmin.py:PageContentAdmin.change_innavigation
cms/toolbar/toolbar.py:CMSToolbar.post_template_populate
cms/toolbar/toolbar.py:CMSToolbar.populate
cms/toolbar/toolbar.py:CMSToolbar._call_toolbar
cms/toolbar/toolbar.py:CMSToolbar.media
cms/cms_menus.py:SoftRootCutter.modify
cms/admin/useradmin.py:PageUserAdmin.get_readonly_fields
cms/admin/useradmin.py:PageUserAdmin
cms/admin/useradmin.py:PageUserAdmin.get_subordinates
cms/admin/useradmin.py:PageUserAdmin.save_model
cms/plugin_base.py:CMSPluginBase.get_cache_expiration
cms/utils/page_permissions.py:user_can_view_page
cms/admin/pageadmin.py:PageAdmin.move_page
cms/admin/pageadmin.py:PageContentAdmin.change_innavigation
cms/management/commands/subcommands/tree.py:FixTreeCommand._update_descendants_tree
cms/toolbar/toolbar.py:CMSToolbar.post_template_populate
cms/toolbar/toolbar.py:CMSToolbar.populate
cms/toolbar/toolbar.py:CMSToolbar._call_toolbar
cms/toolbar/toolbar.py:CMSToolbar.media
cms/api.py:get_page_draft
cms/api.py:publish_page
cms/api.py:publish_pages
cms/utils/page.py:get_clean_username
cms/utils/page.py:get_page_queryset
cms/admin/useradmin.py:PageUserAdmin.get_readonly_fields
cms/admin/useradmin.py:PageUserAdmin
cms/admin/useradmin.py:PageUserAdmin.get_subordinates
cms/admin/useradmin.py:PageUserAdmin.save_model
cms/utils/page_permissions.py:user_can_view_page
cms/plugin_rendering.py:ContentRenderer.render_static_placeholder
cms/plugin_rendering.py:StructureRenderer.render_static_placeholder
cms/plugin_rendering.py:StructureRenderer.render_page_placeholder
cms/cms_menus.py:SoftRootCutter.modify
cms/toolbar/toolbar.py:CMSToolbar.get_or_create_menu
cms/toolbar/items.py:Menu.get_or_create_menu
cms/toolbar/items.py:Menu
menus/menu_pool.py:MenuPool.get_registered_menus
menus/menu_pool.py:MenuPool.get_nodes_by_attribute
menus/menu_pool.py:impl:3
menus/menu_pool.py:MenuPool.get_menus_by_attribute
cms/toolbar/items.py:SubMenu.__repr__
cms/toolbar/items.py:SubMenu.add_break
cms/toolbar/items.py:SubMenu.get_items
cms/toolbar/items.py:SubMenu
cms/toolbar/items.py:SubMenu.__init__
cms/toolbar/items.py:SubMenu.get_context
menus/templatetags/menu_tags.py:ShowSubMenu
cms/admin/pageadmin.py:PageContentAdmin.change_innavigation
cms/cms_menus.py:SoftRootCutter.modify
cms/toolbar/toolbar.py:CMSToolbar.post_template_populate
cms/toolbar/toolbar.py:CMSToolbar.populate
cms/toolbar/toolbar.py:CMSToolbar._call_toolbar
cms/toolbar/toolbar.py:CMSToolbar.media
cms/admin/useradmin.py:PageUserAdmin.get_readonly_fields
cms/admin/useradmin.py:PageUserAdmin
cms/admin/useradmin.py:PageUserAdmin.get_subordinates
cms/admin/useradmin.py:PageUserAdmin.save_model
cms/plugin_base.py:CMSPluginBase.get_cache_expiration
cms/utils/page_permissions.py:user_can_view_page
cms/admin/pageadmin.py:PageAdmin.move_page
##Searching for term "status indicator"...
### Search Result:
Found `cms/utils/admin.py:jsonify_request`.
Source: Retrieved code content using keyword search (bm25).
```
 1 | import json
 2 | 
 3 | from django.http import HttpResponse
 4 | from django.utils.encoding import smart_str
 5 | 
 6 | NOT_FOUND_RESPONSE = "NotFound"
 7 | 
 8 | 
 9 | def jsonify_request(response):
10 |     """ Turn any response in a 200 response to let jQuery code handle it nicely.
11 |         Response contains a json object with the following attributes:
12 |          * status: original response status code
13 |          * content: original response content
14 |     """
15 |     content = {'status': response.status_code, 'content': smart_str(response.content, response.charset)}
16 |     return HttpResponse(json.dumps(content), content_type="application/json")
17 | 
```

Found .
Source: Retrieved code content using keyword search (bm25).
```
 1 | """
 2 | Collection of important constants used throughout django CMS.
 3 | """
 4 | 
 5 | 
 6 | #: The token used to identify when a user selects "inherit" as template for a page.
 7 | TEMPLATE_INHERITANCE_MAGIC = 'INHERIT'
 8 | 
 9 | REFRESH_PAGE = 'REFRESH_PAGE'
10 | """
11 | Supplied to ``on_close`` arguments to refresh the current page when the frame is closed, for
12 | example:
13 | 
14 | ..  code-block:: python
15 | 
16 |     from cms.constants import REFRESH_PAGE
17 | 
18 |     self.toolbar.add_modal_item(
19 |         'Modal item',
20 |         url=modal_url,
21 |         on_close=REFRESH_PAGE
22 |         )
23 | """
24 | 
25 | FOLLOW_REDIRECT = 'FOLLOW_REDIRECT'
26 | URL_CHANGE = 'URL_CHANGE'
27 | 
28 | #: Used as a position indicator in the toolbar: On the right side.
29 | RIGHT = object()  # this is a trick so "foo is RIGHT" will only ever work for this, same goes for LEFT.
30 | 
31 | #: Used as a position indicator in the toolbar: On the left side.
32 | LEFT = object()
33 | 
34 | PAGE_TYPES_ID = "page_types"
35 | PAGE_TREE_POSITIONS = ('last-child', 'first-child', 'left', 'right')
36 | 
37 | #: Used for the ``limit_visibility_in_menu`` keyword argument to
38 | #: :func: `create_page`.Does not limit menu visibility.
39 | VISIBILITY_ALL = None
40 | 
41 | #: Used for the ``limit_visibility_in_menu`` keyword argument to :func: `create_page`.
42 | #: Limits menu visibility to authenticated users.
43 | VISIBILITY_USERS = 1
44 | 
45 | #: Used for the ``limit_visibility_in_menu`` keyword argument to :func: `create_page`.
46 | #: Limits menu visibility to anonymous(not authenticated) users.
47 | VISIBILITY_ANONYMOUS = 2
48 | 
49 | X_FRAME_OPTIONS_INHERIT = 0
50 | X_FRAME_OPTIONS_DENY = 1
51 | X_FRAME_OPTIONS_SAMEORIGIN = 2
52 | X_FRAME_OPTIONS_ALLOW = 3
53 | 
54 | PAGE_USERNAME_MAX_LENGTH = 255
55 | 
56 | SLUG_REGEXP = '[0-9A-Za-z-_.//]+'
57 | 
58 | #: Used for cache control headers: 0 seconds, i.e. now.
59 | EXPIRE_NOW = 0
60 | 
61 | #: Used for cache control headers: 365 * 24 * 3600 seconds, i.e. one year. HTTP specification says
62 | #: max caching should only be up to one year.
63 | MAX_EXPIRATION_TTL = 365 * 24 * 3600
64 | 
65 | PLUGIN_TOOLBAR_JS = "CMS._plugins.push([\"cms-plugin-%(pk)s\", %(config)s]);\n"
66 | 
67 | PLACEHOLDER_TOOLBAR_JS = "CMS._plugins.push([\"cms-placeholder-%(pk)s\", %(config)s]);"
68 | 
69 | # In the permissions system we use user levels to determine
70 | # the depth in which the user has permissions.
71 | # This constant represents a user that can see pages at all depths.
72 | ROOT_USER_LEVEL = -1
73 | 
74 | GRANT_ALL_PERMISSIONS = 'All'
75 | 
76 | PUBLISH_COMMENT = "Publish"
77 | 
78 | SCRIPT_USERNAME = 'script'
79 | 
80 | CMS_CONFIG_NAME = 'cms_config'
81 | 
```

Found file `cms/sitemaps/__init__.py`.
Found file `menus/__init__.py`.
Found file `menus/templatetags/__init__.py`.
Source: Retrieved entity using keyword search (bm25).
Hint: Use more detailed query to get the full content of some if needed.



##Searching for term "status indicator", "draft status", "status indicator draft status indicator menu"...
### Search Result:
Found function `cms/admin/pageadmin.py:PageContentAdmin.change_innavigation`.
Source: Retrieved code content using keyword search (bm25).
```
1329 | def change_innavigation(self, request, object_id):
1330 |         """
1331 |         Switch the in_navigation of a page
1332 |         """
1333 |         page_content = self.get_object(request, object_id=object_id)
1334 | 
1335 |         if not self.has_change_permission(request, obj=page_content):
1336 |             message = _("You do not have permission to change this page's in_navigation status")
1337 |             return HttpResponseForbidden(force_str(message))
1338 | 
1339 |         if page_content is None:
1340 |             raise self._get_404_exception(object_id)
1341 | 
1342 |         page_content.toggle_in_navigation()
1343 |         # 204 -> request was successful but no response returned.
1344 |         return HttpResponse(status=204)
```

Found function `cms/toolbar/toolbar.py:CMSToolbar.post_template_populate`.
Source: Retrieved code content using keyword search (bm25).
```
468 | def post_template_populate(self):
469 |         self.populate()
470 |         if self.post_template_populated:
471 |             return
472 |         self.post_template_populated = True
473 |         # FIXME: In 3.1 we should really update the request/staff status
474 |         # when toolbar is used in the cms_toolbar templatetag
475 |         if not self.request.user.is_staff:
476 |             return
477 |         self._call_toolbar('post_template_populate')
```



##Searching for term "status indicator", "draft status"...
### Search Result:
Found function `cms/toolbar/toolbar.py:CMSToolbar.populate`.
Source: Retrieved code content using keyword search (bm25).
```
454 | def populate(self):
455 |         """
456 |         Populates the toolbar with the CMS items.
457 |         """
458 |         if self.populated:
459 |             return
460 |         self.populated = True
461 |         # never populate the toolbar on is_staff=False
462 |         # FIXME: In 3.1 we should really update the request/staff status
463 |         # when toolbar is used in the cms_toolbar templatetag
464 |         if not self.request.user.is_staff:
465 |             return
466 |         self._call_toolbar('populate')
```



##Searching for term "draft status"...
### Search Result:
Found `cms/utils/admin.py:jsonify_request`.
Source: Retrieved code content using keyword search (bm25).
```
 1 | import json
 2 | 
 3 | from django.http import HttpResponse
 4 | from django.utils.encoding import smart_str
 5 | 
 6 | NOT_FOUND_RESPONSE = "NotFound"
 7 | 
 8 | 
 9 | def jsonify_request(response):
10 |     """ Turn any response in a 200 response to let jQuery code handle it nicely.
11 |         Response contains a json object with the following attributes:
12 |          * status: original response status code
13 |          * content: original response content
14 |     """
15 |     content = {'status': response.status_code, 'content': smart_str(response.content, response.charset)}
16 |     return HttpResponse(json.dumps(content), content_type="application/json")
17 | 
```

Found function `cms/api.py:get_page_draft`.
Source: Retrieved entity using keyword search (bm25).
```
550 | def get_page_draft(page):
551 |     """
552 |      .. warning::
553 | 
554 |         The concept of draft pages has been removed from django CMS core in version 4 onward.
555 | 
556 |         For draft functionality see `djangocms-versioning: <https://github.com/django-cms/djangocms-verisoning>`_
557 |     """
558 |     warnings.warn('This API function has been removed', UserWarning)
```

Found function `cms/utils/page_permissions.py:_get_draft_placeholders`.
Source: Retrieved entity using keyword search (bm25).
```
35 | def _get_draft_placeholders(page, language):
36 |     return page.get_placeholders(language)
```

Found function `cms/utils/page_permissions.py:user_can_view_page_draft`.
Source: Retrieved entity using keyword search (bm25).
```
294 | def user_can_view_page_draft(user, page, site=None):
295 |     has_perm = has_generic_permission(
296 |         page=page,
297 |         user=user,
298 |         action='change_page',
299 |         site=site,
300 |     )
301 |     return has_perm
```

Found function `cms/management/commands/subcommands/tree.py:FixTreeCommand._update_descendants_tree`.
Source: Retrieved code content using keyword search (bm25).
```
57 | def _update_descendants_tree(self, root):
58 |         nodes = TreeNode.objects.all()
59 |         descendants_by_parent = OrderedDict()
60 | 
61 |         for descendant in get_descendants(root):
62 |             parent_id = descendant.parent_id
63 |             descendants_by_parent.setdefault(parent_id, []).append(descendant)
64 | 
65 |         for tree in descendants_by_parent.values():
66 |             last_node = None
67 | 
68 |             for node in tree:
69 |                 node.refresh_from_db()
70 | 
71 |                 if last_node:
72 |                     # This is not the first loop so this is not the first draft
73 |                     # child. Set this page a sibling of the last processed
74 |                     # draft page.
75 |                     last_node.refresh_from_db()
76 |                     node.move(target=last_node, pos='right')
77 |                 else:
78 |                     # This is the first time through the loop so this is the first
79 |                     # draft child for this parent.
80 |                     node.move(target=nodes.get(pk=tree[0].parent_id), pos='first-child')
81 |                 last_node = node
```



##Searching for term "indicator menu"...
### Search Result:
Found .
Source: Retrieved code content using keyword search (bm25).
```
 1 | """
 2 | Collection of important constants used throughout django CMS.
 3 | """
 4 | 
 5 | 
 6 | #: The token used to identify when a user selects "inherit" as template for a page.
 7 | TEMPLATE_INHERITANCE_MAGIC = 'INHERIT'
 8 | 
 9 | REFRESH_PAGE = 'REFRESH_PAGE'
10 | """
11 | Supplied to ``on_close`` arguments to refresh the current page when the frame is closed, for
12 | example:
13 | 
14 | ..  code-block:: python
15 | 
16 |     from cms.constants import REFRESH_PAGE
17 | 
18 |     self.toolbar.add_modal_item(
19 |         'Modal item',
20 |         url=modal_url,
21 |         on_close=REFRESH_PAGE
22 |         )
23 | """
24 | 
25 | FOLLOW_REDIRECT = 'FOLLOW_REDIRECT'
26 | URL_CHANGE = 'URL_CHANGE'
27 | 
28 | #: Used as a position indicator in the toolbar: On the right side.
29 | RIGHT = object()  # this is a trick so "foo is RIGHT" will only ever work for this, same goes for LEFT.
30 | 
31 | #: Used as a position indicator in the toolbar: On the left side.
32 | LEFT = object()
33 | 
34 | PAGE_TYPES_ID = "page_types"
35 | PAGE_TREE_POSITIONS = ('last-child', 'first-child', 'left', 'right')
36 | 
37 | #: Used for the ``limit_visibility_in_menu`` keyword argument to
38 | #: :func: `create_page`.Does not limit menu visibility.
39 | VISIBILITY_ALL = None
40 | 
41 | #: Used for the ``limit_visibility_in_menu`` keyword argument to :func: `create_page`.
42 | #: Limits menu visibility to authenticated users.
43 | VISIBILITY_USERS = 1
44 | 
45 | #: Used for the ``limit_visibility_in_menu`` keyword argument to :func: `create_page`.
46 | #: Limits menu visibility to anonymous(not authenticated) users.
47 | VISIBILITY_ANONYMOUS = 2
48 | 
49 | X_FRAME_OPTIONS_INHERIT = 0
50 | X_FRAME_OPTIONS_DENY = 1
51 | X_FRAME_OPTIONS_SAMEORIGIN = 2
52 | X_FRAME_OPTIONS_ALLOW = 3
53 | 
54 | PAGE_USERNAME_MAX_LENGTH = 255
55 | 
56 | SLUG_REGEXP = '[0-9A-Za-z-_.//]+'
57 | 
58 | #: Used for cache control headers: 0 seconds, i.e. now.
59 | EXPIRE_NOW = 0
60 | 
61 | #: Used for cache control headers: 365 * 24 * 3600 seconds, i.e. one year. HTTP specification says
62 | #: max caching should only be up to one year.
63 | MAX_EXPIRATION_TTL = 365 * 24 * 3600
64 | 
65 | PLUGIN_TOOLBAR_JS = "CMS._plugins.push([\"cms-plugin-%(pk)s\", %(config)s]);\n"
66 | 
67 | PLACEHOLDER_TOOLBAR_JS = "CMS._plugins.push([\"cms-placeholder-%(pk)s\", %(config)s]);"
68 | 
69 | # In the permissions system we use user levels to determine
70 | # the depth in which the user has permissions.
71 | # This constant represents a user that can see pages at all depths.
72 | ROOT_USER_LEVEL = -1
73 | 
74 | GRANT_ALL_PERMISSIONS = 'All'
75 | 
76 | PUBLISH_COMMENT = "Publish"
77 | 
78 | SCRIPT_USERNAME = 'script'
79 | 
80 | CMS_CONFIG_NAME = 'cms_config'
81 | 
```

Found function `cms/toolbar/toolbar.py:CMSToolbar.get_or_create_menu`.
Source: Retrieved code content using keyword search (bm25).
```
306 | def get_or_create_menu(self, key, verbose_name=None, disabled=False, side=LEFT, position=None):
307 |         """
308 |         If a :class:`~cms.toolbar.items.Menu` with :option:`key` already exists, this method will
309 |         return that menu. Otherwise it will create a menu with the ``key`` identifier.
310 |         """
311 |         self.populate()
312 |         if key in self.menus:
313 |             menu = self.menus[key]
314 |             if verbose_name:
315 |                 menu.name = verbose_name
316 |             if menu.side != side:
317 |                 menu.side = side
318 |             if position:
319 |                 self.remove_item(menu)
320 |                 self.add_item(menu, position=position)
321 |             return menu
322 |         menu = Menu(verbose_name, self.csrf_token, disabled=disabled, side=side)
323 |         self.menus[key] = menu
324 |         self.add_item(menu, position=position)
325 |         return menu
```

Found function `cms/toolbar/items.py:Menu.get_or_create_menu`.
Source: Retrieved code content using keyword search (bm25).
```
325 | def get_or_create_menu(self, key, verbose_name, disabled=False, side=LEFT, position=None):
326 |         """Adds a new sub-menu, at :option:`position`, and returns a :class:`SubMenu`."""
327 |         if key in self.menus:
328 |             return self.menus[key]
329 |         menu = SubMenu(verbose_name, self.csrf_token, disabled=disabled, side=side)
330 |         self.menus[key] = menu
331 |         self.add_item(menu, position=position)
332 |         return menu
```



##Searching for term "indicator menu", "status indicator draft status indicator menu"...
### Search Result:
Found class `menus/base.py:Menu`.
Source: Retrieved entity using keyword search (bm25).
```
 4 | class Menu(object):
 5 |     """The base class for all menu-generating classes."""
 6 |     namespace = None
 7 | 
 8 |     def __init__(self, renderer):
 9 |         self.renderer = renderer
10 | 
11 |         if not self.namespace:
12 |             self.namespace = self.__class__.__name__
13 | 
14 |     def get_nodes(self, request):
15 |         """Each subclass of Menu should return a list of :class:`menus.base.NavigationNode` instances."""
16 |         raise NotImplementedError
```

Found class `cms/toolbar/items.py:Menu`.
Source: Retrieved entity using keyword search (bm25).
```
317 | class Menu(SubMenu):
318 |     """
319 |     Provides a menu in the toolbar. Use a :meth:`CMSToolbar.get_or_create_menu
320 |     <cms.toolbar.toolbar.CMSToolbar.get_or_create_menu>` method to create a ``Menu``
321 |     instance. Can be added to :class:`~cms.toolbar.toolbar.CMSToolbar`.
322 |     """
323 |     sub_level = False
324 | 
325 |     def get_or_create_menu(self, key, verbose_name, disabled=False, side=LEFT, position=None):
326 |         """Adds a new sub-menu, at :option:`position`, and returns a :class:`SubMenu`."""
327 |         if key in self.menus:
328 |             return self.menus[key]
329 |         menu = SubMenu(verbose_name, self.csrf_token, disabled=disabled, side=side)
330 |         self.menus[key] = menu
331 |         self.add_item(menu, position=position)
332 |         return menu
```

Found function `cms/cms_menus.py:SoftRootCutter.modify`.
Source: Retrieved code content using keyword search (bm25).
```
412 | def modify(self, request, nodes, namespace, root_id, post_cut, breadcrumb):
413 |         # only apply this modifier if we're pre-cut (since what we do is cut)
414 |         # or if no id argument is provided, indicating {% show_menu_below_id %}
415 |         if post_cut or root_id:
416 |             return nodes
417 |         selected = None
418 |         root_nodes = []
419 |         # find the selected node as well as all the root nodes
420 |         for node in nodes:
421 |             if node.selected:
422 |                 selected = node
423 |             if not node.parent:
424 |                 root_nodes.append(node)
425 | 
426 |         # if we found a selected ...
427 |         if selected:
428 |             # and the selected is a softroot
429 |             if selected.attr.get("soft_root", False):
430 |                 # get it's descendants
431 |                 nodes = selected.get_descendants()
432 |                 # remove the link to parent
433 |                 selected.parent = None
434 |                 # make the selected page the root in the menu
435 |                 nodes = [selected] + nodes
436 |             else:
437 |                 # if it's not a soft root, walk ancestors (upwards!)
438 |                 nodes = self.find_ancestors_and_remove_children(selected, nodes)
439 |         return nodes
```



##Searching for term "status indicator draft status indicator menu"...
### Search Result:
Found `cms/utils/admin.py:jsonify_request`.
Source: Retrieved code content using keyword search (bm25).
```
 1 | import json
 2 | 
 3 | from django.http import HttpResponse
 4 | from django.utils.encoding import smart_str
 5 | 
 6 | NOT_FOUND_RESPONSE = "NotFound"
 7 | 
 8 | 
 9 | def jsonify_request(response):
10 |     """ Turn any response in a 200 response to let jQuery code handle it nicely.
11 |         Response contains a json object with the following attributes:
12 |          * status: original response status code
13 |          * content: original response content
14 |     """
15 |     content = {'status': response.status_code, 'content': smart_str(response.content, response.charset)}
16 |     return HttpResponse(json.dumps(content), content_type="application/json")
17 | 
```

Found .
Source: Retrieved code content using keyword search (bm25).
```
 1 | """
 2 | Collection of important constants used throughout django CMS.
 3 | """
 4 | 
 5 | 
 6 | #: The token used to identify when a user selects "inherit" as template for a page.
 7 | TEMPLATE_INHERITANCE_MAGIC = 'INHERIT'
 8 | 
 9 | REFRESH_PAGE = 'REFRESH_PAGE'
10 | """
11 | Supplied to ``on_close`` arguments to refresh the current page when the frame is closed, for
12 | example:
13 | 
14 | ..  code-block:: python
15 | 
16 |     from cms.constants import REFRESH_PAGE
17 | 
18 |     self.toolbar.add_modal_item(
19 |         'Modal item',
20 |         url=modal_url,
21 |         on_close=REFRESH_PAGE
22 |         )
23 | """
24 | 
25 | FOLLOW_REDIRECT = 'FOLLOW_REDIRECT'
26 | URL_CHANGE = 'URL_CHANGE'
27 | 
28 | #: Used as a position indicator in the toolbar: On the right side.
29 | RIGHT = object()  # this is a trick so "foo is RIGHT" will only ever work for this, same goes for LEFT.
30 | 
31 | #: Used as a position indicator in the toolbar: On the left side.
32 | LEFT = object()
33 | 
34 | PAGE_TYPES_ID = "page_types"
35 | PAGE_TREE_POSITIONS = ('last-child', 'first-child', 'left', 'right')
36 | 
37 | #: Used for the ``limit_visibility_in_menu`` keyword argument to
38 | #: :func: `create_page`.Does not limit menu visibility.
39 | VISIBILITY_ALL = None
40 | 
41 | #: Used for the ``limit_visibility_in_menu`` keyword argument to :func: `create_page`.
42 | #: Limits menu visibility to authenticated users.
43 | VISIBILITY_USERS = 1
44 | 
45 | #: Used for the ``limit_visibility_in_menu`` keyword argument to :func: `create_page`.
46 | #: Limits menu visibility to anonymous(not authenticated) users.
47 | VISIBILITY_ANONYMOUS = 2
48 | 
49 | X_FRAME_OPTIONS_INHERIT = 0
50 | X_FRAME_OPTIONS_DENY = 1
51 | X_FRAME_OPTIONS_SAMEORIGIN = 2
52 | X_FRAME_OPTIONS_ALLOW = 3
53 | 
54 | PAGE_USERNAME_MAX_LENGTH = 255
55 | 
56 | SLUG_REGEXP = '[0-9A-Za-z-_.//]+'
57 | 
58 | #: Used for cache control headers: 0 seconds, i.e. now.
59 | EXPIRE_NOW = 0
60 | 
61 | #: Used for cache control headers: 365 * 24 * 3600 seconds, i.e. one year. HTTP specification says
62 | #: max caching should only be up to one year.
63 | MAX_EXPIRATION_TTL = 365 * 24 * 3600
64 | 
65 | PLUGIN_TOOLBAR_JS = "CMS._plugins.push([\"cms-plugin-%(pk)s\", %(config)s]);\n"
66 | 
67 | PLACEHOLDER_TOOLBAR_JS = "CMS._plugins.push([\"cms-placeholder-%(pk)s\", %(config)s]);"
68 | 
69 | # In the permissions system we use user levels to determine
70 | # the depth in which the user has permissions.
71 | # This constant represents a user that can see pages at all depths.
72 | ROOT_USER_LEVEL = -1
73 | 
74 | GRANT_ALL_PERMISSIONS = 'All'
75 | 
76 | PUBLISH_COMMENT = "Publish"
77 | 
78 | SCRIPT_USERNAME = 'script'
79 | 
80 | CMS_CONFIG_NAME = 'cms_config'
81 | 
```

2026-09-16 22:04:08 utils.py INFO 
LiteLLM completion() model= qwen/qwen3-coder; provider = openrouter
2026-09-16 22:04:17 utils.py INFO Wrapper: Completed Call, calling success_handler
2026-09-16 22:04:17 auto_search_main.py INFO Executing code:
```
print(search_code_snippets(**{'search_terms': ['status indicator', 'draft indicator', 'menu template']}))
```
2026-09-16 22:04:17 __init__.py DEBUG Building index from IDs objects
2026-09-16 22:04:17 __init__.py DEBUG Building index from IDs objects
2026-09-16 22:04:17 __init__.py DEBUG Building index from IDs objects
2026-09-16 22:04:17 __init__.py DEBUG Building index from IDs objects
2026-09-16 22:04:18 __init__.py DEBUG Building index from IDs objects
2026-09-16 22:04:18 __init__.py DEBUG Building index from IDs objects
2026-09-16 22:04:18 auto_search_main.py INFO OBSERVATION:
cms/admin/pageadmin.py:PageContentAdmin.change_innavigation
cms/toolbar/toolbar.py:CMSToolbar.post_template_populate
cms/toolbar/toolbar.py:CMSToolbar.populate
cms/toolbar/toolbar.py:CMSToolbar._call_toolbar
cms/toolbar/toolbar.py:CMSToolbar.media
cms/cms_menus.py:SoftRootCutter.modify
cms/admin/useradmin.py:PageUserAdmin.get_readonly_fields
cms/admin/useradmin.py:PageUserAdmin
cms/admin/useradmin.py:PageUserAdmin.get_subordinates
cms/admin/useradmin.py:PageUserAdmin.save_model
cms/plugin_base.py:CMSPluginBase.get_cache_expiration
cms/utils/page_permissions.py:user_can_view_page
cms/admin/pageadmin.py:PageAdmin.move_page
cms/management/commands/subcommands/tree.py:FixTreeCommand._update_descendants_tree
cms/cms_menus.py:SoftRootCutter.modify
cms/api.py:get_page_draft
cms/api.py:publish_page
cms/api.py:publish_pages
cms/utils/page.py:get_clean_username
cms/utils/page.py:get_page_queryset
cms/plugin_base.py:CMSPluginBase.get_cache_expiration
cms/plugin_rendering.py:ContentRenderer.render_static_placeholder
cms/plugin_rendering.py:StructureRenderer.render_static_placeholder
cms/plugin_rendering.py:StructureRenderer.render_page_placeholder
cms/management/commands/subcommands/copy.py:CopyLangCommand.handle
cms/utils/moderator.py:get_cmsplugin_queryset
cms/utils/moderator.py:get_title_queryset
cms/utils/moderator.py:get_model_queryset
cms/utils/moderator.py:use_draft
menus/templatetags/menu_tags.py:ShowSubMenu
menus/templatetags/menu_tags.py:ShowMenu
menus/templatetags/menu_tags.py:ShowBreadcrumb
cms/toolbar/items.py:Break
cms/toolbar/items.py:BaseButton.render
cms/toolbar/items.py:BaseButton
cms/toolbar/items.py:Break.__init__
cms/toolbar/items.py:BaseButton.get_context
menus/templatetags/menu_tags.py:LanguageChooser
menus/templatetags/menu_tags.py:LanguageChooser.get_context
cms/api.py:create_page
menus/templatetags/menu_tags.py:ShowMenu.get_context
cms/plugin_base.py:CMSPluginBase.get_extra_plugin_menu_items
cms/plugin_base.py:CMSPluginBase.__repr__
cms/plugin_base.py:CMSPluginBase.get_plugin_urls
cms/plugin_base.py:CMSPluginBase.get_parent_classes
cms/plugin_base.py:CMSPluginBase.get_extra_placeholder_menu_items
cms/plugin_base.py:CMSPluginBase.__str__
cms/plugin_base.py:CMSPluginBase:47
cms/plugin_base.py:CMSPluginBase.plugin_urls
cms/toolbar/items.py:SubMenu.__repr__
cms/toolbar/items.py:SubMenu.add_break
cms/toolbar/items.py:SubMenu.get_items
cms/toolbar/items.py:SubMenu
cms/toolbar/items.py:SubMenu.__init__
cms/toolbar/items.py:SubMenu.get_context
menus/templatetags/menu_tags.py:ShowMenuBelowId
cms/cms_menus.py:SoftRootCutter.modify
cms/plugin_base.py:CMSPluginBase.get_cache_expiration
menus/templatetags/menu_tags.py:ShowSubMenu
menus/templatetags/menu_tags.py:ShowMenu
cms/admin/pageadmin.py:PageContentAdmin.change_innavigation
menus/templatetags/menu_tags.py:ShowBreadcrumb
cms/toolbar/items.py:Break
cms/toolbar/items.py:BaseButton.render
cms/toolbar/items.py:BaseButton
cms/toolbar/items.py:Break.__init__
cms/toolbar/items.py:BaseButton.get_context
menus/templatetags/menu_tags.py:LanguageChooser
menus/templatetags/menu_tags.py:LanguageChooser.get_context
##Searching for term "status indicator"...
### Search Result:
Found `cms/utils/admin.py:jsonify_request`.
Source: Retrieved code content using keyword search (bm25).
```
 1 | import json
 2 | 
 3 | from django.http import HttpResponse
 4 | from django.utils.encoding import smart_str
 5 | 
 6 | NOT_FOUND_RESPONSE = "NotFound"
 7 | 
 8 | 
 9 | def jsonify_request(response):
10 |     """ Turn any response in a 200 response to let jQuery code handle it nicely.
11 |         Response contains a json object with the following attributes:
12 |          * status: original response status code
13 |          * content: original response content
14 |     """
15 |     content = {'status': response.status_code, 'content': smart_str(response.content, response.charset)}
16 |     return HttpResponse(json.dumps(content), content_type="application/json")
17 | 
```

Found .
Source: Retrieved code content using keyword search (bm25).
```
 1 | """
 2 | Collection of important constants used throughout django CMS.
 3 | """
 4 | 
 5 | 
 6 | #: The token used to identify when a user selects "inherit" as template for a page.
 7 | TEMPLATE_INHERITANCE_MAGIC = 'INHERIT'
 8 | 
 9 | REFRESH_PAGE = 'REFRESH_PAGE'
10 | """
11 | Supplied to ``on_close`` arguments to refresh the current page when the frame is closed, for
12 | example:
13 | 
14 | ..  code-block:: python
15 | 
16 |     from cms.constants import REFRESH_PAGE
17 | 
18 |     self.toolbar.add_modal_item(
19 |         'Modal item',
20 |         url=modal_url,
21 |         on_close=REFRESH_PAGE
22 |         )
23 | """
24 | 
25 | FOLLOW_REDIRECT = 'FOLLOW_REDIRECT'
26 | URL_CHANGE = 'URL_CHANGE'
27 | 
28 | #: Used as a position indicator in the toolbar: On the right side.
29 | RIGHT = object()  # this is a trick so "foo is RIGHT" will only ever work for this, same goes for LEFT.
30 | 
31 | #: Used as a position indicator in the toolbar: On the left side.
32 | LEFT = object()
33 | 
34 | PAGE_TYPES_ID = "page_types"
35 | PAGE_TREE_POSITIONS = ('last-child', 'first-child', 'left', 'right')
36 | 
37 | #: Used for the ``limit_visibility_in_menu`` keyword argument to
38 | #: :func: `create_page`.Does not limit menu visibility.
39 | VISIBILITY_ALL = None
40 | 
41 | #: Used for the ``limit_visibility_in_menu`` keyword argument to :func: `create_page`.
42 | #: Limits menu visibility to authenticated users.
43 | VISIBILITY_USERS = 1
44 | 
45 | #: Used for the ``limit_visibility_in_menu`` keyword argument to :func: `create_page`.
46 | #: Limits menu visibility to anonymous(not authenticated) users.
47 | VISIBILITY_ANONYMOUS = 2
48 | 
49 | X_FRAME_OPTIONS_INHERIT = 0
50 | X_FRAME_OPTIONS_DENY = 1
51 | X_FRAME_OPTIONS_SAMEORIGIN = 2
52 | X_FRAME_OPTIONS_ALLOW = 3
53 | 
54 | PAGE_USERNAME_MAX_LENGTH = 255
55 | 
56 | SLUG_REGEXP = '[0-9A-Za-z-_.//]+'
57 | 
58 | #: Used for cache control headers: 0 seconds, i.e. now.
59 | EXPIRE_NOW = 0
60 | 
61 | #: Used for cache control headers: 365 * 24 * 3600 seconds, i.e. one year. HTTP specification says
62 | #: max caching should only be up to one year.
63 | MAX_EXPIRATION_TTL = 365 * 24 * 3600
64 | 
65 | PLUGIN_TOOLBAR_JS = "CMS._plugins.push([\"cms-plugin-%(pk)s\", %(config)s]);\n"
66 | 
67 | PLACEHOLDER_TOOLBAR_JS = "CMS._plugins.push([\"cms-placeholder-%(pk)s\", %(config)s]);"
68 | 
69 | # In the permissions system we use user levels to determine
70 | # the depth in which the user has permissions.
71 | # This constant represents a user that can see pages at all depths.
72 | ROOT_USER_LEVEL = -1
73 | 
74 | GRANT_ALL_PERMISSIONS = 'All'
75 | 
76 | PUBLISH_COMMENT = "Publish"
77 | 
78 | SCRIPT_USERNAME = 'script'
79 | 
80 | CMS_CONFIG_NAME = 'cms_config'
81 | 
```

Found function `cms/admin/pageadmin.py:PageContentAdmin.change_innavigation`.
Source: Retrieved code content using keyword search (bm25).
```
1329 | def change_innavigation(self, request, object_id):
1330 |         """
1331 |         Switch the in_navigation of a page
1332 |         """
1333 |         page_content = self.get_object(request, object_id=object_id)
1334 | 
1335 |         if not self.has_change_permission(request, obj=page_content):
1336 |             message = _("You do not have permission to change this page's in_navigation status")
1337 |             return HttpResponseForbidden(force_str(message))
1338 | 
1339 |         if page_content is None:
1340 |             raise self._get_404_exception(object_id)
1341 | 
1342 |         page_content.toggle_in_navigation()
1343 |         # 204 -> request was successful but no response returned.
1344 |         return HttpResponse(status=204)
```

Found function `cms/toolbar/toolbar.py:CMSToolbar.populate`.
Source: Retrieved code content using keyword search (bm25).
```
454 | def populate(self):
455 |         """
456 |         Populates the toolbar with the CMS items.
457 |         """
458 |         if self.populated:
459 |             return
460 |         self.populated = True
461 |         # never populate the toolbar on is_staff=False
462 |         # FIXME: In 3.1 we should really update the request/staff status
463 |         # when toolbar is used in the cms_toolbar templatetag
464 |         if not self.request.user.is_staff:
465 |             return
466 |         self._call_toolbar('populate')
```

Found function `cms/toolbar/toolbar.py:CMSToolbar.post_template_populate`.
Source: Retrieved code content using keyword search (bm25).
```
468 | def post_template_populate(self):
469 |         self.populate()
470 |         if self.post_template_populated:
471 |             return
472 |         self.post_template_populated = True
473 |         # FIXME: In 3.1 we should really update the request/staff status
474 |         # when toolbar is used in the cms_toolbar templatetag
475 |         if not self.request.user.is_staff:
476 |             return
477 |         self._call_toolbar('post_template_populate')
```

Found file `cms/sitemaps/__init__.py`.
Found file `menus/__init__.py`.
Found file `menus/templatetags/__init__.py`.
Source: Retrieved entity using keyword search (bm25).
Hint: Use more detailed query to get the full content of some if needed.



##Searching for term "draft indicator"...
### Search Result:
Found .
Source: Retrieved code content using keyword search (bm25).
```
 1 | """
 2 | Collection of important constants used throughout django CMS.
 3 | """
 4 | 
 5 | 
 6 | #: The token used to identify when a user selects "inherit" as template for a page.
 7 | TEMPLATE_INHERITANCE_MAGIC = 'INHERIT'
 8 | 
 9 | REFRESH_PAGE = 'REFRESH_PAGE'
10 | """
11 | Supplied to ``on_close`` arguments to refresh the current page when the frame is closed, for
12 | example:
13 | 
14 | ..  code-block:: python
15 | 
16 |     from cms.constants import REFRESH_PAGE
17 | 
18 |     self.toolbar.add_modal_item(
19 |         'Modal item',
20 |         url=modal_url,
21 |         on_close=REFRESH_PAGE
22 |         )
23 | """
24 | 
25 | FOLLOW_REDIRECT = 'FOLLOW_REDIRECT'
26 | URL_CHANGE = 'URL_CHANGE'
27 | 
28 | #: Used as a position indicator in the toolbar: On the right side.
29 | RIGHT = object()  # this is a trick so "foo is RIGHT" will only ever work for this, same goes for LEFT.
30 | 
31 | #: Used as a position indicator in the toolbar: On the left side.
32 | LEFT = object()
33 | 
34 | PAGE_TYPES_ID = "page_types"
35 | PAGE_TREE_POSITIONS = ('last-child', 'first-child', 'left', 'right')
36 | 
37 | #: Used for the ``limit_visibility_in_menu`` keyword argument to
38 | #: :func: `create_page`.Does not limit menu visibility.
39 | VISIBILITY_ALL = None
40 | 
41 | #: Used for the ``limit_visibility_in_menu`` keyword argument to :func: `create_page`.
42 | #: Limits menu visibility to authenticated users.
43 | VISIBILITY_USERS = 1
44 | 
45 | #: Used for the ``limit_visibility_in_menu`` keyword argument to :func: `create_page`.
46 | #: Limits menu visibility to anonymous(not authenticated) users.
47 | VISIBILITY_ANONYMOUS = 2
48 | 
49 | X_FRAME_OPTIONS_INHERIT = 0
50 | X_FRAME_OPTIONS_DENY = 1
51 | X_FRAME_OPTIONS_SAMEORIGIN = 2
52 | X_FRAME_OPTIONS_ALLOW = 3
53 | 
54 | PAGE_USERNAME_MAX_LENGTH = 255
55 | 
56 | SLUG_REGEXP = '[0-9A-Za-z-_.//]+'
57 | 
58 | #: Used for cache control headers: 0 seconds, i.e. now.
59 | EXPIRE_NOW = 0
60 | 
61 | #: Used for cache control headers: 365 * 24 * 3600 seconds, i.e. one year. HTTP specification says
62 | #: max caching should only be up to one year.
63 | MAX_EXPIRATION_TTL = 365 * 24 * 3600
64 | 
65 | PLUGIN_TOOLBAR_JS = "CMS._plugins.push([\"cms-plugin-%(pk)s\", %(config)s]);\n"
66 | 
67 | PLACEHOLDER_TOOLBAR_JS = "CMS._plugins.push([\"cms-placeholder-%(pk)s\", %(config)s]);"
68 | 
69 | # In the permissions system we use user levels to determine
70 | # the depth in which the user has permissions.
71 | # This constant represents a user that can see pages at all depths.
72 | ROOT_USER_LEVEL = -1
73 | 
74 | GRANT_ALL_PERMISSIONS = 'All'
75 | 
76 | PUBLISH_COMMENT = "Publish"
77 | 
78 | SCRIPT_USERNAME = 'script'
79 | 
80 | CMS_CONFIG_NAME = 'cms_config'
81 | 
```

Found function `cms/api.py:publish_page`.
Source: Retrieved code content using keyword search (bm25).
```
528 | def publish_page(page, user, language):
529 |     """
530 |     .. warning::
531 | 
532 |         Publishing pages has been removed from django CMS core in version 4 onward.
533 | 
534 |         For publishing functionality see `djangocms-versioning: <https://github.com/django-cms/djangocms-verisoning>`_
535 |     """
536 |     warnings.warn('This API function has been removed', UserWarning)
```

Found function `cms/api.py:get_page_draft`.
Source: Retrieved entity using keyword search (bm25).
```
550 | def get_page_draft(page):
551 |     """
552 |      .. warning::
553 | 
554 |         The concept of draft pages has been removed from django CMS core in version 4 onward.
555 | 
556 |         For draft functionality see `djangocms-versioning: <https://github.com/django-cms/djangocms-verisoning>`_
557 |     """
558 |     warnings.warn('This API function has been removed', UserWarning)
```

Found function `cms/utils/page_permissions.py:_get_draft_placeholders`.
Source: Retrieved entity using keyword search (bm25).
```
35 | def _get_draft_placeholders(page, language):
36 |     return page.get_placeholders(language)
```

Found function `cms/utils/page_permissions.py:user_can_view_page_draft`.
Source: Retrieved entity using keyword search (bm25).
```
294 | def user_can_view_page_draft(user, page, site=None):
295 |     has_perm = has_generic_permission(
296 |         page=page,
297 |         user=user,
298 |         action='change_page',
299 |         site=site,
300 |     )
301 |     return has_perm
```

Found function `cms/management/commands/subcommands/tree.py:FixTreeCommand._update_descendants_tree`.
Source: Retrieved code content using keyword search (bm25).
```
57 | def _update_descendants_tree(self, root):
58 |         nodes = TreeNode.objects.all()
59 |         descendants_by_parent = OrderedDict()
60 | 
61 |         for descendant in get_descendants(root):
62 |             parent_id = descendant.parent_id
63 |             descendants_by_parent.setdefault(parent_id, []).append(descendant)
64 | 
65 |         for tree in descendants_by_parent.values():
66 |             last_node = None
67 | 
68 |             for node in tree:
69 |                 node.refresh_from_db()
70 | 
71 |                 if last_node:
72 |                     # This is not the first loop so this is not the first draft
73 |                     # child. Set this page a sibling of the last processed
74 |                     # draft page.
75 |                     last_node.refresh_from_db()
76 |                     node.move(target=last_node, pos='right')
77 |                 else:
78 |                     # This is the first time through the loop so this is the first
79 |                     # draft child for this parent.
80 |                     node.move(target=nodes.get(pk=tree[0].parent_id), pos='first-child')
81 |                 last_node = node
```



##Searching for term "draft indicator", "status indicator draft indicator menu template"...
### Search Result:
Found function `cms/cms_menus.py:SoftRootCutter.modify`.
Source: Retrieved code content using keyword search (bm25).
```
412 | def modify(self, request, nodes, namespace, root_id, post_cut, breadcrumb):
413 |         # only apply this modifier if we're pre-cut (since what we do is cut)
414 |         # or if no id argument is provided, indicating {% show_menu_below_id %}
415 |         if post_cut or root_id:
416 |             return nodes
417 |         selected = None
418 |         root_nodes = []
419 |         # find the selected node as well as all the root nodes
420 |         for node in nodes:
421 |             if node.selected:
422 |                 selected = node
423 |             if not node.parent:
424 |                 root_nodes.append(node)
425 | 
426 |         # if we found a selected ...
427 |         if selected:
428 |             # and the selected is a softroot
429 |             if selected.attr.get("soft_root", False):
430 |                 # get it's descendants
431 |                 nodes = selected.get_descendants()
432 |                 # remove the link to parent
433 |                 selected.parent = None
434 |                 # make the selected page the root in the menu
435 |                 nodes = [selected] + nodes
436 |             else:
437 |                 # if it's not a soft root, walk ancestors (upwards!)
438 |                 nodes = self.find_ancestors_and_remove_children(selected, nodes)
439 |         return nodes
```



##Searching for term "menu template", "status indicator draft indicator menu template"...
### Search Result:
Found class `menus/base.py:Menu`.
Source: Retrieved entity using keyword search (bm25).
```
 4 | class Menu(object):
 5 |     """The base class for all menu-generating classes."""
 6 |     namespace = None
 7 | 
 8 |     def __init__(self, renderer):
 9 |         self.renderer = renderer
10 | 
11 |         if not self.namespace:
12 |             self.namespace = self.__class__.__name__
13 | 
14 |     def get_nodes(self, request):
15 |         """Each subclass of Menu should return a list of :class:`menus.base.NavigationNode` instances."""
16 |         raise NotImplementedError
```

Found class `cms/toolbar/items.py:Menu`.
Source: Retrieved entity using keyword search (bm25).
```
317 | class Menu(SubMenu):
318 |     """
319 |     Provides a menu in the toolbar. Use a :meth:`CMSToolbar.get_or_create_menu
320 |     <cms.toolbar.toolbar.CMSToolbar.get_or_create_menu>` method to create a ``Menu``
321 |     instance. Can be added to :class:`~cms.toolbar.toolbar.CMSToolbar`.
322 |     """
323 |     sub_level = False
324 | 
325 |     def get_or_create_menu(self, key, verbose_name, disabled=False, side=LEFT, position=None):
326 |         """Adds a new sub-menu, at :option:`position`, and returns a :class:`SubMenu`."""
327 |         if key in self.menus:
328 |             return self.menus[key]
329 |         menu = SubMenu(verbose_name, self.csrf_token, disabled=disabled, side=side)
330 |         self.menus[key] = menu
331 |         self.add_item(menu, position=position)
332 |         return menu
```

Found class `menus/templatetags/menu_tags.py:ShowSubMenu`.
Source: Retrieved code content using keyword search (bm25).
```
185 | class ShowSubMenu(InclusionTag):
186 |     """
187 |     show the sub menu of the current nav-node.
188 |     - levels: how many levels deep
189 |     - root_level: the level to start the menu at
190 |     - nephews: the level of descendants of siblings (nephews) to show
191 |     - template: template used to render the navigation
192 |     """
193 |     name = 'show_sub_menu'
194 |     template = 'menu/dummy.html'
195 | 
196 |     options = Options(
197 |         IntegerArgument('levels', default=100, required=False),
198 |         Argument('root_level', default=None, required=False),
199 |         IntegerArgument('nephews', default=100, required=False),
200 |         Argument('template', default='menu/sub_menu.html', required=False),
201 |     )
202 | 
203 |     def get_context(self, context, levels, root_level, nephews, template):
204 |         # Django 1.4 doesn't accept 'None' as a tag value and resolve to ''
205 |         # So we need to force it to None again
206 |         if not root_level and root_level != 0:
207 |             root_level = None
208 |         try:
209 |             # If there's an exception (500), default context_processors may not be called.
210 |             request = context['request']
211 |         except KeyError:
212 |             return {'template': 'menu/empty.html'}
213 | 
214 |         menu_renderer = context.get('cms_menu_renderer')
215 | 
216 |         if not menu_renderer:
217 |             menu_renderer = menu_pool.get_renderer(request)
218 | 
219 |         nodes = menu_renderer.get_nodes()
220 |         children = []
221 |         # adjust root_level so we cut before the specified level, not after
222 |         include_root = False
223 |         if root_level is not None and root_level > 0:
224 |             root_level -= 1
225 |         elif root_level is not None and root_level == 0:
226 |             include_root = True
227 |         for node in nodes:
228 |             if root_level is None:
229 |                 if node.selected:
230 |                     # if no root_level specified, set it to the selected nodes level
231 |                     root_level = node.level
232 |                     # is this the ancestor of current selected node at the root level?
233 |             is_root_ancestor = (node.ancestor and node.level == root_level)
234 |             # is a node selected on the root_level specified
235 |             root_selected = (node.selected and node.level == root_level)
236 |             if is_root_ancestor or root_selected:
237 |                 cut_after(node, levels, [])
238 |                 children = node.children
239 |                 for child in children:
240 |                     if child.sibling:
241 |                         cut_after(child, nephews, [])
242 |                         # if root_level was 0 we need to give the menu the entire tree
243 |                     # not just the children
244 |                 if include_root:
245 |                     children = menu_renderer.apply_modifiers([node], post_cut=True)
246 |                 else:
247 |                     children = menu_renderer.apply_modifiers(children, post_cut=True)
248 |         context['children'] = children
249 |         context['template'] = template
250 |         context['from_level'] = 0
251 |         context['to_level'] = 0
252 |         context['extra_inactive'] = 0
253 |         context['extra_active'] = 0
254 |         return context
```

Found file `cms/templates.py`.
Source: Retrieved entity using keyword search (bm25).
Hint: Search `cms/templates.py` for the full content if needed.



##Searching for term "menu template"...
### Search Result:
Found class `menus/templatetags/menu_tags.py:ShowMenu`.
Source: Retrieved code content using keyword search (bm25).
```
 98 | class ShowMenu(InclusionTag):
 99 |     """
100 |     render a nested list of all children of the pages
101 |     - from_level: starting level
102 |     - to_level: max level
103 |     - extra_inactive: how many levels should be rendered of the not active tree?
104 |     - extra_active: how deep should the children of the active node be rendered?
105 |     - namespace: the namespace of the menu. if empty will use all namespaces
106 |     - root_id: the id of the root node
107 |     - template: template used to render the menu
108 |     """
109 |     name = 'show_menu'
110 |     template = 'menu/dummy.html'
111 | 
112 |     options = Options(
113 |         IntegerArgument('from_level', default=0, required=False),
114 |         IntegerArgument('to_level', default=100, required=False),
115 |         IntegerArgument('extra_inactive', default=0, required=False),
116 |         IntegerArgument('extra_active', default=1000, required=False),
117 |         StringArgument('template', default='menu/menu.html', required=False),
118 |         StringArgument('namespace', default=None, required=False),
119 |         StringArgument('root_id', default=None, required=False),
120 |         Argument('next_page', default=None, required=False),
121 |     )
122 | 
123 |     def get_context(self, context, from_level, to_level, extra_inactive,
124 |                     extra_active, template, namespace, root_id, next_page):
125 |         try:
126 |             # If there's an exception (500), default context_processors may not be called.
127 |             request = context['request']
128 |         except KeyError:
129 |             return {'template': 'menu/empty.html'}
130 | 
131 |         if next_page:
132 |             children = next_page.children
133 |         else:
134 |             # new menu... get all the data so we can save a lot of queries
135 |             menu_renderer = context.get('cms_menu_renderer')
136 | 
137 |             if not menu_renderer:
138 |                 menu_renderer = menu_pool.get_renderer(request)
139 | 
140 |             nodes = menu_renderer.get_nodes(namespace, root_id)
141 |             if root_id:  # find the root id and cut the nodes
142 |                 id_nodes = menu_pool.get_nodes_by_attribute(nodes, "reverse_id", root_id)
143 |                 if id_nodes:
144 |                     node = id_nodes[0]
145 |                     nodes = node.children
146 |                     for remove_parent in nodes:
147 |                         remove_parent.parent = None
148 |                     from_level += node.level + 1
149 |                     to_level += node.level + 1
150 |                     nodes = flatten(nodes)
151 |                 else:
152 |                     nodes = []
153 |             children = cut_levels(nodes, from_level, to_level, extra_inactive, extra_active)
154 |             children = menu_renderer.apply_modifiers(children, namespace, root_id, post_cut=True)
155 | 
156 |         try:
157 |             context['children'] = children
158 |             context['template'] = template
159 |             context['from_level'] = from_level
160 |             context['to_level'] = to_level
161 |             context['extra_inactive'] = extra_inactive
162 |             context['extra_active'] = extra_active
163 |             context['namespace'] = namespace
164 |         except:  # NOQA
165 |             context = {"template": template}
166 |         return context
```

Found class `menus/templatetags/menu_tags.py:ShowBreadcrumb`.
Source: Retrieved code content using keyword search (bm25).
```
258 | class ShowBreadcrumb(InclusionTag):
259 |     """
260 |     Shows the breadcrumb from the node that has the same url as the current request
261 | 
262 |     - start level: after which level should the breadcrumb start? 0=home
263 |     - template: template used to render the breadcrumb
264 |     """
265 |     name = 'show_breadcrumb'
266 |     template = 'menu/dummy.html'
267 | 
268 |     options = Options(
269 |         Argument('start_level', default=0, required=False),
270 |         Argument('template', default='menu/breadcrumb.html', required=False),
271 |         Argument('only_visible', default=True, required=False),
272 |     )
273 | 
274 |     def get_context(self, context, start_level, template, only_visible):
275 |         try:
276 |             # If there's an exception (500), default context_processors may not be called.
277 |             request = context['request']
278 |         except KeyError:
279 |             return {'template': 'cms/content.html'}
280 |         if not (isinstance(start_level, int) or start_level.isdigit()):
281 |             only_visible = template
282 |             template = start_level
283 |             start_level = 0
284 |         try:
285 |             only_visible = bool(int(only_visible))
286 |         except:  # NOQA
287 |             only_visible = bool(only_visible)
288 |         ancestors = []
289 | 
290 |         menu_renderer = context.get('cms_menu_renderer')
291 | 
292 |         if not menu_renderer:
293 |             menu_renderer = menu_pool.get_renderer(request)
294 | 
295 |         nodes = menu_renderer.get_nodes(breadcrumb=True)
296 | 
297 |         # Find home
298 |         home = None
299 |         root_url = unquote(reverse("pages-root"))
300 |         home = next((node for node in nodes if node.get_absolute_url() == root_url), None)
301 | 
302 |         # Find selected
303 |         selected = None
304 |         selected = next((node for node in nodes if node.selected), None)
305 | 
306 |         if selected and selected != home:
307 |             node = selected
308 |             while node:
309 |                 if node.visible or not only_visible:
310 |                     ancestors.append(node)
311 |                 node = node.parent
312 |         if not ancestors or (ancestors and ancestors[-1] != home) and home:
313 |             ancestors.append(home)
314 |         ancestors.reverse()
315 |         if len(ancestors) >= start_level:
316 |             ancestors = ancestors[start_level:]
317 |         else:
318 |             ancestors = []
319 |         context['ancestors'] = ancestors
320 |         context['template'] = template
321 |         return context
```

Found class `cms/toolbar/items.py:Break`.
Source: Retrieved code content using keyword search (bm25).
```
464 | class Break(BaseItem):
465 |     """
466 |     A visual break in a menu. Use an :class:`~cms.toolbar.items.SubMenu.add_break` method to create
467 |     a ``Break`` instance. Can be added to :class:`~cms.toolbar.items.Menu`,
468 |     :class:`~cms.toolbar.items.SubMenu`.
469 | 
470 |     """
471 |     template = "cms/toolbar/items/break.html"
472 | 
473 |     def __init__(self, identifier=None):
474 |         self.identifier = identifier
```

Found function `cms/toolbar/items.py:BaseButton.render`.
Source: Retrieved code content using keyword search (bm25).
```
481 | def render(self):
482 |         if self.toolbar:
483 |             template = self.toolbar.templates.get_cached_template(self.template)
484 |             return template.render(self.get_context())
485 |         # Backwards compatibility
486 |         return render_to_string(self.template, self.get_context())
```



##Searching for term "status indicator draft indicator menu template"...
### Search Result:
Found .
Source: Retrieved code content using keyword search (bm25).
```
 1 | """
 2 | Collection of important constants used throughout django CMS.
 3 | """
 4 | 
 5 | 
 6 | #: The token used to identify when a user selects "inherit" as template for a page.
 7 | TEMPLATE_INHERITANCE_MAGIC = 'INHERIT'
 8 | 
 9 | REFRESH_PAGE = 'REFRESH_PAGE'
10 | """
11 | Supplied to ``on_close`` arguments to refresh the current page when the frame is closed, for
12 | example:
13 | 
14 | ..  code-block:: python
15 | 
16 |     from cms.constants import REFRESH_PAGE
17 | 
18 |     self.toolbar.add_modal_item(
19 |         'Modal item',
20 |         url=modal_url,
21 |         on_close=REFRESH_PAGE
22 |         )
23 | """
24 | 
25 | FOLLOW_REDIRECT = 'FOLLOW_REDIRECT'
26 | URL_CHANGE = 'URL_CHANGE'
27 | 
28 | #: Used as a position indicator in the toolbar: On the right side.
29 | RIGHT = object()  # this is a trick so "foo is RIGHT" will only ever work for this, same goes for LEFT.
30 | 
31 | #: Used as a position indicator in the toolbar: On the left side.
32 | LEFT = object()
33 | 
34 | PAGE_TYPES_ID = "page_types"
35 | PAGE_TREE_POSITIONS = ('last-child', 'first-child', 'left', 'right')
36 | 
37 | #: Used for the ``limit_visibility_in_menu`` keyword argument to
38 | #: :func: `create_page`.Does not limit menu visibility.
39 | VISIBILITY_ALL = None
40 | 
41 | #: Used for the ``limit_visibility_in_menu`` keyword argument to :func: `create_page`.
42 | #: Limits menu visibility to authenticated users.
43 | VISIBILITY_USERS = 1
44 | 
45 | #: Used for the ``limit_visibility_in_menu`` keyword argument to :func: `create_page`.
46 | #: Limits menu visibility to anonymous(not authenticated) users.
47 | VISIBILITY_ANONYMOUS = 2
48 | 
49 | X_FRAME_OPTIONS_INHERIT = 0
50 | X_FRAME_OPTIONS_DENY = 1
51 | X_FRAME_OPTIONS_SAMEORIGIN = 2
52 | X_FRAME_OPTIONS_ALLOW = 3
53 | 
54 | PAGE_USERNAME_MAX_LENGTH = 255
55 | 
56 | SLUG_REGEXP = '[0-9A-Za-z-_.//]+'
57 | 
58 | #: Used for cache control headers: 0 seconds, i.e. now.
59 | EXPIRE_NOW = 0
60 | 
61 | #: Used for cache control headers: 365 * 24 * 3600 seconds, i.e. one year. HTTP specification says
62 | #: max caching should only be up to one year.
63 | MAX_EXPIRATION_TTL = 365 * 24 * 3600
64 | 
65 | PLUGIN_TOOLBAR_JS = "CMS._plugins.push([\"cms-plugin-%(pk)s\", %(config)s]);\n"
66 | 
67 | PLACEHOLDER_TOOLBAR_JS = "CMS._plugins.push([\"cms-placeholder-%(pk)s\", %(config)s]);"
68 | 
69 | # In the permissions system we use user levels to determine
70 | # the depth in which the user has permissions.
71 | # This constant represents a user that can see pages at all depths.
72 | ROOT_USER_LEVEL = -1
73 | 
74 | GRANT_ALL_PERMISSIONS = 'All'
75 | 
76 | PUBLISH_COMMENT = "Publish"
77 | 
78 | SCRIPT_USERNAME = 'script'
79 | 
80 | CMS_CONFIG_NAME = 'cms_config'
81 | 
```

Found `cms/utils/admin.py:jsonify_request`.
Source: Retrieved code content using keyword search (bm25).
```
 1 | import json
 2 | 
 3 | from django.http import HttpResponse
 4 | from django.utils.encoding import smart_str
 5 | 
 6 | NOT_FOUND_RESPONSE = "NotFound"
 7 | 
 8 | 
 9 | def jsonify_request(response):
10 |     """ Turn any response in a 200 response to let jQuery code handle it nicely.
11 |         Response contains a json object with the following attributes:
12 |          * status: original response status code
13 |          * content: original response content
14 |     """
15 |     content = {'status': response.status_code, 'content': smart_str(response.content, response.charset)}
16 |     return HttpResponse(json.dumps(content), content_type="application/json")
17 | 
```

Found function `cms/plugin_base.py:CMSPluginBase.get_cache_expiration`.
Source: Retrieved code content using keyword search (bm25).
```
311 | def get_cache_expiration(self, request, instance, placeholder):
312 |         """
313 |         Provides hints to the placeholder, and in turn to the page for
314 |         determining the appropriate Cache-Control headers to add to the
315 |         HTTPResponse object.
316 | 
317 |         :param request: Relevant ``HTTPRequest`` instance.
318 |         :param instance: The ``CMSPlugin`` instance that is being rendered.
319 |         :rtype: ``None`` or ``datetime`` or ```time_delta`` or ``int``
320 | 
321 |         Must return one of:
322 | 
323 |         :``None``:
324 |             This means the placeholder and the page will not even
325 |             consider this plugin when calculating the page expiration;
326 | 
327 |         :``datetime``:
328 |             A specific date and time (timezone-aware) in the future
329 |             when this plugin's content expires;
330 | 
331 |             .. important:: The returned ``datetime`` must be timezone-aware
332 |                            or the plugin will be ignored (with a warning)
333 |                            during expiration calculations.
334 | 
335 | 
336 |         :``datetime.timedelta``:
337 |             A timedelta instance indicating how long, relative to
338 |             the response timestamp that the content can be cached;
339 | 
340 |         :``int``:
341 |             An integer number of seconds that this plugin's content can be cached.
342 | 
343 |         There are constants are defined in ``cms.constants`` that may be
344 |         useful: :const:`~cms.constants.EXPIRE_NOW` and :data:`~cms.constants.MAX_EXPIRATION_TTL`.
345 | 
346 |         An integer value of 0 (zero) or :const:`~cms.constants.EXPIRE_NOW` effectively means "do not
347 |         cache". Negative values will be treated as `EXPIRE_NOW`. Values exceeding the value
348 |         `~cms.constants.MAX_EXPIRATION_TTL` will be set to that value.
349 | 
350 |         Negative `timedelta` values or those greater than `MAX_EXPIRATION_TTL`
351 |         will also be ranged in the same manner.
352 | 
353 |         Similarly, `datetime` values earlier than now will be treated as
354 |         `EXPIRE_NOW`. Values greater than `MAX_EXPIRATION_TTL` seconds in the
355 |         future will be treated as `MAX_EXPIRATION_TTL` seconds in the future.
356 |         """
357 |         return None
```

2026-09-16 22:04:18 utils.py INFO 
LiteLLM completion() model= qwen/qwen3-coder; provider = openrouter
2026-09-16 22:04:27 utils.py INFO Wrapper: Completed Call, calling success_handler
2026-09-16 22:04:27 auto_search_main.py INFO Executing code:
```
print(search_code_snippets(**{'search_terms': ['dropdown.html', 'status indicator template']}))
```
2026-09-16 22:04:27 __init__.py DEBUG Building index from IDs objects
2026-09-16 22:04:27 __init__.py DEBUG Building index from IDs objects
2026-09-16 22:04:27 __init__.py DEBUG Building index from IDs objects
2026-09-16 22:04:27 auto_search_main.py INFO OBSERVATION:
cms/toolbar/items.py:Dropdown
cms/toolbar/items.py:Dropdown.add_primary_button
cms/toolbar/items.py:Dropdown.__init__
cms/toolbar/items.py:Dropdown.get_buttons
cms/toolbar/items.py:Dropdown.get_context
cms/toolbar/items.py:Dropdown.__repr__
cms/plugin_base.py:CMSPluginBase
cms/admin/pageadmin.py:PageContentAdmin.change_innavigation
cms/toolbar/toolbar.py:CMSToolbar.post_template_populate
cms/toolbar/toolbar.py:CMSToolbar.populate
cms/toolbar/toolbar.py:CMSToolbar._call_toolbar
cms/toolbar/toolbar.py:CMSToolbar.media
cms/cms_menus.py:SoftRootCutter.modify
cms/admin/useradmin.py:PageUserAdmin.get_readonly_fields
cms/admin/useradmin.py:PageUserAdmin
cms/admin/useradmin.py:PageUserAdmin.get_subordinates
cms/admin/useradmin.py:PageUserAdmin.save_model
cms/plugin_base.py:CMSPluginBase.get_cache_expiration
cms/utils/page_permissions.py:user_can_view_page
cms/utils/conf.py:get_templates
cms/toolbar/items.py:Dropdown
cms/toolbar/items.py:Dropdown.add_primary_button
cms/toolbar/items.py:Dropdown.__init__
cms/toolbar/items.py:Dropdown.get_buttons
cms/toolbar/items.py:Dropdown.get_context
cms/toolbar/items.py:Dropdown.__repr__
cms/plugin_base.py:CMSPluginBase
cms/admin/pageadmin.py:PageContentAdmin.change_innavigation
menus/templatetags/menu_tags.py:LanguageChooser
menus/templatetags/menu_tags.py:LanguageChooser.get_context
menus/templatetags/menu_tags.py:ShowBreadcrumb
##Searching for term "dropdown.html", "dropdown.html status indicator template"...
### Search Result:
Found class `cms/toolbar/items.py:Dropdown`.
Source: Retrieved entity using keyword search (bm25).
```
644 | class Dropdown(ButtonList):
645 | 
646 |     template = "cms/toolbar/items/dropdown.html"
647 | 
648 |     def __init__(self, *args, **kwargs):
649 |         super().__init__(*args, **kwargs)
650 |         self.primary_button = None
651 | 
652 |     def __repr__(self):
653 |         return '<Dropdown:%s>' % force_str(self.name)
654 | 
655 |     def add_primary_button(self, button):
656 |         self.primary_button = button
657 | 
658 |     def get_buttons(self):
659 |         for button in self.buttons:
660 |             button.toolbar = self.toolbar
661 |             button.is_in_dropdown = True
662 |             yield button
663 | 
664 |     def get_context(self):
665 |         return {
666 |             'primary_button': self.primary_button,
667 |             'buttons': list(self.get_buttons()),
668 |             'extra_classes': self.extra_classes,
669 |         }
```



##Searching for term "status indicator template"...
### Search Result:
Found `cms/utils/admin.py:jsonify_request`.
Source: Retrieved code content using keyword search (bm25).
```
 1 | import json
 2 | 
 3 | from django.http import HttpResponse
 4 | from django.utils.encoding import smart_str
 5 | 
 6 | NOT_FOUND_RESPONSE = "NotFound"
 7 | 
 8 | 
 9 | def jsonify_request(response):
10 |     """ Turn any response in a 200 response to let jQuery code handle it nicely.
11 |         Response contains a json object with the following attributes:
12 |          * status: original response status code
13 |          * content: original response content
14 |     """
15 |     content = {'status': response.status_code, 'content': smart_str(response.content, response.charset)}
16 |     return HttpResponse(json.dumps(content), content_type="application/json")
17 | 
```

Found .
Source: Retrieved code content using keyword search (bm25).
```
 1 | """
 2 | Collection of important constants used throughout django CMS.
 3 | """
 4 | 
 5 | 
 6 | #: The token used to identify when a user selects "inherit" as template for a page.
 7 | TEMPLATE_INHERITANCE_MAGIC = 'INHERIT'
 8 | 
 9 | REFRESH_PAGE = 'REFRESH_PAGE'
10 | """
11 | Supplied to ``on_close`` arguments to refresh the current page when the frame is closed, for
12 | example:
13 | 
14 | ..  code-block:: python
15 | 
16 |     from cms.constants import REFRESH_PAGE
17 | 
18 |     self.toolbar.add_modal_item(
19 |         'Modal item',
20 |         url=modal_url,
21 |         on_close=REFRESH_PAGE
22 |         )
23 | """
24 | 
25 | FOLLOW_REDIRECT = 'FOLLOW_REDIRECT'
26 | URL_CHANGE = 'URL_CHANGE'
27 | 
28 | #: Used as a position indicator in the toolbar: On the right side.
29 | RIGHT = object()  # this is a trick so "foo is RIGHT" will only ever work for this, same goes for LEFT.
30 | 
31 | #: Used as a position indicator in the toolbar: On the left side.
32 | LEFT = object()
33 | 
34 | PAGE_TYPES_ID = "page_types"
35 | PAGE_TREE_POSITIONS = ('last-child', 'first-child', 'left', 'right')
36 | 
37 | #: Used for the ``limit_visibility_in_menu`` keyword argument to
38 | #: :func: `create_page`.Does not limit menu visibility.
39 | VISIBILITY_ALL = None
40 | 
41 | #: Used for the ``limit_visibility_in_menu`` keyword argument to :func: `create_page`.
42 | #: Limits menu visibility to authenticated users.
43 | VISIBILITY_USERS = 1
44 | 
45 | #: Used for the ``limit_visibility_in_menu`` keyword argument to :func: `create_page`.
46 | #: Limits menu visibility to anonymous(not authenticated) users.
47 | VISIBILITY_ANONYMOUS = 2
48 | 
49 | X_FRAME_OPTIONS_INHERIT = 0
50 | X_FRAME_OPTIONS_DENY = 1
51 | X_FRAME_OPTIONS_SAMEORIGIN = 2
52 | X_FRAME_OPTIONS_ALLOW = 3
53 | 
54 | PAGE_USERNAME_MAX_LENGTH = 255
55 | 
56 | SLUG_REGEXP = '[0-9A-Za-z-_.//]+'
57 | 
58 | #: Used for cache control headers: 0 seconds, i.e. now.
59 | EXPIRE_NOW = 0
60 | 
61 | #: Used for cache control headers: 365 * 24 * 3600 seconds, i.e. one year. HTTP specification says
62 | #: max caching should only be up to one year.
63 | MAX_EXPIRATION_TTL = 365 * 24 * 3600
64 | 
65 | PLUGIN_TOOLBAR_JS = "CMS._plugins.push([\"cms-plugin-%(pk)s\", %(config)s]);\n"
66 | 
67 | PLACEHOLDER_TOOLBAR_JS = "CMS._plugins.push([\"cms-placeholder-%(pk)s\", %(config)s]);"
68 | 
69 | # In the permissions system we use user levels to determine
70 | # the depth in which the user has permissions.
71 | # This constant represents a user that can see pages at all depths.
72 | ROOT_USER_LEVEL = -1
73 | 
74 | GRANT_ALL_PERMISSIONS = 'All'
75 | 
76 | PUBLISH_COMMENT = "Publish"
77 | 
78 | SCRIPT_USERNAME = 'script'
79 | 
80 | CMS_CONFIG_NAME = 'cms_config'
81 | 
```

Found function `cms/templates.py:TemplatesCache.dragbar_template`.
Source: Retrieved entity using keyword search (bm25).
```
30 | def dragbar_template(self):
31 |         return get_template('cms/toolbar/dragbar.html')
```

Found function `cms/plugin_rendering.py:BaseRenderer.templates`.
Source: Retrieved entity using keyword search (bm25).
```
103 | def templates(self):
104 |         return self.toolbar.templates
```

Found function `cms/admin/pageadmin.py:PageContentAdmin.change_innavigation`.
Source: Retrieved code content using keyword search (bm25).
```
1329 | def change_innavigation(self, request, object_id):
1330 |         """
1331 |         Switch the in_navigation of a page
1332 |         """
1333 |         page_content = self.get_object(request, object_id=object_id)
1334 | 
1335 |         if not self.has_change_permission(request, obj=page_content):
1336 |             message = _("You do not have permission to change this page's in_navigation status")
1337 |             return HttpResponseForbidden(force_str(message))
1338 | 
1339 |         if page_content is None:
1340 |             raise self._get_404_exception(object_id)
1341 | 
1342 |         page_content.toggle_in_navigation()
1343 |         # 204 -> request was successful but no response returned.
1344 |         return HttpResponse(status=204)
```

Found function `cms/toolbar/toolbar.py:CMSToolbar.populate`.
Source: Retrieved code content using keyword search (bm25).
```
454 | def populate(self):
455 |         """
456 |         Populates the toolbar with the CMS items.
457 |         """
458 |         if self.populated:
459 |             return
460 |         self.populated = True
461 |         # never populate the toolbar on is_staff=False
462 |         # FIXME: In 3.1 we should really update the request/staff status
463 |         # when toolbar is used in the cms_toolbar templatetag
464 |         if not self.request.user.is_staff:
465 |             return
466 |         self._call_toolbar('populate')
```

Found function `cms/toolbar/toolbar.py:CMSToolbar.post_template_populate`.
Source: Retrieved code content using keyword search (bm25).
```
468 | def post_template_populate(self):
469 |         self.populate()
470 |         if self.post_template_populated:
471 |             return
472 |         self.post_template_populated = True
473 |         # FIXME: In 3.1 we should really update the request/staff status
474 |         # when toolbar is used in the cms_toolbar templatetag
475 |         if not self.request.user.is_staff:
476 |             return
477 |         self._call_toolbar('post_template_populate')
```



##Searching for term "status indicator template", "dropdown.html status indicator template"...
### Search Result:
Found class `cms/templates.py:TemplatesCache`.
Source: Retrieved entity using keyword search (bm25).
```
 5 | class TemplatesCache():
 6 | 
 7 |     def __init__(self):
 8 |         self._cached_templates = {}
 9 | 
10 |     def get_cached_template(self, template):
11 |         # we check if template quacks like a Template, as generic Template and engine-specific Template
12 |         # does not share a common ancestor
13 |         if hasattr(template, 'render'):
14 |             return template
15 | 
16 |         if template not in self._cached_templates:
17 |             # this always return an engine-specific template object
18 |             self._cached_templates[template] = get_template(template)
19 |         return self._cached_templates[template]
20 | 
21 |     @cached_property
22 |     def drag_item_template(self):
23 |         return get_template('cms/toolbar/dragitem.html')
24 | 
25 |     @cached_property
26 |     def placeholder_plugin_menu_template(self):
27 |         return get_template('cms/toolbar/dragitem_menu.html')
28 | 
29 |     @cached_property
30 |     def dragbar_template(self):
31 |         return get_template('cms/toolbar/dragbar.html')
```

Found file `cms/templates.py`.
Source: Retrieved entity using keyword search (bm25).
Hint: Search `cms/templates.py` for the full content if needed.

2026-09-16 22:04:27 utils.py INFO 
LiteLLM completion() model= qwen/qwen3-coder; provider = openrouter
2026-09-16 22:04:40 utils.py INFO Wrapper: Completed Call, calling success_handler
2026-09-16 22:04:40 auto_search_main.py INFO convert none fncall messages failed.
2026-09-16 22:04:40 utils.py INFO 
LiteLLM completion() model= qwen/qwen3-coder; provider = openrouter
2026-09-16 22:05:08 utils.py INFO Wrapper: Completed Call, calling success_handler
2026-09-16 22:05:08 auto_search_main.py INFO convert none fncall messages failed.
2026-09-16 22:05:08 utils.py INFO 
LiteLLM completion() model= qwen/qwen3-coder; provider = openrouter
2026-09-16 22:05:20 utils.py INFO Wrapper: Completed Call, calling success_handler
2026-09-16 22:05:20 auto_search_main.py INFO Executing code:
```
print(search_code_snippets(**{'search_terms': ['toolbar.js', 'pagetree.js', 'indicator']}))
```
2026-09-16 22:05:21 __init__.py DEBUG Building index from IDs objects
2026-09-16 22:05:21 __init__.py DEBUG Building index from IDs objects
2026-09-16 22:05:21 __init__.py DEBUG Building index from IDs objects
2026-09-16 22:05:21 __init__.py DEBUG Building index from IDs objects
2026-09-16 22:05:21 __init__.py DEBUG Building index from IDs objects
2026-09-16 22:05:22 __init__.py DEBUG Building index from IDs objects
2026-09-16 22:05:22 auto_search_main.py INFO OBSERVATION:
cms/templatetags/cms_js_tags.py:JavascriptString.render_tag
cms/templatetags/cms_js_tags.py:JavascriptString
cms/templatetags/cms_js_tags.py:render_plugin_init_js
cms/forms/widgets.py:PageSmartLinkWidget
cms/forms/widgets.py:PageSmartLinkWidget.get_ajax_url
cms/forms/widgets.py:PageSmartLinkWidget.Media
cms/forms/widgets.py:PageSmartLinkWidget.__init__
cms/forms/widgets.py:ApplicationConfigSelect.__init__
cms/forms/widgets.py:ApplicationConfigSelect
cms/forms/widgets.py:ApplicationConfigSelect.Media
cms/wizards/forms.py:WizardStep2BaseForm
cms/wizards/forms.py:WizardStep1Form
cms/wizards/forms.py:WizardStep1Form.get_wizard_entries
cms/wizards/forms.py:WizardStep1Form:2
cms/wizards/forms.py:WizardStep1Form.__init__
cms/wizards/forms.py:WizardStep1Form.Media
cms/forms/widgets.py:AppHookSelect
cms/forms/widgets.py:AppHookSelect.__init__
cms/forms/widgets.py:AppHookSelect.Media
cms/forms/widgets.py:AppHookSelect.create_option
cms/forms/wizards.py:CreateCMSPageForm.__init__
cms/forms/wizards.py:CreateCMSPageForm
cms/forms/wizards.py:CreateCMSPageForm._language
cms/forms/wizards.py:CreateCMSPageForm.Media
cms/forms/wizards.py:CreateCMSPageForm.get_placeholder
cms/admin/pageadmin.py:PageContentAdmin.get_unihandecode_context
cms/utils/check.py:check_sekizai
cms/templatetags/cms_admin.py:tree_publish_row
cms/admin/pageadmin.py:PageContentAdmin.get_tree
cms/forms/widgets.py:PageSmartLinkWidget
cms/forms/widgets.py:PageSmartLinkWidget.get_ajax_url
cms/forms/widgets.py:PageSmartLinkWidget.Media
cms/forms/widgets.py:PageSmartLinkWidget.__init__
cms/forms/widgets.py:ApplicationConfigSelect.__init__
cms/forms/widgets.py:ApplicationConfigSelect
cms/forms/widgets.py:ApplicationConfigSelect.Media
cms/wizards/forms.py:WizardStep2BaseForm
cms/wizards/forms.py:WizardStep1Form
cms/wizards/forms.py:WizardStep1Form.get_wizard_entries
cms/wizards/forms.py:WizardStep1Form:2
cms/wizards/forms.py:WizardStep1Form.__init__
cms/wizards/forms.py:WizardStep1Form.Media
cms/forms/widgets.py:AppHookSelect
cms/forms/widgets.py:AppHookSelect.__init__
cms/forms/widgets.py:AppHookSelect.Media
cms/forms/widgets.py:AppHookSelect.create_option
cms/forms/wizards.py:CreateCMSPageForm.__init__
cms/forms/wizards.py:CreateCMSPageForm
cms/forms/wizards.py:CreateCMSPageForm._language
cms/forms/wizards.py:CreateCMSPageForm.Media
cms/forms/wizards.py:CreateCMSPageForm.get_placeholder
cms/admin/pageadmin.py:PageContentAdmin.get_unihandecode_context
cms/cms_menus.py:SoftRootCutter.modify
cms/plugin_base.py:CMSPluginBase.get_cache_expiration
cms/migrations/0024_set_plugin_absolute_position.py:Migration
cms/migrations/0024_set_plugin_absolute_position.py:set_plugin_absolute_position
cms/forms/widgets.py:PageSmartLinkWidget
cms/forms/widgets.py:PageSmartLinkWidget.get_ajax_url
cms/forms/widgets.py:PageSmartLinkWidget.Media
cms/forms/widgets.py:PageSmartLinkWidget.__init__
cms/forms/widgets.py:ApplicationConfigSelect.__init__
cms/forms/widgets.py:ApplicationConfigSelect
cms/forms/widgets.py:ApplicationConfigSelect.Media
cms/wizards/forms.py:WizardStep2BaseForm
cms/wizards/forms.py:WizardStep1Form
cms/wizards/forms.py:WizardStep1Form.get_wizard_entries
cms/wizards/forms.py:WizardStep1Form:2
cms/wizards/forms.py:WizardStep1Form.__init__
cms/wizards/forms.py:WizardStep1Form.Media
cms/forms/widgets.py:AppHookSelect
cms/forms/widgets.py:AppHookSelect.__init__
cms/forms/widgets.py:AppHookSelect.Media
cms/forms/widgets.py:AppHookSelect.create_option
cms/templatetags/cms_js_tags.py:JavascriptString.render_tag
cms/templatetags/cms_js_tags.py:JavascriptString
cms/templatetags/cms_js_tags.py:render_plugin_init_js
cms/forms/wizards.py:CreateCMSPageForm.__init__
cms/forms/wizards.py:CreateCMSPageForm
cms/forms/wizards.py:CreateCMSPageForm._language
cms/forms/wizards.py:CreateCMSPageForm.Media
cms/forms/wizards.py:CreateCMSPageForm.get_placeholder
cms/admin/pageadmin.py:PageContentAdmin.get_unihandecode_context
cms/utils/check.py:check_sekizai
##Searching for term "toolbar.js", "toolbar.js pagetree.js indicator"...
### Search Result:
Found class `cms/toolbar/toolbar.py:CMSToolbar`.
Source: Retrieved entity using keyword search (bm25).
Just show the structure of this class due to response length limitations:
```
class CMSToolbar(BaseToolbar):

    def __init__(self, request, request_path=None, _async=False):
...
    def init_toolbar(self, request, request_path=None):
...
    @cached_property
    def user_settings(self):
...
    @cached_property
    def clipboard_plugin(self):
...
    def get_user_settings(self):
...
    def _reorder_toolbars(self):
...
    @property
    def csrf_token(self):
...
    # Public API

    def get_menu(self, key, verbose_name=None, side=LEFT, position=None):
...
    def get_or_create_menu(self, key, verbose_name=None, disabled=False, side=LEFT, position=None):
...
    def add_button(self, name, url, active=False, disabled=False, extra_classes=None, extra_wrapper_classes=None,
                   side=LEFT, position=None):
...
    def add_modal_button(self, name, url, active=False, disabled=False, extra_classes=None, extra_wrapper_classes=None,
                         side=LEFT, position=None, on_close=REFRESH_PAGE):
...
    def add_sideframe_button(self, name, url, active=False, disabled=False, extra_classes=None,
                             extra_wrapper_classes=None, side=LEFT, position=None, on_close=None):
...
    def add_button_list(self, identifier=None, extra_classes=None, side=LEFT, position=None):
...
    def set_object(self, obj):
...
    def get_object(self):
...
    def get_object_model(self):
...
    def get_object_pk(self):
...
    def get_object_preview_url(self):
...
    def get_object_edit_url(self):
...
    def get_object_structure_url(self):
...
    # Internal API

    def _add_item(self, item, position=None):
...
    def _remove_item(self, item):
...
    def _item_position(self, item):
...
    def get_left_items(self):
...
    def get_right_items(self):
...
    @cached_property
    def media(self):
...
    def populate(self):
...
    def post_template_populate(self):
...
    def _call_toolbar(self, func_name):
...
    def get_render_context(self):
...
    def render(self):
...
    def render_with_structure(self, context, nodelist):

```
Hint: Search `cms/toolbar/toolbar.py:CMSToolbar` to get the full content if needed.

Found class `cms/toolbar/toolbar.py:BaseToolbar`.
Source: Retrieved entity using keyword search (bm25).
```
 30 | class BaseToolbar(ToolbarAPIMixin):
 31 |     #: Property; a list of models that the toolbar :ref:`watches for URL changes <url_changes>`,
 32 |     #: so it can redirect to the new URL on saving.
 33 |     watch_models = []
 34 | 
 35 |     disable_url = get_cms_setting('CMS_TOOLBAR_URL__DISABLE')
 36 | 
 37 |     @cached_property
 38 |     def _resolver_match(self):
 39 |         if getattr(self.request, 'resolver_match', None):
 40 |             return self.request.resolver_match
 41 | 
 42 |         try:
 43 |             match = resolve(self.request.path_info)
 44 |         except Resolver404:
 45 |             match = None
 46 |         return match
 47 | 
 48 |     @cached_property
 49 |     def site_language(self):
 50 |         cms_page = self.request.current_page
 51 |         site_id = cms_page.node.site_id if cms_page else None
 52 |         return get_site_language_from_request(self.request, site_id)
 53 | 
 54 |     @cached_property
 55 |     def request_language(self):
 56 |         if settings.USE_I18N:
 57 |             language = get_language_from_request(self.request)
 58 |         else:
 59 |             language = settings.LANGUAGE_CODE
 60 |         return language
 61 | 
 62 |     def get_content_renderer(self):
 63 |         if self.uses_legacy_structure_mode:
 64 |             return self.legacy_renderer
 65 |         return self.content_renderer
 66 | 
 67 |     @cached_property
 68 |     def legacy_renderer(self):
 69 |         from cms.plugin_rendering import LegacyRenderer
 70 | 
 71 |         return LegacyRenderer(request=self.request)
 72 | 
 73 |     @cached_property
 74 |     def content_renderer(self):
 75 |         from cms.plugin_rendering import ContentRenderer
 76 | 
 77 |         return ContentRenderer(request=self.request)
 78 | 
 79 |     @cached_property
 80 |     def structure_renderer(self):
 81 |         from cms.plugin_rendering import StructureRenderer
 82 | 
 83 |         return StructureRenderer(request=self.request)
 84 | 
 85 |     @cached_property
 86 |     def structure_mode_active(self):
 87 |         if self.is_staff and self._resolver_match:
 88 |             return self._resolver_match.url_name == 'cms_placeholder_render_object_structure'
 89 |         return False
 90 | 
 91 |     @cached_property
 92 |     def edit_mode_active(self):
 93 |         """``True`` if the structure board editing mode is active."""
 94 |         if not self.show_toolbar:
 95 |             return False
 96 | 
 97 |         if self.structure_mode_active:
 98 |             return True
 99 | 
100 |         if self._resolver_match:
101 |             return self._resolver_match.url_name == 'cms_placeholder_render_object_edit'
102 |         return False
103 | 
104 |     @cached_property
105 |     def preview_mode_active(self):
106 |         """``True`` if preview mode is active."""
107 |         if self.is_staff and self._resolver_match:
108 |             return self._resolver_match.url_name == 'cms_placeholder_render_object_preview'
109 |         return False
110 | 
111 |     @cached_property
112 |     def content_mode_active(self):
113 |         """``True`` if content mode is active."""
114 |         if self.structure_mode_active:
115 |             # Structure mode always takes precedence
116 |             return False
117 |         return self.is_staff and not self.edit_mode_active
118 | 
119 |     @cached_property
120 |     def uses_legacy_structure_mode(self):
121 |         return False
122 | 
123 |     @cached_property
124 |     def templates(self):
125 |         return TemplatesCache()
126 | 
127 |     @cached_property
128 |     def sideframe_enabled(self):
129 |         return get_cms_setting('SIDEFRAME_ENABLED')
```

Found class `cms/toolbar/toolbar.py:EmptyToolbar`.
Source: Retrieved entity using keyword search (bm25).
```
546 | class EmptyToolbar(BaseToolbar):
547 |     is_staff = False
548 |     show_toolbar = False
549 | 
550 |     # Backwards compatibility
551 |     edit_mode = False
552 | 
553 |     _cache_disabled = True
554 | 
555 |     def __init__(self, request):
556 |         self.request = request
557 |         super().__init__()
```

Found file `cms/toolbar/toolbar.py`.
Source: Retrieved entity using keyword search (bm25).
Hint: Search `cms/toolbar/toolbar.py` for the full content if needed.



##Searching for term "toolbar.js"...
### Search Result:
Found function `cms/templatetags/cms_js_tags.py:render_plugin_init_js`.
Source: Retrieved code content using keyword search (bm25).
```
49 | def render_plugin_init_js(context, plugin):
50 |     renderer = context['cms_renderer']
51 |     plugin_js = renderer.get_plugin_toolbar_js(plugin)
52 |     # Add the toolbar javascript for this plugin to the
53 |     # sekizai "js" namespace.
54 |     context[get_varname()]['js'].append('<script data-cms>{}</script>'.format(plugin_js))
```

Found class `cms/templatetags/cms_js_tags.py:JavascriptString`.
Source: Retrieved code content using keyword search (bm25).
```
58 | class JavascriptString(Tag):
59 |     name = 'javascript_string'
60 |     options = Options(
61 |         blocks=[
62 |             ('end_javascript_string', 'nodelist'),
63 |         ]
64 |     )
65 | 
66 |     def render_tag(self, context, **kwargs):
67 |         try:
68 |             from django.utils.html import escapejs
69 |         except ImportError:
70 |             from django.utils.text import javascript_quote as escapejs
71 |         rendered = self.nodelist.render(context)
72 |         return "'%s'" % escapejs(rendered.strip())
```



##Searching for term "toolbar.js", "pagetree.js", "toolbar.js pagetree.js indicator"...
### Search Result:
Found class `cms/forms/widgets.py:PageSmartLinkWidget`.
Source: Retrieved code content using keyword search (bm25).
```
 98 | class PageSmartLinkWidget(TextInput):
 99 |     template_name = 'cms/widgets/pagesmartlinkwidget.html'
100 | 
101 |     class Media:
102 |         css = {
103 |             'all': (
104 |                 'cms/js/select2/select2.css',
105 |                 'cms/js/select2/select2-bootstrap.css',
106 |             )
107 |         }
108 |         js = (
109 |             static_with_version('cms/js/dist/bundle.forms.pagesmartlinkwidget.min.js'),
110 |         )
111 | 
112 |     def __init__(self, attrs=None, ajax_view=None):
113 |         super().__init__(attrs)
114 |         self.ajax_url = self.get_ajax_url(ajax_view=ajax_view)
115 | 
116 |     def get_ajax_url(self, ajax_view):
117 |         try:
118 |             return reverse_lazy(ajax_view)
119 |         except NoReverseMatch:
120 |             raise Exception(
121 |                 'You should provide an ajax_view argument that can be reversed to the PageSmartLinkWidget'
122 |             )
123 | 
124 |     def _build_script(self, name, value, attrs={}):
125 |         return r"""<script type="text/javascript">
126 |             var CMS = window.CMS || {};
127 | 
128 |             CMS.Widgets = CMS.Widgets || {};
129 |             CMS.Widgets._pageSmartLinkWidgets = CMS.Widgets._pageSmartLinkWidgets || [];
130 |             CMS.Widgets._pageSmartLinkWidgets.push({
131 |                 id: '%(element_id)s',
132 |                 text: '%(placeholder_text)s',
133 |                 lang: '%(language_code)s',
134 |                 url: '%(ajax_url)s'
135 |             });
136 |         </script>""" % {
137 |             'element_id': attrs.get('id', ''),
138 |             'placeholder_text': attrs.get('placeholder_text', ''),
139 |             'language_code': self.language,
140 |             'ajax_url': force_str(self.ajax_url)
141 |         }
142 | 
143 |     def get_context(self, name, value, attrs):
144 |         context = super().get_context(name, value, attrs)
145 |         context['widget']['script_init'] = self._build_script(name, value, context['widget']['attrs'])
146 |         return context
```



##Searching for term "pagetree.js"...
### Search Result:
Found function `cms/templatetags/cms_admin.py:tree_publish_row`.
Source: Retrieved code content using keyword search (bm25).
```
82 | def tree_publish_row(context, page, language):
83 |     cls = "cms-pagetree-node-state cms-pagetree-node-state-empty empty"
84 |     text = _("no content")
85 | 
86 |     if page.page_content_cache.get(language):
87 |         cls = "cms-pagetree-node-state cms-pagetree-node-state-published published"
88 |         text = _("has contents")
89 | 
90 |     return mark_safe(
91 |         '<span class="cms-hover-tooltip cms-hover-tooltip-left cms-hover-tooltip-delay %s" '
92 |         'data-cms-tooltip="%s"></span>' % (cls, force_str(text)))
```

Found function `cms/admin/pageadmin.py:PageContentAdmin.get_tree`.
Source: Retrieved code content using keyword search (bm25).
```
1346 | def get_tree(self, request):
1347 |         """
1348 |         Get html for the descendants (only) of given page or if no page_id is
1349 |         provided, all the root nodes.
1350 | 
1351 |         Used for lazy loading pages in cms.pagetree.js
1352 |         """
1353 |         site = get_site(request)
1354 |         pages = Page.objects.on_site(site).order_by('node__path')
1355 |         node_id = request.GET.get('nodeId')
1356 |         open_nodes = list(map(int, request.GET.getlist('openNodes[]')))
1357 | 
1358 |         if node_id:
1359 |             page = get_object_or_404(pages, node_id=int(node_id))
1360 |             pages = page.get_descendant_pages().filter(Q(node__in=open_nodes) | Q(node__parent__in=open_nodes))
1361 |         else:
1362 |             page = None
1363 |             pages = pages.filter(
1364 |                 # get all root nodes
1365 |                 # or children which were previously open
1366 |                 # or children of the open descendants
1367 |                 Q(node__depth=1) | Q(node__depth=2, node__in=open_nodes) | Q(node__parent__in=open_nodes)
1368 |             )
1369 |         pages = pages.prefetch_related(
1370 |             Prefetch(
1371 |                 'pagecontent_set',
1372 |                 to_attr='filtered_translations',
1373 |                 queryset=self.get_queryset(request),
1374 |             ),
1375 |         )
1376 |         rows = self.get_tree_rows(
1377 |             request,
1378 |             pages=pages,
1379 |             language=get_site_language_from_request(request, site_id=site.pk),
1380 |             depth=(page.node.depth + 1 if page else 1),
1381 |             follow_descendants=True,
1382 |         )
1383 |         return HttpResponse(u''.join(rows))
```

Found file `cms/page_rendering.py`.
Found file `cms/utils/page.py`.
Found file `cms/templatetags/cms_js_tags.py`.
Source: Retrieved entity using keyword search (bm25).
Hint: Use more detailed query to get the full content of some if needed.



##Searching for term "pagetree.js", "toolbar.js pagetree.js indicator"...
### Search Result:
Found class `cms/forms/widgets.py:PageSmartLinkWidget.Media`.
Source: Retrieved code content using keyword search (bm25).
```
101 | class Media:
102 |         css = {
103 |             'all': (
104 |                 'cms/js/select2/select2.css',
105 |                 'cms/js/select2/select2-bootstrap.css',
106 |             )
107 |         }
108 |         js = (
109 |             static_with_version('cms/js/dist/bundle.forms.pagesmartlinkwidget.min.js'),
110 |         )
```



##Searching for term "indicator"...
### Search Result:
Found .
Source: Retrieved code content using keyword search (bm25).
```
 1 | """
 2 | Collection of important constants used throughout django CMS.
 3 | """
 4 | 
 5 | 
 6 | #: The token used to identify when a user selects "inherit" as template for a page.
 7 | TEMPLATE_INHERITANCE_MAGIC = 'INHERIT'
 8 | 
 9 | REFRESH_PAGE = 'REFRESH_PAGE'
10 | """
11 | Supplied to ``on_close`` arguments to refresh the current page when the frame is closed, for
12 | example:
13 | 
14 | ..  code-block:: python
15 | 
16 |     from cms.constants import REFRESH_PAGE
17 | 
18 |     self.toolbar.add_modal_item(
19 |         'Modal item',
20 |         url=modal_url,
21 |         on_close=REFRESH_PAGE
22 |         )
23 | """
24 | 
25 | FOLLOW_REDIRECT = 'FOLLOW_REDIRECT'
26 | URL_CHANGE = 'URL_CHANGE'
27 | 
28 | #: Used as a position indicator in the toolbar: On the right side.
29 | RIGHT = object()  # this is a trick so "foo is RIGHT" will only ever work for this, same goes for LEFT.
30 | 
31 | #: Used as a position indicator in the toolbar: On the left side.
32 | LEFT = object()
33 | 
34 | PAGE_TYPES_ID = "page_types"
35 | PAGE_TREE_POSITIONS = ('last-child', 'first-child', 'left', 'right')
36 | 
37 | #: Used for the ``limit_visibility_in_menu`` keyword argument to
38 | #: :func: `create_page`.Does not limit menu visibility.
39 | VISIBILITY_ALL = None
40 | 
41 | #: Used for the ``limit_visibility_in_menu`` keyword argument to :func: `create_page`.
42 | #: Limits menu visibility to authenticated users.
43 | VISIBILITY_USERS = 1
44 | 
45 | #: Used for the ``limit_visibility_in_menu`` keyword argument to :func: `create_page`.
46 | #: Limits menu visibility to anonymous(not authenticated) users.
47 | VISIBILITY_ANONYMOUS = 2
48 | 
49 | X_FRAME_OPTIONS_INHERIT = 0
50 | X_FRAME_OPTIONS_DENY = 1
51 | X_FRAME_OPTIONS_SAMEORIGIN = 2
52 | X_FRAME_OPTIONS_ALLOW = 3
53 | 
54 | PAGE_USERNAME_MAX_LENGTH = 255
55 | 
56 | SLUG_REGEXP = '[0-9A-Za-z-_.//]+'
57 | 
58 | #: Used for cache control headers: 0 seconds, i.e. now.
59 | EXPIRE_NOW = 0
60 | 
61 | #: Used for cache control headers: 365 * 24 * 3600 seconds, i.e. one year. HTTP specification says
62 | #: max caching should only be up to one year.
63 | MAX_EXPIRATION_TTL = 365 * 24 * 3600
64 | 
65 | PLUGIN_TOOLBAR_JS = "CMS._plugins.push([\"cms-plugin-%(pk)s\", %(config)s]);\n"
66 | 
67 | PLACEHOLDER_TOOLBAR_JS = "CMS._plugins.push([\"cms-placeholder-%(pk)s\", %(config)s]);"
68 | 
69 | # In the permissions system we use user levels to determine
70 | # the depth in which the user has permissions.
71 | # This constant represents a user that can see pages at all depths.
72 | ROOT_USER_LEVEL = -1
73 | 
74 | GRANT_ALL_PERMISSIONS = 'All'
75 | 
76 | PUBLISH_COMMENT = "Publish"
77 | 
78 | SCRIPT_USERNAME = 'script'
79 | 
80 | CMS_CONFIG_NAME = 'cms_config'
81 | 
```

Found function `cms/cms_menus.py:SoftRootCutter.modify`.
Source: Retrieved code content using keyword search (bm25).
```
412 | def modify(self, request, nodes, namespace, root_id, post_cut, breadcrumb):
413 |         # only apply this modifier if we're pre-cut (since what we do is cut)
414 |         # or if no id argument is provided, indicating {% show_menu_below_id %}
415 |         if post_cut or root_id:
416 |             return nodes
417 |         selected = None
418 |         root_nodes = []
419 |         # find the selected node as well as all the root nodes
420 |         for node in nodes:
421 |             if node.selected:
422 |                 selected = node
423 |             if not node.parent:
424 |                 root_nodes.append(node)
425 | 
426 |         # if we found a selected ...
427 |         if selected:
428 |             # and the selected is a softroot
429 |             if selected.attr.get("soft_root", False):
430 |                 # get it's descendants
431 |                 nodes = selected.get_descendants()
432 |                 # remove the link to parent
433 |                 selected.parent = None
434 |                 # make the selected page the root in the menu
435 |                 nodes = [selected] + nodes
436 |             else:
437 |                 # if it's not a soft root, walk ancestors (upwards!)
438 |                 nodes = self.find_ancestors_and_remove_children(selected, nodes)
439 |         return nodes
```

Found function `cms/plugin_base.py:CMSPluginBase.get_cache_expiration`.
Source: Retrieved code content using keyword search (bm25).
```
311 | def get_cache_expiration(self, request, instance, placeholder):
312 |         """
313 |         Provides hints to the placeholder, and in turn to the page for
314 |         determining the appropriate Cache-Control headers to add to the
315 |         HTTPResponse object.
316 | 
317 |         :param request: Relevant ``HTTPRequest`` instance.
318 |         :param instance: The ``CMSPlugin`` instance that is being rendered.
319 |         :rtype: ``None`` or ``datetime`` or ```time_delta`` or ``int``
320 | 
321 |         Must return one of:
322 | 
323 |         :``None``:
324 |             This means the placeholder and the page will not even
325 |             consider this plugin when calculating the page expiration;
326 | 
327 |         :``datetime``:
328 |             A specific date and time (timezone-aware) in the future
329 |             when this plugin's content expires;
330 | 
331 |             .. important:: The returned ``datetime`` must be timezone-aware
332 |                            or the plugin will be ignored (with a warning)
333 |                            during expiration calculations.
334 | 
335 | 
336 |         :``datetime.timedelta``:
337 |             A timedelta instance indicating how long, relative to
338 |             the response timestamp that the content can be cached;
339 | 
340 |         :``int``:
341 |             An integer number of seconds that this plugin's content can be cached.
342 | 
343 |         There are constants are defined in ``cms.constants`` that may be
344 |         useful: :const:`~cms.constants.EXPIRE_NOW` and :data:`~cms.constants.MAX_EXPIRATION_TTL`.
345 | 
346 |         An integer value of 0 (zero) or :const:`~cms.constants.EXPIRE_NOW` effectively means "do not
347 |         cache". Negative values will be treated as `EXPIRE_NOW`. Values exceeding the value
348 |         `~cms.constants.MAX_EXPIRATION_TTL` will be set to that value.
349 | 
350 |         Negative `timedelta` values or those greater than `MAX_EXPIRATION_TTL`
351 |         will also be ranged in the same manner.
352 | 
353 |         Similarly, `datetime` values earlier than now will be treated as
354 |         `EXPIRE_NOW`. Values greater than `MAX_EXPIRATION_TTL` seconds in the
355 |         future will be treated as `MAX_EXPIRATION_TTL` seconds in the future.
356 |         """
357 |         return None
```

Found function `cms/migrations/0024_set_plugin_absolute_position.py:set_plugin_absolute_position`.
Source: Retrieved code content using keyword search (bm25).
```
27 | def set_plugin_absolute_position(apps, schema_editor):
28 |     db_alias = schema_editor.connection.alias
29 |     CMSPlugin = apps.get_model('cms', 'CMSPlugin')
30 |     Placeholder = apps.get_model('cms', 'Placeholder')
31 |     placeholders = Placeholder.objects.using(db_alias).all()
32 |     all_languages = (
33 |         CMSPlugin
34 |         .objects
35 |         .using(db_alias)
36 |         .values_list('language', flat=True)
37 |         .distinct()
38 |     )
39 | 
40 |     for placeholder in placeholders:
41 |         for language in all_languages:
42 |             position = 1
43 |             plugins = placeholder.cmsplugin_set.filter(language=language)
44 |             root_plugin_ids = (
45 |                 plugins
46 |                 .filter(parent__isnull=True)
47 |                 .order_by('position')
48 |                 .values_list('pk', flat=True)
49 |             )
50 |             for root_id in root_plugin_ids:
51 |                 plugins.filter(pk=root_id).update(position=position)
52 |                 position +=1
53 | 
54 |                 for desc_id in get_descendant_ids(CMSPlugin, root_id=root_id):
55 |                     plugins.filter(pk=desc_id).update(position=position)
56 |                     position += 1
```

Found class `cms/migrations/0024_set_plugin_absolute_position.py:Migration`.
Source: Retrieved code content using keyword search (bm25).
```
59 | class Migration(migrations.Migration):
60 | 
61 |     dependencies = [
62 |         ('cms', '0023_placeholder_source_field'),
63 |     ]
64 | 
65 |     operations = [
66 |         migrations.RunPython(set_plugin_absolute_position),
67 |     ]
```

Found file `cms/toolbar/__init__.py`.
Found file `cms/__init__.py`.
Found file `cms/migrations/__init__.py`.
Source: Retrieved entity using keyword search (bm25).
Hint: Use more detailed query to get the full content of some if needed.



##Searching for term "toolbar.js pagetree.js indicator"...
### Search Result:
Found `cms/forms/wizards.py:SlugWidget`, `cms/forms/wizards.py:SlugWidget.Media`.
Source: Retrieved code content using keyword search (bm25).
```
  1 | from django import forms
  2 | from django.core.exceptions import ValidationError
  3 | from django.db import transaction
  4 | from django.utils.text import slugify
  5 | from django.utils.translation import gettext, gettext_lazy as _
  6 | 
  7 | from cms.admin.forms import AddPageForm
  8 | from cms.plugin_pool import plugin_pool
  9 | from cms.utils import permissions
 10 | from cms.utils.conf import get_cms_setting
 11 | from cms.utils.page import get_available_slug
 12 | from cms.utils.page_permissions import user_can_add_page, user_can_add_subpage
 13 | from cms.utils.urlutils import static_with_version
 14 | 
 15 | try:
 16 |     # djangocms_text_ckeditor is not guaranteed to be available
 17 |     from djangocms_text_ckeditor.widgets import TextEditorWidget
 18 |     text_widget = TextEditorWidget
 19 | except ImportError:
 20 |     text_widget = forms.Textarea
 21 | 
 22 | 
 23 | class SlugWidget(forms.widgets.TextInput):
 24 |     """
 25 |     Special widget for the slug field that requires PageContent field to be there.
 26 |     Adds the js for the slugifying.
 27 |     """
 28 |     class Media:
 29 |         js = (
 30 |             'admin/js/urlify.js',
 31 |             static_with_version('cms/js/dist/bundle.forms.slugwidget.min.js'),
 32 |         )
```

Found class `cms/forms/widgets.py:ApplicationConfigSelect`.
Source: Retrieved code content using keyword search (bm25).
```
217 | class ApplicationConfigSelect(Select):
218 |     """
219 |     Special widget -populate by javascript- that shows application configurations
220 |     depending on selected Apphooks.
221 | 
222 |     Required data are injected in the page as javascript data that cms.app_hook_select.js
223 |     uses to create the appropriate data structure.
224 | 
225 |     A stub 'add-another' link is created and filled in with the correct URL by the same
226 |     javascript.
227 |     """
228 |     template_name = 'cms/widgets/applicationconfigselect.html'
229 | 
230 |     class Media:
231 |         js = (
232 |             static_with_version('cms/js/dist/bundle.forms.apphookselect.min.js'),
233 |         )
234 | 
235 |     def __init__(self, attrs=None, choices=(), app_configs={}):
236 |         self.app_configs = app_configs
237 |         super().__init__(attrs, choices)
238 | 
239 |     def _build_script(self, name, value, attrs={}):
240 |         configs = []
241 |         urls = []
242 |         for application, cms_app in self.app_configs.items():
243 |             configs.append("'%s': [%s]" % (application, ",".join(
244 |                 ["['%s', '%s']" % (config.pk, escapejs(escape(config))) for config in cms_app.get_configs()])))  # noqa
245 |         for application, cms_app in self.app_configs.items():
246 |             urls.append("'%s': '%s'" % (application, cms_app.get_config_add_url()))
247 |         return r"""<script type="text/javascript">
248 |             var apphooks_configuration = {
249 |                 %(apphooks_configurations)s
250 |             };
251 |             var apphooks_configuration_url = {
252 |                 %(apphooks_url)s
253 |             };
254 |             var apphooks_configuration_value = '%(apphooks_value)s';
255 |         </script>""" % {
256 |             'apphooks_configurations': ','.join(configs),
257 |             'apphooks_url': ','.join(urls),
258 |             'apphooks_value': value,
259 |         }
260 | 
261 |     def get_context(self, name, value, attrs):
262 |         context = super().get_context(name, value, attrs)
263 |         context['widget']['script_init'] = self._build_script(name, value, context['widget']['attrs'])
264 |         return context
```

2026-09-16 22:05:22 utils.py INFO 
LiteLLM completion() model= qwen/qwen3-coder; provider = openrouter
2026-09-16 22:05:37 utils.py INFO Wrapper: Completed Call, calling success_handler
2026-09-16 22:05:37 utils.py INFO 
LiteLLM completion() model= qwen/qwen3-coder; provider = openrouter
2026-09-16 22:05:51 utils.py INFO Wrapper: Completed Call, calling success_handler
2026-09-16 22:05:51 auto_search_main.py INFO convert none fncall messages failed.
2026-09-16 22:05:51 utils.py INFO 
LiteLLM completion() model= qwen/qwen3-coder; provider = openrouter
2026-09-16 22:06:10 utils.py INFO Wrapper: Completed Call, calling success_handler
2026-09-16 22:06:10 auto_search_main.py INFO Executing code:
```
print(search_code_snippets(**{'search_terms': ['_top', 'sideframe', 'target']}))
```
2026-09-16 22:06:10 __init__.py DEBUG Building index from IDs objects
2026-09-16 22:06:11 __init__.py DEBUG Building index from IDs objects
2026-09-16 22:06:11 __init__.py DEBUG Building index from IDs objects
2026-09-16 22:06:11 __init__.py DEBUG Building index from IDs objects
2026-09-16 22:06:11 __init__.py DEBUG Building index from IDs objects
2026-09-16 22:06:11 __init__.py DEBUG Building index from IDs objects
2026-09-16 22:06:11 __init__.py DEBUG Building index from IDs objects
2026-09-16 22:06:12 __init__.py DEBUG Building index from IDs objects
2026-09-16 22:06:12 auto_search_main.py INFO OBSERVATION:
cms/migrations/0024_set_plugin_absolute_position.py:Migration
cms/migrations/0024_set_plugin_absolute_position.py:set_plugin_absolute_position
cms/migrations/0030_auto_20180810_0629.py:set_page_url
cms/migrations/0030_auto_20180810_0629.py:Migration
cms/admin/settingsadmin.py:SettingsAdmin.save_model
cms/admin/settingsadmin.py:SettingsAdmin.has_change_permission
cms/admin/settingsadmin.py:SettingsAdmin.get_model_perms
cms/admin/settingsadmin.py:impl
cms/admin/settingsadmin.py:SettingsAdmin.response_post_save_change
cms/toolbar/items.py:SideframeItem.__repr__
cms/toolbar/items.py:SideframeItem
cms/toolbar/items.py:ToolbarAPIMixin.add_sideframe_item
cms/toolbar/items.py:ToolbarAPIMixin.add_link_item
cms/toolbar/items.py:ToolbarAPIMixin.add_modal_item
cms/migrations/0024_set_plugin_absolute_position.py:Migration
cms/migrations/0024_set_plugin_absolute_position.py:set_plugin_absolute_position
cms/models/pagemodel.py:Page.set_tree_node
cms/api.py:add_plugin
cms/admin/pageadmin.py:PageAdmin.move_page
cms/admin/forms.py:MovePageForm.clean
cms/admin/forms.py:MovePageForm.move_page
cms/admin/forms.py:MovePageForm.get_tree_options
cms/admin/forms.py:MovePageForm
cms/utils/page_permissions.py:user_can_add_subpage
cms/utils/page_permissions.py:user_can_change_page
cms/extensions/models.py:BaseExtension.copy
cms/admin/pageadmin.py:PageAdmin.copy_page
cms/admin/pageadmin.py:PageContentAdmin.copy_language
cms/toolbar/toolbar.py:CMSToolbar.get_object_model
cms/toolbar/toolbar.py:CMSToolbar.add_button_list
cms/toolbar/toolbar.py:CMSToolbar.get_object
cms/toolbar/toolbar.py:CMSToolbar.get_left_items
cms/toolbar/toolbar.py:CMSToolbar.get_object_edit_url
cms/toolbar/toolbar.py:CMSToolbar._add_item
cms/toolbar/toolbar.py:CMSToolbar.get_object_preview_url
cms/toolbar/toolbar.py:CMSToolbar._remove_item
cms/toolbar/toolbar.py:CMSToolbar.set_object
cms/toolbar/toolbar.py:CMSToolbar.get_object_structure_url
cms/toolbar/toolbar.py:CMSToolbar.get_object_pk
cms/toolbar/toolbar.py:CMSToolbar.get_right_items
cms/toolbar/toolbar.py:CMSToolbar._item_position
cms/admin/pageadmin.py:PageAdmin.get_copy_dialog
cms/admin/settingsadmin.py:SettingsAdmin.save_model
cms/admin/settingsadmin.py:SettingsAdmin.has_change_permission
cms/admin/settingsadmin.py:SettingsAdmin.get_model_perms
cms/admin/settingsadmin.py:impl
cms/admin/settingsadmin.py:SettingsAdmin.response_post_save_change
cms/toolbar/items.py:SideframeItem.__repr__
cms/toolbar/items.py:SideframeItem
cms/toolbar/items.py:ToolbarAPIMixin.add_sideframe_item
cms/models/pagemodel.py:Page.set_tree_node
cms/api.py:add_plugin
cms/admin/pageadmin.py:PageAdmin.move_page
cms/admin/forms.py:MovePageForm.clean
cms/admin/forms.py:MovePageForm.move_page
cms/admin/forms.py:MovePageForm.get_tree_options
cms/admin/forms.py:MovePageForm
cms/utils/page_permissions.py:user_can_add_subpage
cms/utils/page_permissions.py:user_can_change_page
cms/extensions/models.py:BaseExtension.copy
cms/admin/pageadmin.py:PageAdmin.copy_page
##Searching for term "_top"...
### Search Result:
Found `cms/migrations/0025_remove_plugin_tree_fields.py:Migration`.
Source: Retrieved code content using keyword search (bm25).
```
 1 | # Generated by Django 1.11.12 on 2018-05-29 14:39
 2 | from __future__ import unicode_literals
 3 | 
 4 | from django.db import migrations, models
 5 | 
 6 | 
 7 | class Migration(migrations.Migration):
 8 | 
 9 |     dependencies = [
10 |         ('cms', '0024_set_plugin_absolute_position'),
11 |     ]
12 | 
13 |     operations = [
14 |         migrations.AlterModelOptions(
15 |             name='cmsplugin',
16 |             options={'ordering': ('position',)},
17 |         ),
18 |         migrations.AlterField(
19 |             model_name='cmsplugin',
20 |             name='position',
21 |             field=models.SmallIntegerField(default=1, editable=False, verbose_name='position'),
22 |         ),
23 |         migrations.AlterUniqueTogether(
24 |             name='cmsplugin',
25 |             unique_together=set([('placeholder', 'language', 'position')]),
26 |         ),
27 |         migrations.AddIndex(
28 |             model_name='cmsplugin',
29 |             index=models.Index(fields=['placeholder', 'language', 'position'], name='cms_cmsplug_placeho_3f2b0f_idx'),
30 |         ),
31 |         migrations.RemoveField(
32 |             model_name='cmsplugin',
33 |             name='depth',
34 |         ),
35 |         migrations.RemoveField(
36 |             model_name='cmsplugin',
37 |             name='numchild',
38 |         ),
39 |         migrations.RemoveField(
40 |             model_name='cmsplugin',
41 |             name='path',
42 |         ),
43 |     ]
44 | 
```

Found `cms/migrations/0026_title_placeholders.py:Migration`.
Source: Retrieved code content using keyword search (bm25).
```
 1 | # Generated by Django 1.11 on 2018-07-02 16:17
 2 | from __future__ import unicode_literals
 3 | 
 4 | from django.db import migrations, models
 5 | 
 6 | 
 7 | class Migration(migrations.Migration):
 8 | 
 9 |     dependencies = [
10 |         ('cms', '0025_remove_plugin_tree_fields'),
11 |     ]
12 | 
13 |     operations = [
14 |         migrations.AddField(
15 |             model_name='title',
16 |             name='placeholders',
17 |             field=models.ManyToManyField(editable=False, to='cms.Placeholder'),
18 |         ),
19 |         # Temporary field used by migration 0027
20 |         migrations.AddField(
21 |             model_name='placeholder',
22 |             name='title_id',
23 |             field=models.PositiveSmallIntegerField(null=True),
24 |         ),
25 |     ]
26 | 
```

Found `cms/migrations/0027_title_placeholders_data_migration.py:forwards`, `cms/migrations/0027_title_placeholders_data_migration.py:Migration`.
Source: Retrieved code content using keyword search (bm25).
```
  1 | from __future__ import unicode_literals
  2 | from collections import defaultdict
  3 | import warnings
  4 | 
  5 | from django.db import migrations, models
  6 | 
  7 | """
  8 | # Current / Previous Placeholder structure
  9 | Title id 1
 10 | Title id 2
 11 | Page id 1
 12 |     - Placeholder 1
 13 |         - Plugin 1 lang 1
 14 |         - Plugin 5 lang 2
 15 |     - Placeholder 2
 16 |         - Plugin 3 lang 1
 17 |         - Plugin 4 lang 1
 18 | 
 19 | # New Title Placeholder structure
 20 | Page 1
 21 |     - Title id 1
 22 |         - Placeholder 1
 23 |             - Plugin 1 lang 1
 24 |         - Placeholder 2
 25 |             - Plugin 3 lang 1
 26 |             - Plugin 4 lang 1
 27 |     - Title id 2
 28 |         - Placeholder 1
 29 |             - Plugin 5 lang 2
 30 | """
 31 | 
 32 | 
 33 | def forwards(apps, schema_editor):
 34 |     Page = apps.get_model('cms', 'Page')
 35 |     Plugin = apps.get_model('cms', 'CMSPlugin')
 36 |     Placeholder = apps.get_model('cms', 'Placeholder')
 37 |     db_alias = schema_editor.connection.alias
 38 |     cms_pages = (
 39 |         Page
 40 |         .objects
 41 |         .using(db_alias)
 42 |         .filter(placeholders__isnull=False)
 43 |         .distinct()
 44 |         .prefetch_related('placeholders', 'title_set')
 45 |     )
 46 |     new_placeholders = []
 47 |     old_placeholder_ids = []
 48 | 
 49 |     for page in cms_pages:
 50 |         for title in page.title_set.all():
 51 |             for placeholder in page.placeholders.all():
 52 |                 new_placeholder = Placeholder(
 53 |                     slot=placeholder.slot,
 54 |                     default_width=placeholder.default_width,
 55 |                     title_id=title.pk,
 56 |                 )
 57 |                 new_placeholders.append(new_placeholder)
 58 |                 old_placeholder_ids.append(placeholder.pk)
 59 | 
 60 |     # Create all new placeholders
 61 |     Placeholder.objects.using(db_alias).bulk_create(new_placeholders)
 62 | 
 63 |     # Map out all new placeholders by title id
 64 |     placeholders_by_title = defaultdict(list)
 65 |     new_placeholder_lookup = (
 66 |         Placeholder
 67 |         .objects
 68 |         .using(db_alias)
 69 |         .filter(title_id__isnull=False)
 70 |     )
 71 | 
 72 |     for new_pl in new_placeholder_lookup.iterator():
 73 |         placeholders_by_title[new_pl.title_id].append(new_pl)
 74 | 
 75 |     for page in cms_pages:
 76 |         for translation in page.title_set.all():
 77 |             new_placeholders = placeholders_by_title[translation.pk]
 78 | 
 79 |             for new_placeholder in new_placeholders:
 80 |                 # Move all plugins whose language matches
 81 |                 # the current translation and are hosted on the
 82 |                 # current placeholder slot to point to the new title placeholder.
 83 |                 Plugin.objects.filter(
 84 |                     language=translation.language,
 85 |                     placeholder__page=page,
 86 |                     placeholder__slot=new_placeholder.slot,
 87 |                 ).update(placeholder_id=new_placeholder.pk)
 88 |             # Attach the new placeholders to the title
 89 |             translation.placeholders.set(new_placeholders)
 90 | 
 91 |     # Gather the old placeholders
 92 |     old_placeholders = (
 93 |         Placeholder
 94 |         .objects
 95 |         .using(db_alias)
 96 |         .filter(pk__in=old_placeholder_ids)
 97 |         .annotate(plugin_count=models.Count('cmsplugin'))
 98 |     )
 99 | 
100 |     if old_placeholders.filter(plugin_count__gt=0).exists():
101 |         warnings.warn(
102 |             "There's placeholders in your database "
103 |             "with plugins in a language that's not configured "
104 |             "These placeholders and its plugins are not in use and can be removed.",
105 |             UserWarning,
106 |         )
107 | 
108 |     # Delete all old placeholders that have no plugins
109 |     old_placeholders.filter(plugin_count=0).delete()
110 | 
111 | 
112 | class Migration(migrations.Migration):
113 | 
114 |     dependencies = [
115 |         ('cms', '0026_title_placeholders'),
116 |     ]
117 | 
118 |     operations = [
119 |         migrations.RunPython(forwards)
120 |     ]
121 | 
```

Found `cms/migrations/0028_remove_page_placeholders.py:Migration`.
Source: Retrieved code content using keyword search (bm25).
```
 1 | # Generated by Django 1.11 on 2018-07-03 09:39
 2 | from __future__ import unicode_literals
 3 | 
 4 | from django.db import migrations
 5 | 
 6 | 
 7 | class Migration(migrations.Migration):
 8 | 
 9 |     dependencies = [
10 |         ('cms', '0027_title_placeholders_data_migration'),
11 |     ]
12 | 
13 |     operations = [
14 |         migrations.RemoveField(
15 |             model_name='page',
16 |             name='placeholders',
17 |         ),
18 |         migrations.RemoveField(
19 |             model_name='placeholder',
20 |             name='title_id',
21 |         ),
22 |     ]
23 | 
```

Found class `cms/migrations/0024_set_plugin_absolute_position.py:Migration`.
Source: Retrieved code content using keyword search (bm25).
```
59 | class Migration(migrations.Migration):
60 | 
61 |     dependencies = [
62 |         ('cms', '0023_placeholder_source_field'),
63 |     ]
64 | 
65 |     operations = [
66 |         migrations.RunPython(set_plugin_absolute_position),
67 |     ]
```

Found file `setup.py`.
Found file `cms/exceptions.py`.
Found file `cms/__init__.py`.
Source: Retrieved entity using keyword search (bm25).
Hint: Use more detailed query to get the full content of some if needed.



##Searching for term "sideframe", "_top sideframe target"...
### Search Result:
Found function `cms/toolbar/toolbar.py:BaseToolbar.sideframe_enabled`.
Source: Retrieved entity using keyword search (bm25).
```
128 | def sideframe_enabled(self):
129 |         return get_cms_setting('SIDEFRAME_ENABLED')
```

Found function `cms/toolbar/toolbar.py:CMSToolbar.add_sideframe_button`.
Source: Retrieved entity using keyword search (bm25).
```
347 | def add_sideframe_button(self, name, url, active=False, disabled=False, extra_classes=None,
348 |                              extra_wrapper_classes=None, side=LEFT, position=None, on_close=None):
349 |         """Adds a :class:`~cms.toolbar.items.SideframeButton` to the toolbar."""
350 | 
351 |         self.populate()
352 |         item = ButtonList(extra_classes=extra_wrapper_classes, side=side)
353 |         item.add_sideframe_button(
354 |             name, url, active=active, disabled=disabled, extra_classes=extra_classes, on_close=on_close
355 |         )
356 |         self.add_item(item, position=position)
357 |         return item
```

Found function `cms/toolbar/items.py:ToolbarAPIMixin.add_sideframe_item`.
Source: Retrieved entity using keyword search (bm25).
```
156 | def add_sideframe_item(self, name, url, active=False, disabled=False,
157 |                            extra_classes=None, on_close=None, side=LEFT, position=None):
158 |         """Adds a :class:`SideframeItem` that opens ``url`` in the sideframe and returns it."""
159 | 
160 |         item = SideframeItem(
161 |             name, url,
162 |             active=active,
163 |             disabled=disabled,
164 |             extra_classes=extra_classes,
165 |             on_close=on_close,
166 |             side=side,
167 |         )
168 |         self.add_item(item, position=position)
169 |         return item
```

Found function `cms/toolbar/items.py:SideframeItem.__repr__`.
Source: Retrieved code content using keyword search (bm25).
```
401 | def __repr__(self):
402 |         return '<SideframeItem:%s>' % force_str(self.name)
```

Found function `cms/admin/settingsadmin.py:SettingsAdmin.save_model`.
Source: Retrieved code content using keyword search (bm25).
```
101 | def save_model(self, request, obj, form, change):
102 |         obj.user = request.user
103 |         obj.save()
```

Found function `cms/admin/settingsadmin.py:SettingsAdmin.response_post_save_change`.
Source: Retrieved code content using keyword search (bm25).
```
105 | def response_post_save_change(self, request, obj):
106 |         #
107 |         # When the user changes his language setting, we need to do two things:
108 |         # 1. Change the language-prefix for the sideframed admin view
109 |         # 2. Reload the whole window so that the new language affects the
110 |         #    toolbar, etc.
111 |         #
112 |         # To do this, we first redirect the sideframe to the correct new, URL,
113 |         # but we pass a GET param 'reload_window', which instructs JS on that
114 |         # page to strip (to avoid infinite redirection loops) that param then
115 |         # reload the whole window again.
116 |         #
117 |         with override(obj.language):
118 |             post_url = admin_reverse(
119 |                 'cms_usersettings_change',
120 |                 args=[obj.id, ],
121 |                 current_app=self.admin_site.name
122 |             )
123 |         return HttpResponseRedirect("{0}?reload_window".format(post_url))
```

Found function `cms/admin/settingsadmin.py:SettingsAdmin.has_change_permission`.
Source: Retrieved code content using keyword search (bm25).
```
125 | def has_change_permission(self, request, obj=None):
126 |         if obj and obj.user == request.user:
127 |             return True
128 |         return False
```

Found function `cms/admin/settingsadmin.py:SettingsAdmin.get_model_perms`.
Source: Retrieved code content using keyword search (bm25).
```
130 | def get_model_perms(self, request):
131 |         """
132 |         Return empty perms dict thus hiding the model from admin index.
133 |         """
134 |         return {}
```



##Searching for term "target"...
### Search Result:
Found function `cms/models/pagemodel.py:Page.set_tree_node`.
Source: Retrieved code content using keyword search (bm25).
```
367 | def set_tree_node(self, site, target=None, position='first-child'):
368 |         assert position in ('last-child', 'first-child', 'left', 'right')
369 | 
370 |         new_node = TreeNode(site=site)
371 | 
372 |         if target is None:
373 |             self.node = TreeNode.add_root(instance=new_node)
374 |         elif position == 'first-child' and target.is_branch:
375 |             self.node = target.get_first_child().add_sibling(pos='left', instance=new_node)
376 |         elif position in ('last-child', 'first-child'):
377 |             self.node = target.add_child(instance=new_node)
378 |         else:
379 |             self.node = target.add_sibling(pos=position, instance=new_node)
```

Found function `cms/api.py:add_plugin`.
Source: Retrieved code content using keyword search (bm25).
```
375 | def add_plugin(placeholder, plugin_type, language, position='last-child',
376 |                target=None, **data):
377 |     """
378 |     Adds a plugin to a placeholder and returns it.
379 | 
380 |     :param placeholder: Placeholder to add the plugin to
381 |     :type placeholder: :class:`cms.models.placeholdermodel.Placeholder` instance
382 |     :param plugin_type: What type of plugin to add
383 |     :type plugin_type: str or :class:`cms.plugin_base.CMSPluginBase` sub-class, must be a valid plugin
384 |     :param str language: Language code for this plugin, must be in :setting:`django:LANGUAGES`
385 |     :param str position: Position to add this plugin to the placeholder. Allowed positions are ``"last-child"``
386 |                          (default), ``"first-child"``, ``"left"``, ``"right"``.
387 |     :param target: Parent plugin. Must be plugin instance
388 |     :param data: Data for the plugin type instance
389 |     """
390 |     # validate placeholder
391 |     assert isinstance(placeholder, Placeholder)
392 | 
393 |     # validate and normalize plugin type
394 |     plugin_model, plugin_type = _verify_plugin_type(plugin_type)
395 | 
396 |     if target:
397 |         if position == 'last-child':
398 |             new_pos = placeholder.get_next_plugin_position(language, parent=target, insert_order='last')
399 |             parent_id = target.pk
400 |         elif position == 'first-child':
401 |             new_pos = placeholder.get_next_plugin_position(language, parent=target, insert_order='first')
402 |             parent_id = target.pk
403 |         elif position == 'left':
404 |             new_pos = target.position
405 |             parent_id = target.parent_id
406 |         elif position == 'right':
407 |             new_pos = target.position + 1 + target._get_descendants_count()
408 |             parent_id = target.parent_id
409 |         else:
410 |             raise Exception('position not supported: %s' % position)
411 |     else:
412 |         assert position in ('first-child', 'last-child')
413 |         if position == 'last-child':
414 |             new_pos = placeholder.get_next_plugin_position(language, insert_order='last')
415 |         else:
416 |             new_pos = 1
417 |         parent_id = None
418 | 
419 |     plugin_base = CMSPlugin(
420 |         plugin_type=plugin_type,
421 |         placeholder=placeholder,
422 |         position=new_pos,
423 |         language=language,
424 |         parent_id=parent_id,
425 |     )
426 |     plugin_base = placeholder.add_plugin(plugin_base)
427 |     plugin = plugin_model(**data)
428 |     plugin_base.set_base_attr(plugin)
429 |     plugin.save()
430 |     return plugin
```

Found function `cms/admin/pageadmin.py:PageAdmin.move_page`.
Source: Retrieved code content using keyword search (bm25).
```
545 | def move_page(self, request, page_id, extra_context=None):
546 |         """
547 |         Move the page to the requested target, at the given position.
548 | 
549 |         NOTE: We have to change from one "coordinate system" to another to
550 |         adapt JSTree to Django Treebeard.
551 | 
552 |         If the Tree looks like this:
553 | 
554 |             <root>
555 |                ⊢ …
556 |                ⊢ …
557 |                ⊢ Page 4
558 |                    ⊢ Page 5 (position 0)
559 |                    ⊢ …
560 | 
561 |         For example,
562 |             target=4, position=1 => target=5, position="right"
563 |             target=4, position=0 => target=4, position="first-child"
564 | 
565 |         """
566 |         site = get_site(request)
567 |         page = self.get_object(request, object_id=page_id)
568 | 
569 |         if page is None:
570 |             return jsonify_request(HttpResponseBadRequest("error"))
571 | 
572 |         user = request.user
573 |         form = self.move_form(request.POST or None, page=page, site=site)
574 | 
575 |         if not form.is_valid():
576 |             return jsonify_request(HttpResponseBadRequest("error"))
577 | 
578 |         target = form.cleaned_data['target']
579 |         can_move_page = self.has_move_page_permission(request, obj=page)
580 | 
581 |         # Does the user have permissions to do this...?
582 |         if not can_move_page or (target and not target.has_add_permission(user)):
583 |             message = force_str(
584 |                 _("Error! You don't have permissions to move this page. Please reload the page")
585 |             )
586 |             return jsonify_request(HttpResponseForbidden(message))
587 | 
588 |         operation_token = send_pre_page_operation(
589 |             request=request,
590 |             operation=operations.MOVE_PAGE,
591 |             obj=page,
592 |             sender=self.model,
593 |         )
594 | 
595 |         form.move_page()
596 | 
597 |         send_post_page_operation(
598 |             request=request,
599 |             operation=operations.MOVE_PAGE,
600 |             token=operation_token,
601 |             obj=page,
602 |             sender=self.model,
603 |         )
604 |         return jsonify_request(HttpResponse(status=200))
```

Found function `cms/admin/forms.py:MovePageForm.clean`.
Source: Retrieved code content using keyword search (bm25).
```
865 | def clean(self):
866 |         cleaned_data = super().clean()
867 | 
868 |         if self.page.is_home and cleaned_data.get('target'):
869 |             self.add_error('target', force_str(_('You can\'t move the home page inside another page')))
870 |         return cleaned_data
```

Found function `cms/admin/forms.py:MovePageForm.move_page`.
Source: Retrieved code content using keyword search (bm25).
```
898 | def move_page(self):
899 |         self.page.move_page(*self.get_tree_options())
```

Found file `manage.py`.
Found file `cms/management/__init__.py`.
Found file `cms/utils/page.py`.
Source: Retrieved entity using keyword search (bm25).
Hint: Use more detailed query to get the full content of some if needed.

2026-09-16 22:06:12 utils.py INFO 
LiteLLM completion() model= qwen/qwen3-coder; provider = openrouter
2026-09-16 22:06:26 utils.py INFO Wrapper: Completed Call, calling success_handler
2026-09-16 22:06:26 auto_search_main.py INFO Executing code:
```
print(search_code_snippets(**{'search_terms': ['ajax', 'jsonify_request', 'failed ajax']}))
```
2026-09-16 22:06:26 __init__.py DEBUG Building index from IDs objects
2026-09-16 22:06:27 __init__.py DEBUG Building index from IDs objects
2026-09-16 22:06:27 __init__.py DEBUG Building index from IDs objects
2026-09-16 22:06:27 __init__.py DEBUG Building index from IDs objects
2026-09-16 22:06:27 __init__.py DEBUG Building index from IDs objects
2026-09-16 22:06:27 __init__.py DEBUG Building index from IDs objects
2026-09-16 22:06:27 auto_search_main.py INFO OBSERVATION:
cms/plugin_base.py:PluginMenuItem.__init__
cms/plugin_base.py:PluginMenuItem
cms/cms_toolbars.py:PlaceholderToolbar.init_placeholders
cms/cms_toolbars.py:PlaceholderToolbar.render_object_editable_buttons
cms/forms/fields.py:PageSmartLinkField.widget_attrs
cms/forms/fields.py:PageSmartLinkField.__init__
cms/forms/fields.py:PageSmartLinkField
cms/forms/fields.py:PageSmartLinkField.clean
cms/migrations/0024_set_plugin_absolute_position.py:Migration
cms/migrations/0024_set_plugin_absolute_position.py:set_plugin_absolute_position
cms/plugin_base.py:PluginMenuItem.__init__
cms/plugin_base.py:PluginMenuItem
cms/utils/page_permissions.py:auth_permission_required
cms/cms_toolbars.py:PlaceholderToolbar.init_placeholders
cms/cms_toolbars.py:PlaceholderToolbar.render_object_editable_buttons
cms/utils/check.py:FileOutputWrapper.section
cms/utils/check.py:FileOutputWrapper.successful
cms/admin/forms.py:AdvancedSettingsForm.clean
cms/forms/fields.py:PageSmartLinkField.widget_attrs
cms/forms/fields.py:PageSmartLinkField.__init__
cms/forms/fields.py:PageSmartLinkField
cms/forms/fields.py:PageSmartLinkField.clean
cms/cms_plugins.py:AliasPlugin.get_empty_change_form_text
cms/models/contentmodels.py:PageContent.get_absolute_url
cms/models/contentmodels.py:PageContent.get_template_name
cms/models/contentmodels.py:PageContent.get_xframe_options
cms/plugin_base.py:CMSPluginBase.render_close_frame
cms/plugin_base.py:PluginMenuItem.__init__
cms/plugin_base.py:PluginMenuItem
cms/cms_toolbars.py:PlaceholderToolbar.init_placeholders
cms/cms_toolbars.py:PlaceholderToolbar.render_object_editable_buttons
cms/forms/fields.py:PageSmartLinkField.widget_attrs
cms/forms/fields.py:PageSmartLinkField.__init__
cms/forms/fields.py:PageSmartLinkField
cms/forms/fields.py:PageSmartLinkField.clean
cms/utils/page_permissions.py:auth_permission_required
cms/utils/check.py:FileOutputWrapper.section
cms/utils/check.py:FileOutputWrapper.successful
cms/admin/forms.py:AdvancedSettingsForm.clean
cms/cms_plugins.py:AliasPlugin.get_empty_change_form_text
cms/models/contentmodels.py:PageContent.get_absolute_url
cms/models/contentmodels.py:PageContent.get_template_name
cms/models/contentmodels.py:PageContent.get_xframe_options
cms/plugin_base.py:CMSPluginBase.render_close_frame
##Searching for term "ajax", "failed ajax", "ajax failed ajax"...
### Search Result:
Found function `cms/toolbar/items.py:ToolbarAPIMixin.add_ajax_item`.
Source: Retrieved entity using keyword search (bm25).
```
201 | def add_ajax_item(self, name, action, active=False, disabled=False,
202 |                       extra_classes=None, data=None, question=None,
203 |                       side=LEFT, position=None, on_success=None, method='POST'):
204 |         """Adds :class:`AjaxItem` that sends a POST request to ``action`` with ``data``, and returns
205 |         it. ``data`` should be ``None`` or a dictionary. The CSRF token will automatically be added
206 |         to the item.
207 | 
208 |         If a string is provided for ``question``, it will be presented to the user to allow
209 |         confirmation before the request is sent."""
210 | 
211 |         item = AjaxItem(
212 |             name, action, self.csrf_token,
213 |             active=active,
214 |             disabled=disabled,
215 |             extra_classes=extra_classes,
216 |             data=data,
217 |             question=question,
218 |             side=side,
219 |             on_success=on_success,
220 |             method=method,
221 |         )
222 |         self.add_item(item, position=position)
223 |         return item
```

Found function `cms/forms/widgets.py:PageSmartLinkWidget.get_ajax_url`.
Source: Retrieved entity using keyword search (bm25).
```
116 | def get_ajax_url(self, ajax_view):
117 |         try:
118 |             return reverse_lazy(ajax_view)
119 |         except NoReverseMatch:
120 |             raise Exception(
121 |                 'You should provide an ajax_view argument that can be reversed to the PageSmartLinkWidget'
122 |             )
```

Found class `cms/plugin_base.py:PluginMenuItem`.
Source: Retrieved code content using keyword search (bm25).
```
702 | class PluginMenuItem():
703 |     """
704 |     Creates an item in the plugin / placeholder menu
705 | 
706 |     :param name: Item name (label)
707 |     :param url: URL the item points to. This URL will be called using POST
708 |     :param data: Data to be POSTed to the above URL
709 |     :param question: Confirmation text to be shown to the user prior to call the given URL (optional)
710 |     :param action: Custom action to be called on click; currently supported: 'ajax', 'ajax_add'
711 |     :param attributes: Dictionary whose content will be added as data-attributes to the menu item
712 | 
713 |     """
714 |     def __init__(self, name, url, data=None, question=None, action='ajax', attributes=None):
715 |         if not attributes:
716 |             attributes = {}
717 | 
718 |         if data:
719 |             data = json.dumps(data)
720 | 
721 |         self.name = name
722 |         self.url = url
723 |         self.data = data
724 |         self.question = question
725 |         self.action = action
726 |         self.attributes = attributes
```

Found function `cms/cms_toolbars.py:PlaceholderToolbar.render_object_editable_buttons`.
Source: Retrieved code content using keyword search (bm25).
```
102 | def render_object_editable_buttons(self):
103 |         self.init_placeholders()
104 | 
105 |         if not self.toolbar.obj:
106 |             return
107 | 
108 |         # Edit button
109 |         if self.toolbar.content_mode_active and self._can_add_button():
110 |             self.add_edit_button()
111 |         # Preview button
112 |         if self.toolbar.edit_mode_active and self._can_add_button():
113 |             self.add_preview_button()
114 |         # Structure mode
115 |         if self._can_add_structure_mode():
116 |             self.add_structure_mode()
```

Found function `cms/cms_toolbars.py:PlaceholderToolbar.init_placeholders`.
Source: Retrieved code content using keyword search (bm25).
```
118 | def init_placeholders(self):
119 |         request = self.request
120 |         toolbar = self.toolbar
121 | 
122 |         if toolbar._async and 'placeholders[]' in request.GET:
123 |             # AJAX request to reload page structure.
124 |             placeholder_ids = request.GET.getlist('placeholders[]')
125 |             self.placeholders = Placeholder.objects.filter(pk__in=placeholder_ids)
126 |         else:
127 |             if toolbar.structure_mode_active and not toolbar.uses_legacy_structure_mode:
128 |                 # User has explicitly requested structure mode.
129 |                 # and the object (page, blog, etc..) allows for the non-legacy structure mode.
130 |                 renderer = toolbar.structure_renderer
131 |             else:
132 |                 renderer = toolbar.get_content_renderer()
133 | 
134 |             self.placeholders = renderer.get_rendered_placeholders()
```



##Searching for term "ajax"...
### Search Result:
Found file `manage.py`.
Source: Retrieved entity using keyword search (bm25).
Hint: Search `manage.py` for the full content if needed.



##Searching for term "ajax", "ajax failed ajax"...
### Search Result:
Found class `cms/forms/fields.py:PageSmartLinkField`.
Source: Retrieved code content using keyword search (bm25).
```
 93 | class PageSmartLinkField(forms.CharField):
 94 |     """
 95 |     A field making use of ``cms.forms.widgets.PageSmartLinkWidget``.
 96 |     This field will offer you a list of matching internal pages as you type.
 97 |     You can either pick one or enter an arbitrary URL to create a non-existing entry.
 98 |     Takes a `placeholder_text` argument to define the text displayed inside the
 99 |     input before you type.
100 | 
101 |     The widget uses an ajax request to try to find pages match. It will try to find
102 |     case-insensitive matches amongst public and published pages on the `title`, `path`,
103 |     `page_title`, `menu_title` fields.
104 |     """
105 |     widget = PageSmartLinkWidget
106 |     default_validators = [validate_url]
107 | 
108 |     def __init__(self, max_length=None, min_length=None, placeholder_text=None,
109 |                  ajax_view=None, *args, **kwargs):
110 |         self.placeholder_text = placeholder_text
111 |         widget = self.widget(ajax_view=ajax_view)
112 |         super().__init__(
113 |             max_length=max_length, min_length=min_length, widget=widget, *args, **kwargs
114 |         )
115 | 
116 |     def widget_attrs(self, widget):
117 |         attrs = super().widget_attrs(widget)
118 |         attrs.update({'placeholder_text': self.placeholder_text})
119 |         return attrs
120 | 
121 |     def clean(self, value):
122 |         value = self.to_python(value).strip()
123 |         return super().clean(value)
```



##Searching for term "jsonify_request"...
### Search Result:
Found function `cms/utils/admin.py:jsonify_request`.
Source: Match found for entity name `jsonify_request`.
```
 9 | def jsonify_request(response):
10 |     """ Turn any response in a 200 response to let jQuery code handle it nicely.
11 |         Response contains a json object with the following attributes:
12 |          * status: original response status code
13 |          * content: original response content
14 |     """
15 |     content = {'status': response.status_code, 'content': smart_str(response.content, response.charset)}
16 |     return HttpResponse(json.dumps(content), content_type="application/json")
```



##Searching for term "failed ajax", "ajax failed ajax"...
### Search Result:
Found function `cms/utils/mail.py:send_mail`.
Source: Retrieved entity using keyword search (bm25).
```
 9 | def send_mail(subject, txt_template, to, context=None, html_template=None, fail_silently=True):
10 |     """
11 |     Multipart message helper with template rendering.
12 |     """
13 |     site = Site.objects.get_current()
14 | 
15 |     context = context or {}
16 |     context.update({
17 |         'login_url': "http://%s" % urljoin(site.domain, admin_reverse('index')),
18 |         'title': subject,
19 |     })
20 | 
21 |     txt_body = render_to_string(txt_template, context)
22 | 
23 |     message = EmailMultiAlternatives(subject=subject, body=txt_body, to=to)
24 | 
25 |     if html_template:
26 |         body = render_to_string(html_template, context)
27 |         message.attach_alternative(body, 'text/html')
28 |     message.send(fail_silently=fail_silently)
```



##Searching for term "failed ajax"...
### Search Result:
Found function `cms/utils/page_permissions.py:auth_permission_required`.
Source: Retrieved code content using keyword search (bm25).
```
69 | def auth_permission_required(action):
70 |     def decorator(func):
71 |         @wraps(func, assigned=available_attrs(func))
72 |         def wrapper(user, *args, **kwargs):
73 |             if not user.is_authenticated:
74 |                 return False
75 | 
76 |             permissions = _django_permissions_by_action[action]
77 | 
78 |             if not user.has_perms(permissions):
79 |                 # Fail fast if the user does not have permissions
80 |                 # in Django to perform the action.
81 |                 return False
82 | 
83 |             permissions_enabled = get_cms_setting('PERMISSION')
84 | 
85 |             if not user.is_superuser and permissions_enabled:
86 |                 return func(user, *args, **kwargs)
87 |             return True
88 |         return wrapper
89 |     return decorator
```

Found function `cms/utils/check.py:FileOutputWrapper.section`.
Source: Retrieved code content using keyword search (bm25).
```
 89 | def section(self, title):
 90 |         self.write_line(self.colorize(title, opts=['bold']))
 91 |         self.write_line(self.colorize('=' * len(title), opts=['bold']))
 92 |         self.write_line()
 93 |         wrapper = self.section_wrapper(self)
 94 |         try:
 95 |             yield wrapper
 96 |         except:  # NOQA
 97 |             self.error('Checker failed, see traceback')
 98 |             raise
 99 |         self.errors += wrapper.errors
100 |         self.successes += wrapper.successes
101 |         self.warnings += wrapper.warnings
102 |         self.skips += wrapper.skips
103 |         self.write_line('')
```

2026-09-16 22:06:27 utils.py INFO 
LiteLLM completion() model= qwen/qwen3-coder; provider = openrouter
2026-09-16 22:06:48 utils.py INFO Wrapper: Completed Call, calling success_handler
2026-09-16 22:06:48 utils.py INFO 
LiteLLM completion() model= qwen/qwen3-coder; provider = openrouter
2026-09-16 22:07:10 utils.py INFO Wrapper: Completed Call, calling success_handler
2026-09-16 22:07:10 auto_search_main.py INFO convert none fncall messages failed.
2026-09-16 22:07:10 utils.py INFO 
LiteLLM completion() model= qwen/qwen3-coder; provider = openrouter
2026-09-16 22:07:25 utils.py INFO Wrapper: Completed Call, calling success_handler
2026-09-16 22:07:25 auto_search_main.py INFO Executing code:
```
print(search_code_snippets(**{'search_terms': ['dropdown.html', 'status indicator template', 'menu.html']}))
```
2026-09-16 22:07:26 __init__.py DEBUG Building index from IDs objects
2026-09-16 22:07:26 __init__.py DEBUG Building index from IDs objects
2026-09-16 22:07:26 __init__.py DEBUG Building index from IDs objects
2026-09-16 22:07:26 __init__.py DEBUG Building index from IDs objects
2026-09-16 22:07:26 auto_search_main.py INFO OBSERVATION:
cms/toolbar/items.py:Dropdown
cms/toolbar/items.py:Dropdown.add_primary_button
cms/toolbar/items.py:Dropdown.__init__
cms/toolbar/items.py:Dropdown.get_buttons
cms/toolbar/items.py:Dropdown.get_context
cms/toolbar/items.py:Dropdown.__repr__
cms/plugin_base.py:CMSPluginBase
cms/admin/pageadmin.py:PageContentAdmin.change_innavigation
cms/toolbar/toolbar.py:CMSToolbar.post_template_populate
cms/toolbar/toolbar.py:CMSToolbar.populate
cms/toolbar/toolbar.py:CMSToolbar._call_toolbar
cms/toolbar/toolbar.py:CMSToolbar.media
cms/cms_menus.py:SoftRootCutter.modify
cms/admin/useradmin.py:PageUserAdmin.get_readonly_fields
cms/admin/useradmin.py:PageUserAdmin
cms/admin/useradmin.py:PageUserAdmin.get_subordinates
cms/admin/useradmin.py:PageUserAdmin.save_model
cms/plugin_base.py:CMSPluginBase.get_cache_expiration
cms/utils/page_permissions.py:user_can_view_page
cms/utils/conf.py:get_templates
menus/templatetags/menu_tags.py:ShowSubMenu
menus/templatetags/menu_tags.py:ShowMenu
menus/templatetags/menu_tags.py:ShowBreadcrumb
menus/templatetags/menu_tags.py:ShowMenuBelowId
cms/toolbar/items.py:SubMenu.__repr__
cms/toolbar/items.py:SubMenu.add_break
cms/toolbar/items.py:SubMenu.get_items
cms/toolbar/items.py:SubMenu
cms/toolbar/items.py:SubMenu.__init__
cms/toolbar/items.py:SubMenu.get_context
menus/templatetags/menu_tags.py:LanguageChooser
menus/templatetags/menu_tags.py:LanguageChooser.get_context
cms/toolbar/items.py:Break
cms/toolbar/items.py:BaseButton.render
cms/toolbar/items.py:BaseButton
cms/toolbar/items.py:Break.__init__
cms/toolbar/items.py:BaseButton.get_context
cms/toolbar/items.py:SideframeItem.__repr__
cms/toolbar/items.py:SideframeItem
cms/toolbar/items.py:ModalItem.__repr__
cms/toolbar/items.py:ModalItem
cms/toolbar/toolbar.py:CMSToolbar.get_or_create_menu
cms/toolbar/items.py:Dropdown
cms/toolbar/items.py:Dropdown.add_primary_button
cms/toolbar/items.py:Dropdown.__init__
cms/toolbar/items.py:Dropdown.get_buttons
cms/toolbar/items.py:Dropdown.get_context
cms/toolbar/items.py:Dropdown.__repr__
menus/templatetags/menu_tags.py:ShowSubMenu
menus/templatetags/menu_tags.py:ShowBreadcrumb
menus/templatetags/menu_tags.py:ShowMenu
menus/templatetags/menu_tags.py:LanguageChooser
menus/templatetags/menu_tags.py:LanguageChooser.get_context
cms/toolbar/items.py:Break
cms/toolbar/items.py:BaseButton.render
cms/toolbar/items.py:BaseButton
cms/toolbar/items.py:Break.__init__
cms/toolbar/items.py:BaseButton.get_context
menus/templatetags/menu_tags.py:ShowMenuBelowId
##Searching for term "dropdown.html", "dropdown.html status indicator template menu.html"...
### Search Result:
Found class `cms/toolbar/items.py:Dropdown`.
Source: Retrieved entity using keyword search (bm25).
```
644 | class Dropdown(ButtonList):
645 | 
646 |     template = "cms/toolbar/items/dropdown.html"
647 | 
648 |     def __init__(self, *args, **kwargs):
649 |         super().__init__(*args, **kwargs)
650 |         self.primary_button = None
651 | 
652 |     def __repr__(self):
653 |         return '<Dropdown:%s>' % force_str(self.name)
654 | 
655 |     def add_primary_button(self, button):
656 |         self.primary_button = button
657 | 
658 |     def get_buttons(self):
659 |         for button in self.buttons:
660 |             button.toolbar = self.toolbar
661 |             button.is_in_dropdown = True
662 |             yield button
663 | 
664 |     def get_context(self):
665 |         return {
666 |             'primary_button': self.primary_button,
667 |             'buttons': list(self.get_buttons()),
668 |             'extra_classes': self.extra_classes,
669 |         }
```



##Searching for term "status indicator template"...
### Search Result:
Found `cms/utils/admin.py:jsonify_request`.
Source: Retrieved code content using keyword search (bm25).
```
 1 | import json
 2 | 
 3 | from django.http import HttpResponse
 4 | from django.utils.encoding import smart_str
 5 | 
 6 | NOT_FOUND_RESPONSE = "NotFound"
 7 | 
 8 | 
 9 | def jsonify_request(response):
10 |     """ Turn any response in a 200 response to let jQuery code handle it nicely.
11 |         Response contains a json object with the following attributes:
12 |          * status: original response status code
13 |          * content: original response content
14 |     """
15 |     content = {'status': response.status_code, 'content': smart_str(response.content, response.charset)}
16 |     return HttpResponse(json.dumps(content), content_type="application/json")
17 | 
```

Found .
Source: Retrieved code content using keyword search (bm25).
```
 1 | """
 2 | Collection of important constants used throughout django CMS.
 3 | """
 4 | 
 5 | 
 6 | #: The token used to identify when a user selects "inherit" as template for a page.
 7 | TEMPLATE_INHERITANCE_MAGIC = 'INHERIT'
 8 | 
 9 | REFRESH_PAGE = 'REFRESH_PAGE'
10 | """
11 | Supplied to ``on_close`` arguments to refresh the current page when the frame is closed, for
12 | example:
13 | 
14 | ..  code-block:: python
15 | 
16 |     from cms.constants import REFRESH_PAGE
17 | 
18 |     self.toolbar.add_modal_item(
19 |         'Modal item',
20 |         url=modal_url,
21 |         on_close=REFRESH_PAGE
22 |         )
23 | """
24 | 
25 | FOLLOW_REDIRECT = 'FOLLOW_REDIRECT'
26 | URL_CHANGE = 'URL_CHANGE'
27 | 
28 | #: Used as a position indicator in the toolbar: On the right side.
29 | RIGHT = object()  # this is a trick so "foo is RIGHT" will only ever work for this, same goes for LEFT.
30 | 
31 | #: Used as a position indicator in the toolbar: On the left side.
32 | LEFT = object()
33 | 
34 | PAGE_TYPES_ID = "page_types"
35 | PAGE_TREE_POSITIONS = ('last-child', 'first-child', 'left', 'right')
36 | 
37 | #: Used for the ``limit_visibility_in_menu`` keyword argument to
38 | #: :func: `create_page`.Does not limit menu visibility.
39 | VISIBILITY_ALL = None
40 | 
41 | #: Used for the ``limit_visibility_in_menu`` keyword argument to :func: `create_page`.
42 | #: Limits menu visibility to authenticated users.
43 | VISIBILITY_USERS = 1
44 | 
45 | #: Used for the ``limit_visibility_in_menu`` keyword argument to :func: `create_page`.
46 | #: Limits menu visibility to anonymous(not authenticated) users.
47 | VISIBILITY_ANONYMOUS = 2
48 | 
49 | X_FRAME_OPTIONS_INHERIT = 0
50 | X_FRAME_OPTIONS_DENY = 1
51 | X_FRAME_OPTIONS_SAMEORIGIN = 2
52 | X_FRAME_OPTIONS_ALLOW = 3
53 | 
54 | PAGE_USERNAME_MAX_LENGTH = 255
55 | 
56 | SLUG_REGEXP = '[0-9A-Za-z-_.//]+'
57 | 
58 | #: Used for cache control headers: 0 seconds, i.e. now.
59 | EXPIRE_NOW = 0
60 | 
61 | #: Used for cache control headers: 365 * 24 * 3600 seconds, i.e. one year. HTTP specification says
62 | #: max caching should only be up to one year.
63 | MAX_EXPIRATION_TTL = 365 * 24 * 3600
64 | 
65 | PLUGIN_TOOLBAR_JS = "CMS._plugins.push([\"cms-plugin-%(pk)s\", %(config)s]);\n"
66 | 
67 | PLACEHOLDER_TOOLBAR_JS = "CMS._plugins.push([\"cms-placeholder-%(pk)s\", %(config)s]);"
68 | 
69 | # In the permissions system we use user levels to determine
70 | # the depth in which the user has permissions.
71 | # This constant represents a user that can see pages at all depths.
72 | ROOT_USER_LEVEL = -1
73 | 
74 | GRANT_ALL_PERMISSIONS = 'All'
75 | 
76 | PUBLISH_COMMENT = "Publish"
77 | 
78 | SCRIPT_USERNAME = 'script'
79 | 
80 | CMS_CONFIG_NAME = 'cms_config'
81 | 
```

Found class `cms/templates.py:TemplatesCache`.
Source: Retrieved entity using keyword search (bm25).
```
 5 | class TemplatesCache():
 6 | 
 7 |     def __init__(self):
 8 |         self._cached_templates = {}
 9 | 
10 |     def get_cached_template(self, template):
11 |         # we check if template quacks like a Template, as generic Template and engine-specific Template
12 |         # does not share a common ancestor
13 |         if hasattr(template, 'render'):
14 |             return template
15 | 
16 |         if template not in self._cached_templates:
17 |             # this always return an engine-specific template object
18 |             self._cached_templates[template] = get_template(template)
19 |         return self._cached_templates[template]
20 | 
21 |     @cached_property
22 |     def drag_item_template(self):
23 |         return get_template('cms/toolbar/dragitem.html')
24 | 
25 |     @cached_property
26 |     def placeholder_plugin_menu_template(self):
27 |         return get_template('cms/toolbar/dragitem_menu.html')
28 | 
29 |     @cached_property
30 |     def dragbar_template(self):
31 |         return get_template('cms/toolbar/dragbar.html')
```

Found function `cms/plugin_rendering.py:BaseRenderer.templates`.
Source: Retrieved entity using keyword search (bm25).
```
103 | def templates(self):
104 |         return self.toolbar.templates
```

Found function `cms/admin/pageadmin.py:PageContentAdmin.change_innavigation`.
Source: Retrieved code content using keyword search (bm25).
```
1329 | def change_innavigation(self, request, object_id):
1330 |         """
1331 |         Switch the in_navigation of a page
1332 |         """
1333 |         page_content = self.get_object(request, object_id=object_id)
1334 | 
1335 |         if not self.has_change_permission(request, obj=page_content):
1336 |             message = _("You do not have permission to change this page's in_navigation status")
1337 |             return HttpResponseForbidden(force_str(message))
1338 | 
1339 |         if page_content is None:
1340 |             raise self._get_404_exception(object_id)
1341 | 
1342 |         page_content.toggle_in_navigation()
1343 |         # 204 -> request was successful but no response returned.
1344 |         return HttpResponse(status=204)
```

Found function `cms/toolbar/toolbar.py:CMSToolbar.populate`.
Source: Retrieved code content using keyword search (bm25).
```
454 | def populate(self):
455 |         """
456 |         Populates the toolbar with the CMS items.
457 |         """
458 |         if self.populated:
459 |             return
460 |         self.populated = True
461 |         # never populate the toolbar on is_staff=False
462 |         # FIXME: In 3.1 we should really update the request/staff status
463 |         # when toolbar is used in the cms_toolbar templatetag
464 |         if not self.request.user.is_staff:
465 |             return
466 |         self._call_toolbar('populate')
```

Found function `cms/toolbar/toolbar.py:CMSToolbar.post_template_populate`.
Source: Retrieved code content using keyword search (bm25).
```
468 | def post_template_populate(self):
469 |         self.populate()
470 |         if self.post_template_populated:
471 |             return
472 |         self.post_template_populated = True
473 |         # FIXME: In 3.1 we should really update the request/staff status
474 |         # when toolbar is used in the cms_toolbar templatetag
475 |         if not self.request.user.is_staff:
476 |             return
477 |         self._call_toolbar('post_template_populate')
```



##Searching for term "status indicator template", "dropdown.html status indicator template menu.html"...
### Search Result:
Found file `cms/templates.py`.
Source: Retrieved entity using keyword search (bm25).
Hint: Search `cms/templates.py` for the full content if needed.



##Searching for term "menu.html", "dropdown.html status indicator template menu.html"...
### Search Result:
Found class `menus/base.py:Menu`.
Source: Retrieved entity using keyword search (bm25).
```
 4 | class Menu(object):
 5 |     """The base class for all menu-generating classes."""
 6 |     namespace = None
 7 | 
 8 |     def __init__(self, renderer):
 9 |         self.renderer = renderer
10 | 
11 |         if not self.namespace:
12 |             self.namespace = self.__class__.__name__
13 | 
14 |     def get_nodes(self, request):
15 |         """Each subclass of Menu should return a list of :class:`menus.base.NavigationNode` instances."""
16 |         raise NotImplementedError
```

Found class `cms/toolbar/items.py:Menu`.
Source: Retrieved entity using keyword search (bm25).
```
317 | class Menu(SubMenu):
318 |     """
319 |     Provides a menu in the toolbar. Use a :meth:`CMSToolbar.get_or_create_menu
320 |     <cms.toolbar.toolbar.CMSToolbar.get_or_create_menu>` method to create a ``Menu``
321 |     instance. Can be added to :class:`~cms.toolbar.toolbar.CMSToolbar`.
322 |     """
323 |     sub_level = False
324 | 
325 |     def get_or_create_menu(self, key, verbose_name, disabled=False, side=LEFT, position=None):
326 |         """Adds a new sub-menu, at :option:`position`, and returns a :class:`SubMenu`."""
327 |         if key in self.menus:
328 |             return self.menus[key]
329 |         menu = SubMenu(verbose_name, self.csrf_token, disabled=disabled, side=side)
330 |         self.menus[key] = menu
331 |         self.add_item(menu, position=position)
332 |         return menu
```



##Searching for term "menu.html"...
### Search Result:
Found class `menus/templatetags/menu_tags.py:ShowMenu`.
Source: Retrieved code content using keyword search (bm25).
```
 98 | class ShowMenu(InclusionTag):
 99 |     """
100 |     render a nested list of all children of the pages
101 |     - from_level: starting level
102 |     - to_level: max level
103 |     - extra_inactive: how many levels should be rendered of the not active tree?
104 |     - extra_active: how deep should the children of the active node be rendered?
105 |     - namespace: the namespace of the menu. if empty will use all namespaces
106 |     - root_id: the id of the root node
107 |     - template: template used to render the menu
108 |     """
109 |     name = 'show_menu'
110 |     template = 'menu/dummy.html'
111 | 
112 |     options = Options(
113 |         IntegerArgument('from_level', default=0, required=False),
114 |         IntegerArgument('to_level', default=100, required=False),
115 |         IntegerArgument('extra_inactive', default=0, required=False),
116 |         IntegerArgument('extra_active', default=1000, required=False),
117 |         StringArgument('template', default='menu/menu.html', required=False),
118 |         StringArgument('namespace', default=None, required=False),
119 |         StringArgument('root_id', default=None, required=False),
120 |         Argument('next_page', default=None, required=False),
121 |     )
122 | 
123 |     def get_context(self, context, from_level, to_level, extra_inactive,
124 |                     extra_active, template, namespace, root_id, next_page):
125 |         try:
126 |             # If there's an exception (500), default context_processors may not be called.
127 |             request = context['request']
128 |         except KeyError:
129 |             return {'template': 'menu/empty.html'}
130 | 
131 |         if next_page:
132 |             children = next_page.children
133 |         else:
134 |             # new menu... get all the data so we can save a lot of queries
135 |             menu_renderer = context.get('cms_menu_renderer')
136 | 
137 |             if not menu_renderer:
138 |                 menu_renderer = menu_pool.get_renderer(request)
139 | 
140 |             nodes = menu_renderer.get_nodes(namespace, root_id)
141 |             if root_id:  # find the root id and cut the nodes
142 |                 id_nodes = menu_pool.get_nodes_by_attribute(nodes, "reverse_id", root_id)
143 |                 if id_nodes:
144 |                     node = id_nodes[0]
145 |                     nodes = node.children
146 |                     for remove_parent in nodes:
147 |                         remove_parent.parent = None
148 |                     from_level += node.level + 1
149 |                     to_level += node.level + 1
150 |                     nodes = flatten(nodes)
151 |                 else:
152 |                     nodes = []
153 |             children = cut_levels(nodes, from_level, to_level, extra_inactive, extra_active)
154 |             children = menu_renderer.apply_modifiers(children, namespace, root_id, post_cut=True)
155 | 
156 |         try:
157 |             context['children'] = children
158 |             context['template'] = template
159 |             context['from_level'] = from_level
160 |             context['to_level'] = to_level
161 |             context['extra_inactive'] = extra_inactive
162 |             context['extra_active'] = extra_active
163 |             context['namespace'] = namespace
164 |         except:  # NOQA
165 |             context = {"template": template}
166 |         return context
```

Found class `menus/templatetags/menu_tags.py:ShowMenuBelowId`.
Source: Retrieved code content using keyword search (bm25).
```
170 | class ShowMenuBelowId(ShowMenu):
171 |     name = 'show_menu_below_id'
172 |     options = Options(
173 |         Argument('root_id', default=None, required=False),
174 |         IntegerArgument('from_level', default=0, required=False),
175 |         IntegerArgument('to_level', default=100, required=False),
176 |         IntegerArgument('extra_inactive', default=0, required=False),
177 |         IntegerArgument('extra_active', default=1000, required=False),
178 |         Argument('template', default='menu/menu.html', required=False),
179 |         Argument('namespace', default=None, required=False),
180 |         Argument('next_page', default=None, required=False),
181 |     )
```

Found class `menus/templatetags/menu_tags.py:ShowSubMenu`.
Source: Retrieved code content using keyword search (bm25).
```
185 | class ShowSubMenu(InclusionTag):
186 |     """
187 |     show the sub menu of the current nav-node.
188 |     - levels: how many levels deep
189 |     - root_level: the level to start the menu at
190 |     - nephews: the level of descendants of siblings (nephews) to show
191 |     - template: template used to render the navigation
192 |     """
193 |     name = 'show_sub_menu'
194 |     template = 'menu/dummy.html'
195 | 
196 |     options = Options(
197 |         IntegerArgument('levels', default=100, required=False),
198 |         Argument('root_level', default=None, required=False),
199 |         IntegerArgument('nephews', default=100, required=False),
200 |         Argument('template', default='menu/sub_menu.html', required=False),
201 |     )
202 | 
203 |     def get_context(self, context, levels, root_level, nephews, template):
204 |         # Django 1.4 doesn't accept 'None' as a tag value and resolve to ''
205 |         # So we need to force it to None again
206 |         if not root_level and root_level != 0:
207 |             root_level = None
208 |         try:
209 |             # If there's an exception (500), default context_processors may not be called.
210 |             request = context['request']
211 |         except KeyError:
212 |             return {'template': 'menu/empty.html'}
213 | 
214 |         menu_renderer = context.get('cms_menu_renderer')
215 | 
216 |         if not menu_renderer:
217 |             menu_renderer = menu_pool.get_renderer(request)
218 | 
219 |         nodes = menu_renderer.get_nodes()
220 |         children = []
221 |         # adjust root_level so we cut before the specified level, not after
222 |         include_root = False
223 |         if root_level is not None and root_level > 0:
224 |             root_level -= 1
225 |         elif root_level is not None and root_level == 0:
226 |             include_root = True
227 |         for node in nodes:
228 |             if root_level is None:
229 |                 if node.selected:
230 |                     # if no root_level specified, set it to the selected nodes level
231 |                     root_level = node.level
232 |                     # is this the ancestor of current selected node at the root level?
233 |             is_root_ancestor = (node.ancestor and node.level == root_level)
234 |             # is a node selected on the root_level specified
235 |             root_selected = (node.selected and node.level == root_level)
236 |             if is_root_ancestor or root_selected:
237 |                 cut_after(node, levels, [])
238 |                 children = node.children
239 |                 for child in children:
240 |                     if child.sibling:
241 |                         cut_after(child, nephews, [])
242 |                         # if root_level was 0 we need to give the menu the entire tree
243 |                     # not just the children
244 |                 if include_root:
245 |                     children = menu_renderer.apply_modifiers([node], post_cut=True)
246 |                 else:
247 |                     children = menu_renderer.apply_modifiers(children, post_cut=True)
248 |         context['children'] = children
249 |         context['template'] = template
250 |         context['from_level'] = 0
251 |         context['to_level'] = 0
252 |         context['extra_inactive'] = 0
253 |         context['extra_active'] = 0
254 |         return context
```

Found class `menus/templatetags/menu_tags.py:ShowBreadcrumb`.
Source: Retrieved code content using keyword search (bm25).
```
258 | class ShowBreadcrumb(InclusionTag):
259 |     """
260 |     Shows the breadcrumb from the node that has the same url as the current request
261 | 
262 |     - start level: after which level should the breadcrumb start? 0=home
263 |     - template: template used to render the breadcrumb
264 |     """
265 |     name = 'show_breadcrumb'
266 |     template = 'menu/dummy.html'
267 | 
268 |     options = Options(
269 |         Argument('start_level', default=0, required=False),
270 |         Argument('template', default='menu/breadcrumb.html', required=False),
271 |         Argument('only_visible', default=True, required=False),
272 |     )
273 | 
274 |     def get_context(self, context, start_level, template, only_visible):
275 |         try:
276 |             # If there's an exception (500), default context_processors may not be called.
277 |             request = context['request']
278 |         except KeyError:
279 |             return {'template': 'cms/content.html'}
280 |         if not (isinstance(start_level, int) or start_level.isdigit()):
281 |             only_visible = template
282 |             template = start_level
283 |             start_level = 0
284 |         try:
285 |             only_visible = bool(int(only_visible))
286 |         except:  # NOQA
287 |             only_visible = bool(only_visible)
288 |         ancestors = []
289 | 
290 |         menu_renderer = context.get('cms_menu_renderer')
291 | 
292 |         if not menu_renderer:
293 |             menu_renderer = menu_pool.get_renderer(request)
294 | 
295 |         nodes = menu_renderer.get_nodes(breadcrumb=True)
296 | 
297 |         # Find home
298 |         home = None
299 |         root_url = unquote(reverse("pages-root"))
300 |         home = next((node for node in nodes if node.get_absolute_url() == root_url), None)
301 | 
302 |         # Find selected
303 |         selected = None
304 |         selected = next((node for node in nodes if node.selected), None)
305 | 
306 |         if selected and selected != home:
307 |             node = selected
308 |             while node:
309 |                 if node.visible or not only_visible:
310 |                     ancestors.append(node)
311 |                 node = node.parent
312 |         if not ancestors or (ancestors and ancestors[-1] != home) and home:
313 |             ancestors.append(home)
314 |         ancestors.reverse()
315 |         if len(ancestors) >= start_level:
316 |             ancestors = ancestors[start_level:]
317 |         else:
318 |             ancestors = []
319 |         context['ancestors'] = ancestors
320 |         context['template'] = template
321 |         return context
```

Found function `cms/toolbar/items.py:SubMenu.__repr__`.
Source: Retrieved code content using keyword search (bm25).
```
289 | def __repr__(self):
290 |         return '<Menu:%s>' % force_str(self.name)
```

2026-09-16 22:07:26 utils.py INFO 
LiteLLM completion() model= qwen/qwen3-coder; provider = openrouter
2026-09-16 22:07:43 utils.py INFO Wrapper: Completed Call, calling success_handler
2026-09-16 22:07:43 auto_search_main.py INFO convert none fncall messages failed.
2026-09-16 22:07:43 utils.py INFO 
LiteLLM completion() model= qwen/qwen3-coder; provider = openrouter
2026-09-16 22:08:19 utils.py INFO Wrapper: Completed Call, calling success_handler
2026-09-16 22:08:19 auto_search_main.py INFO Executing code:
```
print(search_code_snippets(**{'search_terms': ['status.scss', 'indicator.scss', 'dropdown.scss']}))
```
2026-09-16 22:08:19 __init__.py DEBUG Building index from IDs objects
2026-09-16 22:08:19 __init__.py DEBUG Building index from IDs objects
2026-09-16 22:08:20 __init__.py DEBUG Building index from IDs objects
2026-09-16 22:08:20 __init__.py DEBUG Building index from IDs objects
2026-09-16 22:08:20 __init__.py DEBUG Building index from IDs objects
2026-09-16 22:08:20 __init__.py DEBUG Building index from IDs objects
2026-09-16 22:08:20 auto_search_main.py INFO OBSERVATION:
cms/admin/pageadmin.py:PageContentAdmin.change_innavigation
cms/toolbar/toolbar.py:CMSToolbar.post_template_populate
cms/toolbar/toolbar.py:CMSToolbar.populate
cms/toolbar/toolbar.py:CMSToolbar._call_toolbar
cms/toolbar/toolbar.py:CMSToolbar.media
cms/admin/useradmin.py:PageUserAdmin.get_readonly_fields
cms/admin/useradmin.py:PageUserAdmin
cms/admin/useradmin.py:PageUserAdmin.get_subordinates
cms/admin/useradmin.py:PageUserAdmin.save_model
cms/utils/page_permissions.py:user_can_view_page
cms/admin/pageadmin.py:PageAdmin.move_page
cms/migrations/0001_initial.py:Migration
cms/cms_menus.py:SoftRootCutter.modify
cms/plugin_base.py:CMSPluginBase.get_cache_expiration
cms/migrations/0024_set_plugin_absolute_position.py:Migration
cms/migrations/0024_set_plugin_absolute_position.py:set_plugin_absolute_position
cms/toolbar/items.py:Dropdown
cms/toolbar/items.py:Dropdown.add_primary_button
cms/toolbar/items.py:Dropdown.__init__
cms/toolbar/items.py:Dropdown.get_buttons
cms/toolbar/items.py:Dropdown.get_context
cms/toolbar/items.py:Dropdown.__repr__
cms/plugin_base.py:CMSPluginBase
cms/migrations/0024_set_plugin_absolute_position.py:Migration
cms/migrations/0024_set_plugin_absolute_position.py:set_plugin_absolute_position
cms/migrations/0030_auto_20180810_0629.py:set_page_url
cms/migrations/0030_auto_20180810_0629.py:Migration
cms/toolbar/items.py:Dropdown
cms/toolbar/items.py:Dropdown.add_primary_button
cms/toolbar/items.py:Dropdown.__init__
cms/toolbar/items.py:Dropdown.get_buttons
cms/toolbar/items.py:Dropdown.get_context
cms/toolbar/items.py:Dropdown.__repr__
cms/admin/pageadmin.py:PageContentAdmin.change_innavigation
cms/toolbar/toolbar.py:CMSToolbar.post_template_populate
cms/toolbar/toolbar.py:CMSToolbar.populate
cms/toolbar/toolbar.py:CMSToolbar._call_toolbar
cms/toolbar/toolbar.py:CMSToolbar.media
cms/cms_menus.py:SoftRootCutter.modify
cms/admin/useradmin.py:PageUserAdmin.get_readonly_fields
cms/admin/useradmin.py:PageUserAdmin
cms/admin/useradmin.py:PageUserAdmin.get_subordinates
cms/admin/useradmin.py:PageUserAdmin.save_model
cms/plugin_base.py:CMSPluginBase.get_cache_expiration
cms/utils/page_permissions.py:user_can_view_page
cms/plugin_base.py:CMSPluginBase
##Searching for term "status.scss"...
### Search Result:
Found `cms/utils/admin.py:jsonify_request`.
Source: Retrieved code content using keyword search (bm25).
```
 1 | import json
 2 | 
 3 | from django.http import HttpResponse
 4 | from django.utils.encoding import smart_str
 5 | 
 6 | NOT_FOUND_RESPONSE = "NotFound"
 7 | 
 8 | 
 9 | def jsonify_request(response):
10 |     """ Turn any response in a 200 response to let jQuery code handle it nicely.
11 |         Response contains a json object with the following attributes:
12 |          * status: original response status code
13 |          * content: original response content
14 |     """
15 |     content = {'status': response.status_code, 'content': smart_str(response.content, response.charset)}
16 |     return HttpResponse(json.dumps(content), content_type="application/json")
17 | 
```

Found function `cms/admin/pageadmin.py:PageContentAdmin.change_innavigation`.
Source: Retrieved code content using keyword search (bm25).
```
1329 | def change_innavigation(self, request, object_id):
1330 |         """
1331 |         Switch the in_navigation of a page
1332 |         """
1333 |         page_content = self.get_object(request, object_id=object_id)
1334 | 
1335 |         if not self.has_change_permission(request, obj=page_content):
1336 |             message = _("You do not have permission to change this page's in_navigation status")
1337 |             return HttpResponseForbidden(force_str(message))
1338 | 
1339 |         if page_content is None:
1340 |             raise self._get_404_exception(object_id)
1341 | 
1342 |         page_content.toggle_in_navigation()
1343 |         # 204 -> request was successful but no response returned.
1344 |         return HttpResponse(status=204)
```

Found function `cms/toolbar/toolbar.py:CMSToolbar.populate`.
Source: Retrieved code content using keyword search (bm25).
```
454 | def populate(self):
455 |         """
456 |         Populates the toolbar with the CMS items.
457 |         """
458 |         if self.populated:
459 |             return
460 |         self.populated = True
461 |         # never populate the toolbar on is_staff=False
462 |         # FIXME: In 3.1 we should really update the request/staff status
463 |         # when toolbar is used in the cms_toolbar templatetag
464 |         if not self.request.user.is_staff:
465 |             return
466 |         self._call_toolbar('populate')
```

Found function `cms/toolbar/toolbar.py:CMSToolbar.post_template_populate`.
Source: Retrieved code content using keyword search (bm25).
```
468 | def post_template_populate(self):
469 |         self.populate()
470 |         if self.post_template_populated:
471 |             return
472 |         self.post_template_populated = True
473 |         # FIXME: In 3.1 we should really update the request/staff status
474 |         # when toolbar is used in the cms_toolbar templatetag
475 |         if not self.request.user.is_staff:
476 |             return
477 |         self._call_toolbar('post_template_populate')
```

Found function `cms/toolbar/toolbar.py:CMSToolbar._call_toolbar`.
Source: Retrieved code content using keyword search (bm25).
```
479 | def _call_toolbar(self, func_name):
480 |         with force_language(self.toolbar_language):
481 |             first = ('cms.cms_toolbars.BasicToolbar', 'cms.cms_toolbars.PlaceholderToolbar')
482 | 
483 |             for key in first:
484 |                 toolbar = self.toolbars.get(key)
485 |                 if not toolbar:
486 |                     continue
487 |                 getattr(toolbar, func_name)()
488 | 
489 |             for key in self.toolbars:
490 |                 if key in first:
491 |                     continue
492 |                 toolbar = self.toolbars[key]
493 |                 getattr(toolbar, func_name)()
```

Found file `cms/constants.py`.
Found file `cms/templates.py`.
Found file `cms/utils/setup.py`.
Source: Retrieved entity using keyword search (bm25).
Hint: Use more detailed query to get the full content of some if needed.



##Searching for term "indicator.scss"...
### Search Result:
Found .
Source: Retrieved code content using keyword search (bm25).
```
 1 | """
 2 | Collection of important constants used throughout django CMS.
 3 | """
 4 | 
 5 | 
 6 | #: The token used to identify when a user selects "inherit" as template for a page.
 7 | TEMPLATE_INHERITANCE_MAGIC = 'INHERIT'
 8 | 
 9 | REFRESH_PAGE = 'REFRESH_PAGE'
10 | """
11 | Supplied to ``on_close`` arguments to refresh the current page when the frame is closed, for
12 | example:
13 | 
14 | ..  code-block:: python
15 | 
16 |     from cms.constants import REFRESH_PAGE
17 | 
18 |     self.toolbar.add_modal_item(
19 |         'Modal item',
20 |         url=modal_url,
21 |         on_close=REFRESH_PAGE
22 |         )
23 | """
24 | 
25 | FOLLOW_REDIRECT = 'FOLLOW_REDIRECT'
26 | URL_CHANGE = 'URL_CHANGE'
27 | 
28 | #: Used as a position indicator in the toolbar: On the right side.
29 | RIGHT = object()  # this is a trick so "foo is RIGHT" will only ever work for this, same goes for LEFT.
30 | 
31 | #: Used as a position indicator in the toolbar: On the left side.
32 | LEFT = object()
33 | 
34 | PAGE_TYPES_ID = "page_types"
35 | PAGE_TREE_POSITIONS = ('last-child', 'first-child', 'left', 'right')
36 | 
37 | #: Used for the ``limit_visibility_in_menu`` keyword argument to
38 | #: :func: `create_page`.Does not limit menu visibility.
39 | VISIBILITY_ALL = None
40 | 
41 | #: Used for the ``limit_visibility_in_menu`` keyword argument to :func: `create_page`.
42 | #: Limits menu visibility to authenticated users.
43 | VISIBILITY_USERS = 1
44 | 
45 | #: Used for the ``limit_visibility_in_menu`` keyword argument to :func: `create_page`.
46 | #: Limits menu visibility to anonymous(not authenticated) users.
47 | VISIBILITY_ANONYMOUS = 2
48 | 
49 | X_FRAME_OPTIONS_INHERIT = 0
50 | X_FRAME_OPTIONS_DENY = 1
51 | X_FRAME_OPTIONS_SAMEORIGIN = 2
52 | X_FRAME_OPTIONS_ALLOW = 3
53 | 
54 | PAGE_USERNAME_MAX_LENGTH = 255
55 | 
56 | SLUG_REGEXP = '[0-9A-Za-z-_.//]+'
57 | 
58 | #: Used for cache control headers: 0 seconds, i.e. now.
59 | EXPIRE_NOW = 0
60 | 
61 | #: Used for cache control headers: 365 * 24 * 3600 seconds, i.e. one year. HTTP specification says
62 | #: max caching should only be up to one year.
63 | MAX_EXPIRATION_TTL = 365 * 24 * 3600
64 | 
65 | PLUGIN_TOOLBAR_JS = "CMS._plugins.push([\"cms-plugin-%(pk)s\", %(config)s]);\n"
66 | 
67 | PLACEHOLDER_TOOLBAR_JS = "CMS._plugins.push([\"cms-placeholder-%(pk)s\", %(config)s]);"
68 | 
69 | # In the permissions system we use user levels to determine
70 | # the depth in which the user has permissions.
71 | # This constant represents a user that can see pages at all depths.
72 | ROOT_USER_LEVEL = -1
73 | 
74 | GRANT_ALL_PERMISSIONS = 'All'
75 | 
76 | PUBLISH_COMMENT = "Publish"
77 | 
78 | SCRIPT_USERNAME = 'script'
79 | 
80 | CMS_CONFIG_NAME = 'cms_config'
81 | 
```

Found function `cms/app_registration.py:_find_subclasses`.
Source: Retrieved entity using keyword search (bm25).
```
13 | def _find_subclasses(module, klass):
14 |     """
15 |     Helper function.
16 | 
17 |     Returns a list of classes in module which inherit from klass.
18 |     """
19 |     classes = []
20 |     # Find all classes that inherit from klass
21 |     for name, obj in inspect.getmembers(module):
22 |         is_subclass = (
23 |             # Ignore the import of klass itself
24 |             inspect.isclass(obj) and issubclass(obj, klass) and obj != klass
25 |         )
26 |         if is_subclass:
27 |             classes.append(obj)
28 |     return classes
```

Found function `cms/cms_menus.py:SoftRootCutter.modify`.
Source: Retrieved code content using keyword search (bm25).
```
412 | def modify(self, request, nodes, namespace, root_id, post_cut, breadcrumb):
413 |         # only apply this modifier if we're pre-cut (since what we do is cut)
414 |         # or if no id argument is provided, indicating {% show_menu_below_id %}
415 |         if post_cut or root_id:
416 |             return nodes
417 |         selected = None
418 |         root_nodes = []
419 |         # find the selected node as well as all the root nodes
420 |         for node in nodes:
421 |             if node.selected:
422 |                 selected = node
423 |             if not node.parent:
424 |                 root_nodes.append(node)
425 | 
426 |         # if we found a selected ...
427 |         if selected:
428 |             # and the selected is a softroot
429 |             if selected.attr.get("soft_root", False):
430 |                 # get it's descendants
431 |                 nodes = selected.get_descendants()
432 |                 # remove the link to parent
433 |                 selected.parent = None
434 |                 # make the selected page the root in the menu
435 |                 nodes = [selected] + nodes
436 |             else:
437 |                 # if it's not a soft root, walk ancestors (upwards!)
438 |                 nodes = self.find_ancestors_and_remove_children(selected, nodes)
439 |         return nodes
```

Found function `cms/plugin_base.py:CMSPluginBase.get_cache_expiration`.
Source: Retrieved code content using keyword search (bm25).
```
311 | def get_cache_expiration(self, request, instance, placeholder):
312 |         """
313 |         Provides hints to the placeholder, and in turn to the page for
314 |         determining the appropriate Cache-Control headers to add to the
315 |         HTTPResponse object.
316 | 
317 |         :param request: Relevant ``HTTPRequest`` instance.
318 |         :param instance: The ``CMSPlugin`` instance that is being rendered.
319 |         :rtype: ``None`` or ``datetime`` or ```time_delta`` or ``int``
320 | 
321 |         Must return one of:
322 | 
323 |         :``None``:
324 |             This means the placeholder and the page will not even
325 |             consider this plugin when calculating the page expiration;
326 | 
327 |         :``datetime``:
328 |             A specific date and time (timezone-aware) in the future
329 |             when this plugin's content expires;
330 | 
331 |             .. important:: The returned ``datetime`` must be timezone-aware
332 |                            or the plugin will be ignored (with a warning)
333 |                            during expiration calculations.
334 | 
335 | 
336 |         :``datetime.timedelta``:
337 |             A timedelta instance indicating how long, relative to
338 |             the response timestamp that the content can be cached;
339 | 
340 |         :``int``:
341 |             An integer number of seconds that this plugin's content can be cached.
342 | 
343 |         There are constants are defined in ``cms.constants`` that may be
344 |         useful: :const:`~cms.constants.EXPIRE_NOW` and :data:`~cms.constants.MAX_EXPIRATION_TTL`.
345 | 
346 |         An integer value of 0 (zero) or :const:`~cms.constants.EXPIRE_NOW` effectively means "do not
347 |         cache". Negative values will be treated as `EXPIRE_NOW`. Values exceeding the value
348 |         `~cms.constants.MAX_EXPIRATION_TTL` will be set to that value.
349 | 
350 |         Negative `timedelta` values or those greater than `MAX_EXPIRATION_TTL`
351 |         will also be ranged in the same manner.
352 | 
353 |         Similarly, `datetime` values earlier than now will be treated as
354 |         `EXPIRE_NOW`. Values greater than `MAX_EXPIRATION_TTL` seconds in the
355 |         future will be treated as `MAX_EXPIRATION_TTL` seconds in the future.
356 |         """
357 |         return None
```

Found function `cms/migrations/0024_set_plugin_absolute_position.py:set_plugin_absolute_position`.
Source: Retrieved code content using keyword search (bm25).
```
27 | def set_plugin_absolute_position(apps, schema_editor):
28 |     db_alias = schema_editor.connection.alias
29 |     CMSPlugin = apps.get_model('cms', 'CMSPlugin')
30 |     Placeholder = apps.get_model('cms', 'Placeholder')
31 |     placeholders = Placeholder.objects.using(db_alias).all()
32 |     all_languages = (
33 |         CMSPlugin
34 |         .objects
35 |         .using(db_alias)
36 |         .values_list('language', flat=True)
37 |         .distinct()
38 |     )
39 | 
40 |     for placeholder in placeholders:
41 |         for language in all_languages:
42 |             position = 1
43 |             plugins = placeholder.cmsplugin_set.filter(language=language)
44 |             root_plugin_ids = (
45 |                 plugins
46 |                 .filter(parent__isnull=True)
47 |                 .order_by('position')
48 |                 .values_list('pk', flat=True)
49 |             )
50 |             for root_id in root_plugin_ids:
51 |                 plugins.filter(pk=root_id).update(position=position)
52 |                 position +=1
53 | 
54 |                 for desc_id in get_descendant_ids(CMSPlugin, root_id=root_id):
55 |                     plugins.filter(pk=desc_id).update(position=position)
56 |                     position += 1
```

Found class `cms/migrations/0024_set_plugin_absolute_position.py:Migration`.
Source: Retrieved code content using keyword search (bm25).
```
59 | class Migration(migrations.Migration):
60 | 
61 |     dependencies = [
62 |         ('cms', '0023_placeholder_source_field'),
63 |     ]
64 | 
65 |     operations = [
66 |         migrations.RunPython(set_plugin_absolute_position),
67 |     ]
```

Found file `menus/__init__.py`.
Found file `cms/utils/decorators.py`.
Source: Retrieved entity using keyword search (bm25).
Hint: Use more detailed query to get the full content of some if needed.



##Searching for term "dropdown.scss", "status.scss indicator.scss dropdown.scss"...
### Search Result:
Found class `cms/toolbar/items.py:Dropdown`.
Source: Retrieved entity using keyword search (bm25).
```
644 | class Dropdown(ButtonList):
645 | 
646 |     template = "cms/toolbar/items/dropdown.html"
647 | 
648 |     def __init__(self, *args, **kwargs):
649 |         super().__init__(*args, **kwargs)
650 |         self.primary_button = None
651 | 
652 |     def __repr__(self):
653 |         return '<Dropdown:%s>' % force_str(self.name)
654 | 
655 |     def add_primary_button(self, button):
656 |         self.primary_button = button
657 | 
658 |     def get_buttons(self):
659 |         for button in self.buttons:
660 |             button.toolbar = self.toolbar
661 |             button.is_in_dropdown = True
662 |             yield button
663 | 
664 |     def get_context(self):
665 |         return {
666 |             'primary_button': self.primary_button,
667 |             'buttons': list(self.get_buttons()),
668 |             'extra_classes': self.extra_classes,
669 |         }
```

2026-09-16 22:08:20 utils.py INFO 
LiteLLM completion() model= qwen/qwen3-coder; provider = openrouter
2026-09-16 22:08:55 utils.py INFO Wrapper: Completed Call, calling success_handler
2026-09-16 22:08:55 utils.py INFO 
LiteLLM completion() model= qwen/qwen3-coder; provider = openrouter
2026-09-16 22:09:14 utils.py INFO Wrapper: Completed Call, calling success_handler
2026-09-16 22:09:14 auto_search_main.py INFO ===============
2026-09-16 22:09:14 auto_search_main.py INFO 
Final Response:=

Looking at my analysis, I have thoroughly examined the codebase and identified the key locations that need modification to address the issue of reintroducing indicator menus in CMS v4. Let me verify that I have all the necessary information:

1. I've identified the core toolbar menu components (Dropdown, Menu classes)
2. I've found the page tree functionality 
3. I've located the AJAX handling and error response mechanisms
4. I've identified the sideframe functionality
5. I've found the constants and status indicator related code

Let me do one final check for any remaining relevant locations by looking at the template files that would be involved in rendering the indicator menus:
2026-09-16 22:09:14 auto_search_main.py INFO ==== localizing djangocms-rc-b39799f9fc1c succeed, process multiple loc outputs ====
