2026-09-14 22:32:57 auto_search_main.py INFO Limiting evaluation to first 1 instances.
2026-09-14 22:33:03 auto_search_main.py INFO ============================================================
2026-09-14 22:33:03 auto_search_main.py INFO ==== rank 0 setup localize djangocms-rc-110d4c740927 ====
2026-09-14 22:33:04 auto_search_main.py INFO ============================================================
2026-09-14 22:33:04 auto_search_main.py INFO ==== rank 0 begin localizing djangocms-rc-110d4c740927 ====
2026-09-14 22:33:04 auto_search_main.py INFO ============================================================
2026-09-14 22:33:04 auto_search_main.py INFO ==== djangocms-rc-110d4c740927 Count down: attempt 1 ====
2026-09-14 22:33:04 auto_search_main.py INFO ==== djangocms-rc-110d4c740927 start auto search ====
2026-09-14 22:33:04 utils.py INFO 
LiteLLM completion() model= qwen/qwen3-coder; provider = openrouter
2026-09-14 22:33:05 utils.py INFO Wrapper: Completed Call, calling success_handler
2026-09-14 22:33:05 auto_search_main.py INFO Executing code:
```
print(explore_tree_structure(**{'start_entities': ['/'], 'traversal_depth': 2, 'dependency_type_filter': "['contains']"}))
```
2026-09-14 22:33:05 auto_search_main.py INFO OBSERVATION:
/
├── contains ── manage.py
│               ├── contains ── manage.py:install_auth_user_model
│               ├── contains ── manage.py:TempDirs
│               └── contains ── manage.py:main
├── contains ── setup.py
├── contains ── docs
│               ├── contains ── docs/conf.py
│               ├── contains ── docs/django_settings.py
│               └── contains ── docs/_ext
├── contains ── cms
│               ├── contains ── cms/toolbar_base.py
│               ├── contains ── cms/context_processors.py
│               ├── contains ── cms/app_base.py
│               ├── contains ── cms/apphook_pool.py
│               ├── contains ── cms/menu_bases.py
│               ├── contains ── cms/__main__.py
│               ├── contains ── cms/plugin_pool.py
│               ├── contains ── cms/app_registration.py
│               ├── contains ── cms/plugin_processors.py
│               ├── contains ── cms/page_rendering.py
│               ├── contains ── cms/cms_menus.py
│               ├── contains ── cms/api.py
│               ├── contains ── cms/constants.py
│               ├── contains ── cms/apps.py
│               ├── contains ── cms/cms_toolbars.py
│               ├── contains ── cms/urls.py
│               ├── contains ── cms/cms_config.py
│               ├── contains ── cms/__init__.py
│               ├── contains ── cms/views.py
│               ├── contains ── cms/appresolver.py
│               ├── contains ── cms/plugin_rendering.py
│               ├── contains ── cms/cms_plugins.py
│               ├── contains ── cms/toolbar_pool.py
│               ├── contains ── cms/exceptions.py
│               ├── contains ── cms/cms_wizards.py
│               ├── contains ── cms/templates.py
│               ├── contains ── cms/plugin_base.py
│               ├── contains ── cms/migrations
│               ├── contains ── cms/middleware
│               ├── contains ── cms/signals
│               ├── contains ── cms/toolbar
│               ├── contains ── cms/models
│               ├── contains ── cms/forms
│               ├── contains ── cms/extensions
│               ├── contains ── cms/wizards
│               ├── contains ── cms/admin
│               ├── contains ── cms/utils
│               ├── contains ── cms/sitemaps
│               ├── contains ── cms/operations
│               ├── contains ── cms/cache
│               ├── contains ── cms/management
│               └── contains ── cms/templatetags
└── contains ── menus
                ├── contains ── menus/models.py
                ├── contains ── menus/modifiers.py
                ├── contains ── menus/base.py
                ├── contains ── menus/utils.py
                ├── contains ── menus/apps.py
                ├── contains ── menus/menu_pool.py
                ├── contains ── menus/__init__.py
                ├── contains ── menus/exceptions.py
                ├── contains ── menus/migrations
                └── contains ── menus/templatetags

2026-09-14 22:33:06 utils.py INFO 
LiteLLM completion() model= qwen/qwen3-coder; provider = openrouter
2026-09-14 22:33:08 utils.py INFO Wrapper: Completed Call, calling success_handler
2026-09-14 22:33:08 auto_search_main.py INFO Executing code:
```
print(search_code_snippets(**{'search_terms': ['Plugin tree update incomplete after move', 'move plugin action']}))
```
2026-09-14 22:33:08 __init__.py DEBUG Building index from IDs objects
2026-09-14 22:33:08 git_repo_manager.py INFO Clone Github repo https://github.com/djangocms/djangocms.git to playground/d638ff8f-1089-4c2c-a720-aa4706716e94/djangocms_djangocms and checkout commit 50c3576080be08a4b7672bbd7bdfea4f97cc1621
2026-09-14 22:33:08 git_repo_manager.py INFO Directory 'playground/d638ff8f-1089-4c2c-a720-aa4706716e94/djangocms_djangocms' was created.
2026-09-14 22:33:08 git_repo_manager.py INFO Cloning repo 'https://github.com/djangocms/djangocms.git'
2026-09-14 22:33:14 git_repo_manager.py INFO Repo 'https://github.com/djangocms/djangocms.git' was cloned to 'playground/d638ff8f-1089-4c2c-a720-aa4706716e94/djangocms_djangocms'
2026-09-14 22:33:34 __init__.py DEBUG Building index from IDs objects
2026-09-14 22:33:34 __init__.py DEBUG Building index from IDs objects
2026-09-14 22:33:35 __init__.py DEBUG Building index from IDs objects
2026-09-14 22:33:35 auto_search_main.py INFO OBSERVATION:
cms/models/pagemodel.py:Page._clear_placeholders
cms/models/pagemodel.py:Page.move_page
cms/models/placeholdermodel.py:Placeholder.move_plugin
cms/plugin_base.py:CMSPluginBase.render_close_frame
cms/models/placeholdermodel.py:Placeholder._move_plugin_to_placeholder
cms/models/placeholdermodel.py:Placeholder.move_plugin
cms/models/placeholdermodel.py:Placeholder.get_first_plugin_position
cms/models/placeholdermodel.py:Placeholder.get_last_plugin_position
cms/models/placeholdermodel.py:Placeholder._shift_plugin_positions
cms/models/placeholdermodel.py:Placeholder.add_plugin
cms/management/commands/subcommands/tree.py:FixTreeCommand._update_descendants_tree
cms/management/commands/subcommands/tree.py:FixTreeCommand
cms/management/commands/subcommands/tree.py:FixTreeCommand.handle
cms/admin/forms.py:MovePageForm.get_tree_options
cms/admin/forms.py:MovePageForm.move_page
cms/admin/forms.py:MovePageForm.clean
cms/admin/forms.py:MovePageForm
cms/plugin_base.py:CMSPluginBase.render_close_frame
cms/utils/permissions.py:has_page_permission
cms/models/placeholdermodel.py:Placeholder._move_plugin_to_placeholder
cms/admin/placeholderadmin.py:PlaceholderAdmin._move_plugin
cms/models/placeholdermodel.py:Placeholder.move_plugin
cms/models/placeholdermodel.py:Placeholder.move_plugin
cms/plugin_base.py:CMSPluginBase.render_close_frame
cms/models/pagemodel.py:Page._clear_placeholders
cms/models/pagemodel.py:Page.move_page
cms/admin/placeholderadmin.py:PlaceholderAdmin.get_urls
cms/utils/permissions.py:has_plugin_permission
cms/models/placeholdermodel.py:Placeholder.move_plugin
cms/models/pagemodel.py:Page._clear_placeholders
cms/models/pagemodel.py:Page.move_page
cms/plugin_base.py:CMSPluginBase.render_close_frame
cms/models/placeholdermodel.py:Placeholder._move_plugin_to_placeholder
cms/models/placeholdermodel.py:Placeholder.move_plugin
cms/admin/placeholderadmin.py:PlaceholderAdmin._move_plugin
cms/admin/forms.py:MovePageForm.get_tree_options
cms/admin/forms.py:MovePageForm.move_page
cms/admin/forms.py:MovePageForm.clean
cms/admin/forms.py:MovePageForm
cms/management/commands/subcommands/tree.py:FixTreeCommand._update_descendants_tree
cms/admin/placeholderadmin.py:PlaceholderAdmin.get_urls
cms/management/commands/subcommands/tree.py:FixTreeCommand
cms/management/commands/subcommands/tree.py:FixTreeCommand.handle
##Searching for term "Plugin tree update incomplete after move"...
### Search Result:
Found function `cms/models/pluginmodel.py:CMSPlugin.update`.
Source: Retrieved entity using keyword search (bm25).
```
327 | def update(self, refresh=False, **fields):
328 |         CMSPlugin.objects.filter(pk=self.pk).update(**fields)
329 |         if refresh:
330 |             return self.reload()
331 |         return
```

Found function `cms/models/contentmodels.py:PageContent.update`.
Source: Retrieved entity using keyword search (bm25).
```
163 | def update(self, **data):
164 |         for field, value in data.items():
165 |             setattr(self, field, value)
166 |         self.save(update_fields=data.keys())
```

Found function `cms/models/pagemodel.py:Page.update`.
Source: Retrieved entity using keyword search (bm25).
```
627 | def update(self, refresh=False, **data):
628 |         cls = self.__class__
629 |         cls.objects.filter(pk=self.pk).update(**data)
630 | 
631 |         if refresh:
632 |             return self.reload()
633 |         else:
634 |             for field, value in data.items():
635 |                 setattr(self, field, value)
636 |         return
```

Found file `cms/management/commands/subcommands/tree.py`.
Source: Retrieved entity using keyword search (bm25).
Hint: Search `cms/management/commands/subcommands/tree.py` for the full content if needed.



##Searching for term "Plugin tree update incomplete after move", "move plugin action", "Plugin tree update incomplete after move move plugin action"...
### Search Result:
Found function `cms/models/placeholdermodel.py:Placeholder.move_plugin`.
Source: Retrieved code content using keyword search (bm25).
```
496 | def move_plugin(self, plugin, target_position, target_placeholder=None, target_plugin=None):
497 |         """
498 |         .. versionadded:: 4.0
499 | 
500 |         Moves a plugin within the placeholder (``target_placeholder=None``) or to another placeholder.
501 | 
502 |         :param plugin: Plugin to move
503 |         :type plugin: :class:`cms.models.pluginmodel.CMSPlugin` instance
504 |         :param int target_position: The plugin's new position
505 |         :param  target_placeholder: Placeholder to move plugin to (or ``None``)
506 |         :type target_placeholder: :class:`cms.models.placeholdermodel.Placeholder` instance
507 |         :param target_plugin: New parent plugin (or ``None``). The target plugin must be in the same placeholder
508 |            or in the ``target_placeholder`` if one is given.
509 |         :type target_plugin: :class:`cms.models.pluginmodel.CMSPlugin` instance
510 | 
511 |         The ``target_position`` is enumerated from the start of the palceholder's plugin tree (1) to
512 |         the last plugin (*n*, where *n* is the number of plugins in the placeholder).
513 |         """
514 | 
515 |         if target_placeholder:
516 |             return self._move_plugin_to_placeholder(
517 |                 plugin=plugin,
518 |                 target_position=target_position,
519 |                 target_placeholder=target_placeholder,
520 |                 target_plugin=target_plugin,
521 |             )
522 | 
523 |         target_tree = self.get_plugins(plugin.language)
524 |         last_plugin = self.get_last_plugin(plugin.language)
525 |         source_plugin_desc_count = plugin._get_descendants_count()
526 |         # Attn: The following line assumes that all children and grand-children have consecutive positions!
527 |         source_plugin_range = (plugin.position, plugin.position + source_plugin_desc_count)
528 | 
529 |         if target_position < plugin.position:
530 |             # Moving left
531 |             # Make a big hole on the right side of the current plugin's position
532 |             # by shifting all right nodes further to the right, excluding the current plugin
533 |             # but including the target plugin and its descendants.
534 |             (target_tree.filter(position__gte=target_position).exclude(position__range=source_plugin_range)).update(
535 |                 position=(models.F("position") + last_plugin.position)
536 |             )
537 | 
538 |             # Make a big hole on the left side of the current plugin's position
539 |             # by shifting all right nodes further the right, including the current plugin
540 |             # and its descendants.
541 |             target_tree.filter(position__lte=source_plugin_range[1]).update(
542 |                 position=models.F("position") - last_plugin.position
543 |             )
544 |         else:
545 |             # Moving right
546 |             # Make a big hole on the left side of the target position,
547 |             # by shifting all left nodes further to the left, excluding the current plugin
548 |             # but including the target plugin and its descendants.
549 |             # Left node in the common case is target_position but if the current plugin
550 |             # has descendants then left node is the closest node to the right side of the
551 |             # last descendant.
552 |             (
553 |                 target_tree.filter(position__lte=target_position + source_plugin_desc_count).exclude(
554 |                     position__range=source_plugin_range
555 |                 )
556 |             ).update(position=(models.F("position") - last_plugin.position))
557 | 
558 |             # Make a big hole on the right side of the current plugin's position
559 |             # by shifting all right nodes further the right, including the current plugin
560 |             # and its descendants.
561 |             target_tree.filter(position__gte=plugin.position).update(
562 |                 position=models.F("position") + last_plugin.position
563 |             )
564 | 
565 |         if plugin.parent != target_plugin:
566 |             # Plugin is being moved to another tree (under another parent)
567 |             # OR plugin is being moved to the root (no parent)
568 |             plugin.update(parent=target_plugin)
569 |         # The plugin tree was shifted to the right to make space,
570 |         # Squash all plugin positions in the tree to close any holes.
571 |         self._recalculate_plugin_positions(plugin.language)
```

Found function `cms/models/placeholdermodel.py:Placeholder._move_plugin_to_placeholder`.
Source: Retrieved code content using keyword search (bm25).
```
573 | def _move_plugin_to_placeholder(self, plugin, target_position, target_placeholder, target_plugin=None):
574 |         source_last_plugin = self.get_last_plugin(plugin.language)
575 |         target_last_plugin = target_placeholder.get_last_plugin(plugin.language)
576 | 
577 |         plugin_descendants = plugin.get_descendants()
578 |         if target_last_plugin:
579 |             source_length = source_last_plugin.position
580 |             target_length = target_last_plugin.position
581 |             plugins_to_move_count = 1 + len(plugin_descendants)  # parent plus descendants
582 | 
583 |             source_offset = (
584 |                 max(
585 |                     # far enough to shift behind current last source position
586 |                     source_length,
587 |                     # far enough to be shifted behind last target position plus no. of moved plugins
588 |                     target_length + plugins_to_move_count,
589 |                 )
590 |                 - plugin.position
591 |                 + 1
592 |             )
593 | 
594 |             # move target position counter to at least behind
595 |             target_offset = max(
596 |                 # far enough to shift behind current last target position
597 |                 target_length - target_position + 1,
598 |                 # far enough to leave enough space to move back
599 |                 plugin.position + source_offset - target_position + plugins_to_move_count + 1,
600 |             )
601 |             target_placeholder._shift_plugin_positions(
602 |                 plugin.language,
603 |                 start=target_position,
604 |                 offset=target_offset,
605 |             )
606 |         else:
607 |             # moving to empty placeholder:
608 |             # Move out (remaining) plugins right behind last source position to be able to recalculate
609 |             source_offset = source_last_plugin.position
610 | 
611 |         # Shift all plugins whose position is greater than or equal to
612 |         # the plugin being moved. This includes the plugin itself.
613 |         # This is to create enough space in-between for the squashing
614 |         # to work without conflicts.
615 |         self._shift_plugin_positions(
616 |             plugin.language,
617 |             start=plugin.position,
618 |             offset=source_offset,
619 |         )
620 | 
621 |         plugin.update(parent=target_plugin, placeholder=target_placeholder)
622 |         # TODO: More efficient is to do raw sql update
623 |         plugin_descendants.update(placeholder=target_placeholder)
624 |         self._recalculate_plugin_positions(plugin.language)
625 |         target_placeholder._recalculate_plugin_positions(plugin.language)
```

Found function `cms/plugin_base.py:CMSPluginBase.render_close_frame`.
Source: Retrieved code content using keyword search (bm25).
```
476 | def render_close_frame(
477 |         self,
478 |         request: HttpRequest,
479 |         obj: Optional[CMSPlugin],
480 |         action: Optional[str] = "edit",
481 |         extra_data: Optional[Context] = None,
482 |         extra_context: Optional[Context] = None,
483 |     ) -> HttpResponse:
484 |         """
485 |         Renders the close frame for a CMS plugin in the Django admin interface.
486 | 
487 |         This method is used to send information to the javascript frontend
488 |         after an edit action has taken place. It allows the javascript frontend
489 |         to update the structure and content on the edit endpoints.
490 | 
491 |         Args:
492 |             request (HttpRequest): The HTTP request object.
493 |             obj (CMSPlugin): The CMS plugin instance being rendered.
494 |             action (Optional[str]): The action being performed on the plugin.
495 |                 Defaults to "edit". Possible values are "add", "edit", "move", and "delete".
496 |             extra_data (Optional[Context]): Additional data to include in
497 |                 the data bridge to the frontend. Defaults to None.
498 |             extra_context (Optional[Context]): Additional context to include in
499 |                 the rendering. Defaults to None.
500 | 
501 |         Returns:
502 |             HttpResponse: The rendered confirmation form as an HTTP response.
503 | 
504 |         Raises:
505 |             ObjectDoesNotExist: If the parent plugin is a ghost plugin and the
506 |                 plugin tree cannot be fetched.
507 | 
508 |         Notes:
509 |             - Handles edge cases where the parent plugin is a ghost plugin.
510 |             - Constructs the plugin tree structure and gathers plugin-specific
511 |               data for rendering.
512 |             - Includes messages from the request in the context.
513 |         """
514 | 
515 |         dj_messages = [{
516 |                     'level': message.level,
517 |                     'message': message.message,
518 |                     'tags': message.tags,
519 |                     } for message in messages.get_messages(request)]
520 | 
521 |         if not obj:
522 |             # No object specified - just close the modal frame
523 |             context = {
524 |                 "is_popup": True,
525 |                 "data_bridge": {
526 |                     "action": action,
527 |                     "messages": dj_messages,
528 |                     **(extra_data or {}),
529 |                 },
530 |                 **(extra_context or {}),
531 |             }
532 |             return TemplateResponse(
533 |                 request, 'admin/cms/page/plugin/confirm_form.html', context
534 |             )
535 | 
536 |         try:
537 |             root = obj.parent.get_bound_plugin() if obj.parent else obj
538 |         except ObjectDoesNotExist:
539 |             # This is a nasty edge-case.
540 |             # If the parent plugin is a ghost plugin, fetching the plugin tree
541 |             # will fail because the downcasting function filters out all ghost plugins.
542 |             # Currently, this case is only present in the djangocms-text app
543 |             # which uses ghost plugins to create inline plugins on the text.
544 |             root = obj
545 | 
546 |         plugins = [root] + list(root.get_descendants())
547 | 
548 |         target_plugin = plugins[0] if action in ("add", "delete") else next(
549 |             (plugin for plugin in plugins if plugin.pk == obj.pk), None
550 |         )
551 |         structure = get_plugin_tree(request, plugins, target_plugin=target_plugin)
552 |         plugin_data = next((plugin_data for plugin_data in structure['plugins'] if plugin_data["plugin_id"] == obj.pk), {})
553 | 
554 |         context = {
555 |             'plugin': obj,
556 |             'is_popup': True,
557 |             'data_bridge': {
558 |                 **plugin_data,
559 |                 "action": action,
560 |                 "plugin_desc": escapejs(force_str(obj.get_short_description())),
561 |                 "structure": structure,
562 |                 "messages": dj_messages,
563 |                 **(extra_data or {}),
564 |             },
565 |             **(extra_context or {}),
566 |         }
567 | 
568 |         return TemplateResponse(
569 |             request, 'admin/cms/page/plugin/confirm_form.html', context
570 |         )
```

Found file `cms/utils/plugins.py`.
Source: Retrieved entity using keyword search (bm25).
Hint: Search `cms/utils/plugins.py` for the full content if needed.



##Searching for term "Plugin tree update incomplete after move", "Plugin tree update incomplete after move move plugin action"...
### Search Result:
Found function `cms/models/pagemodel.py:Page.move_page`.
Source: Retrieved code content using keyword search (bm25).
```
398 | def move_page(self, target_page, position='first-child'):
399 |         """
400 |         Called from admin interface when page is moved. Should be used on
401 |         all the places which are changing page position. Used like an interface
402 |         to django-treebeard, but after move is done page_moved signal is fired.
403 |         """
404 |         assert isinstance(target_page, Page), f"{target_page} is not an instance of Page."
405 |         inherited_template = self.template == constants.TEMPLATE_INHERITANCE_MAGIC
406 | 
407 |         if inherited_template and target_page.is_root() and position in ('left', 'right'):
408 |             # The page is being moved to a root position.
409 |             # Explicitly set the inherited template on the titles
410 |             # to keep all plugins / placeholders.
411 |             template = self.get_template()
412 |             self.update_translations(template=template)
413 | 
414 |         # Don't use a cached node. Always get a fresh one.
415 |         self._clear_internal_cache()
416 | 
417 |         # Runs the SQL updates on the treebeard fields
418 |         self.move(target_page, position)
419 | 
420 |         if position in ('first-child', 'last-child'):
421 |             self.parent = target_page
422 |         else:
423 |             # moving relative to sibling
424 |             # or to the root of the tree
425 |             self.parent = target_page.parent
426 |         # Runs the SQL updates on the parent field
427 |         self.update(parent=self.parent)
428 |         self.refresh_from_db(fields=('path', 'depth'))
429 | 
430 |         # Update the urls for the page being moved
431 |         # and is descendants.
432 |         languages = (
433 |             self
434 |             .urls
435 |             .values_list('language', flat=True)
436 |         )
437 | 
438 |         for language in languages:
439 |             if not self.is_home:
440 |                 self._update_url_path(language)
441 |             self._update_url_path_recursive(language)
442 |         self.clear_cache(menu=True)
443 |         return self
```

Found function `cms/models/pagemodel.py:Page._clear_placeholders`.
Source: Retrieved code content using keyword search (bm25).
```
445 | def _clear_placeholders(self, language):
446 |         from cms.models import CMSPlugin
447 | 
448 |         placeholders = self.get_placeholders(language)
449 |         placeholder_ids = (placeholder.pk for placeholder in placeholders)
450 |         plugins = CMSPlugin.objects.filter(placeholder__in=placeholder_ids, language=language)
451 |         models.query.QuerySet.delete(plugins)
452 |         return placeholders
```



##Searching for term "move plugin action"...
### Search Result:
Found function `cms/models/placeholdermodel.py:Placeholder.actions`.
Source: Retrieved entity using keyword search (bm25).
```
265 | def actions(self):
266 |         import warnings
267 | 
268 |         from cms.utils.placeholder import PlaceholderNoAction
269 | 
270 |         warnings.warn(
271 |             "The actions property is deprecated. Use placeholder admin instead.",
272 |             RemovedInDjangoCMS51Warning,
273 |             stacklevel=2,
274 |         )
275 |         return PlaceholderNoAction()
```

Found function `cms/utils/plugins.py:get_plugins_as_layered_tree`.
Source: Retrieved entity using keyword search (bm25).
```
157 | def get_plugins_as_layered_tree(plugins):
158 |     """
159 |     Given an iterable of plugins ordered by position,
160 |     returns a deque of root plugins with their respective
161 |     children set in the child_plugin_instances attribute.
162 |     """
163 |     delayed = defaultdict(deque)
164 |     root_plugins = deque()
165 | 
166 |     for plugin in reversed(plugins):
167 |         plugin.child_plugin_instances = delayed[plugin.pk]
168 | 
169 |         if plugin.parent_id:
170 |             delayed[plugin.parent_id].appendleft(plugin)
171 |         else:
172 |             root_plugins.appendleft(plugin)
173 |     return root_plugins
```

Found function `cms/utils/plugins.py:has_reached_plugin_limit`.
Source: Retrieved entity using keyword search (bm25).
```
479 | def has_reached_plugin_limit(placeholder, plugin_type, language, template=None):
480 |     """
481 |     Checks if the global maximum limit for plugins in a placeholder has been reached.
482 |     If not then it checks if it has reached its maximum plugin_type limit.
483 | 
484 |     Parameters:
485 |     - placeholder: The placeholder object to check the limit for.
486 |     - plugin_type: The type of plugin to check the limit for.
487 |     - language: The language code for the plugins.
488 |     - template: The template object for the placeholder. Optional.
489 | 
490 |     Returns:
491 |     - False if the limit has not been reached.
492 | 
493 |     Raises:
494 |     - PluginLimitReached: If the limit has been reached for the placeholder.
495 | 
496 |     """
497 |     limits = get_placeholder_conf("limits", placeholder.slot, template)
498 |     if limits:
499 |         global_limit = limits.get("global")
500 |         type_limit = limits.get(plugin_type)
501 |         # total plugin count
502 |         count = placeholder.get_plugins(language=language).count()
503 |         if global_limit and count >= global_limit:
504 |             raise PluginLimitReached(_("This placeholder already has the maximum number of plugins (%s)." % count))
505 |         elif type_limit:
506 |             # total plugin type count
507 |             type_count = placeholder.get_plugins(language=language).filter(plugin_type=plugin_type).count()
508 |             if type_count >= type_limit:
509 |                 plugin_name = force_str(plugin_pool.get_plugin(plugin_type).name)
510 |                 raise PluginLimitReached(
511 |                     _(
512 |                         "This placeholder already has the maximum number (%(limit)s) of allowed %(plugin_name)s plugins."
513 |                     )
514 |                     % {"limit": type_limit, "plugin_name": plugin_name}
515 |                 )
516 |     return False
```

Found function `cms/utils/permissions.py:has_page_permission`.
Source: Retrieved code content using keyword search (bm25).
```
216 | def has_page_permission(user, page, action, use_cache=True):
217 |     import warnings
218 | 
219 |     from cms.utils.compat.warnings import RemovedInDjangoCMS51Warning
220 |     from cms.utils.page_permissions import has_generic_permission
221 | 
222 |     warnings.warn("has_page_permission is deprecated. "
223 |                   "Use cms.utils.page_permissions.has_generic_permission instead.",
224 |                   RemovedInDjangoCMS51Warning, stacklevel=2)
225 | 
226 |     action_map = {
227 |         "change": "change_page",
228 |         "add": "add_page",
229 |         "move": "move_page",
230 |         "publish": "publish_page",
231 |         "delete": "delete_page",
232 |         "view": "view_page",
233 |     }
234 |     if action in action_map:
235 |         action = action_map[action]
236 | 
237 |     return has_generic_permission(page, user, action, site=page.site, check_global=False, use_cache=use_cache)
```

Found function `cms/admin/placeholderadmin.py:PlaceholderAdmin._move_plugin`.
Source: Retrieved code content using keyword search (bm25).
```
934 | def _move_plugin(self, request, plugin, target_position, target_placeholder=None, target_parent=None):
935 |         language = plugin.language
936 |         source_placeholder = plugin.placeholder
937 | 
938 |         if not self.has_move_plugin_permission(request, plugin, source_placeholder):
939 |             message = _("You have no permission to move this plugin")
940 |             raise PermissionDenied(message)
941 | 
942 |         if target_placeholder and not self.has_move_plugin_permission(request, plugin, target_placeholder):
943 |             message = _("You have no permission to move this plugin")
944 |             raise PermissionDenied(message)
945 | 
946 |         if not source_placeholder.check_source(request.user):
947 |             message = _("You have no permission to move this plugin")
948 |             raise PermissionDenied(message)
949 | 
950 |         if target_placeholder and not target_placeholder.check_source(request.user):
951 |             message = _("You have no permission to move this plugin")
952 |             raise PermissionDenied(message)
953 | 
954 |         if target_parent:
955 |             target_parent_id = target_parent.pk
956 |         else:
957 |             target_parent_id = None
958 | 
959 |         action_token = self._send_pre_placeholder_operation(
960 |             request,
961 |             operation=operations.MOVE_PLUGIN,
962 |             plugin=plugin,
963 |             source_language=plugin.language,
964 |             source_placeholder=source_placeholder,
965 |             source_parent_id=plugin.parent_id,
966 |             target_language=language,
967 |             target_placeholder=(target_placeholder or source_placeholder),
968 |             target_parent_id=target_parent_id,
969 |         )
970 | 
971 |         source_placeholder.move_plugin(
972 |             plugin=plugin,
973 |             target_position=target_position,
974 |             target_placeholder=target_placeholder,
975 |             target_plugin=target_parent,
976 |         )
977 | 
978 |         # Refresh plugin to get new position values
979 |         updated_plugin = plugin.reload()
980 |         if target_placeholder:
981 |             target_placeholder.clear_cache(language)
982 |         source_placeholder.clear_cache(language)
983 | 
984 |         self._send_post_placeholder_operation(
985 |             request,
986 |             operation=operations.MOVE_PLUGIN,
987 |             plugin=updated_plugin.get_bound_plugin(),
988 |             token=action_token,
989 |             source_language=language,
990 |             source_placeholder=source_placeholder,
991 |             source_parent_id=updated_plugin.parent_id,
992 |             target_language=language,
993 |             target_placeholder=(target_placeholder or source_placeholder),
994 |             target_parent_id=target_parent_id,
995 |         )
996 |         return updated_plugin
```



##Searching for term "Plugin tree update incomplete after move move plugin action"...
### Search Result:
Found function `cms/utils/plugins.py:get_plugin_class`.
Source: Retrieved entity using keyword search (bm25).
```
27 | def get_plugin_class(plugin_type: str) -> type[CMSPluginBase]:
28 |     """Returns the plugin class for a given plugin_type (str)"""
29 |     return plugin_pool.get_plugin(plugin_type)
```

Found function `cms/utils/plugins.py:get_plugin_model`.
Source: Retrieved entity using keyword search (bm25).
```
32 | def get_plugin_model(plugin_type: str) -> CMSPlugin:
33 |     """Returns the plugin model class for a given plugin_type (str)"""
34 |     return get_plugin_class(plugin_type).model
```

Found function `cms/utils/plugins.py:assign_plugins`.
Source: Retrieved entity using keyword search (bm25).
```
 67 | def assign_plugins(request, placeholders, template=None, lang=None):
 68 |     """
 69 |     Fetch all plugins for the given ``placeholders`` and
 70 |     cast them down to the concrete instances in one query
 71 |     per type.
 72 | 
 73 |     :param request: The current request.
 74 |     :param placeholders: An iterable of placeholder objects.
 75 |     :param template: (optional) The template object.
 76 |     :param lang: (optional) The language code.
 77 | 
 78 |     This method assigns plugins to the given placeholders. It retrieves the plugins from the database based on the
 79 |     placeholders and the language. The plugins are then downcasted to their specific plugin types.
 80 | 
 81 |     The plugins are split up by placeholder and stored in a dictionary where the key is the placeholder ID and the
 82 |     value is a list of plugins.
 83 | 
 84 |     For each placeholder, if there are plugins assigned to it, the plugins are organized as a layered tree structure.
 85 |     Otherwise, an empty list is assigned.
 86 | 
 87 |     The list of all plugins for each placeholder is stored in the `_all_plugins_cache` attribute of the placeholder,
 88 |     while the list of root plugins is stored in the `_plugins_cache` attribute
 89 |     """
 90 |     if not placeholders:
 91 |         return
 92 |     placeholders = tuple(placeholders)  # Trigger db hit
 93 |     lang = lang or get_language_from_request(request)
 94 |     plugins = list(CMSPlugin.objects.filter(placeholder__in=placeholders, language=lang))
 95 |     if not plugins:
 96 |         # Create default plugins if enabled
 97 |         plugins = create_default_plugins(request, placeholders, template, lang)
 98 |     else:
 99 |         plugins = downcast_plugins(plugins, placeholders, request=request)
100 | 
101 |     # split the plugins up by placeholder
102 |     plugins_by_placeholder = defaultdict(list)
103 | 
104 |     for plugin in plugins:
105 |         plugins_by_placeholder[plugin.placeholder_id].append(plugin)
106 | 
107 |     for placeholder in placeholders:
108 |         all_plugins = plugins_by_placeholder[placeholder.pk]
109 | 
110 |         if all_plugins:
111 |             layered_plugins = get_plugins_as_layered_tree(all_plugins)
112 |         else:
113 |             layered_plugins = []
114 |         # This is all the plugins.
115 |         placeholder._all_plugins_cache = all_plugins
116 |         # This is only the root plugins.
117 |         placeholder._plugins_cache = layered_plugins
```
Finding newlines for mmindex:   0%|          | 0.00/2.96M [00:00<?, ?B/s]Finding newlines for mmindex: 100%|##########| 2.96M/2.96M [00:00<00:00, 554MB/s]

2026-09-14 22:33:35 utils.py INFO 
LiteLLM completion() model= qwen/qwen3-coder; provider = openrouter
2026-09-14 22:33:38 utils.py INFO Wrapper: Completed Call, calling success_handler
2026-09-14 22:33:38 auto_search_main.py INFO Executing code:
```
print(get_entity_contents(**{'entity_names': ['cms/models/placeholdermodel.py:Placeholder.move_plugin', 'cms/models/placeholdermodel.py:Placeholder._move_plugin_to_placeholder', 'cms/admin/placeholderadmin.py:PlaceholderAdmin._move_plugin', 'cms/plugin_base.py:CMSPluginBase.render_close_frame']}))
```
2026-09-14 22:33:38 auto_search_main.py INFO OBSERVATION:
##Searching for entity `cms/models/placeholdermodel.py:Placeholder.move_plugin`...
### Search Result:
Found function `cms/models/placeholdermodel.py:Placeholder.move_plugin`.
Source: Exact match found for entity name `cms/models/placeholdermodel.py:Placeholder.move_plugin`.
```
496 | def move_plugin(self, plugin, target_position, target_placeholder=None, target_plugin=None):
497 |         """
498 |         .. versionadded:: 4.0
499 | 
500 |         Moves a plugin within the placeholder (``target_placeholder=None``) or to another placeholder.
501 | 
502 |         :param plugin: Plugin to move
503 |         :type plugin: :class:`cms.models.pluginmodel.CMSPlugin` instance
504 |         :param int target_position: The plugin's new position
505 |         :param  target_placeholder: Placeholder to move plugin to (or ``None``)
506 |         :type target_placeholder: :class:`cms.models.placeholdermodel.Placeholder` instance
507 |         :param target_plugin: New parent plugin (or ``None``). The target plugin must be in the same placeholder
508 |            or in the ``target_placeholder`` if one is given.
509 |         :type target_plugin: :class:`cms.models.pluginmodel.CMSPlugin` instance
510 | 
511 |         The ``target_position`` is enumerated from the start of the palceholder's plugin tree (1) to
512 |         the last plugin (*n*, where *n* is the number of plugins in the placeholder).
513 |         """
514 | 
515 |         if target_placeholder:
516 |             return self._move_plugin_to_placeholder(
517 |                 plugin=plugin,
518 |                 target_position=target_position,
519 |                 target_placeholder=target_placeholder,
520 |                 target_plugin=target_plugin,
521 |             )
522 | 
523 |         target_tree = self.get_plugins(plugin.language)
524 |         last_plugin = self.get_last_plugin(plugin.language)
525 |         source_plugin_desc_count = plugin._get_descendants_count()
526 |         # Attn: The following line assumes that all children and grand-children have consecutive positions!
527 |         source_plugin_range = (plugin.position, plugin.position + source_plugin_desc_count)
528 | 
529 |         if target_position < plugin.position:
530 |             # Moving left
531 |             # Make a big hole on the right side of the current plugin's position
532 |             # by shifting all right nodes further to the right, excluding the current plugin
533 |             # but including the target plugin and its descendants.
534 |             (target_tree.filter(position__gte=target_position).exclude(position__range=source_plugin_range)).update(
535 |                 position=(models.F("position") + last_plugin.position)
536 |             )
537 | 
538 |             # Make a big hole on the left side of the current plugin's position
539 |             # by shifting all right nodes further the right, including the current plugin
540 |             # and its descendants.
541 |             target_tree.filter(position__lte=source_plugin_range[1]).update(
542 |                 position=models.F("position") - last_plugin.position
543 |             )
544 |         else:
545 |             # Moving right
546 |             # Make a big hole on the left side of the target position,
547 |             # by shifting all left nodes further to the left, excluding the current plugin
548 |             # but including the target plugin and its descendants.
549 |             # Left node in the common case is target_position but if the current plugin
550 |             # has descendants then left node is the closest node to the right side of the
551 |             # last descendant.
552 |             (
553 |                 target_tree.filter(position__lte=target_position + source_plugin_desc_count).exclude(
554 |                     position__range=source_plugin_range
555 |                 )
556 |             ).update(position=(models.F("position") - last_plugin.position))
557 | 
558 |             # Make a big hole on the right side of the current plugin's position
559 |             # by shifting all right nodes further the right, including the current plugin
560 |             # and its descendants.
561 |             target_tree.filter(position__gte=plugin.position).update(
562 |                 position=models.F("position") + last_plugin.position
563 |             )
564 | 
565 |         if plugin.parent != target_plugin:
566 |             # Plugin is being moved to another tree (under another parent)
567 |             # OR plugin is being moved to the root (no parent)
568 |             plugin.update(parent=target_plugin)
569 |         # The plugin tree was shifted to the right to make space,
570 |         # Squash all plugin positions in the tree to close any holes.
571 |         self._recalculate_plugin_positions(plugin.language)
```


##Searching for entity `cms/models/placeholdermodel.py:Placeholder._move_plugin_to_placeholder`...
### Search Result:
Found function `cms/models/placeholdermodel.py:Placeholder._move_plugin_to_placeholder`.
Source: Exact match found for entity name `cms/models/placeholdermodel.py:Placeholder._move_plugin_to_placeholder`.
```
573 | def _move_plugin_to_placeholder(self, plugin, target_position, target_placeholder, target_plugin=None):
574 |         source_last_plugin = self.get_last_plugin(plugin.language)
575 |         target_last_plugin = target_placeholder.get_last_plugin(plugin.language)
576 | 
577 |         plugin_descendants = plugin.get_descendants()
578 |         if target_last_plugin:
579 |             source_length = source_last_plugin.position
580 |             target_length = target_last_plugin.position
581 |             plugins_to_move_count = 1 + len(plugin_descendants)  # parent plus descendants
582 | 
583 |             source_offset = (
584 |                 max(
585 |                     # far enough to shift behind current last source position
586 |                     source_length,
587 |                     # far enough to be shifted behind last target position plus no. of moved plugins
588 |                     target_length + plugins_to_move_count,
589 |                 )
590 |                 - plugin.position
591 |                 + 1
592 |             )
593 | 
594 |             # move target position counter to at least behind
595 |             target_offset = max(
596 |                 # far enough to shift behind current last target position
597 |                 target_length - target_position + 1,
598 |                 # far enough to leave enough space to move back
599 |                 plugin.position + source_offset - target_position + plugins_to_move_count + 1,
600 |             )
601 |             target_placeholder._shift_plugin_positions(
602 |                 plugin.language,
603 |                 start=target_position,
604 |                 offset=target_offset,
605 |             )
606 |         else:
607 |             # moving to empty placeholder:
608 |             # Move out (remaining) plugins right behind last source position to be able to recalculate
609 |             source_offset = source_last_plugin.position
610 | 
611 |         # Shift all plugins whose position is greater than or equal to
612 |         # the plugin being moved. This includes the plugin itself.
613 |         # This is to create enough space in-between for the squashing
614 |         # to work without conflicts.
615 |         self._shift_plugin_positions(
616 |             plugin.language,
617 |             start=plugin.position,
618 |             offset=source_offset,
619 |         )
620 | 
621 |         plugin.update(parent=target_plugin, placeholder=target_placeholder)
622 |         # TODO: More efficient is to do raw sql update
623 |         plugin_descendants.update(placeholder=target_placeholder)
624 |         self._recalculate_plugin_positions(plugin.language)
625 |         target_placeholder._recalculate_plugin_positions(plugin.language)
```


##Searching for entity `cms/admin/placeholderadmin.py:PlaceholderAdmin._move_plugin`...
### Search Result:
Found function `cms/admin/placeholderadmin.py:PlaceholderAdmin._move_plugin`.
Source: Exact match found for entity name `cms/admin/placeholderadmin.py:PlaceholderAdmin._move_plugin`.
```
934 | def _move_plugin(self, request, plugin, target_position, target_placeholder=None, target_parent=None):
935 |         language = plugin.language
936 |         source_placeholder = plugin.placeholder
937 | 
938 |         if not self.has_move_plugin_permission(request, plugin, source_placeholder):
939 |             message = _("You have no permission to move this plugin")
940 |             raise PermissionDenied(message)
941 | 
942 |         if target_placeholder and not self.has_move_plugin_permission(request, plugin, target_placeholder):
943 |             message = _("You have no permission to move this plugin")
944 |             raise PermissionDenied(message)
945 | 
946 |         if not source_placeholder.check_source(request.user):
947 |             message = _("You have no permission to move this plugin")
948 |             raise PermissionDenied(message)
949 | 
950 |         if target_placeholder and not target_placeholder.check_source(request.user):
951 |             message = _("You have no permission to move this plugin")
952 |             raise PermissionDenied(message)
953 | 
954 |         if target_parent:
955 |             target_parent_id = target_parent.pk
956 |         else:
957 |             target_parent_id = None
958 | 
959 |         action_token = self._send_pre_placeholder_operation(
960 |             request,
961 |             operation=operations.MOVE_PLUGIN,
962 |             plugin=plugin,
963 |             source_language=plugin.language,
964 |             source_placeholder=source_placeholder,
965 |             source_parent_id=plugin.parent_id,
966 |             target_language=language,
967 |             target_placeholder=(target_placeholder or source_placeholder),
968 |             target_parent_id=target_parent_id,
969 |         )
970 | 
971 |         source_placeholder.move_plugin(
972 |             plugin=plugin,
973 |             target_position=target_position,
974 |             target_placeholder=target_placeholder,
975 |             target_plugin=target_parent,
976 |         )
977 | 
978 |         # Refresh plugin to get new position values
979 |         updated_plugin = plugin.reload()
980 |         if target_placeholder:
981 |             target_placeholder.clear_cache(language)
982 |         source_placeholder.clear_cache(language)
983 | 
984 |         self._send_post_placeholder_operation(
985 |             request,
986 |             operation=operations.MOVE_PLUGIN,
987 |             plugin=updated_plugin.get_bound_plugin(),
988 |             token=action_token,
989 |             source_language=language,
990 |             source_placeholder=source_placeholder,
991 |             source_parent_id=updated_plugin.parent_id,
992 |             target_language=language,
993 |             target_placeholder=(target_placeholder or source_placeholder),
994 |             target_parent_id=target_parent_id,
995 |         )
996 |         return updated_plugin
```


##Searching for entity `cms/plugin_base.py:CMSPluginBase.render_close_frame`...
### Search Result:
Found function `cms/plugin_base.py:CMSPluginBase.render_close_frame`.
Source: Exact match found for entity name `cms/plugin_base.py:CMSPluginBase.render_close_frame`.
```
476 | def render_close_frame(
477 |         self,
478 |         request: HttpRequest,
479 |         obj: Optional[CMSPlugin],
480 |         action: Optional[str] = "edit",
481 |         extra_data: Optional[Context] = None,
482 |         extra_context: Optional[Context] = None,
483 |     ) -> HttpResponse:
484 |         """
485 |         Renders the close frame for a CMS plugin in the Django admin interface.
486 | 
487 |         This method is used to send information to the javascript frontend
488 |         after an edit action has taken place. It allows the javascript frontend
489 |         to update the structure and content on the edit endpoints.
490 | 
491 |         Args:
492 |             request (HttpRequest): The HTTP request object.
493 |             obj (CMSPlugin): The CMS plugin instance being rendered.
494 |             action (Optional[str]): The action being performed on the plugin.
495 |                 Defaults to "edit". Possible values are "add", "edit", "move", and "delete".
496 |             extra_data (Optional[Context]): Additional data to include in
497 |                 the data bridge to the frontend. Defaults to None.
498 |             extra_context (Optional[Context]): Additional context to include in
499 |                 the rendering. Defaults to None.
500 | 
501 |         Returns:
502 |             HttpResponse: The rendered confirmation form as an HTTP response.
503 | 
504 |         Raises:
505 |             ObjectDoesNotExist: If the parent plugin is a ghost plugin and the
506 |                 plugin tree cannot be fetched.
507 | 
508 |         Notes:
509 |             - Handles edge cases where the parent plugin is a ghost plugin.
510 |             - Constructs the plugin tree structure and gathers plugin-specific
511 |               data for rendering.
512 |             - Includes messages from the request in the context.
513 |         """
514 | 
515 |         dj_messages = [{
516 |                     'level': message.level,
517 |                     'message': message.message,
518 |                     'tags': message.tags,
519 |                     } for message in messages.get_messages(request)]
520 | 
521 |         if not obj:
522 |             # No object specified - just close the modal frame
523 |             context = {
524 |                 "is_popup": True,
525 |                 "data_bridge": {
526 |                     "action": action,
527 |                     "messages": dj_messages,
528 |                     **(extra_data or {}),
529 |                 },
530 |                 **(extra_context or {}),
531 |             }
532 |             return TemplateResponse(
533 |                 request, 'admin/cms/page/plugin/confirm_form.html', context
534 |             )
535 | 
536 |         try:
537 |             root = obj.parent.get_bound_plugin() if obj.parent else obj
538 |         except ObjectDoesNotExist:
539 |             # This is a nasty edge-case.
540 |             # If the parent plugin is a ghost plugin, fetching the plugin tree
541 |             # will fail because the downcasting function filters out all ghost plugins.
542 |             # Currently, this case is only present in the djangocms-text app
543 |             # which uses ghost plugins to create inline plugins on the text.
544 |             root = obj
545 | 
546 |         plugins = [root] + list(root.get_descendants())
547 | 
548 |         target_plugin = plugins[0] if action in ("add", "delete") else next(
549 |             (plugin for plugin in plugins if plugin.pk == obj.pk), None
550 |         )
551 |         structure = get_plugin_tree(request, plugins, target_plugin=target_plugin)
552 |         plugin_data = next((plugin_data for plugin_data in structure['plugins'] if plugin_data["plugin_id"] == obj.pk), {})
553 | 
554 |         context = {
555 |             'plugin': obj,
556 |             'is_popup': True,
557 |             'data_bridge': {
558 |                 **plugin_data,
559 |                 "action": action,
560 |                 "plugin_desc": escapejs(force_str(obj.get_short_description())),
561 |                 "structure": structure,
562 |                 "messages": dj_messages,
563 |                 **(extra_data or {}),
564 |             },
565 |             **(extra_context or {}),
566 |         }
567 | 
568 |         return TemplateResponse(
569 |             request, 'admin/cms/page/plugin/confirm_form.html', context
570 |         )
```

2026-09-14 22:33:38 utils.py INFO 
LiteLLM completion() model= qwen/qwen3-coder; provider = openrouter
2026-09-14 22:33:41 utils.py INFO Wrapper: Completed Call, calling success_handler
2026-09-14 22:33:41 auto_search_main.py INFO Executing code:
```
print(search_code_snippets(**{'search_terms': ['_recalculate_plugin_positions', 'plugin tree update', 'plugin positions']}))
```
2026-09-14 22:33:41 __init__.py DEBUG Building index from IDs objects
2026-09-14 22:33:41 __init__.py DEBUG Building index from IDs objects
2026-09-14 22:33:41 __init__.py DEBUG Building index from IDs objects
2026-09-14 22:33:41 auto_search_main.py INFO OBSERVATION:
cms/models/placeholdermodel.py:Placeholder.move_plugin
cms/models/placeholdermodel.py:Placeholder.get_first_plugin_position
cms/models/placeholdermodel.py:Placeholder.get_last_plugin_position
cms/models/placeholdermodel.py:Placeholder._shift_plugin_positions
cms/plugin_base.py:CMSPluginBase.render_close_frame
cms/models/pagemodel.py:Page._clear_placeholders
cms/models/pagemodel.py:Page.move_page
cms/admin/placeholderadmin.py:PlaceholderAdmin._paste_plugin
cms/models/placeholdermodel.py:Placeholder.add_plugin
cms/toolbar/utils.py:get_plugin_tree
cms/management/commands/subcommands/tree.py:FixTreeCommand._update_url_path_recursive
cms/admin/placeholderadmin.py:PlaceholderAdmin.move_plugin
cms/models/placeholdermodel.py:Placeholder._move_plugin_to_placeholder
cms/models/placeholdermodel.py:Placeholder.move_plugin
cms/models/placeholdermodel.py:Placeholder._move_plugin_to_placeholder
cms/models/placeholdermodel.py:Placeholder.add_plugin
cms/api.py:add_plugin
cms/migrations/0024_set_plugin_absolute_position.py:Migration
cms/migrations/0024_set_plugin_absolute_position.py:set_plugin_absolute_position
cms/utils/plugins.py:copy_plugins_to_placeholder
cms/models/placeholdermodel.py:Placeholder.move_plugin
cms/models/placeholdermodel.py:Placeholder.get_next_plugin_position
cms/models/placeholdermodel.py:Placeholder.get_last_plugin
cms/models/placeholdermodel.py:Placeholder.delete_plugin
cms/admin/forms.py:PluginAddValidationForm.clean
cms/models/placeholdermodel.py:Placeholder.move_plugin
cms/models/placeholdermodel.py:Placeholder.get_first_plugin_position
cms/models/placeholdermodel.py:Placeholder.get_last_plugin_position
cms/models/placeholdermodel.py:Placeholder._shift_plugin_positions
cms/models/placeholdermodel.py:Placeholder.add_plugin
cms/models/placeholdermodel.py:Placeholder._move_plugin_to_placeholder
cms/models/pagemodel.py:Page._clear_placeholders
cms/models/pagemodel.py:Page.move_page
cms/migrations/0024_set_plugin_absolute_position.py:Migration
cms/migrations/0024_set_plugin_absolute_position.py:set_plugin_absolute_position
cms/admin/placeholderadmin.py:PlaceholderAdmin._paste_plugin
cms/models/placeholdermodel.py:Placeholder.move_plugin
cms/models/placeholdermodel.py:Placeholder.delete_plugin
cms/utils/plugins.py:copy_plugins_to_placeholder
##Searching for term "_recalculate_plugin_positions"...
### Search Result:
Found function `cms/models/placeholdermodel.py:Placeholder._recalculate_plugin_positions`.
Source: Match found for entity name `_recalculate_plugin_positions`.
```
701 | def _recalculate_plugin_positions(self, language):
702 |         from cms.models.pluginmodel import (
703 |             CMSPlugin,
704 |             _get_database_cursor,
705 |             _get_database_vendor,
706 |         )
707 | 
708 |         cursor = _get_database_cursor("write")
709 |         db_vendor = _get_database_vendor("write")
710 | 
711 |         if db_vendor in ("sqlite", "postgresql"):
712 |             sql = (
713 |                 "UPDATE {0} "
714 |                 "SET position = subquery.new_pos "
715 |                 "FROM ("
716 |                 "  SELECT  ID, ROW_NUMBER() OVER (ORDER BY position, id) AS new_pos "
717 |                 "  FROM {0} WHERE placeholder_id=%s AND language=%s "
718 |                 ") subquery "
719 |                 "WHERE {0}.id=subquery.id"
720 |             )
721 |             sql = sql.format(connection.ops.quote_name(CMSPlugin._meta.db_table))
722 |             cursor.execute(sql, [self.pk, language])
723 |         elif db_vendor == "mysql":
724 |             sql = (
725 |                 "UPDATE {0} "
726 |                 "SET position = ("
727 |                 "SELECT COUNT(*)+1 FROM (SELECT * FROM {0}) t "
728 |                 "WHERE placeholder_id={0}.placeholder_id AND language={0}.language "
729 |                 "AND {0}.position > t.position"
730 |                 ") WHERE placeholder_id=%s AND language=%s"
731 |             )
732 |             sql = sql.format(connection.ops.quote_name(CMSPlugin._meta.db_table))
733 |             cursor.execute(sql, [self.pk, language])
734 |         elif db_vendor == "oracle":
735 |             sql = (
736 |                 "UPDATE {0} "
737 |                 "SET position = ("
738 |                 "SELECT COUNT(*)+1 FROM (SELECT * FROM {0}) t "
739 |                 "WHERE placeholder_id={0}.placeholder_id AND language={0}.language "
740 |                 "AND {0}.position > t.position"
741 |                 ") WHERE placeholder_id=%s AND language=%s"
742 |             )
743 |             sql = sql.format(connection.ops.quote_name(CMSPlugin._meta.db_table))
744 |             cursor.execute(sql, [self.pk, language])
745 |         else:
746 |             raise RuntimeError(f"{connection.vendor} is not supported by django-cms")
```



##Searching for term "plugin tree update"...
### Search Result:
Found function `cms/models/pluginmodel.py:CMSPlugin.update`.
Source: Retrieved entity using keyword search (bm25).
```
327 | def update(self, refresh=False, **fields):
328 |         CMSPlugin.objects.filter(pk=self.pk).update(**fields)
329 |         if refresh:
330 |             return self.reload()
331 |         return
```

Found function `cms/models/contentmodels.py:PageContent.update`.
Source: Retrieved entity using keyword search (bm25).
```
163 | def update(self, **data):
164 |         for field, value in data.items():
165 |             setattr(self, field, value)
166 |         self.save(update_fields=data.keys())
```

Found function `cms/models/pagemodel.py:Page.update`.
Source: Retrieved entity using keyword search (bm25).
```
627 | def update(self, refresh=False, **data):
628 |         cls = self.__class__
629 |         cls.objects.filter(pk=self.pk).update(**data)
630 | 
631 |         if refresh:
632 |             return self.reload()
633 |         else:
634 |             for field, value in data.items():
635 |                 setattr(self, field, value)
636 |         return
```

Found function `cms/plugin_base.py:CMSPluginBase.render_close_frame`.
Source: Retrieved code content using keyword search (bm25).
```
476 | def render_close_frame(
477 |         self,
478 |         request: HttpRequest,
479 |         obj: Optional[CMSPlugin],
480 |         action: Optional[str] = "edit",
481 |         extra_data: Optional[Context] = None,
482 |         extra_context: Optional[Context] = None,
483 |     ) -> HttpResponse:
484 |         """
485 |         Renders the close frame for a CMS plugin in the Django admin interface.
486 | 
487 |         This method is used to send information to the javascript frontend
488 |         after an edit action has taken place. It allows the javascript frontend
489 |         to update the structure and content on the edit endpoints.
490 | 
491 |         Args:
492 |             request (HttpRequest): The HTTP request object.
493 |             obj (CMSPlugin): The CMS plugin instance being rendered.
494 |             action (Optional[str]): The action being performed on the plugin.
495 |                 Defaults to "edit". Possible values are "add", "edit", "move", and "delete".
496 |             extra_data (Optional[Context]): Additional data to include in
497 |                 the data bridge to the frontend. Defaults to None.
498 |             extra_context (Optional[Context]): Additional context to include in
499 |                 the rendering. Defaults to None.
500 | 
501 |         Returns:
502 |             HttpResponse: The rendered confirmation form as an HTTP response.
503 | 
504 |         Raises:
505 |             ObjectDoesNotExist: If the parent plugin is a ghost plugin and the
506 |                 plugin tree cannot be fetched.
507 | 
508 |         Notes:
509 |             - Handles edge cases where the parent plugin is a ghost plugin.
510 |             - Constructs the plugin tree structure and gathers plugin-specific
511 |               data for rendering.
512 |             - Includes messages from the request in the context.
513 |         """
514 | 
515 |         dj_messages = [{
516 |                     'level': message.level,
517 |                     'message': message.message,
518 |                     'tags': message.tags,
519 |                     } for message in messages.get_messages(request)]
520 | 
521 |         if not obj:
522 |             # No object specified - just close the modal frame
523 |             context = {
524 |                 "is_popup": True,
525 |                 "data_bridge": {
526 |                     "action": action,
527 |                     "messages": dj_messages,
528 |                     **(extra_data or {}),
529 |                 },
530 |                 **(extra_context or {}),
531 |             }
532 |             return TemplateResponse(
533 |                 request, 'admin/cms/page/plugin/confirm_form.html', context
534 |             )
535 | 
536 |         try:
537 |             root = obj.parent.get_bound_plugin() if obj.parent else obj
538 |         except ObjectDoesNotExist:
539 |             # This is a nasty edge-case.
540 |             # If the parent plugin is a ghost plugin, fetching the plugin tree
541 |             # will fail because the downcasting function filters out all ghost plugins.
542 |             # Currently, this case is only present in the djangocms-text app
543 |             # which uses ghost plugins to create inline plugins on the text.
544 |             root = obj
545 | 
546 |         plugins = [root] + list(root.get_descendants())
547 | 
548 |         target_plugin = plugins[0] if action in ("add", "delete") else next(
549 |             (plugin for plugin in plugins if plugin.pk == obj.pk), None
550 |         )
551 |         structure = get_plugin_tree(request, plugins, target_plugin=target_plugin)
552 |         plugin_data = next((plugin_data for plugin_data in structure['plugins'] if plugin_data["plugin_id"] == obj.pk), {})
553 | 
554 |         context = {
555 |             'plugin': obj,
556 |             'is_popup': True,
557 |             'data_bridge': {
558 |                 **plugin_data,
559 |                 "action": action,
560 |                 "plugin_desc": escapejs(force_str(obj.get_short_description())),
561 |                 "structure": structure,
562 |                 "messages": dj_messages,
563 |                 **(extra_data or {}),
564 |             },
565 |             **(extra_context or {}),
566 |         }
567 | 
568 |         return TemplateResponse(
569 |             request, 'admin/cms/page/plugin/confirm_form.html', context
570 |         )
```

Found file `cms/management/commands/subcommands/tree.py`.
Source: Retrieved entity using keyword search (bm25).
Hint: Search `cms/management/commands/subcommands/tree.py` for the full content if needed.



##Searching for term "plugin tree update", "plugin positions", "plugin tree update plugin positions"...
### Search Result:
Found function `cms/models/placeholdermodel.py:Placeholder.move_plugin`.
Source: Retrieved code content using keyword search (bm25).
```
496 | def move_plugin(self, plugin, target_position, target_placeholder=None, target_plugin=None):
497 |         """
498 |         .. versionadded:: 4.0
499 | 
500 |         Moves a plugin within the placeholder (``target_placeholder=None``) or to another placeholder.
501 | 
502 |         :param plugin: Plugin to move
503 |         :type plugin: :class:`cms.models.pluginmodel.CMSPlugin` instance
504 |         :param int target_position: The plugin's new position
505 |         :param  target_placeholder: Placeholder to move plugin to (or ``None``)
506 |         :type target_placeholder: :class:`cms.models.placeholdermodel.Placeholder` instance
507 |         :param target_plugin: New parent plugin (or ``None``). The target plugin must be in the same placeholder
508 |            or in the ``target_placeholder`` if one is given.
509 |         :type target_plugin: :class:`cms.models.pluginmodel.CMSPlugin` instance
510 | 
511 |         The ``target_position`` is enumerated from the start of the palceholder's plugin tree (1) to
512 |         the last plugin (*n*, where *n* is the number of plugins in the placeholder).
513 |         """
514 | 
515 |         if target_placeholder:
516 |             return self._move_plugin_to_placeholder(
517 |                 plugin=plugin,
518 |                 target_position=target_position,
519 |                 target_placeholder=target_placeholder,
520 |                 target_plugin=target_plugin,
521 |             )
522 | 
523 |         target_tree = self.get_plugins(plugin.language)
524 |         last_plugin = self.get_last_plugin(plugin.language)
525 |         source_plugin_desc_count = plugin._get_descendants_count()
526 |         # Attn: The following line assumes that all children and grand-children have consecutive positions!
527 |         source_plugin_range = (plugin.position, plugin.position + source_plugin_desc_count)
528 | 
529 |         if target_position < plugin.position:
530 |             # Moving left
531 |             # Make a big hole on the right side of the current plugin's position
532 |             # by shifting all right nodes further to the right, excluding the current plugin
533 |             # but including the target plugin and its descendants.
534 |             (target_tree.filter(position__gte=target_position).exclude(position__range=source_plugin_range)).update(
535 |                 position=(models.F("position") + last_plugin.position)
536 |             )
537 | 
538 |             # Make a big hole on the left side of the current plugin's position
539 |             # by shifting all right nodes further the right, including the current plugin
540 |             # and its descendants.
541 |             target_tree.filter(position__lte=source_plugin_range[1]).update(
542 |                 position=models.F("position") - last_plugin.position
543 |             )
544 |         else:
545 |             # Moving right
546 |             # Make a big hole on the left side of the target position,
547 |             # by shifting all left nodes further to the left, excluding the current plugin
548 |             # but including the target plugin and its descendants.
549 |             # Left node in the common case is target_position but if the current plugin
550 |             # has descendants then left node is the closest node to the right side of the
551 |             # last descendant.
552 |             (
553 |                 target_tree.filter(position__lte=target_position + source_plugin_desc_count).exclude(
554 |                     position__range=source_plugin_range
555 |                 )
556 |             ).update(position=(models.F("position") - last_plugin.position))
557 | 
558 |             # Make a big hole on the right side of the current plugin's position
559 |             # by shifting all right nodes further the right, including the current plugin
560 |             # and its descendants.
561 |             target_tree.filter(position__gte=plugin.position).update(
562 |                 position=models.F("position") + last_plugin.position
563 |             )
564 | 
565 |         if plugin.parent != target_plugin:
566 |             # Plugin is being moved to another tree (under another parent)
567 |             # OR plugin is being moved to the root (no parent)
568 |             plugin.update(parent=target_plugin)
569 |         # The plugin tree was shifted to the right to make space,
570 |         # Squash all plugin positions in the tree to close any holes.
571 |         self._recalculate_plugin_positions(plugin.language)
```

Found file `cms/utils/plugins.py`.
Source: Retrieved entity using keyword search (bm25).
Hint: Search `cms/utils/plugins.py` for the full content if needed.



##Searching for term "plugin tree update", "plugin tree update plugin positions"...
### Search Result:
Found function `cms/models/placeholdermodel.py:Placeholder.get_first_plugin_position`.
Source: Retrieved code content using keyword search (bm25).
```
679 | def get_first_plugin_position(self, language, parent=None):
680 |         tree = self.get_plugins(language)
681 | 
682 |         if parent:
683 |             tree = tree.filter(parent=parent)
684 |         return tree.values_list("position", flat=True).first()
```

Found function `cms/models/placeholdermodel.py:Placeholder.get_last_plugin_position`.
Source: Retrieved code content using keyword search (bm25).
```
686 | def get_last_plugin_position(self, language, parent=None):
687 |         if parent is None:
688 |             tree = self.get_plugins(language)
689 |         elif parent.placeholder == self:
690 |             tree = parent.get_descendants()
691 |         else:  # No last plugin if parent is not in this placeholder's plugin tree
692 |             return None
693 |         return tree.values_list("position", flat=True).last()
```

Found function `cms/models/placeholdermodel.py:Placeholder._shift_plugin_positions`.
Source: Retrieved code content using keyword search (bm25).
```
695 | def _shift_plugin_positions(self, language, start, offset=None):
696 |         if offset is None:
697 |             offset = self.get_last_plugin_position(language) or 0
698 | 
699 |         self.get_plugins(language).filter(position__gte=start).update(position=models.F("position") + offset)
```



##Searching for term "plugin positions"...
### Search Result:
Found function `cms/utils/plugins.py:get_plugins_as_layered_tree`.
Source: Retrieved entity using keyword search (bm25).
```
157 | def get_plugins_as_layered_tree(plugins):
158 |     """
159 |     Given an iterable of plugins ordered by position,
160 |     returns a deque of root plugins with their respective
161 |     children set in the child_plugin_instances attribute.
162 |     """
163 |     delayed = defaultdict(deque)
164 |     root_plugins = deque()
165 | 
166 |     for plugin in reversed(plugins):
167 |         plugin.child_plugin_instances = delayed[plugin.pk]
168 | 
169 |         if plugin.parent_id:
170 |             delayed[plugin.parent_id].appendleft(plugin)
171 |         else:
172 |             root_plugins.appendleft(plugin)
173 |     return root_plugins
```

Found function `cms/models/placeholdermodel.py:Placeholder._move_plugin_to_placeholder`.
Source: Retrieved code content using keyword search (bm25).
```
573 | def _move_plugin_to_placeholder(self, plugin, target_position, target_placeholder, target_plugin=None):
574 |         source_last_plugin = self.get_last_plugin(plugin.language)
575 |         target_last_plugin = target_placeholder.get_last_plugin(plugin.language)
576 | 
577 |         plugin_descendants = plugin.get_descendants()
578 |         if target_last_plugin:
579 |             source_length = source_last_plugin.position
580 |             target_length = target_last_plugin.position
581 |             plugins_to_move_count = 1 + len(plugin_descendants)  # parent plus descendants
582 | 
583 |             source_offset = (
584 |                 max(
585 |                     # far enough to shift behind current last source position
586 |                     source_length,
587 |                     # far enough to be shifted behind last target position plus no. of moved plugins
588 |                     target_length + plugins_to_move_count,
589 |                 )
590 |                 - plugin.position
591 |                 + 1
592 |             )
593 | 
594 |             # move target position counter to at least behind
595 |             target_offset = max(
596 |                 # far enough to shift behind current last target position
597 |                 target_length - target_position + 1,
598 |                 # far enough to leave enough space to move back
599 |                 plugin.position + source_offset - target_position + plugins_to_move_count + 1,
600 |             )
601 |             target_placeholder._shift_plugin_positions(
602 |                 plugin.language,
603 |                 start=target_position,
604 |                 offset=target_offset,
605 |             )
606 |         else:
607 |             # moving to empty placeholder:
608 |             # Move out (remaining) plugins right behind last source position to be able to recalculate
609 |             source_offset = source_last_plugin.position
610 | 
611 |         # Shift all plugins whose position is greater than or equal to
612 |         # the plugin being moved. This includes the plugin itself.
613 |         # This is to create enough space in-between for the squashing
614 |         # to work without conflicts.
615 |         self._shift_plugin_positions(
616 |             plugin.language,
617 |             start=plugin.position,
618 |             offset=source_offset,
619 |         )
620 | 
621 |         plugin.update(parent=target_plugin, placeholder=target_placeholder)
622 |         # TODO: More efficient is to do raw sql update
623 |         plugin_descendants.update(placeholder=target_placeholder)
624 |         self._recalculate_plugin_positions(plugin.language)
625 |         target_placeholder._recalculate_plugin_positions(plugin.language)
```

Found function `cms/api.py:add_plugin`.
Source: Retrieved code content using keyword search (bm25).
```
372 | def add_plugin(placeholder, plugin_type, language, position='last-child',
373 |                target=None, **data):
374 |     """
375 |     Adds a plugin to a placeholder and returns it.
376 | 
377 |     :param placeholder: Placeholder to add the plugin to
378 |     :type placeholder: :class:`cms.models.placeholdermodel.Placeholder` instance
379 |     :param plugin_type: What type of plugin to add
380 |     :type plugin_type: str or :class:`cms.plugin_base.CMSPluginBase` sub-class, must be a valid plugin
381 |     :param str language: Language code for this plugin, must be in :setting:`django:LANGUAGES`
382 |     :param str position: Position to add this plugin to the placeholder. Allowed positions are ``"last-child"``
383 |                          (default), ``"first-child"``, ``"left"``, ``"right"``.
384 |     :param target: Parent plugin. Must be plugin instance
385 |     :param data: Data for the plugin type instance
386 |     """
387 |     # validate placeholder
388 |     assert isinstance(placeholder, Placeholder)
389 | 
390 |     # validate and normalize plugin type
391 |     plugin_model, plugin_type = _verify_plugin_type(plugin_type)
392 | 
393 |     if target:
394 |         if position == 'last-child':
395 |             new_pos = placeholder.get_next_plugin_position(language, parent=target, insert_order='last')
396 |             parent_id = target.pk
397 |         elif position == 'first-child':
398 |             new_pos = placeholder.get_next_plugin_position(language, parent=target, insert_order='first')
399 |             parent_id = target.pk
400 |         elif position == 'left':
401 |             new_pos = target.position
402 |             parent_id = target.parent_id
403 |         elif position == 'right':
404 |             new_pos = target.position + 1 + target._get_descendants_count()
405 |             parent_id = target.parent_id
406 |         else:
407 |             raise Exception('position not supported: %s' % position)
408 |     else:
409 |         assert position in ('first-child', 'last-child')
410 |         if position == 'last-child':
411 |             new_pos = placeholder.get_next_plugin_position(language, insert_order='last')
412 |         else:
413 |             new_pos = 1
414 |         parent_id = None
415 | 
416 |     plugin_base = CMSPlugin(
417 |         plugin_type=plugin_type,
418 |         placeholder=placeholder,
419 |         position=new_pos,
420 |         language=language,
421 |         parent_id=parent_id,
422 |     )
423 |     plugin_base = placeholder.add_plugin(plugin_base)
424 |     plugin = plugin_model(**data)
425 |     plugin_base.set_base_attr(plugin)
426 |     plugin.save()
427 |     return plugin
```

Found class `cms/migrations/0024_set_plugin_absolute_position.py:Migration`.
Source: Retrieved code content using keyword search (bm25).
```
59 | class Migration(migrations.Migration):
60 | 
61 |     dependencies = [
62 |         ('cms', '0023_placeholder_source_field'),
63 |     ]
64 | 
65 |     operations = [
66 |         migrations.RunPython(set_plugin_absolute_position),
67 |     ]
```



##Searching for term "plugin positions", "plugin tree update plugin positions"...
### Search Result:
Found function `cms/utils/plugins.py:get_plugin_class`.
Source: Retrieved entity using keyword search (bm25).
```
27 | def get_plugin_class(plugin_type: str) -> type[CMSPluginBase]:
28 |     """Returns the plugin class for a given plugin_type (str)"""
29 |     return plugin_pool.get_plugin(plugin_type)
```

Found function `cms/utils/plugins.py:get_plugin_model`.
Source: Retrieved entity using keyword search (bm25).
```
32 | def get_plugin_model(plugin_type: str) -> CMSPlugin:
33 |     """Returns the plugin model class for a given plugin_type (str)"""
34 |     return get_plugin_class(plugin_type).model
```

Found function `cms/models/placeholdermodel.py:Placeholder.add_plugin`.
Source: Retrieved code content using keyword search (bm25).
```
451 | def add_plugin(self, instance):
452 |         """
453 |         .. versionadded:: 4.0
454 | 
455 |         Adds a plugin to the placeholder. The plugin's position field must be set to the target
456 |         position. Positions are enumerated from the start of the palceholder's plugin tree (1) to
457 |         the last plugin (*n*, where *n* is the number of plugins in the placeholder).
458 | 
459 |         :param instance: Plugin to add. It's position parameter needs to be set.
460 |         :type instance: :class:`cms.models.pluginmodel.CMSPlugin` instance
461 | 
462 |         .. note::
463 |             As of version 4 of django CMS the position counter does not re-start at 1 for the first
464 |             child plugin. The ``position`` field  and ``language`` field are unique for a placeholder.
465 | 
466 |         Example::
467 | 
468 |             new_child = MyCoolPlugin()
469 |             new_child.position = (
470 |                 parent_plugin.position + 1
471 |             )  # add as first child: directly after parent
472 |             parent_plugin.placeholder.add(new_child)
473 | 
474 |         """
475 |         last_position = self.get_last_plugin_position(instance.language) or 0
476 |         # A shift is only needed if the distance between the new plugin
477 |         # and the last plugin is greater than 1 position.
478 |         needs_shift = (instance.position - last_position) < 1
479 | 
480 |         if needs_shift:
481 |             # shift to the right
482 |             self._shift_plugin_positions(
483 |                 instance.language,
484 |                 start=instance.position,
485 |                 offset=last_position - instance.position + 2,  # behind last_position plus one to shift back
486 |             )
487 | 
488 |         instance.save()
489 | 
490 |         if needs_shift:
491 |             # The plugin tree was shifted to the right to make space,
492 |             # now squash all plugins in the tree to close any holes.
493 |             self._recalculate_plugin_positions(instance.language)
494 |         return instance
```



##Searching for term "plugin tree update plugin positions"...
### Search Result:
Found function `cms/utils/plugins.py:assign_plugins`.
Source: Retrieved entity using keyword search (bm25).
```
 67 | def assign_plugins(request, placeholders, template=None, lang=None):
 68 |     """
 69 |     Fetch all plugins for the given ``placeholders`` and
 70 |     cast them down to the concrete instances in one query
 71 |     per type.
 72 | 
 73 |     :param request: The current request.
 74 |     :param placeholders: An iterable of placeholder objects.
 75 |     :param template: (optional) The template object.
 76 |     :param lang: (optional) The language code.
 77 | 
 78 |     This method assigns plugins to the given placeholders. It retrieves the plugins from the database based on the
 79 |     placeholders and the language. The plugins are then downcasted to their specific plugin types.
 80 | 
 81 |     The plugins are split up by placeholder and stored in a dictionary where the key is the placeholder ID and the
 82 |     value is a list of plugins.
 83 | 
 84 |     For each placeholder, if there are plugins assigned to it, the plugins are organized as a layered tree structure.
 85 |     Otherwise, an empty list is assigned.
 86 | 
 87 |     The list of all plugins for each placeholder is stored in the `_all_plugins_cache` attribute of the placeholder,
 88 |     while the list of root plugins is stored in the `_plugins_cache` attribute
 89 |     """
 90 |     if not placeholders:
 91 |         return
 92 |     placeholders = tuple(placeholders)  # Trigger db hit
 93 |     lang = lang or get_language_from_request(request)
 94 |     plugins = list(CMSPlugin.objects.filter(placeholder__in=placeholders, language=lang))
 95 |     if not plugins:
 96 |         # Create default plugins if enabled
 97 |         plugins = create_default_plugins(request, placeholders, template, lang)
 98 |     else:
 99 |         plugins = downcast_plugins(plugins, placeholders, request=request)
100 | 
101 |     # split the plugins up by placeholder
102 |     plugins_by_placeholder = defaultdict(list)
103 | 
104 |     for plugin in plugins:
105 |         plugins_by_placeholder[plugin.placeholder_id].append(plugin)
106 | 
107 |     for placeholder in placeholders:
108 |         all_plugins = plugins_by_placeholder[placeholder.pk]
109 | 
110 |         if all_plugins:
111 |             layered_plugins = get_plugins_as_layered_tree(all_plugins)
112 |         else:
113 |             layered_plugins = []
114 |         # This is all the plugins.
115 |         placeholder._all_plugins_cache = all_plugins
116 |         # This is only the root plugins.
117 |         placeholder._plugins_cache = layered_plugins
```

2026-09-14 22:33:41 utils.py INFO 
LiteLLM completion() model= qwen/qwen3-coder; provider = openrouter
2026-09-14 22:33:49 utils.py INFO Wrapper: Completed Call, calling success_handler
2026-09-14 22:33:49 auto_search_main.py INFO Executing code:
```
print(get_entity_contents(**{'entity_names': ['cms/models/placeholdermodel.py:Placeholder._recalculate_plugin_positions']}))
```
2026-09-14 22:33:49 auto_search_main.py INFO OBSERVATION:
##Searching for entity `cms/models/placeholdermodel.py:Placeholder._recalculate_plugin_positions`...
### Search Result:
Found function `cms/models/placeholdermodel.py:Placeholder._recalculate_plugin_positions`.
Source: Exact match found for entity name `cms/models/placeholdermodel.py:Placeholder._recalculate_plugin_positions`.
```
701 | def _recalculate_plugin_positions(self, language):
702 |         from cms.models.pluginmodel import (
703 |             CMSPlugin,
704 |             _get_database_cursor,
705 |             _get_database_vendor,
706 |         )
707 | 
708 |         cursor = _get_database_cursor("write")
709 |         db_vendor = _get_database_vendor("write")
710 | 
711 |         if db_vendor in ("sqlite", "postgresql"):
712 |             sql = (
713 |                 "UPDATE {0} "
714 |                 "SET position = subquery.new_pos "
715 |                 "FROM ("
716 |                 "  SELECT  ID, ROW_NUMBER() OVER (ORDER BY position, id) AS new_pos "
717 |                 "  FROM {0} WHERE placeholder_id=%s AND language=%s "
718 |                 ") subquery "
719 |                 "WHERE {0}.id=subquery.id"
720 |             )
721 |             sql = sql.format(connection.ops.quote_name(CMSPlugin._meta.db_table))
722 |             cursor.execute(sql, [self.pk, language])
723 |         elif db_vendor == "mysql":
724 |             sql = (
725 |                 "UPDATE {0} "
726 |                 "SET position = ("
727 |                 "SELECT COUNT(*)+1 FROM (SELECT * FROM {0}) t "
728 |                 "WHERE placeholder_id={0}.placeholder_id AND language={0}.language "
729 |                 "AND {0}.position > t.position"
730 |                 ") WHERE placeholder_id=%s AND language=%s"
731 |             )
732 |             sql = sql.format(connection.ops.quote_name(CMSPlugin._meta.db_table))
733 |             cursor.execute(sql, [self.pk, language])
734 |         elif db_vendor == "oracle":
735 |             sql = (
736 |                 "UPDATE {0} "
737 |                 "SET position = ("
738 |                 "SELECT COUNT(*)+1 FROM (SELECT * FROM {0}) t "
739 |                 "WHERE placeholder_id={0}.placeholder_id AND language={0}.language "
740 |                 "AND {0}.position > t.position"
741 |                 ") WHERE placeholder_id=%s AND language=%s"
742 |             )
743 |             sql = sql.format(connection.ops.quote_name(CMSPlugin._meta.db_table))
744 |             cursor.execute(sql, [self.pk, language])
745 |         else:
746 |             raise RuntimeError(f"{connection.vendor} is not supported by django-cms")
```

2026-09-14 22:33:49 utils.py INFO 
LiteLLM completion() model= qwen/qwen3-coder; provider = openrouter
2026-09-14 22:33:52 utils.py INFO Wrapper: Completed Call, calling success_handler
2026-09-14 22:33:52 utils.py INFO 
LiteLLM completion() model= qwen/qwen3-coder; provider = openrouter
2026-09-14 22:33:55 utils.py INFO Wrapper: Completed Call, calling success_handler
2026-09-14 22:33:55 auto_search_main.py INFO Executing code:
```
print(search_code_snippets(**{'search_terms': ['move plugin', 'plugin tree', ' positions', 'recalculate']}))
```
2026-09-14 22:33:55 __init__.py DEBUG Building index from IDs objects
2026-09-14 22:33:55 __init__.py DEBUG Building index from IDs objects
2026-09-14 22:33:56 __init__.py DEBUG Building index from IDs objects
2026-09-14 22:33:56 __init__.py DEBUG Building index from IDs objects
2026-09-14 22:33:56 __init__.py DEBUG Building index from IDs objects
2026-09-14 22:33:56 __init__.py DEBUG Building index from IDs objects
2026-09-14 22:33:56 __init__.py DEBUG Building index from IDs objects
2026-09-14 22:33:56 auto_search_main.py INFO OBSERVATION:
cms/models/placeholdermodel.py:Placeholder._move_plugin_to_placeholder
cms/admin/placeholderadmin.py:PlaceholderAdmin._move_plugin
cms/models/placeholdermodel.py:Placeholder.move_plugin
cms/models/placeholdermodel.py:Placeholder.move_plugin
cms/models/pagemodel.py:Page._clear_placeholders
cms/models/pagemodel.py:Page.move_page
cms/admin/placeholderadmin.py:PlaceholderAdmin.get_urls
cms/admin/forms.py:MovePageForm.get_tree_options
cms/admin/forms.py:MovePageForm.move_page
cms/admin/forms.py:MovePageForm.clean
cms/admin/forms.py:MovePageForm
cms/admin/placeholderadmin.py:PlaceholderAdmin.move_plugin
cms/plugin_base.py:CMSPluginBase
cms/models/placeholdermodel.py:Placeholder.get_first_plugin_position
cms/models/placeholdermodel.py:Placeholder.get_last_plugin_position
cms/models/placeholdermodel.py:Placeholder._shift_plugin_positions
cms/models/placeholdermodel.py:Placeholder.add_plugin
cms/toolbar/utils.py:get_plugin_tree
cms/models/placeholdermodel.py:Placeholder.move_plugin
cms/plugin_base.py:CMSPluginBase.render_close_frame
cms/models/placeholdermodel.py:Placeholder.move_plugin
cms/models/placeholdermodel.py:Placeholder.delete_plugin
cms/plugin_base.py:CMSPluginBase.render_close_frame
cms/admin/placeholderadmin.py:PlaceholderAdmin._paste_plugin
cms/utils/plugins.py:create_default_plugins
cms/toolbar/items.py:ToolbarAPIMixin.add_item
cms/models/placeholdermodel.py:Placeholder.move_plugin
cms/models/placeholdermodel.py:Placeholder.get_next_plugin_position
cms/models/placeholdermodel.py:Placeholder.get_last_plugin
cms/models/placeholdermodel.py:Placeholder.add_plugin
cms/api.py:add_plugin
cms/migrations/0024_set_plugin_absolute_position.py:Migration
cms/migrations/0024_set_plugin_absolute_position.py:set_plugin_absolute_position
cms/models/placeholdermodel.py:Placeholder._move_plugin_to_placeholder
cms/admin/forms.py:PageTreeForm
cms/admin/forms.py:PageTreeForm.get_root_nodes
cms/admin/forms.py:PageTreeForm._get_tree_options_for_root
cms/admin/forms.py:PageTreeForm.get_tree_options
cms/admin/forms.py:PageTreeForm._get_tree_options_for_parent
cms/admin/forms.py:PageTreeForm.get_root_pages
cms/admin/forms.py:PageTreeForm.__init__
cms/toolbar/toolbar.py:CMSToolbarBase.get_or_create_menu
cms/utils/plugins.py:_reunite_orphaned_placeholder_plugin_children
cms/plugin_pool.py:PluginPool.get_restrictions_cache
cms/models/placeholdermodel.py:Placeholder._move_plugin_to_placeholder
cms/views.py:details
cms/migrations/0005_auto_20140924_1039.py:Migration
cms/migrations/0005_auto_20140924_1039.py:move_to_mp
cms/models/placeholdermodel.py:Placeholder._move_plugin_to_placeholder
cms/models/placeholdermodel.py:Placeholder.move_plugin
cms/models/placeholdermodel.py:Placeholder.move_plugin
cms/models/pagemodel.py:Page._clear_placeholders
cms/models/pagemodel.py:Page.move_page
cms/models/placeholdermodel.py:Placeholder.add_plugin
cms/utils/plugins.py:_reunite_orphaned_placeholder_plugin_children
cms/models/placeholdermodel.py:Placeholder.get_first_plugin_position
cms/models/placeholdermodel.py:Placeholder.get_last_plugin_position
cms/models/placeholdermodel.py:Placeholder._shift_plugin_positions
cms/admin/placeholderadmin.py:PlaceholderAdmin._move_plugin
cms/models/placeholdermodel.py:Placeholder.delete_plugin
cms/toolbar/utils.py:get_plugin_tree
##Searching for term "move plugin", "plugin tree", "move plugin plugin tree  positions recalculate"...
### Search Result:
Found function `cms/utils/plugins.py:get_plugin_class`.
Source: Retrieved entity using keyword search (bm25).
```
27 | def get_plugin_class(plugin_type: str) -> type[CMSPluginBase]:
28 |     """Returns the plugin class for a given plugin_type (str)"""
29 |     return plugin_pool.get_plugin(plugin_type)
```

Found file `cms/utils/plugins.py`.
Source: Retrieved entity using keyword search (bm25).
Hint: Search `cms/utils/plugins.py` for the full content if needed.



##Searching for term "move plugin"...
### Search Result:
Found function `cms/utils/plugins.py:get_plugins_as_layered_tree`.
Source: Retrieved entity using keyword search (bm25).
```
157 | def get_plugins_as_layered_tree(plugins):
158 |     """
159 |     Given an iterable of plugins ordered by position,
160 |     returns a deque of root plugins with their respective
161 |     children set in the child_plugin_instances attribute.
162 |     """
163 |     delayed = defaultdict(deque)
164 |     root_plugins = deque()
165 | 
166 |     for plugin in reversed(plugins):
167 |         plugin.child_plugin_instances = delayed[plugin.pk]
168 | 
169 |         if plugin.parent_id:
170 |             delayed[plugin.parent_id].appendleft(plugin)
171 |         else:
172 |             root_plugins.appendleft(plugin)
173 |     return root_plugins
```

Found function `cms/admin/placeholderadmin.py:PlaceholderAdmin._move_plugin`.
Source: Retrieved code content using keyword search (bm25).
```
934 | def _move_plugin(self, request, plugin, target_position, target_placeholder=None, target_parent=None):
935 |         language = plugin.language
936 |         source_placeholder = plugin.placeholder
937 | 
938 |         if not self.has_move_plugin_permission(request, plugin, source_placeholder):
939 |             message = _("You have no permission to move this plugin")
940 |             raise PermissionDenied(message)
941 | 
942 |         if target_placeholder and not self.has_move_plugin_permission(request, plugin, target_placeholder):
943 |             message = _("You have no permission to move this plugin")
944 |             raise PermissionDenied(message)
945 | 
946 |         if not source_placeholder.check_source(request.user):
947 |             message = _("You have no permission to move this plugin")
948 |             raise PermissionDenied(message)
949 | 
950 |         if target_placeholder and not target_placeholder.check_source(request.user):
951 |             message = _("You have no permission to move this plugin")
952 |             raise PermissionDenied(message)
953 | 
954 |         if target_parent:
955 |             target_parent_id = target_parent.pk
956 |         else:
957 |             target_parent_id = None
958 | 
959 |         action_token = self._send_pre_placeholder_operation(
960 |             request,
961 |             operation=operations.MOVE_PLUGIN,
962 |             plugin=plugin,
963 |             source_language=plugin.language,
964 |             source_placeholder=source_placeholder,
965 |             source_parent_id=plugin.parent_id,
966 |             target_language=language,
967 |             target_placeholder=(target_placeholder or source_placeholder),
968 |             target_parent_id=target_parent_id,
969 |         )
970 | 
971 |         source_placeholder.move_plugin(
972 |             plugin=plugin,
973 |             target_position=target_position,
974 |             target_placeholder=target_placeholder,
975 |             target_plugin=target_parent,
976 |         )
977 | 
978 |         # Refresh plugin to get new position values
979 |         updated_plugin = plugin.reload()
980 |         if target_placeholder:
981 |             target_placeholder.clear_cache(language)
982 |         source_placeholder.clear_cache(language)
983 | 
984 |         self._send_post_placeholder_operation(
985 |             request,
986 |             operation=operations.MOVE_PLUGIN,
987 |             plugin=updated_plugin.get_bound_plugin(),
988 |             token=action_token,
989 |             source_language=language,
990 |             source_placeholder=source_placeholder,
991 |             source_parent_id=updated_plugin.parent_id,
992 |             target_language=language,
993 |             target_placeholder=(target_placeholder or source_placeholder),
994 |             target_parent_id=target_parent_id,
995 |         )
996 |         return updated_plugin
```



##Searching for term "move plugin", "move plugin plugin tree  positions recalculate"...
### Search Result:
Found function `cms/utils/plugins.py:get_plugin_model`.
Source: Retrieved entity using keyword search (bm25).
```
32 | def get_plugin_model(plugin_type: str) -> CMSPlugin:
33 |     """Returns the plugin model class for a given plugin_type (str)"""
34 |     return get_plugin_class(plugin_type).model
```

Found function `cms/models/pagemodel.py:Page._clear_placeholders`.
Source: Retrieved code content using keyword search (bm25).
```
445 | def _clear_placeholders(self, language):
446 |         from cms.models import CMSPlugin
447 | 
448 |         placeholders = self.get_placeholders(language)
449 |         placeholder_ids = (placeholder.pk for placeholder in placeholders)
450 |         plugins = CMSPlugin.objects.filter(placeholder__in=placeholder_ids, language=language)
451 |         models.query.QuerySet.delete(plugins)
452 |         return placeholders
```



##Searching for term "move plugin", "recalculate", "move plugin plugin tree  positions recalculate"...
### Search Result:
Found function `cms/models/placeholdermodel.py:Placeholder._move_plugin_to_placeholder`.
Source: Retrieved code content using keyword search (bm25).
```
573 | def _move_plugin_to_placeholder(self, plugin, target_position, target_placeholder, target_plugin=None):
574 |         source_last_plugin = self.get_last_plugin(plugin.language)
575 |         target_last_plugin = target_placeholder.get_last_plugin(plugin.language)
576 | 
577 |         plugin_descendants = plugin.get_descendants()
578 |         if target_last_plugin:
579 |             source_length = source_last_plugin.position
580 |             target_length = target_last_plugin.position
581 |             plugins_to_move_count = 1 + len(plugin_descendants)  # parent plus descendants
582 | 
583 |             source_offset = (
584 |                 max(
585 |                     # far enough to shift behind current last source position
586 |                     source_length,
587 |                     # far enough to be shifted behind last target position plus no. of moved plugins
588 |                     target_length + plugins_to_move_count,
589 |                 )
590 |                 - plugin.position
591 |                 + 1
592 |             )
593 | 
594 |             # move target position counter to at least behind
595 |             target_offset = max(
596 |                 # far enough to shift behind current last target position
597 |                 target_length - target_position + 1,
598 |                 # far enough to leave enough space to move back
599 |                 plugin.position + source_offset - target_position + plugins_to_move_count + 1,
600 |             )
601 |             target_placeholder._shift_plugin_positions(
602 |                 plugin.language,
603 |                 start=target_position,
604 |                 offset=target_offset,
605 |             )
606 |         else:
607 |             # moving to empty placeholder:
608 |             # Move out (remaining) plugins right behind last source position to be able to recalculate
609 |             source_offset = source_last_plugin.position
610 | 
611 |         # Shift all plugins whose position is greater than or equal to
612 |         # the plugin being moved. This includes the plugin itself.
613 |         # This is to create enough space in-between for the squashing
614 |         # to work without conflicts.
615 |         self._shift_plugin_positions(
616 |             plugin.language,
617 |             start=plugin.position,
618 |             offset=source_offset,
619 |         )
620 | 
621 |         plugin.update(parent=target_plugin, placeholder=target_placeholder)
622 |         # TODO: More efficient is to do raw sql update
623 |         plugin_descendants.update(placeholder=target_placeholder)
624 |         self._recalculate_plugin_positions(plugin.language)
625 |         target_placeholder._recalculate_plugin_positions(plugin.language)
```



##Searching for term "move plugin", "positions", "move plugin plugin tree  positions recalculate"...
### Search Result:
Found function `cms/models/placeholdermodel.py:Placeholder.move_plugin`.
Source: Retrieved code content using keyword search (bm25).
```
496 | def move_plugin(self, plugin, target_position, target_placeholder=None, target_plugin=None):
497 |         """
498 |         .. versionadded:: 4.0
499 | 
500 |         Moves a plugin within the placeholder (``target_placeholder=None``) or to another placeholder.
501 | 
502 |         :param plugin: Plugin to move
503 |         :type plugin: :class:`cms.models.pluginmodel.CMSPlugin` instance
504 |         :param int target_position: The plugin's new position
505 |         :param  target_placeholder: Placeholder to move plugin to (or ``None``)
506 |         :type target_placeholder: :class:`cms.models.placeholdermodel.Placeholder` instance
507 |         :param target_plugin: New parent plugin (or ``None``). The target plugin must be in the same placeholder
508 |            or in the ``target_placeholder`` if one is given.
509 |         :type target_plugin: :class:`cms.models.pluginmodel.CMSPlugin` instance
510 | 
511 |         The ``target_position`` is enumerated from the start of the palceholder's plugin tree (1) to
512 |         the last plugin (*n*, where *n* is the number of plugins in the placeholder).
513 |         """
514 | 
515 |         if target_placeholder:
516 |             return self._move_plugin_to_placeholder(
517 |                 plugin=plugin,
518 |                 target_position=target_position,
519 |                 target_placeholder=target_placeholder,
520 |                 target_plugin=target_plugin,
521 |             )
522 | 
523 |         target_tree = self.get_plugins(plugin.language)
524 |         last_plugin = self.get_last_plugin(plugin.language)
525 |         source_plugin_desc_count = plugin._get_descendants_count()
526 |         # Attn: The following line assumes that all children and grand-children have consecutive positions!
527 |         source_plugin_range = (plugin.position, plugin.position + source_plugin_desc_count)
528 | 
529 |         if target_position < plugin.position:
530 |             # Moving left
531 |             # Make a big hole on the right side of the current plugin's position
532 |             # by shifting all right nodes further to the right, excluding the current plugin
533 |             # but including the target plugin and its descendants.
534 |             (target_tree.filter(position__gte=target_position).exclude(position__range=source_plugin_range)).update(
535 |                 position=(models.F("position") + last_plugin.position)
536 |             )
537 | 
538 |             # Make a big hole on the left side of the current plugin's position
539 |             # by shifting all right nodes further the right, including the current plugin
540 |             # and its descendants.
541 |             target_tree.filter(position__lte=source_plugin_range[1]).update(
542 |                 position=models.F("position") - last_plugin.position
543 |             )
544 |         else:
545 |             # Moving right
546 |             # Make a big hole on the left side of the target position,
547 |             # by shifting all left nodes further to the left, excluding the current plugin
548 |             # but including the target plugin and its descendants.
549 |             # Left node in the common case is target_position but if the current plugin
550 |             # has descendants then left node is the closest node to the right side of the
551 |             # last descendant.
552 |             (
553 |                 target_tree.filter(position__lte=target_position + source_plugin_desc_count).exclude(
554 |                     position__range=source_plugin_range
555 |                 )
556 |             ).update(position=(models.F("position") - last_plugin.position))
557 | 
558 |             # Make a big hole on the right side of the current plugin's position
559 |             # by shifting all right nodes further the right, including the current plugin
560 |             # and its descendants.
561 |             target_tree.filter(position__gte=plugin.position).update(
562 |                 position=models.F("position") + last_plugin.position
563 |             )
564 | 
565 |         if plugin.parent != target_plugin:
566 |             # Plugin is being moved to another tree (under another parent)
567 |             # OR plugin is being moved to the root (no parent)
568 |             plugin.update(parent=target_plugin)
569 |         # The plugin tree was shifted to the right to make space,
570 |         # Squash all plugin positions in the tree to close any holes.
571 |         self._recalculate_plugin_positions(plugin.language)
```



##Searching for term "plugin tree"...
### Search Result:
Found function `cms/utils/plugins.py:has_reached_plugin_limit`.
Source: Retrieved entity using keyword search (bm25).
```
479 | def has_reached_plugin_limit(placeholder, plugin_type, language, template=None):
480 |     """
481 |     Checks if the global maximum limit for plugins in a placeholder has been reached.
482 |     If not then it checks if it has reached its maximum plugin_type limit.
483 | 
484 |     Parameters:
485 |     - placeholder: The placeholder object to check the limit for.
486 |     - plugin_type: The type of plugin to check the limit for.
487 |     - language: The language code for the plugins.
488 |     - template: The template object for the placeholder. Optional.
489 | 
490 |     Returns:
491 |     - False if the limit has not been reached.
492 | 
493 |     Raises:
494 |     - PluginLimitReached: If the limit has been reached for the placeholder.
495 | 
496 |     """
497 |     limits = get_placeholder_conf("limits", placeholder.slot, template)
498 |     if limits:
499 |         global_limit = limits.get("global")
500 |         type_limit = limits.get(plugin_type)
501 |         # total plugin count
502 |         count = placeholder.get_plugins(language=language).count()
503 |         if global_limit and count >= global_limit:
504 |             raise PluginLimitReached(_("This placeholder already has the maximum number of plugins (%s)." % count))
505 |         elif type_limit:
506 |             # total plugin type count
507 |             type_count = placeholder.get_plugins(language=language).filter(plugin_type=plugin_type).count()
508 |             if type_count >= type_limit:
509 |                 plugin_name = force_str(plugin_pool.get_plugin(plugin_type).name)
510 |                 raise PluginLimitReached(
511 |                     _(
512 |                         "This placeholder already has the maximum number (%(limit)s) of allowed %(plugin_name)s plugins."
513 |                     )
514 |                     % {"limit": type_limit, "plugin_name": plugin_name}
515 |                 )
516 |     return False
```

Found function `cms/models/placeholdermodel.py:Placeholder.get_first_plugin_position`.
Source: Retrieved code content using keyword search (bm25).
```
679 | def get_first_plugin_position(self, language, parent=None):
680 |         tree = self.get_plugins(language)
681 | 
682 |         if parent:
683 |             tree = tree.filter(parent=parent)
684 |         return tree.values_list("position", flat=True).first()
```

Found function `cms/models/placeholdermodel.py:Placeholder.get_last_plugin_position`.
Source: Retrieved code content using keyword search (bm25).
```
686 | def get_last_plugin_position(self, language, parent=None):
687 |         if parent is None:
688 |             tree = self.get_plugins(language)
689 |         elif parent.placeholder == self:
690 |             tree = parent.get_descendants()
691 |         else:  # No last plugin if parent is not in this placeholder's plugin tree
692 |             return None
693 |         return tree.values_list("position", flat=True).last()
```

Found function `cms/toolbar/utils.py:get_plugin_tree`.
Source: Retrieved code content using keyword search (bm25).
```
 79 | def get_plugin_tree(
 80 |     request: HttpRequest,
 81 |     plugins: list[CMSPlugin],
 82 |     restrictions: Optional[dict] = None,
 83 |     target_plugin: Optional[CMSPlugin] = None,
 84 | ) -> dict[str, Any]:
 85 |     """
 86 |     Constructs a tree structure of CMS plugins for the toolbar.
 87 | 
 88 |     Args:
 89 |         request (HttpRequest): The HTTP request object.
 90 |         plugins (list[CMSPlugin]): A list of CMSPlugin instances to be organized into a tree.
 91 |         restrictions (Optional[dict], optional): A dictionary of plugin restrictions. Defaults to None.
 92 |         target_plugin (Optional[CMSPlugin], optional): The target plugin to render.
 93 |             Content will only be rendered if given. Defaults to None.
 94 | 
 95 |     Returns:
 96 |         tuple[dict[str, Any]]: A dictionary with up to five keys:
 97 |             - 'html': A string of rendered HTML for the plugin tree.
 98 |             - 'plugins': A flat list of plugin information dictionaries.
 99 |             - 'content': The rendered content of target_plugin (if given) including its children
100 |             - 'target_position': The position of the target_plugin (if given)
101 |             - 'target_placeholder_id': The placeholder id of the target_plugin (if given)
102 |     """
103 |     from cms.utils.plugins import downcast_plugins, get_plugin_restrictions
104 | 
105 |     tree_data = []
106 |     tree_structure = []
107 |     restrictions = restrictions or {}
108 |     root_plugins = deque()
109 |     plugin_children = defaultdict(deque)
110 |     toolbar = get_toolbar_from_request(request)
111 |     template = toolbar.templates.drag_item_template
112 |     get_plugin_info = get_plugin_toolbar_info
113 |     placeholder = plugins[0].placeholder
114 |     copy_to_clipboard = placeholder.pk == toolbar.clipboard.pk
115 |     plugins = list(downcast_plugins(plugins, select_placeholder=True))
116 |     plugin_ids = frozenset(plugin.pk for plugin in plugins)
117 | 
118 |     for plugin in reversed(plugins):
119 |         plugin.child_plugin_instances = plugin_children[plugin.pk]
120 | 
121 |         if plugin.parent_id in plugin_ids:
122 |             plugin_children[plugin.parent_id].appendleft(plugin)
123 |         else:
124 |             root_plugins.appendleft(plugin)
125 | 
126 |     def collect_plugin_data(plugin):
127 |         child_classes, parent_classes = get_plugin_restrictions(
128 |             plugin=plugin,
129 |             restrictions_cache=restrictions,
130 |         )
131 |         plugin_info = get_plugin_info(
132 |             plugin,
133 |             children=child_classes,
134 |             parents=parent_classes,
135 |         )
136 | 
137 |         tree_data.append(plugin_info)
138 | 
139 |         for plugin_instance in plugin.child_plugin_instances:
140 |             collect_plugin_data(plugin_instance)
141 | 
142 |     with force_language(toolbar.toolbar_language):
143 |         for root_plugin in root_plugins:
144 |             collect_plugin_data(root_plugin)
145 |             context = {
146 |                 'plugin': root_plugin,
147 |                 'request': request,
148 |                 'clipboard': copy_to_clipboard,
149 |                 'cms_toolbar': toolbar,
150 |             }
151 |             tree_structure.append(template.render(context))
152 |     tree_data.reverse()
153 | 
154 |     content = {}
155 |     # Render the target plugin if given and all plugins are local
156 |     if target_plugin and all(plugin.get_plugin_class().is_local for plugin in plugins):
157 |         # Also provide the parent plugin to the context (if available)
158 |         downcasted = next(
159 |             (plugin for plugin in plugins if plugin.pk == target_plugin.pk), None
160 |         )
161 |         parent = next(
162 |             (plugin for plugin in plugins if plugin.pk == target_plugin.parent_id), None
163 |         ) if target_plugin.parent_id else None
164 |         content["content"] = get_plugin_content(request, downcasted, {"parent": parent})
165 | 
166 |     return {'html': '\n'.join(tree_structure), 'plugins': tree_data, **content}
```

Found file `cms/management/commands/subcommands/tree.py`.
Source: Retrieved entity using keyword search (bm25).
Hint: Search `cms/management/commands/subcommands/tree.py` for the full content if needed.



##Searching for term "plugin tree", "move plugin plugin tree  positions recalculate"...
### Search Result:
Found function `cms/utils/plugins.py:assign_plugins`.
Source: Retrieved entity using keyword search (bm25).
```
 67 | def assign_plugins(request, placeholders, template=None, lang=None):
 68 |     """
 69 |     Fetch all plugins for the given ``placeholders`` and
 70 |     cast them down to the concrete instances in one query
 71 |     per type.
 72 | 
 73 |     :param request: The current request.
 74 |     :param placeholders: An iterable of placeholder objects.
 75 |     :param template: (optional) The template object.
 76 |     :param lang: (optional) The language code.
 77 | 
 78 |     This method assigns plugins to the given placeholders. It retrieves the plugins from the database based on the
 79 |     placeholders and the language. The plugins are then downcasted to their specific plugin types.
 80 | 
 81 |     The plugins are split up by placeholder and stored in a dictionary where the key is the placeholder ID and the
 82 |     value is a list of plugins.
 83 | 
 84 |     For each placeholder, if there are plugins assigned to it, the plugins are organized as a layered tree structure.
 85 |     Otherwise, an empty list is assigned.
 86 | 
 87 |     The list of all plugins for each placeholder is stored in the `_all_plugins_cache` attribute of the placeholder,
 88 |     while the list of root plugins is stored in the `_plugins_cache` attribute
 89 |     """
 90 |     if not placeholders:
 91 |         return
 92 |     placeholders = tuple(placeholders)  # Trigger db hit
 93 |     lang = lang or get_language_from_request(request)
 94 |     plugins = list(CMSPlugin.objects.filter(placeholder__in=placeholders, language=lang))
 95 |     if not plugins:
 96 |         # Create default plugins if enabled
 97 |         plugins = create_default_plugins(request, placeholders, template, lang)
 98 |     else:
 99 |         plugins = downcast_plugins(plugins, placeholders, request=request)
100 | 
101 |     # split the plugins up by placeholder
102 |     plugins_by_placeholder = defaultdict(list)
103 | 
104 |     for plugin in plugins:
105 |         plugins_by_placeholder[plugin.placeholder_id].append(plugin)
106 | 
107 |     for placeholder in placeholders:
108 |         all_plugins = plugins_by_placeholder[placeholder.pk]
109 | 
110 |         if all_plugins:
111 |             layered_plugins = get_plugins_as_layered_tree(all_plugins)
112 |         else:
113 |             layered_plugins = []
114 |         # This is all the plugins.
115 |         placeholder._all_plugins_cache = all_plugins
116 |         # This is only the root plugins.
117 |         placeholder._plugins_cache = layered_plugins
```



##Searching for term "plugin tree", "positions"...
### Search Result:
Found function `cms/models/placeholdermodel.py:Placeholder.add_plugin`.
Source: Retrieved code content using keyword search (bm25).
```
451 | def add_plugin(self, instance):
452 |         """
453 |         .. versionadded:: 4.0
454 | 
455 |         Adds a plugin to the placeholder. The plugin's position field must be set to the target
456 |         position. Positions are enumerated from the start of the palceholder's plugin tree (1) to
457 |         the last plugin (*n*, where *n* is the number of plugins in the placeholder).
458 | 
459 |         :param instance: Plugin to add. It's position parameter needs to be set.
460 |         :type instance: :class:`cms.models.pluginmodel.CMSPlugin` instance
461 | 
462 |         .. note::
463 |             As of version 4 of django CMS the position counter does not re-start at 1 for the first
464 |             child plugin. The ``position`` field  and ``language`` field are unique for a placeholder.
465 | 
466 |         Example::
467 | 
468 |             new_child = MyCoolPlugin()
469 |             new_child.position = (
470 |                 parent_plugin.position + 1
471 |             )  # add as first child: directly after parent
472 |             parent_plugin.placeholder.add(new_child)
473 | 
474 |         """
475 |         last_position = self.get_last_plugin_position(instance.language) or 0
476 |         # A shift is only needed if the distance between the new plugin
477 |         # and the last plugin is greater than 1 position.
478 |         needs_shift = (instance.position - last_position) < 1
479 | 
480 |         if needs_shift:
481 |             # shift to the right
482 |             self._shift_plugin_positions(
483 |                 instance.language,
484 |                 start=instance.position,
485 |                 offset=last_position - instance.position + 2,  # behind last_position plus one to shift back
486 |             )
487 | 
488 |         instance.save()
489 | 
490 |         if needs_shift:
491 |             # The plugin tree was shifted to the right to make space,
492 |             # now squash all plugins in the tree to close any holes.
493 |             self._recalculate_plugin_positions(instance.language)
494 |         return instance
```

Found function `cms/models/placeholdermodel.py:Placeholder._shift_plugin_positions`.
Source: Retrieved code content using keyword search (bm25).
```
695 | def _shift_plugin_positions(self, language, start, offset=None):
696 |         if offset is None:
697 |             offset = self.get_last_plugin_position(language) or 0
698 | 
699 |         self.get_plugins(language).filter(position__gte=start).update(position=models.F("position") + offset)
```



##Searching for term "positions", "recalculate"...
### Search Result:
Found function `cms/models/placeholdermodel.py:Placeholder._recalculate_plugin_positions`.
Source: Retrieved entity using keyword search (bm25).
```
701 | def _recalculate_plugin_positions(self, language):
702 |         from cms.models.pluginmodel import (
703 |             CMSPlugin,
704 |             _get_database_cursor,
705 |             _get_database_vendor,
706 |         )
707 | 
708 |         cursor = _get_database_cursor("write")
709 |         db_vendor = _get_database_vendor("write")
710 | 
711 |         if db_vendor in ("sqlite", "postgresql"):
712 |             sql = (
713 |                 "UPDATE {0} "
714 |                 "SET position = subquery.new_pos "
715 |                 "FROM ("
716 |                 "  SELECT  ID, ROW_NUMBER() OVER (ORDER BY position, id) AS new_pos "
717 |                 "  FROM {0} WHERE placeholder_id=%s AND language=%s "
718 |                 ") subquery "
719 |                 "WHERE {0}.id=subquery.id"
720 |             )
721 |             sql = sql.format(connection.ops.quote_name(CMSPlugin._meta.db_table))
722 |             cursor.execute(sql, [self.pk, language])
723 |         elif db_vendor == "mysql":
724 |             sql = (
725 |                 "UPDATE {0} "
726 |                 "SET position = ("
727 |                 "SELECT COUNT(*)+1 FROM (SELECT * FROM {0}) t "
728 |                 "WHERE placeholder_id={0}.placeholder_id AND language={0}.language "
729 |                 "AND {0}.position > t.position"
730 |                 ") WHERE placeholder_id=%s AND language=%s"
731 |             )
732 |             sql = sql.format(connection.ops.quote_name(CMSPlugin._meta.db_table))
733 |             cursor.execute(sql, [self.pk, language])
734 |         elif db_vendor == "oracle":
735 |             sql = (
736 |                 "UPDATE {0} "
737 |                 "SET position = ("
738 |                 "SELECT COUNT(*)+1 FROM (SELECT * FROM {0}) t "
739 |                 "WHERE placeholder_id={0}.placeholder_id AND language={0}.language "
740 |                 "AND {0}.position > t.position"
741 |                 ") WHERE placeholder_id=%s AND language=%s"
742 |             )
743 |             sql = sql.format(connection.ops.quote_name(CMSPlugin._meta.db_table))
744 |             cursor.execute(sql, [self.pk, language])
745 |         else:
746 |             raise RuntimeError(f"{connection.vendor} is not supported by django-cms")
```



##Searching for term "positions"...
### Search Result:
Found function `cms/toolbar/items.py:ToolbarAPIMixin.add_item`.
Source: Retrieved code content using keyword search (bm25).
```
 98 | def add_item(self, item, position=None):
 99 |         """Adds an item (which must be a subclass of :class:`~cms.toolbar.items.BaseItem`), and
100 |         returns it. This is a low-level API, and you should always use one of the built-in
101 |         object-specific methods to add items in preference if possible, using this method **only**
102 |         for custom item classes."""
103 |         if not isinstance(item, BaseItem):
104 |             raise ValueError("Items must be subclasses of cms.toolbar.items.BaseItem, %r isn't" % item)
105 |         if isinstance(position, ItemSearchResult):
106 |             position = position.index
107 |         elif isinstance(position, BaseItem):
108 |             position = self._item_position(position)
109 |         elif not (position is None or isinstance(position, (int,))):
110 |             raise ValueError(
111 |                 "Position must be None, an integer, an item or an ItemSearchResult, got %r instead" % position
112 |             )
113 |         self._add_item(item, position)
114 |         self._memoize(item)
115 |         return item
```

Found function `cms/models/placeholdermodel.py:Placeholder.get_last_plugin`.
Source: Retrieved code content using keyword search (bm25).
```
653 | def get_last_plugin(self, language):
654 |         return self.get_plugins(language).last()
```

Found function `cms/models/placeholdermodel.py:Placeholder.get_next_plugin_position`.
Source: Retrieved code content using keyword search (bm25).
```
656 | def get_next_plugin_position(self, language, parent=None, insert_order="first"):
657 |         """
658 |         .. versionadded:: 4.0
659 | 
660 |         Helper to calculate plugin positions correctly.
661 | 
662 |         :param str language: language for which the position is to be calculated
663 |         :param parent: Parent plugin or ``None`` (if position is on top level)
664 |         :type parent: :class:`cms.models.pluginmodel.CMSPlugin` instance
665 |         :param str insert_order: Either ``"first"`` (default) or ``"last"``
666 |         """
667 |         if insert_order == "first":
668 |             position = self.get_first_plugin_position(language, parent=parent)
669 |         else:
670 |             position = self.get_last_plugin_position(language, parent=parent)
671 | 
672 |         if parent and position is None:
673 |             return parent.position + 1
674 | 
675 |         if insert_order == "last":
676 |             return (position or 0) + 1
677 |         return position or 1
```

Found file `cms/exceptions.py`.
Source: Retrieved entity using keyword search (bm25).
Hint: Search `cms/exceptions.py` for the full content if needed.



##Searching for term "recalculate"...
### Search Result:
Found `cms/migrations/0006_auto_20140924_1110.py:Migration`.
Source: Retrieved code content using keyword search (bm25).
```
 1 | from __future__ import unicode_literals
 2 | 
 3 | from django.db import models, migrations
 4 | 
 5 | 
 6 | class Migration(migrations.Migration):
 7 | 
 8 |     dependencies = [
 9 |         ('cms', '0005_auto_20140924_1039'),
10 |     ]
11 | 
12 |     operations = [
13 |         migrations.AlterModelOptions(
14 |             name='page',
15 |             options={'ordering': ('path',), 'verbose_name': 'page', 'verbose_name_plural': 'pages', 'permissions': (('view_page', 'Can view page'), ('publish_page', 'Can publish page'), ('edit_static_placeholder', 'Can edit static placeholders'))},
16 |         ),
17 |         migrations.RemoveField(
18 |             model_name='cmsplugin',
19 |             name='level',
20 |         ),
21 |         migrations.RemoveField(
22 |             model_name='cmsplugin',
23 |             name='lft',
24 |         ),
25 |         migrations.RemoveField(
26 |             model_name='cmsplugin',
27 |             name='rght',
28 |         ),
29 |         migrations.RemoveField(
30 |             model_name='cmsplugin',
31 |             name='tree_id',
32 |         ),
33 |         migrations.RemoveField(
34 |             model_name='page',
35 |             name='level',
36 |         ),
37 |         migrations.RemoveField(
38 |             model_name='page',
39 |             name='lft',
40 |         ),
41 |         migrations.RemoveField(
42 |             model_name='page',
43 |             name='rght',
44 |         ),
45 |         migrations.RemoveField(
46 |             model_name='page',
47 |             name='tree_id',
48 |         ),
49 |         migrations.AlterField(
50 |             model_name='cmsplugin',
51 |             name='depth',
52 |             field=models.PositiveIntegerField(editable=False),
53 |         ),
54 |         migrations.AlterField(
55 |             model_name='cmsplugin',
56 |             name='numchild',
57 |             field=models.PositiveIntegerField(default=0, editable=False),
58 |         ),
59 |         migrations.AlterField(
60 |             model_name='cmsplugin',
61 |             name='path',
62 |             field=models.CharField(unique=True, max_length=255, editable=False),
63 |         ),
64 |     ]
65 | 
```

Found function `cms/views.py:details`.
Source: Retrieved code content using keyword search (bm25).
```
 61 | def details(request, slug):
 62 |     """
 63 |     The main view of the Django-CMS! Takes a request and a slug, renders the
 64 |     page.
 65 |     """
 66 |     is_authenticated = request.user.is_authenticated
 67 |     response_timestamp = now()
 68 |     if get_cms_setting("PAGE_CACHE") and (
 69 |         not hasattr(request, 'toolbar') or (
 70 |             not request.toolbar.edit_mode_active and not request.toolbar.show_toolbar and not is_authenticated
 71 |         )
 72 |     ):
 73 |         cache_content = get_page_cache(request)
 74 |         if cache_content is not None:
 75 |             content, headers, expires_datetime = cache_content
 76 |             response = HttpResponse(content)
 77 |             response.xframe_options_exempt = True
 78 |             response.headers = headers
 79 |             # Recalculate the max-age header for this cached response
 80 |             max_age = int(
 81 |                 (expires_datetime - response_timestamp).total_seconds() + 0.5)
 82 |             patch_cache_control(response, max_age=max_age)
 83 |             return response
 84 | 
 85 |     # Get a Page model object from the request
 86 |     site = get_current_site()
 87 |     page = get_page_from_request(request, use_path=slug)
 88 | 
 89 |     if not page and not slug and not Page.objects.on_site(site).exists():
 90 |         # render the welcome page if the requested path is root "/"
 91 |         # and there's no pages
 92 |         return _render_welcome_page(request)
 93 | 
 94 |     if not page and get_cms_setting("REDIRECT_TO_LOWERCASE_SLUG"):
 95 |         # Redirect to the lowercase version of the slug
 96 |         if slug.lower() != slug:
 97 |             # Only redirect if the slug changes
 98 |             redirect_url = reverse("pages-details-by-slug", kwargs={"slug": slug.lower()})
 99 |             if get_cms_setting('REDIRECT_PRESERVE_QUERY_PARAMS'):
100 |                 query_string = request.META.get('QUERY_STRING')
101 |                 if query_string:
102 |                     redirect_url += "?" + query_string
103 |             return HttpResponseRedirect(redirect_url)
104 | 
105 |     if not page:
106 |         # raise 404 or redirect to PageContent's
107 |         # changelist in the admin if this is a
108 |         # request to the root URL
109 |         return _handle_no_page(request)
110 | 
111 |     request.current_page = page
112 | 
113 |     if hasattr(request, 'user') and request.user.is_staff:
114 |         user_languages = get_language_list(site_id=site.pk)
115 |     else:
116 |         user_languages = get_public_languages(site_id=site.pk)
117 | 
118 |     request_language = None
119 |     if hasattr(request, "LANGUAGE_CODE"):
120 |         # use language from middleware - usually django.middleware.locale.LocaleMiddleware
121 |         request_language = request.LANGUAGE_CODE
122 |     if not request_language:
123 |         request_language = get_default_language_for_site(site.pk)
124 | 
125 |     if not page.is_home and request_language not in user_languages:
126 |         # The homepage is treated differently because
127 |         # when a request goes to the root of the site (/)
128 |         # without a language, Django will redirect to the user's
129 |         # browser language which might not be a valid cms language,
130 |         # this means we need to correctly redirect that request.
131 |         return _handle_no_page(request)
132 | 
133 |     # we use the _get_page_content_cache method to populate the cache with all public languages
134 |     # The languages are then filtered out by the user allowed languages
135 |     page._get_page_content_cache(None, fallback=True, force_reload=True)
136 |     pagecontent_languages = list(page.page_content_cache.keys())
137 |     available_languages = [
138 |         language for language in user_languages
139 |         if language in pagecontent_languages
140 |     ]
141 | 
142 |     own_urls = [
143 |         request.build_absolute_uri(request.path),
144 |         '/%s' % request.path,
145 |         request.path,
146 |     ]
147 | 
148 |     try:
149 |         redirect_on_fallback = get_redirect_on_fallback(request_language, site_id=site.pk)
150 |     except LanguageError:
151 |         redirect_on_fallback = False
152 | 
153 |     if request_language not in user_languages:
154 |         # Language is not allowed
155 |         # Use the default site language
156 |         default_language = get_default_language_for_site(site.pk)
157 |         fallbacks = get_fallback_languages(default_language, site_id=site.pk)
158 |         fallbacks = [default_language] + fallbacks
159 |     else:
160 |         fallbacks = get_fallback_languages(request_language, site_id=site.pk)
161 | 
162 |     # Only fallback to languages the user is allowed to see
163 |     fallback_languages = [
164 |         language for language in fallbacks
165 |         if language != request_language and language in available_languages
166 |     ]
167 |     language_is_unavailable = request_language not in available_languages
168 |     first_fallback_language = next(iter(fallback_languages or []), None)
169 | 
170 |     if language_is_unavailable and not fallback_languages:
171 |         # There is no page with the requested language
172 |         # and there's no configured fallbacks
173 |         return _handle_no_page(request)
174 |     elif language_is_unavailable and redirect_on_fallback:
175 |         # There is no page with the requested language and
176 |         # redirect_on_fallback is True,
177 |         # so redirect to the first configured / available fallback language
178 |         redirect_url = page.get_absolute_url(
179 |             first_fallback_language, fallback=False)
180 |     else:
181 |         page_path = page.get_absolute_url(request_language)
182 |         page_slug = page.get_path(request_language) or page.get_slug(request_language)
183 | 
184 |         if slug and slug != page_slug and request.path[:len(page_path)] != page_path:
185 |             # The current language does not match its slug.
186 |             # Redirect to the current language.
187 |             return HttpResponseRedirect(page_path)
188 |         # Check if the page has a redirect url defined for this language.
189 |         redirect_url = page.get_redirect(request_language, fallback=False) or ''
190 |         redirect_url = _clean_redirect_url(redirect_url, request_language)
191 | 
192 |     if redirect_url:
193 |         if redirect_url not in own_urls:
194 |             if get_cms_setting('REDIRECT_PRESERVE_QUERY_PARAMS'):
195 |                 query_string = request.META.get('QUERY_STRING')
196 |                 if query_string:
197 |                     redirect_url += "?" + query_string
198 |             # prevent redirect to self
199 |             return HttpResponseRedirect(redirect_url)
200 | 
201 |     # permission checks
202 |     if page.login_required and not request.user.is_authenticated:
203 |         return redirect_to_login(quote(request.get_full_path()), settings.LOGIN_URL)
204 | 
205 |     content_language = request_language
206 |     if language_is_unavailable:
207 |         # When redirect_on_fallback is False and
208 |         # language is unavailable, render the content
209 |         # in the first fallback language available
210 |         # by switching to it
211 |         content_language = first_fallback_language
212 |         # translation.activate() is used without context
213 |         # as the context won't be preserved when the
214 |         # plugins get rendered
215 |         activate(content_language)
216 | 
217 |     content = page.get_content_obj(language=content_language)
218 |     # use the page object with populated cache
219 |     content.page = page
220 |     if hasattr(request, 'toolbar'):
221 |         request.toolbar.set_object(content)
222 | 
223 |     return render_pagecontent(request, content)
```

Found function `cms/utils/plugins.py:_reunite_orphaned_placeholder_plugin_children`.
Source: Retrieved code content using keyword search (bm25).
```
229 | def _reunite_orphaned_placeholder_plugin_children(root_plugin, orphaned_plugin_list, plugins_by_id):
230 |     """
231 |     Handle plugins where the parent hasn't yet been copied (child seen before the parent)
232 | 
233 |     CAVEAT: The only reason this exists is because the plugin position is not
234 |            sequential through children when the user nests plugins.
235 |            It's now too late as content already has this issue, it would be a very expensive
236 |            calculation to recalculate every placeholders positions, needs to be handled gracefully
237 |            so that it doesn't actually matter :-).
238 |     """
239 |     for old_plugin_parent_id, new_plugin in orphaned_plugin_list:
240 |         new_parent = plugins_by_id.get(old_plugin_parent_id, root_plugin)
241 |         if new_parent:
242 |             new_plugin.parent = new_parent
243 |             new_plugin.save()
```

Found function `cms/plugin_pool.py:PluginPool.get_restrictions_cache`.
Source: Retrieved code content using keyword search (bm25).
```
232 | def get_restrictions_cache(self, request_cache: dict, instance: CMSPluginBase, page: Optional[Page] = None):
233 |         """
234 |         Retrieve the restrictions cache for a given plugin instance.
235 | 
236 |         This method checks if the plugin class can be cached globally. This is the case if the
237 |         plugin restrictions only depend on template and placeholder slot as described by the
238 |         CMS_PLACEHOLDER_CONF setting.
239 | 
240 |         If it can, it retrieves the appropriate restrictions cache based on the template and slot
241 |         of the plugin instance's placeholder. If not, it returns the (local) request cache which will
242 |         be recalculated for each request.
243 | 
244 |         Args:
245 |             request_cache (dict): The current request cache.
246 |             instance (CMSPluginBase): The plugin instance for which to retrieve the restrictions cache.
247 |             page (Optional[Page]): The page associated with the plugin instance, if any.
248 | 
249 |         Returns:
250 |             dict: The restrictions cache for the given plugin instance - or the cache valid for the request.
251 |         """
252 |         plugin_class = self.get_plugin(instance.plugin_type)
253 |         if not self.can_cache_globally(plugin_class):
254 |             return request_cache
255 |         slot = instance.placeholder.slot
256 |         if self.global_template_restrictions:
257 |             template = plugin_class._get_template_for_conf(page)
258 |         else:
259 |             template = ""
260 | 
261 |         if f"{template} {slot}" in self.global_restrictions_cache:
262 |             return self.global_restrictions_cache[f"{template} {slot}"]
263 |         if template and template in self.global_restrictions_cache:
264 |             return self.global_restrictions_cache[template]
265 |         if slot in self.global_restrictions_cache:
266 |             return self.global_restrictions_cache[slot]
267 |         return self.global_restrictions_cache[None]
```

Found file `cms/templatetags/cms_static.py`.
Found file `cms/templates.py`.
Source: Retrieved entity using keyword search (bm25).
Hint: Use more detailed query to get the full content of some if needed.



##Searching for term "move plugin plugin tree  positions recalculate"...
### Search Result:
Found function `cms/models/pagemodel.py:Page.move_page`.
Source: Retrieved code content using keyword search (bm25).
```
398 | def move_page(self, target_page, position='first-child'):
399 |         """
400 |         Called from admin interface when page is moved. Should be used on
401 |         all the places which are changing page position. Used like an interface
402 |         to django-treebeard, but after move is done page_moved signal is fired.
403 |         """
404 |         assert isinstance(target_page, Page), f"{target_page} is not an instance of Page."
405 |         inherited_template = self.template == constants.TEMPLATE_INHERITANCE_MAGIC
406 | 
407 |         if inherited_template and target_page.is_root() and position in ('left', 'right'):
408 |             # The page is being moved to a root position.
409 |             # Explicitly set the inherited template on the titles
410 |             # to keep all plugins / placeholders.
411 |             template = self.get_template()
412 |             self.update_translations(template=template)
413 | 
414 |         # Don't use a cached node. Always get a fresh one.
415 |         self._clear_internal_cache()
416 | 
417 |         # Runs the SQL updates on the treebeard fields
418 |         self.move(target_page, position)
419 | 
420 |         if position in ('first-child', 'last-child'):
421 |             self.parent = target_page
422 |         else:
423 |             # moving relative to sibling
424 |             # or to the root of the tree
425 |             self.parent = target_page.parent
426 |         # Runs the SQL updates on the parent field
427 |         self.update(parent=self.parent)
428 |         self.refresh_from_db(fields=('path', 'depth'))
429 | 
430 |         # Update the urls for the page being moved
431 |         # and is descendants.
432 |         languages = (
433 |             self
434 |             .urls
435 |             .values_list('language', flat=True)
436 |         )
437 | 
438 |         for language in languages:
439 |             if not self.is_home:
440 |                 self._update_url_path(language)
441 |             self._update_url_path_recursive(language)
442 |         self.clear_cache(menu=True)
443 |         return self
```

2026-09-14 22:33:56 utils.py INFO 
LiteLLM completion() model= qwen/qwen3-coder; provider = openrouter
2026-09-14 22:34:02 utils.py INFO Wrapper: Completed Call, calling success_handler
2026-09-14 22:34:02 auto_search_main.py INFO Executing code:
```
print(get_entity_contents(**{'entity_names': ['cms/management/commands/subcommands/tree.py']}))
```
2026-09-14 22:34:02 auto_search_main.py INFO OBSERVATION:
##Searching for entity `cms/management/commands/subcommands/tree.py`...
### Search Result:
Found file `cms/management/commands/subcommands/tree.py`.
Source: Exact match found for entity name `cms/management/commands/subcommands/tree.py`.
```
  1 | from collections import OrderedDict
  2 | 
  3 | from django.db import IntegrityError
  4 | 
  5 | from cms.models.pagemodel import Page, PageUrl
  6 | 
  7 | from .base import SubcommandsCommand
  8 | 
  9 | 
 10 | def get_descendants(root):
 11 |     """
 12 |     Returns a generator of primary keys which represent
 13 |     descendants of the given node ID (root_id)
 14 |     """
 15 |     # Note this is done because get_descendants() can't be trusted
 16 |     # as the tree can be corrupt.
 17 |     children = Page.objects.filter(parent=root).order_by('path')
 18 | 
 19 |     for child in children.iterator():
 20 |         yield child
 21 | 
 22 |         yield from get_descendants(child)
 23 | 
 24 | 
 25 | class FixTreeCommand(SubcommandsCommand):
 26 |     help_string = 'Repairing Materialized Path Tree for Pages'
 27 |     command_name = 'fix-tree'
 28 | 
 29 |     def handle(self, *args, **options):
 30 |         """
 31 |         Repairs the tree
 32 |         """
 33 |         self.stdout.write('fixing page tree')
 34 |         Page.fix_tree()
 35 | 
 36 |         root_pages = Page.objects.filter(parent__isnull=True)
 37 | 
 38 |         last = None
 39 | 
 40 |         try:
 41 |             first = root_pages.order_by('path').first()
 42 |         except IndexError:
 43 |             first = None
 44 | 
 45 |         for page in root_pages.order_by('site__pk', 'path'):
 46 |             if last:
 47 |                 last.refresh_from_db()
 48 |                 page.refresh_from_db()
 49 |                 page.move(target=last, pos='right')
 50 |             elif first and first.pk != page.pk:
 51 |                 page.move(target=first, pos='left')
 52 |             last = page
 53 | 
 54 |         for root in root_pages.order_by('site__pk', 'path'):
 55 |             self._update_descendants_tree(root)
 56 | 
 57 |         self.stdout.write('fixing page URLs')
 58 |         for page in root_pages:
 59 |             for language in page.get_languages():
 60 |                 if not page.is_home:
 61 |                     page._update_url_path(language)
 62 |                 self._update_url_path_recursive(page, language)
 63 | 
 64 |         self.stdout.write('all done')
 65 | 
 66 |     def _update_descendants_tree(self, root):
 67 |         pages = Page.objects.all()
 68 |         descendants_by_parent = OrderedDict()
 69 | 
 70 |         for descendant in get_descendants(root):
 71 |             parent_id = descendant.parent_id
 72 |             descendants_by_parent.setdefault(parent_id, []).append(descendant)
 73 | 
 74 |         for tree in descendants_by_parent.values():
 75 |             last_page = None
 76 | 
 77 |             for page in tree:
 78 |                 page.refresh_from_db()
 79 | 
 80 |                 if last_page:
 81 |                     # This is not the first loop so this is not the first draft
 82 |                     # child. Set this page a sibling of the last processed
 83 |                     # draft page.
 84 |                     last_page.refresh_from_db()
 85 |                     page.move(target=last_page, pos='right')
 86 |                 else:
 87 |                     # This is the first time through the loop so this is the first
 88 |                     # draft child for this parent.
 89 |                     page.move(target=pages.get(pk=tree[0].parent_id), pos='first-child')
 90 |                 last_page = page
 91 | 
 92 |     def _update_url_path_recursive(self, page, language):
 93 |         if page.node.is_leaf() or language not in page.get_languages():
 94 |             return
 95 | 
 96 |         pages = page.get_child_pages()
 97 |         base_path = page.get_path(language)
 98 |         new_path = page._get_path_sql_value(base_path)
 99 | 
100 |         try:
101 |             (PageUrl
102 |              .objects
103 |              .filter(language=language, page__in=pages)
104 |              .exclude(managed=False)
105 |              .update(path=new_path))
106 |         except IntegrityError as exc:
107 |             self.stdout.write(f"{exc} while updating path for page: /{language}/{new_path}")
108 | 
109 |         for child in pages.filter(urls__language=language).iterator():
110 |             self._update_url_path_recursive(child, language)
111 | 
```

2026-09-14 22:34:02 utils.py INFO 
LiteLLM completion() model= qwen/qwen3-coder; provider = openrouter
2026-09-14 22:34:07 utils.py INFO Wrapper: Completed Call, calling success_handler
2026-09-14 22:34:07 auto_search_main.py INFO Executing code:
```
print(get_entity_contents(**{'entity_names': ['cms/utils/plugins.py']}))
```
2026-09-14 22:34:07 auto_search_main.py INFO OBSERVATION:
##Searching for entity `cms/utils/plugins.py`...
### Search Result:
Found file `cms/utils/plugins.py`.
Source: Exact match found for entity name `cms/utils/plugins.py`.
```
  1 | import logging
  2 | import sys
  3 | from collections import OrderedDict, defaultdict, deque
  4 | from collections.abc import Iterable
  5 | from copy import deepcopy
  6 | from functools import cache
  7 | from itertools import starmap
  8 | from operator import itemgetter
  9 | from typing import Optional
 10 | 
 11 | from django.http import HttpRequest
 12 | from django.utils.encoding import force_str
 13 | from django.utils.translation import gettext as _
 14 | 
 15 | from cms.exceptions import PluginLimitReached
 16 | from cms.models.pluginmodel import CMSPlugin
 17 | from cms.plugin_base import CMSPluginBase
 18 | from cms.plugin_pool import plugin_pool
 19 | from cms.utils import get_language_from_request
 20 | from cms.utils.permissions import has_plugin_permission
 21 | from cms.utils.placeholder import get_placeholder_conf
 22 | 
 23 | logger = logging.getLogger(__name__)
 24 | 
 25 | 
 26 | @cache
 27 | def get_plugin_class(plugin_type: str) -> type[CMSPluginBase]:
 28 |     """Returns the plugin class for a given plugin_type (str)"""
 29 |     return plugin_pool.get_plugin(plugin_type)
 30 | 
 31 | 
 32 | def get_plugin_model(plugin_type: str) -> CMSPlugin:
 33 |     """Returns the plugin model class for a given plugin_type (str)"""
 34 |     return get_plugin_class(plugin_type).model
 35 | 
 36 | 
 37 | def get_plugins(request, placeholder, template, lang=None):
 38 |     """
 39 |     Get a list of plugins for a placeholder in a specified template. Respects the placeholder's cache.
 40 | 
 41 |     :param request: (HttpRequest) The HTTP request object.
 42 |     :param placeholder: (Placeholder) The placeholder object for which to retrieve plugins.
 43 |     :param template: (Template) The template object in which the placeholder resides (not used).
 44 |     :param lang: (str, optional) The language code for localization. Defaults to None.
 45 | 
 46 |     Returns:
 47 |         list: A list of plugins for the specified placeholder in the template.
 48 | 
 49 |     Raises:
 50 |         None.
 51 | 
 52 |     Examples::
 53 | 
 54 |         # Get plugins for a placeholder in a template
 55 |         plugins = get_plugins(request, placeholder, template)
 56 | 
 57 |         # Get plugins for a placeholder in a template with specific language
 58 |         plugins = get_plugins(request, placeholder, template, lang="en")
 59 |     """
 60 |     if not placeholder:
 61 |         return []
 62 |     if not hasattr(placeholder, "_plugins_cache"):
 63 |         assign_plugins(request, [placeholder], template, lang)
 64 |     return placeholder._plugins_cache
 65 | 
 66 | 
 67 | def assign_plugins(request, placeholders, template=None, lang=None):
 68 |     """
 69 |     Fetch all plugins for the given ``placeholders`` and
 70 |     cast them down to the concrete instances in one query
 71 |     per type.
 72 | 
 73 |     :param request: The current request.
 74 |     :param placeholders: An iterable of placeholder objects.
 75 |     :param template: (optional) The template object.
 76 |     :param lang: (optional) The language code.
 77 | 
 78 |     This method assigns plugins to the given placeholders. It retrieves the plugins from the database based on the
 79 |     placeholders and the language. The plugins are then downcasted to their specific plugin types.
 80 | 
 81 |     The plugins are split up by placeholder and stored in a dictionary where the key is the placeholder ID and the
 82 |     value is a list of plugins.
 83 | 
 84 |     For each placeholder, if there are plugins assigned to it, the plugins are organized as a layered tree structure.
 85 |     Otherwise, an empty list is assigned.
 86 | 
 87 |     The list of all plugins for each placeholder is stored in the `_all_plugins_cache` attribute of the placeholder,
 88 |     while the list of root plugins is stored in the `_plugins_cache` attribute
 89 |     """
 90 |     if not placeholders:
 91 |         return
 92 |     placeholders = tuple(placeholders)  # Trigger db hit
 93 |     lang = lang or get_language_from_request(request)
 94 |     plugins = list(CMSPlugin.objects.filter(placeholder__in=placeholders, language=lang))
 95 |     if not plugins:
 96 |         # Create default plugins if enabled
 97 |         plugins = create_default_plugins(request, placeholders, template, lang)
 98 |     else:
 99 |         plugins = downcast_plugins(plugins, placeholders, request=request)
100 | 
101 |     # split the plugins up by placeholder
102 |     plugins_by_placeholder = defaultdict(list)
103 | 
104 |     for plugin in plugins:
105 |         plugins_by_placeholder[plugin.placeholder_id].append(plugin)
106 | 
107 |     for placeholder in placeholders:
108 |         all_plugins = plugins_by_placeholder[placeholder.pk]
109 | 
110 |         if all_plugins:
111 |             layered_plugins = get_plugins_as_layered_tree(all_plugins)
112 |         else:
113 |             layered_plugins = []
114 |         # This is all the plugins.
115 |         placeholder._all_plugins_cache = all_plugins
116 |         # This is only the root plugins.
117 |         placeholder._plugins_cache = layered_plugins
118 | 
119 | 
120 | def create_default_plugins(request, placeholders, template, lang):
121 |     """
122 |     Create all default plugins for the given ``placeholders`` if they have
123 |     a "default_plugins" configuration value in settings.
124 |     return all plugins, children, grandchildren (etc.) created
125 |     """
126 |     from cms.api import add_plugin
127 | 
128 |     def _create_default_plugins(placeholder, confs, parent=None):
129 |         """
130 |         Auxiliary function that builds all of a placeholder's default plugins
131 |         at the current level and drives the recursion down the tree.
132 |         Returns the plugins at the current level along with all descendants.
133 |         """
134 |         plugins, descendants = [], []
135 |         addable_confs = (conf for conf in confs if has_plugin_permission(request.user, conf["plugin_type"], "add"))
136 |         for conf in addable_confs:
137 |             plugin = add_plugin(placeholder, conf["plugin_type"], lang, target=parent, **conf["values"])
138 |             if "children" in conf:
139 |                 args = placeholder, conf["children"], plugin
140 |                 descendants += _create_default_plugins(*args)
141 |             plugin.notify_on_autoadd(request, conf)
142 |             plugins.append(plugin)
143 |         if parent:
144 |             parent.notify_on_autoadd_children(request, conf, plugins)
145 |         return plugins + descendants
146 | 
147 |     unfiltered_confs = ((ph, get_placeholder_conf("default_plugins", ph.slot, template)) for ph in placeholders)
148 |     # Empty confs must be filtered before filtering on add permission
149 |     mutable_confs = (
150 |         (ph, default_plugin_confs)
151 |         for ph, default_plugin_confs in filter(itemgetter(1), unfiltered_confs)
152 |         if ph.has_change_permission(request.user)
153 |     )
154 |     return sum(starmap(_create_default_plugins, mutable_confs), [])
155 | 
156 | 
157 | def get_plugins_as_layered_tree(plugins):
158 |     """
159 |     Given an iterable of plugins ordered by position,
160 |     returns a deque of root plugins with their respective
161 |     children set in the child_plugin_instances attribute.
162 |     """
163 |     delayed = defaultdict(deque)
164 |     root_plugins = deque()
165 | 
166 |     for plugin in reversed(plugins):
167 |         plugin.child_plugin_instances = delayed[plugin.pk]
168 | 
169 |         if plugin.parent_id:
170 |             delayed[plugin.parent_id].appendleft(plugin)
171 |         else:
172 |             root_plugins.appendleft(plugin)
173 |     return root_plugins
174 | 
175 | 
176 | def get_plugin_restrictions(plugin, page=None, restrictions_cache=None):
177 |     if restrictions_cache is None:
178 |         restrictions_cache = {}
179 | 
180 |     cache = plugin_pool.get_restrictions_cache(restrictions_cache, plugin, page=page)
181 |     plugin_type = plugin.plugin_type
182 |     plugin_class = get_plugin_class(plugin.plugin_type)
183 |     parents_cache = cache.setdefault("plugin_parents", {})
184 |     children_cache = cache.setdefault("plugin_children", {})
185 | 
186 |     try:
187 |         parent_classes = parents_cache[plugin_type]
188 |     except KeyError:
189 |         parent_classes = plugin_class.get_parent_classes(
190 |             slot=plugin.placeholder.slot,
191 |             page=page,
192 |             instance=plugin,
193 |         )
194 | 
195 |     if plugin_class.cache_parent_classes:
196 |         parents_cache[plugin_type] = parent_classes or []
197 | 
198 |     child_classes = []
199 |     if plugin_class.allow_children:
200 |         # Only check for children if children are allowed
201 |         try:
202 |             child_classes = children_cache[plugin_type]
203 |             # Still check child classes that did not cache their parent classes
204 |             uncached_child_classes = plugin_class.get_child_classes(
205 |                 slot=plugin.placeholder.slot,
206 |                 page=page,
207 |                 instance=plugin,
208 |                 only_uncached=True,
209 |             )
210 |             child_classes = child_classes + uncached_child_classes  # Creates a new list to not change the cache
211 | 
212 |         except KeyError:
213 |             child_classes = plugin_class.get_child_classes(
214 |                 slot=plugin.placeholder.slot,
215 |                 page=page,
216 |                 instance=plugin,
217 |             )
218 |             if plugin_class.cache_child_classes:  # Check if child classes should be cached
219 |                 # Only add plugins to the cache that have the cache_parent_class attribute set
220 |                 children_cache[plugin_type] = [plugin for plugin in (child_classes or [])
221 |                                             if plugin_pool.get_plugin(plugin).cache_parent_classes]
222 |                 if not children_cache[plugin_type] and child_classes:
223 |                     # Edge case:
224 |                     children_cache[plugin_type] = [""]
225 | 
226 |     return child_classes, parent_classes
227 | 
228 | 
229 | def _reunite_orphaned_placeholder_plugin_children(root_plugin, orphaned_plugin_list, plugins_by_id):
230 |     """
231 |     Handle plugins where the parent hasn't yet been copied (child seen before the parent)
232 | 
233 |     CAVEAT: The only reason this exists is because the plugin position is not
234 |            sequential through children when the user nests plugins.
235 |            It's now too late as content already has this issue, it would be a very expensive
236 |            calculation to recalculate every placeholders positions, needs to be handled gracefully
237 |            so that it doesn't actually matter :-).
238 |     """
239 |     for old_plugin_parent_id, new_plugin in orphaned_plugin_list:
240 |         new_parent = plugins_by_id.get(old_plugin_parent_id, root_plugin)
241 |         if new_parent:
242 |             new_plugin.parent = new_parent
243 |             new_plugin.save()
244 | 
245 | 
246 | def copy_plugins_to_placeholder(plugins, placeholder, language=None, root_plugin=None, start_positions=None):
247 |     """Copies an iterable of plugins to a placeholder
248 | 
249 |     :param iterable plugins: Plugins to be copied
250 |     :param placeholder: Target placeholder
251 |     :type placeholder: :class:`cms.models.placeholdermodel.Placeholder` instance
252 |     :param str language: target language (if no root plugin is given)
253 |     :param root_plugin:
254 |     :type placeholder: :class:`cms.models.pluginmodel.CMSPlugin` instance
255 |     :param int start_positions: Cache for start positions by language
256 | 
257 |     The logic of this method is the following:
258 | 
259 |     #. Get bound plugins for each source plugin
260 |     #. Get the parent plugin (if it exists)
261 |     #. then get a copy of the source plugin instance
262 |     #. Set the id/pk to None to it the id of the generic plugin instance above;
263 |        this will effectively change the generic plugin created above
264 |        into a concrete one
265 |     #. find the position in the new placeholder
266 |     #. save the concrete plugin (which creates a new plugin in the database)
267 |     #. trigger the copy relations
268 |     #. return the plugin ids
269 |     """
270 |     plugin_pairs = []
271 |     plugins_by_id = OrderedDict()
272 |     # Keeps track of the next available position per language.
273 |     positions_by_language = {}
274 |     orphaned_plugin_list = []
275 | 
276 |     if start_positions:
277 |         positions_by_language.update(start_positions)
278 | 
279 |     if root_plugin:
280 |         language = root_plugin.language
281 | 
282 |     for source_plugin in get_bound_plugins(plugins):
283 |         parent = plugins_by_id.get(source_plugin.parent_id, root_plugin)
284 |         plugin_model = source_plugin.__class__  # get_plugin_model(source_plugin.plugin_type)
285 | 
286 |         if plugin_model is not CMSPlugin:
287 |             new_plugin = deepcopy(source_plugin)
288 |             new_plugin.pk = None
289 |             new_plugin.id = None
290 |             new_plugin.language = language or new_plugin.language
291 |             new_plugin.placeholder = placeholder
292 |             new_plugin.parent = parent
293 |         else:
294 |             new_plugin = CMSPlugin(
295 |                 language=(language or source_plugin.language),
296 |                 parent=parent,
297 |                 plugin_type=source_plugin.plugin_type,
298 |                 placeholder=placeholder,
299 |             )
300 | 
301 |         try:
302 |             position = positions_by_language[new_plugin.language]
303 |         except KeyError:
304 |             offset = placeholder.get_last_plugin_position(language) or 0
305 |             # The position is relative to language.
306 |             position = placeholder.get_next_plugin_position(
307 |                 language=new_plugin.language,
308 |                 parent=new_plugin.parent,
309 |                 insert_order="last",
310 |             )
311 |             # Because it is the first time this language is processed,
312 |             # shift all plugins to the right of the next position.
313 |             placeholder._shift_plugin_positions(
314 |                 language,
315 |                 start=position,
316 |                 offset=offset,
317 |             )
318 | 
319 |         new_plugin.position = position
320 |         new_plugin.save()
321 |         positions_by_language[new_plugin.language] = position + 1
322 | 
323 |         if plugin_model != CMSPlugin:
324 |             new_plugin.copy_relations(source_plugin)
325 |             plugin_pairs.append((new_plugin, source_plugin))
326 |         plugins_by_id[source_plugin.pk] = new_plugin
327 | 
328 |         # Rescue any orphaned plugins
329 |         if not parent and source_plugin.parent_id:
330 |             orphaned_plugin_list.append((source_plugin.parent_id, new_plugin))
331 | 
332 |     # Reunite any orphaned plugins with the parent
333 |     if orphaned_plugin_list:
334 |         _reunite_orphaned_placeholder_plugin_children(root_plugin, orphaned_plugin_list, plugins_by_id)
335 | 
336 |     # Backwards compatibility
337 |     # This magic is needed for advanced plugins like Text Plugins that can have
338 |     # nested plugins and need to update their content based on the new plugins.
339 |     for new_plugin, old_plugin in plugin_pairs:
340 |         new_plugin.post_copy(old_plugin, plugin_pairs)
341 | 
342 |     for language in positions_by_language:
343 |         placeholder._recalculate_plugin_positions(language)
344 | 
345 |     return list(plugins_by_id.values())
346 | 
347 | 
348 | def get_bound_plugins(plugins):
349 |     """
350 |     Get the bound plugins by downcasting the plugins to their respective classes. Raises a KeyError if the plugin type
351 |     is not available.
352 | 
353 |     Creates a map of plugin types and their corresponding plugin IDs for later use in downcasting.
354 |     Then, retrieves the plugin instances from the plugin model using the mapped plugin IDs.
355 |     Finally, iterates over the plugins and yields the downcasted versions if they have a valid parent.
356 |     Does not affect caching.
357 | 
358 |     :param plugins:  List of ``CMSPlugin`` instances.
359 |     :type plugins: List[CMSPlugin]
360 |     :return: Generator that yields the downcasted plugins.
361 |     :rtype: Generator[CMSPlugin, None, None]
362 | 
363 |     Example::
364 | 
365 |         plugins = [plugin_instance1, plugin_instance2]
366 |         for bound_plugin in get_bound_plugins(plugins):
367 |             # Do something with the bound_plugin
368 |             pass
369 |     """
370 |     plugin_types_map = defaultdict(list)
371 |     plugin_ids = []
372 |     plugin_lookup = {}
373 | 
374 |     # make a map of plugin types, needed later for downcasting
375 |     for plugin in plugins:
376 |         plugin_ids.append(plugin.pk)
377 |         base_model = get_plugin_model(plugin.plugin_type)._meta.concrete_model  # Collect all base models
378 |         if base_model is CMSPlugin:
379 |             plugin_lookup[plugin.pk] = plugin  # No downcast needed
380 |         else:
381 |             plugin_types_map[base_model].append(plugin.pk)
382 | 
383 |     for base_model, pks in plugin_types_map.items():
384 |         plugin_queryset = base_model.objects.filter(pk__in=pks)
385 |         # put them in a map, so we can replace the base CMSPlugins with their
386 |         # downcasted versions
387 |         for instance in plugin_queryset.iterator():
388 |             model = get_plugin_model(instance.plugin_type)  # Get original class
389 |             instance.__class__ = model  # Cast to correct model (including proxies)
390 |             plugin_lookup[instance.pk] = instance
391 | 
392 |     for plugin in plugins:
393 |         parent_not_available = not plugin.parent_id or plugin.parent_id not in plugin_ids
394 |         # The plugin either has no parent or needs to have a non-ghost parent
395 |         valid_parent = parent_not_available or plugin.parent_id in plugin_lookup
396 | 
397 |         if valid_parent and plugin.pk in plugin_lookup:
398 |             plugin._inst = plugin_lookup[plugin.pk]  # Populate bound plugin cache for plugin
399 |             yield plugin_lookup[plugin.pk]
400 | 
401 | 
402 | def downcast_plugins(
403 |     plugins: Iterable[CMSPlugin],
404 |     placeholders: Optional[list] = None,
405 |     select_placeholder: bool = False,
406 |     request: Optional[HttpRequest] = None,
407 | ) -> Iterable[CMSPlugin]:
408 |     """
409 |     Downcasts the given list of plugins to their respective classes. Ignores any plugins
410 |     that are not available.
411 | 
412 |     :param plugins: List of plugins to downcast.
413 |     :type plugins: List[CMSPlugin]
414 |     :param placeholders: List of placeholders associated with the plugins.
415 |     :type placeholders: Optional[List[Placeholder]]
416 |     :param select_placeholder: If True, select_related the plugin queryset with placeholder.
417 |     :type select_placeholder: bool
418 |     :param request: The current request.
419 |     :type request: Optional[HttpRequest]
420 |     :return: Generator that yields the downcasted plugins.
421 |     :rtype: Generator[CMSPlugin, None, None]
422 |     """
423 |     plugin_types_map = defaultdict(list)
424 |     plugin_lookup = {}
425 |     plugin_ids = []
426 | 
427 |     # make a map of plugin types, needed later for downcasting
428 |     for plugin in plugins:
429 |         # Keep track of the plugin ids we've received
430 |         try:
431 |             base_model = get_plugin_model(plugin.plugin_type)._meta.concrete_model  # Collect all base models
432 |         except KeyError:
433 |             # Plugin not available
434 |             logger.error(f"Plugin not installed: {plugin.plugin_type} (pk={plugin.pk})", exc_info=sys.exc_info())
435 |             continue
436 |         plugin_ids.append(plugin.pk)
437 |         if base_model is CMSPlugin:
438 |             plugin_lookup[plugin.pk] = plugin  # No downcast needed
439 |         else:
440 |             plugin_types_map[base_model].append(plugin.pk)
441 | 
442 |     placeholders = placeholders or []
443 |     placeholders_by_id = {placeholder.pk: placeholder for placeholder in placeholders}
444 | 
445 |     for plugin_model, pks in plugin_types_map.items():
446 |         # get all the plugins of type cls.model
447 |         plugin_qs = plugin_model.objects.filter(pk__in=pks)
448 | 
449 |         if select_placeholder:
450 |             plugin_qs = plugin_qs.select_related("placeholder")
451 | 
452 |         # put them in a map, so we can replace the base CMSPlugins with their
453 |         # downcasted versions
454 |         for instance in plugin_qs.iterator():
455 |             cls = get_plugin_class(instance.plugin_type)  # Plugin class
456 |             instance.__class__ = cls.model  # Cast to original model (including proxies)
457 |             plugin_lookup[instance.pk] = instance
458 | 
459 |     for plugin in plugins:
460 |         parent_not_available = not plugin.parent_id or plugin.parent_id not in plugin_ids
461 |         # The plugin either has no parent or needs to have a non-ghost parent
462 |         valid_parent = parent_not_available or plugin.parent_id in plugin_lookup
463 | 
464 |         if valid_parent and plugin.pk in plugin_lookup:
465 |             instance = plugin_lookup[plugin.pk]
466 |             if instance.parent_id in plugin_lookup:
467 |                 instance._state.fields_cache["parent"] = plugin_lookup[instance.parent_id]
468 |             placeholder = placeholders_by_id.get(instance.placeholder_id)
469 |             if placeholder:
470 |                 instance.placeholder = placeholder
471 |                 cls = get_plugin_class(instance.plugin_type)
472 |                 if not cls.cache and not cls().get_cache_expiration(request, instance, placeholder):
473 |                     placeholder.cache_placeholder = False
474 | 
475 |             plugin._inst = instance  # Populate bound plugin cache for plugin
476 |             yield instance
477 | 
478 | 
479 | def has_reached_plugin_limit(placeholder, plugin_type, language, template=None):
480 |     """
481 |     Checks if the global maximum limit for plugins in a placeholder has been reached.
482 |     If not then it checks if it has reached its maximum plugin_type limit.
483 | 
484 |     Parameters:
485 |     - placeholder: The placeholder object to check the limit for.
486 |     - plugin_type: The type of plugin to check the limit for.
487 |     - language: The language code for the plugins.
488 |     - template: The template object for the placeholder. Optional.
489 | 
490 |     Returns:
491 |     - False if the limit has not been reached.
492 | 
493 |     Raises:
494 |     - PluginLimitReached: If the limit has been reached for the placeholder.
495 | 
496 |     """
497 |     limits = get_placeholder_conf("limits", placeholder.slot, template)
498 |     if limits:
499 |         global_limit = limits.get("global")
500 |         type_limit = limits.get(plugin_type)
501 |         # total plugin count
502 |         count = placeholder.get_plugins(language=language).count()
503 |         if global_limit and count >= global_limit:
504 |             raise PluginLimitReached(_("This placeholder already has the maximum number of plugins (%s)." % count))
505 |         elif type_limit:
506 |             # total plugin type count
507 |             type_count = placeholder.get_plugins(language=language).filter(plugin_type=plugin_type).count()
508 |             if type_count >= type_limit:
509 |                 plugin_name = force_str(plugin_pool.get_plugin(plugin_type).name)
510 |                 raise PluginLimitReached(
511 |                     _(
512 |                         "This placeholder already has the maximum number (%(limit)s) of allowed %(plugin_name)s plugins."
513 |                     )
514 |                     % {"limit": type_limit, "plugin_name": plugin_name}
515 |                 )
516 |     return False
517 | 
```

2026-09-14 22:34:07 utils.py INFO 
LiteLLM completion() model= qwen/qwen3-coder; provider = openrouter
2026-09-14 22:34:13 utils.py INFO Wrapper: Completed Call, calling success_handler
2026-09-14 22:34:13 utils.py INFO 
LiteLLM completion() model= qwen/qwen3-coder; provider = openrouter
2026-09-14 22:34:18 utils.py INFO Wrapper: Completed Call, calling success_handler
2026-09-14 22:34:18 auto_search_main.py INFO Executing code:
```
print(search_code_snippets(**{'search_terms': ['plugin tree', 'positions', 'recalculate', 'update'], 'file_path_or_pattern': 'cms/models/pluginmodel.py'}))
```
2026-09-14 22:34:18 __init__.py DEBUG Building index from IDs objects
2026-09-14 22:34:19 __init__.py DEBUG Building index from IDs objects
2026-09-14 22:34:19 __init__.py DEBUG Building index from IDs objects
2026-09-14 22:34:19 __init__.py DEBUG Building index from IDs objects
2026-09-14 22:34:19 __init__.py DEBUG Building index from IDs objects
2026-09-14 22:34:19 __init__.py DEBUG Building index from IDs objects
2026-09-14 22:34:19 auto_search_main.py INFO OBSERVATION:
##Searching for term "plugin tree", "plugin tree positions recalculate"...
### Search Result:
Found function `cms/utils/plugins.py:get_plugin_class`.
Source: Retrieved entity using keyword search (bm25).
```
27 | def get_plugin_class(plugin_type: str) -> type[CMSPluginBase]:
28 |     """Returns the plugin class for a given plugin_type (str)"""
29 |     return plugin_pool.get_plugin(plugin_type)
```

Found function `cms/utils/plugins.py:assign_plugins`.
Source: Retrieved entity using keyword search (bm25).
```
 67 | def assign_plugins(request, placeholders, template=None, lang=None):
 68 |     """
 69 |     Fetch all plugins for the given ``placeholders`` and
 70 |     cast them down to the concrete instances in one query
 71 |     per type.
 72 | 
 73 |     :param request: The current request.
 74 |     :param placeholders: An iterable of placeholder objects.
 75 |     :param template: (optional) The template object.
 76 |     :param lang: (optional) The language code.
 77 | 
 78 |     This method assigns plugins to the given placeholders. It retrieves the plugins from the database based on the
 79 |     placeholders and the language. The plugins are then downcasted to their specific plugin types.
 80 | 
 81 |     The plugins are split up by placeholder and stored in a dictionary where the key is the placeholder ID and the
 82 |     value is a list of plugins.
 83 | 
 84 |     For each placeholder, if there are plugins assigned to it, the plugins are organized as a layered tree structure.
 85 |     Otherwise, an empty list is assigned.
 86 | 
 87 |     The list of all plugins for each placeholder is stored in the `_all_plugins_cache` attribute of the placeholder,
 88 |     while the list of root plugins is stored in the `_plugins_cache` attribute
 89 |     """
 90 |     if not placeholders:
 91 |         return
 92 |     placeholders = tuple(placeholders)  # Trigger db hit
 93 |     lang = lang or get_language_from_request(request)
 94 |     plugins = list(CMSPlugin.objects.filter(placeholder__in=placeholders, language=lang))
 95 |     if not plugins:
 96 |         # Create default plugins if enabled
 97 |         plugins = create_default_plugins(request, placeholders, template, lang)
 98 |     else:
 99 |         plugins = downcast_plugins(plugins, placeholders, request=request)
100 | 
101 |     # split the plugins up by placeholder
102 |     plugins_by_placeholder = defaultdict(list)
103 | 
104 |     for plugin in plugins:
105 |         plugins_by_placeholder[plugin.placeholder_id].append(plugin)
106 | 
107 |     for placeholder in placeholders:
108 |         all_plugins = plugins_by_placeholder[placeholder.pk]
109 | 
110 |         if all_plugins:
111 |             layered_plugins = get_plugins_as_layered_tree(all_plugins)
112 |         else:
113 |             layered_plugins = []
114 |         # This is all the plugins.
115 |         placeholder._all_plugins_cache = all_plugins
116 |         # This is only the root plugins.
117 |         placeholder._plugins_cache = layered_plugins
```

Found function `cms/utils/plugins.py:has_reached_plugin_limit`.
Source: Retrieved entity using keyword search (bm25).
```
479 | def has_reached_plugin_limit(placeholder, plugin_type, language, template=None):
480 |     """
481 |     Checks if the global maximum limit for plugins in a placeholder has been reached.
482 |     If not then it checks if it has reached its maximum plugin_type limit.
483 | 
484 |     Parameters:
485 |     - placeholder: The placeholder object to check the limit for.
486 |     - plugin_type: The type of plugin to check the limit for.
487 |     - language: The language code for the plugins.
488 |     - template: The template object for the placeholder. Optional.
489 | 
490 |     Returns:
491 |     - False if the limit has not been reached.
492 | 
493 |     Raises:
494 |     - PluginLimitReached: If the limit has been reached for the placeholder.
495 | 
496 |     """
497 |     limits = get_placeholder_conf("limits", placeholder.slot, template)
498 |     if limits:
499 |         global_limit = limits.get("global")
500 |         type_limit = limits.get(plugin_type)
501 |         # total plugin count
502 |         count = placeholder.get_plugins(language=language).count()
503 |         if global_limit and count >= global_limit:
504 |             raise PluginLimitReached(_("This placeholder already has the maximum number of plugins (%s)." % count))
505 |         elif type_limit:
506 |             # total plugin type count
507 |             type_count = placeholder.get_plugins(language=language).filter(plugin_type=plugin_type).count()
508 |             if type_count >= type_limit:
509 |                 plugin_name = force_str(plugin_pool.get_plugin(plugin_type).name)
510 |                 raise PluginLimitReached(
511 |                     _(
512 |                         "This placeholder already has the maximum number (%(limit)s) of allowed %(plugin_name)s plugins."
513 |                     )
514 |                     % {"limit": type_limit, "plugin_name": plugin_name}
515 |                 )
516 |     return False
```

Found file `cms/utils/plugins.py`.
Found file `cms/management/commands/subcommands/tree.py`.
Source: Retrieved entity using keyword search (bm25).
Hint: Use more detailed query to get the full content of some if needed.



##Searching for term "positions"...
### Search Result:
Found function `cms/models/placeholdermodel.py:Placeholder._shift_plugin_positions`.
Source: Retrieved entity using keyword search (bm25).
```
695 | def _shift_plugin_positions(self, language, start, offset=None):
696 |         if offset is None:
697 |             offset = self.get_last_plugin_position(language) or 0
698 | 
699 |         self.get_plugins(language).filter(position__gte=start).update(position=models.F("position") + offset)
```

Found file `cms/exceptions.py`.
Source: Retrieved entity using keyword search (bm25).
Hint: Search `cms/exceptions.py` for the full content if needed.



##Searching for term "positions", "recalculate"...
### Search Result:
Found function `cms/models/placeholdermodel.py:Placeholder._recalculate_plugin_positions`.
Source: Retrieved entity using keyword search (bm25).
```
701 | def _recalculate_plugin_positions(self, language):
702 |         from cms.models.pluginmodel import (
703 |             CMSPlugin,
704 |             _get_database_cursor,
705 |             _get_database_vendor,
706 |         )
707 | 
708 |         cursor = _get_database_cursor("write")
709 |         db_vendor = _get_database_vendor("write")
710 | 
711 |         if db_vendor in ("sqlite", "postgresql"):
712 |             sql = (
713 |                 "UPDATE {0} "
714 |                 "SET position = subquery.new_pos "
715 |                 "FROM ("
716 |                 "  SELECT  ID, ROW_NUMBER() OVER (ORDER BY position, id) AS new_pos "
717 |                 "  FROM {0} WHERE placeholder_id=%s AND language=%s "
718 |                 ") subquery "
719 |                 "WHERE {0}.id=subquery.id"
720 |             )
721 |             sql = sql.format(connection.ops.quote_name(CMSPlugin._meta.db_table))
722 |             cursor.execute(sql, [self.pk, language])
723 |         elif db_vendor == "mysql":
724 |             sql = (
725 |                 "UPDATE {0} "
726 |                 "SET position = ("
727 |                 "SELECT COUNT(*)+1 FROM (SELECT * FROM {0}) t "
728 |                 "WHERE placeholder_id={0}.placeholder_id AND language={0}.language "
729 |                 "AND {0}.position > t.position"
730 |                 ") WHERE placeholder_id=%s AND language=%s"
731 |             )
732 |             sql = sql.format(connection.ops.quote_name(CMSPlugin._meta.db_table))
733 |             cursor.execute(sql, [self.pk, language])
734 |         elif db_vendor == "oracle":
735 |             sql = (
736 |                 "UPDATE {0} "
737 |                 "SET position = ("
738 |                 "SELECT COUNT(*)+1 FROM (SELECT * FROM {0}) t "
739 |                 "WHERE placeholder_id={0}.placeholder_id AND language={0}.language "
740 |                 "AND {0}.position > t.position"
741 |                 ") WHERE placeholder_id=%s AND language=%s"
742 |             )
743 |             sql = sql.format(connection.ops.quote_name(CMSPlugin._meta.db_table))
744 |             cursor.execute(sql, [self.pk, language])
745 |         else:
746 |             raise RuntimeError(f"{connection.vendor} is not supported by django-cms")
```



##Searching for term "recalculate"...
### Search Result:
Found file `cms/templatetags/cms_static.py`.
Found file `cms/templates.py`.
Source: Retrieved entity using keyword search (bm25).
Hint: Use more detailed query to get the full content of some if needed.



##Searching for term "update"...
### Search Result:
Found function `cms/models/pluginmodel.py:CMSPlugin.update`.
Source: Match found for entity name `update`.
```
327 | def update(self, refresh=False, **fields):
328 |         CMSPlugin.objects.filter(pk=self.pk).update(**fields)
329 |         if refresh:
330 |             return self.reload()
331 |         return
```

2026-09-14 22:34:19 utils.py INFO 
LiteLLM completion() model= qwen/qwen3-coder; provider = openrouter
2026-09-14 22:34:24 utils.py INFO Wrapper: Completed Call, calling success_handler
2026-09-14 22:34:24 auto_search_main.py INFO Executing code:
```
print(get_entity_contents(**{'entity_names': ['cms/models/pluginmodel.py:CMSPlugin.update']}))
```
2026-09-14 22:34:24 auto_search_main.py INFO OBSERVATION:
##Searching for entity `cms/models/pluginmodel.py:CMSPlugin.update`...
### Search Result:
Found function `cms/models/pluginmodel.py:CMSPlugin.update`.
Source: Exact match found for entity name `cms/models/pluginmodel.py:CMSPlugin.update`.
```
327 | def update(self, refresh=False, **fields):
328 |         CMSPlugin.objects.filter(pk=self.pk).update(**fields)
329 |         if refresh:
330 |             return self.reload()
331 |         return
```

2026-09-14 22:34:24 utils.py INFO 
LiteLLM completion() model= qwen/qwen3-coder; provider = openrouter
2026-09-14 22:34:37 utils.py INFO Wrapper: Completed Call, calling success_handler
2026-09-14 22:34:37 auto_search_main.py INFO Executing code:
```
print(search_code_snippets(**{'search_terms': ['move plugin', 'plugin movement', 'tree update'], 'file_path_or_pattern': 'cms/operations/*'}))
```
2026-09-14 22:34:37 __init__.py DEBUG Building index from IDs objects
2026-09-14 22:34:37 __init__.py DEBUG Building index from IDs objects
2026-09-14 22:34:37 __init__.py DEBUG Building index from IDs objects
2026-09-14 22:34:37 __init__.py DEBUG Building index from IDs objects
2026-09-14 22:34:37 auto_search_main.py INFO OBSERVATION:
##Searching for term "move plugin", "plugin movement", "move plugin plugin movement tree update"...
### Search Result:
Found function `cms/utils/plugins.py:get_plugin_class`.
Source: Retrieved entity using keyword search (bm25).
```
27 | def get_plugin_class(plugin_type: str) -> type[CMSPluginBase]:
28 |     """Returns the plugin class for a given plugin_type (str)"""
29 |     return plugin_pool.get_plugin(plugin_type)
```

Found function `cms/utils/plugins.py:get_plugin_model`.
Source: Retrieved entity using keyword search (bm25).
```
32 | def get_plugin_model(plugin_type: str) -> CMSPlugin:
33 |     """Returns the plugin model class for a given plugin_type (str)"""
34 |     return get_plugin_class(plugin_type).model
```

Found file `cms/utils/plugins.py`.
Source: Retrieved entity using keyword search (bm25).
Hint: Search `cms/utils/plugins.py` for the full content if needed.



##Searching for term "move plugin", "plugin movement"...
### Search Result:
Found function `cms/utils/plugins.py:get_plugins_as_layered_tree`.
Source: Retrieved entity using keyword search (bm25).
```
157 | def get_plugins_as_layered_tree(plugins):
158 |     """
159 |     Given an iterable of plugins ordered by position,
160 |     returns a deque of root plugins with their respective
161 |     children set in the child_plugin_instances attribute.
162 |     """
163 |     delayed = defaultdict(deque)
164 |     root_plugins = deque()
165 | 
166 |     for plugin in reversed(plugins):
167 |         plugin.child_plugin_instances = delayed[plugin.pk]
168 | 
169 |         if plugin.parent_id:
170 |             delayed[plugin.parent_id].appendleft(plugin)
171 |         else:
172 |             root_plugins.appendleft(plugin)
173 |     return root_plugins
```



##Searching for term "tree update"...
### Search Result:
Found function `cms/models/pagemodel.py:Page.update`.
Source: Retrieved entity using keyword search (bm25).
```
627 | def update(self, refresh=False, **data):
628 |         cls = self.__class__
629 |         cls.objects.filter(pk=self.pk).update(**data)
630 | 
631 |         if refresh:
632 |             return self.reload()
633 |         else:
634 |             for field, value in data.items():
635 |                 setattr(self, field, value)
636 |         return
```

Found function `cms/models/contentmodels.py:PageContent.update`.
Source: Retrieved entity using keyword search (bm25).
```
163 | def update(self, **data):
164 |         for field, value in data.items():
165 |             setattr(self, field, value)
166 |         self.save(update_fields=data.keys())
```

Found function `cms/models/pluginmodel.py:CMSPlugin.update`.
Source: Retrieved entity using keyword search (bm25).
```
327 | def update(self, refresh=False, **fields):
328 |         CMSPlugin.objects.filter(pk=self.pk).update(**fields)
329 |         if refresh:
330 |             return self.reload()
331 |         return
```

Found file `cms/management/commands/subcommands/tree.py`.
Source: Retrieved entity using keyword search (bm25).
Hint: Search `cms/management/commands/subcommands/tree.py` for the full content if needed.



##Searching for term "move plugin plugin movement tree update"...
### Search Result:
Found function `cms/utils/plugins.py:assign_plugins`.
Source: Retrieved entity using keyword search (bm25).
```
 67 | def assign_plugins(request, placeholders, template=None, lang=None):
 68 |     """
 69 |     Fetch all plugins for the given ``placeholders`` and
 70 |     cast them down to the concrete instances in one query
 71 |     per type.
 72 | 
 73 |     :param request: The current request.
 74 |     :param placeholders: An iterable of placeholder objects.
 75 |     :param template: (optional) The template object.
 76 |     :param lang: (optional) The language code.
 77 | 
 78 |     This method assigns plugins to the given placeholders. It retrieves the plugins from the database based on the
 79 |     placeholders and the language. The plugins are then downcasted to their specific plugin types.
 80 | 
 81 |     The plugins are split up by placeholder and stored in a dictionary where the key is the placeholder ID and the
 82 |     value is a list of plugins.
 83 | 
 84 |     For each placeholder, if there are plugins assigned to it, the plugins are organized as a layered tree structure.
 85 |     Otherwise, an empty list is assigned.
 86 | 
 87 |     The list of all plugins for each placeholder is stored in the `_all_plugins_cache` attribute of the placeholder,
 88 |     while the list of root plugins is stored in the `_plugins_cache` attribute
 89 |     """
 90 |     if not placeholders:
 91 |         return
 92 |     placeholders = tuple(placeholders)  # Trigger db hit
 93 |     lang = lang or get_language_from_request(request)
 94 |     plugins = list(CMSPlugin.objects.filter(placeholder__in=placeholders, language=lang))
 95 |     if not plugins:
 96 |         # Create default plugins if enabled
 97 |         plugins = create_default_plugins(request, placeholders, template, lang)
 98 |     else:
 99 |         plugins = downcast_plugins(plugins, placeholders, request=request)
100 | 
101 |     # split the plugins up by placeholder
102 |     plugins_by_placeholder = defaultdict(list)
103 | 
104 |     for plugin in plugins:
105 |         plugins_by_placeholder[plugin.placeholder_id].append(plugin)
106 | 
107 |     for placeholder in placeholders:
108 |         all_plugins = plugins_by_placeholder[placeholder.pk]
109 | 
110 |         if all_plugins:
111 |             layered_plugins = get_plugins_as_layered_tree(all_plugins)
112 |         else:
113 |             layered_plugins = []
114 |         # This is all the plugins.
115 |         placeholder._all_plugins_cache = all_plugins
116 |         # This is only the root plugins.
117 |         placeholder._plugins_cache = layered_plugins
```

2026-09-14 22:34:37 utils.py INFO 
LiteLLM completion() model= qwen/qwen3-coder; provider = openrouter
2026-09-14 22:34:43 utils.py INFO Wrapper: Completed Call, calling success_handler
2026-09-14 22:34:43 auto_search_main.py INFO Executing code:
```
print(explore_tree_structure(**{'start_entities': ['cms/operations'], 'traversal_depth': 1, 'dependency_type_filter': "['contains']"}))
```
2026-09-14 22:34:43 auto_search_main.py INFO OBSERVATION:
cms/operations
├── contains ── cms/operations/helpers.py
└── contains ── cms/operations/__init__.py

2026-09-14 22:34:43 utils.py INFO 
LiteLLM completion() model= qwen/qwen3-coder; provider = openrouter
2026-09-14 22:34:49 utils.py INFO Wrapper: Completed Call, calling success_handler
2026-09-14 22:34:49 auto_search_main.py INFO Executing code:
```
print(get_entity_contents(**{'entity_names': ['cms/operations/__init__.py']}))
```
2026-09-14 22:34:49 auto_search_main.py INFO OBSERVATION:
##Searching for entity `cms/operations/__init__.py`...
### Search Result:
Found file `cms/operations/__init__.py`.
Source: Exact match found for entity name `cms/operations/__init__.py`.
```
 1 | # Placeholder operations
 2 | ADD_PLUGIN = 'add_plugin'
 3 | CHANGE_PLUGIN = 'change_plugin'
 4 | DELETE_PLUGIN = 'delete_plugin'
 5 | MOVE_PLUGIN = 'move_plugin'
 6 | CUT_PLUGIN = 'cut_plugin'
 7 | PASTE_PLUGIN = 'paste_plugin'
 8 | PASTE_PLACEHOLDER = 'paste_placeholder'
 9 | ADD_PLUGINS_FROM_PLACEHOLDER = 'add_plugins_from_placeholder'
10 | CLEAR_PLACEHOLDER = 'clear_placeholder'
11 | 
12 | # Page operations
13 | CHANGE_PAGE = 'change_page'
14 | MOVE_PAGE = 'move_page'
15 | DELETE_PAGE = 'delete_page'
16 | 
17 | # Page translation operations
18 | ADD_PAGE_TRANSLATION = 'add_page_translation'
19 | CHANGE_PAGE_TRANSLATION = 'change_page_translation'
20 | DELETE_PAGE_TRANSLATION = 'delete_page_translation'
21 | PUBLISH_PAGE_TRANSLATION = 'publish_page_translation'
22 | REVERT_PAGE_TRANSLATION_TO_LIVE = 'revert_page_translation_to_live'
23 | 
24 | # Static placeholder operations
25 | PUBLISH_STATIC_PLACEHOLDER = 'publish_static_placeholder'
26 | 
27 | PAGE_OPERATIONS = [MOVE_PAGE, DELETE_PAGE]
28 | PAGE_TRANSLATION_OPERATIONS = [
29 |     DELETE_PAGE_TRANSLATION,
30 |     PUBLISH_PAGE_TRANSLATION,
31 |     REVERT_PAGE_TRANSLATION_TO_LIVE,
32 | ]
33 | STATIC_PLACEHOLDER_OPERATIONS = [PUBLISH_STATIC_PLACEHOLDER]
34 | 
```

2026-09-14 22:34:49 utils.py INFO 
LiteLLM completion() model= qwen/qwen3-coder; provider = openrouter
2026-09-14 22:34:54 utils.py INFO Wrapper: Completed Call, calling success_handler
2026-09-14 22:34:54 auto_search_main.py INFO Executing code:
```
print(get_entity_contents(**{'entity_names': ['cms/operations/helpers.py']}))
```
2026-09-14 22:34:54 auto_search_main.py INFO OBSERVATION:
##Searching for entity `cms/operations/helpers.py`...
### Search Result:
Found file `cms/operations/helpers.py`.
Source: Exact match found for entity name `cms/operations/helpers.py`.
```
 1 | import uuid
 2 | 
 3 | from cms.models import Page
 4 | from cms.signals import post_obj_operation, pre_obj_operation
 5 | 
 6 | 
 7 | def send_pre_page_operation(request, operation, sender=Page, **kwargs):
 8 |     token = str(uuid.uuid4())
 9 |     pre_obj_operation.send(
10 |         sender=sender,
11 |         operation=operation,
12 |         request=request,
13 |         token=token,
14 |         **kwargs
15 |     )
16 |     return token
17 | 
18 | 
19 | def send_post_page_operation(request, operation, token, sender=Page, **kwargs):
20 |     post_obj_operation.send(
21 |         sender=sender,
22 |         operation=operation,
23 |         request=request,
24 |         token=token,
25 |         **kwargs
26 |     )
27 | 
```

2026-09-14 22:34:54 utils.py INFO 
LiteLLM completion() model= qwen/qwen3-coder; provider = openrouter
2026-09-14 22:35:03 utils.py INFO Wrapper: Completed Call, calling success_handler
2026-09-14 22:35:03 auto_search_main.py INFO Executing code:
```
print(search_code_snippets(**{'search_terms': ['operations.MOVE_PLUGIN', 'MOVE_PLUGIN'], 'file_path_or_pattern': 'cms/admin/placeholderadmin.py'}))
```
2026-09-14 22:35:03 __init__.py DEBUG Building index from IDs objects
2026-09-14 22:35:03 auto_search_main.py INFO OBSERVATION:
cms/admin/placeholderadmin.py:PlaceholderAdmin._move_plugin
cms/admin/placeholderadmin.py:PlaceholderAdmin._cut_plugin
cms/admin/placeholderadmin.py:PlaceholderAdmin.move_plugin
cms/admin/placeholderadmin.py:PlaceholderAdmin.move_plugin
##Searching for term "operations.MOVE_PLUGIN"...
### Search Result:
Found function `cms/models/placeholdermodel.py:Placeholder.move_plugin`.
Source: Match found for entity name `MOVE_PLUGIN`.
```
496 | def move_plugin(self, plugin, target_position, target_placeholder=None, target_plugin=None):
497 |         """
498 |         .. versionadded:: 4.0
499 | 
500 |         Moves a plugin within the placeholder (``target_placeholder=None``) or to another placeholder.
501 | 
502 |         :param plugin: Plugin to move
503 |         :type plugin: :class:`cms.models.pluginmodel.CMSPlugin` instance
504 |         :param int target_position: The plugin's new position
505 |         :param  target_placeholder: Placeholder to move plugin to (or ``None``)
506 |         :type target_placeholder: :class:`cms.models.placeholdermodel.Placeholder` instance
507 |         :param target_plugin: New parent plugin (or ``None``). The target plugin must be in the same placeholder
508 |            or in the ``target_placeholder`` if one is given.
509 |         :type target_plugin: :class:`cms.models.pluginmodel.CMSPlugin` instance
510 | 
511 |         The ``target_position`` is enumerated from the start of the palceholder's plugin tree (1) to
512 |         the last plugin (*n*, where *n* is the number of plugins in the placeholder).
513 |         """
514 | 
515 |         if target_placeholder:
516 |             return self._move_plugin_to_placeholder(
517 |                 plugin=plugin,
518 |                 target_position=target_position,
519 |                 target_placeholder=target_placeholder,
520 |                 target_plugin=target_plugin,
521 |             )
522 | 
523 |         target_tree = self.get_plugins(plugin.language)
524 |         last_plugin = self.get_last_plugin(plugin.language)
525 |         source_plugin_desc_count = plugin._get_descendants_count()
526 |         # Attn: The following line assumes that all children and grand-children have consecutive positions!
527 |         source_plugin_range = (plugin.position, plugin.position + source_plugin_desc_count)
528 | 
529 |         if target_position < plugin.position:
530 |             # Moving left
531 |             # Make a big hole on the right side of the current plugin's position
532 |             # by shifting all right nodes further to the right, excluding the current plugin
533 |             # but including the target plugin and its descendants.
534 |             (target_tree.filter(position__gte=target_position).exclude(position__range=source_plugin_range)).update(
535 |                 position=(models.F("position") + last_plugin.position)
536 |             )
537 | 
538 |             # Make a big hole on the left side of the current plugin's position
539 |             # by shifting all right nodes further the right, including the current plugin
540 |             # and its descendants.
541 |             target_tree.filter(position__lte=source_plugin_range[1]).update(
542 |                 position=models.F("position") - last_plugin.position
543 |             )
544 |         else:
545 |             # Moving right
546 |             # Make a big hole on the left side of the target position,
547 |             # by shifting all left nodes further to the left, excluding the current plugin
548 |             # but including the target plugin and its descendants.
549 |             # Left node in the common case is target_position but if the current plugin
550 |             # has descendants then left node is the closest node to the right side of the
551 |             # last descendant.
552 |             (
553 |                 target_tree.filter(position__lte=target_position + source_plugin_desc_count).exclude(
554 |                     position__range=source_plugin_range
555 |                 )
556 |             ).update(position=(models.F("position") - last_plugin.position))
557 | 
558 |             # Make a big hole on the right side of the current plugin's position
559 |             # by shifting all right nodes further the right, including the current plugin
560 |             # and its descendants.
561 |             target_tree.filter(position__gte=plugin.position).update(
562 |                 position=models.F("position") + last_plugin.position
563 |             )
564 | 
565 |         if plugin.parent != target_plugin:
566 |             # Plugin is being moved to another tree (under another parent)
567 |             # OR plugin is being moved to the root (no parent)
568 |             plugin.update(parent=target_plugin)
569 |         # The plugin tree was shifted to the right to make space,
570 |         # Squash all plugin positions in the tree to close any holes.
571 |         self._recalculate_plugin_positions(plugin.language)
```

Found function `cms/admin/placeholderadmin.py:PlaceholderAdmin._move_plugin`.
Source: Retrieved code content using keyword search (bm25).
```
934 | def _move_plugin(self, request, plugin, target_position, target_placeholder=None, target_parent=None):
935 |         language = plugin.language
936 |         source_placeholder = plugin.placeholder
937 | 
938 |         if not self.has_move_plugin_permission(request, plugin, source_placeholder):
939 |             message = _("You have no permission to move this plugin")
940 |             raise PermissionDenied(message)
941 | 
942 |         if target_placeholder and not self.has_move_plugin_permission(request, plugin, target_placeholder):
943 |             message = _("You have no permission to move this plugin")
944 |             raise PermissionDenied(message)
945 | 
946 |         if not source_placeholder.check_source(request.user):
947 |             message = _("You have no permission to move this plugin")
948 |             raise PermissionDenied(message)
949 | 
950 |         if target_placeholder and not target_placeholder.check_source(request.user):
951 |             message = _("You have no permission to move this plugin")
952 |             raise PermissionDenied(message)
953 | 
954 |         if target_parent:
955 |             target_parent_id = target_parent.pk
956 |         else:
957 |             target_parent_id = None
958 | 
959 |         action_token = self._send_pre_placeholder_operation(
960 |             request,
961 |             operation=operations.MOVE_PLUGIN,
962 |             plugin=plugin,
963 |             source_language=plugin.language,
964 |             source_placeholder=source_placeholder,
965 |             source_parent_id=plugin.parent_id,
966 |             target_language=language,
967 |             target_placeholder=(target_placeholder or source_placeholder),
968 |             target_parent_id=target_parent_id,
969 |         )
970 | 
971 |         source_placeholder.move_plugin(
972 |             plugin=plugin,
973 |             target_position=target_position,
974 |             target_placeholder=target_placeholder,
975 |             target_plugin=target_parent,
976 |         )
977 | 
978 |         # Refresh plugin to get new position values
979 |         updated_plugin = plugin.reload()
980 |         if target_placeholder:
981 |             target_placeholder.clear_cache(language)
982 |         source_placeholder.clear_cache(language)
983 | 
984 |         self._send_post_placeholder_operation(
985 |             request,
986 |             operation=operations.MOVE_PLUGIN,
987 |             plugin=updated_plugin.get_bound_plugin(),
988 |             token=action_token,
989 |             source_language=language,
990 |             source_placeholder=source_placeholder,
991 |             source_parent_id=updated_plugin.parent_id,
992 |             target_language=language,
993 |             target_placeholder=(target_placeholder or source_placeholder),
994 |             target_parent_id=target_parent_id,
995 |         )
996 |         return updated_plugin
```

Found function `cms/admin/placeholderadmin.py:PlaceholderAdmin._cut_plugin`.
Source: Retrieved code content using keyword search (bm25).
```
 998 | def _cut_plugin(self, request, plugin, target_language, target_placeholder):
 999 |         source_placeholder = plugin.placeholder
1000 | 
1001 |         if not self.has_move_plugin_permission(request, plugin, source_placeholder):
1002 |             message = _("You have no permission to cut this plugin")
1003 |             raise PermissionDenied(message)
1004 | 
1005 |         if not source_placeholder.check_source(request.user):
1006 |             message = _("You have no permission to cut this plugin")
1007 |             raise PermissionDenied(message)
1008 | 
1009 |         action_token = self._send_pre_placeholder_operation(
1010 |             request,
1011 |             operation=operations.CUT_PLUGIN,
1012 |             plugin=plugin,
1013 |             clipboard=target_placeholder,
1014 |             clipboard_language=target_language,
1015 |             source_language=plugin.language,
1016 |             source_placeholder=source_placeholder,
1017 |             source_parent_id=plugin.parent_id,
1018 |             source_order=[],
1019 |         )
1020 | 
1021 |         # Empty the clipboard
1022 |         target_placeholder.clear()
1023 |         source_placeholder.move_plugin(
1024 |             plugin,
1025 |             target_position=1,
1026 |             target_placeholder=target_placeholder,
1027 |             target_plugin=None,
1028 |         )
1029 |         source_placeholder.clear_cache(plugin.language)
1030 |         updated_plugin = plugin.reload()
1031 | 
1032 |         self._send_post_placeholder_operation(
1033 |             request,
1034 |             operation=operations.CUT_PLUGIN,
1035 |             token=action_token,
1036 |             plugin=updated_plugin.get_bound_plugin(),
1037 |             clipboard=target_placeholder,
1038 |             clipboard_language=target_language,
1039 |             source_language=plugin.language,
1040 |             source_placeholder=source_placeholder,
1041 |             source_parent_id=plugin.parent_id,
1042 |             source_order=[],
1043 |         )
1044 |         return updated_plugin
```



##Searching for term "operations.MOVE_PLUGIN", "MOVE_PLUGIN"...
### Search Result:
Found function `cms/admin/placeholderadmin.py:PlaceholderAdmin.move_plugin`.
Source: Match found for entity name `MOVE_PLUGIN`.
```
688 | def move_plugin(self, request):
689 |         """
690 |         Performs a move or a "paste" operation (when «move_a_copy» is set)
691 | 
692 |         POST request with following parameters:
693 |         - plugin_id
694 |         - placeholder_id
695 |         - target_position (optional)
696 |         - plugin_language (optional)
697 |         - plugin_parent (optional)
698 |         - plugin_order (array, optional)
699 |         - move_a_copy (Boolean, optional) (anything supplied here except a case-
700 |                                         insensitive "false" is True)
701 |         NOTE: If move_a_copy is set, the plugin_order should contain an item
702 |               '__COPY__' with the desired destination of the copied plugin.
703 |         """
704 |         # plugin_id and placeholder_id are required, so, if nothing is supplied,
705 |         # an ValueError exception will be raised by get_int().
706 |         try:
707 |             plugin_id = get_int(request.POST.get('plugin_id'))
708 |         except TypeError:
709 |             raise RuntimeError("'plugin_id' is a required parameter.")
710 | 
711 |         plugin = self._get_plugin_from_id(plugin_id)
712 | 
713 |         if request.POST.get('placeholder_id'):
714 |             placeholder_id = get_int(request.POST.get('placeholder_id'))
715 |             placeholder = Placeholder.objects.get(pk=placeholder_id)
716 |             assert plugin.placeholder_id != placeholder_id
717 |         else:
718 |             placeholder = None
719 | 
720 |         # The rest are optional
721 |         target_position = int(request.POST.get('target_position', "0"))
722 |         parent_id = get_int(request.POST.get('plugin_parent', ""), None)
723 |         target_language = request.POST['target_language']
724 |         move_a_copy = request.POST.get('move_a_copy')
725 |         move_a_copy = (
726 |             move_a_copy and move_a_copy != "0" and move_a_copy.lower() != "false"
727 |         )
728 |         move_to_clipboard = placeholder == request.toolbar.clipboard
729 |         source_placeholder = plugin.placeholder
730 | 
731 |         if placeholder and placeholder != source_placeholder:
732 |             try:
733 |                 template = self.get_placeholder_template(request, placeholder)
734 |                 has_reached_plugin_limit(placeholder, plugin.plugin_type,
735 |                                          target_language, template=template)
736 |             except PluginLimitReached as er:
737 |                 return HttpResponseBadRequest(er)
738 | 
739 |         # True if the plugin is not being moved from the clipboard
740 |         # to a placeholder or from a placeholder to the clipboard.
741 |         move_a_plugin = not move_a_copy and not move_to_clipboard
742 | 
743 |         if parent_id and plugin.parent_id != parent_id:
744 |             target_pl = placeholder or plugin.placeholder
745 | 
746 |             if move_a_plugin:
747 |                 target_parent = get_object_or_404(
748 |                     CMSPlugin,
749 |                     pk=parent_id,
750 |                     language=target_language,
751 |                     placeholder=target_pl,
752 |                 )
753 |             else:
754 |                 target_parent = get_object_or_404(CMSPlugin, pk=parent_id)
755 |         elif parent_id:
756 |             target_parent = plugin.parent
757 |         else:
758 |             target_parent = None
759 | 
760 |         old_parent = None
761 |         fetch_tree = True
762 | 
763 |         if move_a_copy and plugin.plugin_type == "PlaceholderPlugin":
764 |             fetch_tree = False
765 |             new_plugin = None
766 |             new_plugins = self._paste_placeholder(
767 |                 request,
768 |                 plugin=plugin,
769 |                 target_language=target_language,
770 |                 target_placeholder=placeholder,
771 |                 target_position=target_position,
772 |             )
773 |         elif move_a_copy:
774 |             new_plugin = self._paste_plugin(
775 |                 request,
776 |                 plugin=plugin,
777 |                 target_parent=target_parent,
778 |                 target_language=target_language,
779 |                 target_placeholder=placeholder,
780 |                 target_position=target_position,
781 |             )
782 |         elif move_to_clipboard:
783 |             old_parent = plugin.parent  # Previous parent needs content update, too
784 |             new_plugin = self._cut_plugin(
785 |                 request,
786 |                 plugin=plugin,
787 |                 target_language=target_language,
788 |                 target_placeholder=placeholder,
789 |             )
790 |             new_plugins = [plugin]
791 |         else:
792 |             old_parent = plugin.parent  # Previous parent needs content update, too
793 |             new_plugin = self._move_plugin(
794 |                 request,
795 |                 plugin=plugin,
796 |                 target_parent=target_parent,
797 |                 target_position=target_position,
798 |                 target_placeholder=placeholder,
799 |             )
800 | 
801 |         if new_plugin and fetch_tree:
802 |             root = (new_plugin.parent or new_plugin)
803 |             new_plugins = [root] + list(root.get_descendants())
804 |         data = get_plugin_tree(request, new_plugins, target_plugin=new_plugins[0])
805 |         if old_parent and old_parent not in new_plugins:
806 |             # Update previous parent and its children
807 |             old_parent_plugins = downcast_plugins([old_parent] + list(old_parent.get_descendants()), select_placeholder=True)
808 |             data["content"] += get_plugin_content(request, next(old_parent_plugins, None))
809 |         # Pass the target_position
810 |         if len(data["content"]) > 0:
811 |             data["content"][0]["insert"] = new_plugins[0].pk == plugin.pk  # Insert the content (old_parent is always only updated)
812 |             if move_to_clipboard:
813 |                 data["content"].pop(0)
814 |         data["source_placeholder_id"] = source_placeholder.pk
815 |         return HttpResponse(json.dumps(data), content_type='application/json')
```

2026-09-14 22:35:03 utils.py INFO 
LiteLLM completion() model= qwen/qwen3-coder; provider = openrouter
2026-09-14 22:35:12 utils.py INFO Wrapper: Completed Call, calling success_handler
2026-09-14 22:35:12 utils.py INFO 
LiteLLM completion() model= qwen/qwen3-coder; provider = openrouter
2026-09-14 22:35:19 utils.py INFO Wrapper: Completed Call, calling success_handler
2026-09-14 22:35:19 auto_search_main.py INFO Executing code:
```
print(search_code_snippets(**{'search_terms': ['plugin', 'tree', 'update', 'position'], 'file_path_or_pattern': 'cms/signals/*'}))
```
2026-09-14 22:35:19 __init__.py DEBUG Building index from IDs objects
2026-09-14 22:35:19 __init__.py DEBUG Building index from IDs objects
2026-09-14 22:35:20 __init__.py DEBUG Building index from IDs objects
2026-09-14 22:35:20 __init__.py DEBUG Building index from IDs objects
2026-09-14 22:35:20 auto_search_main.py INFO OBSERVATION:
##Searching for term "plugin", "plugin position"...
### Search Result:
Found function `cms/utils/plugins.py:get_plugin_class`.
Source: Retrieved entity using keyword search (bm25).
```
27 | def get_plugin_class(plugin_type: str) -> type[CMSPluginBase]:
28 |     """Returns the plugin class for a given plugin_type (str)"""
29 |     return plugin_pool.get_plugin(plugin_type)
```

Found function `cms/utils/plugins.py:get_plugin_model`.
Source: Retrieved entity using keyword search (bm25).
```
32 | def get_plugin_model(plugin_type: str) -> CMSPlugin:
33 |     """Returns the plugin model class for a given plugin_type (str)"""
34 |     return get_plugin_class(plugin_type).model
```

Found function `cms/utils/plugins.py:get_plugins_as_layered_tree`.
Source: Retrieved entity using keyword search (bm25).
```
157 | def get_plugins_as_layered_tree(plugins):
158 |     """
159 |     Given an iterable of plugins ordered by position,
160 |     returns a deque of root plugins with their respective
161 |     children set in the child_plugin_instances attribute.
162 |     """
163 |     delayed = defaultdict(deque)
164 |     root_plugins = deque()
165 | 
166 |     for plugin in reversed(plugins):
167 |         plugin.child_plugin_instances = delayed[plugin.pk]
168 | 
169 |         if plugin.parent_id:
170 |             delayed[plugin.parent_id].appendleft(plugin)
171 |         else:
172 |             root_plugins.appendleft(plugin)
173 |     return root_plugins
```

Found file `cms/utils/plugins.py`.
Source: Retrieved entity using keyword search (bm25).
Hint: Search `cms/utils/plugins.py` for the full content if needed.



##Searching for term "tree"...
### Search Result:
Found file `cms/management/commands/subcommands/tree.py`.
Source: Match found for entity name `tree`.
Just show the structure of this file due to response length limitations:
```


def get_descendants(root):
...

class FixTreeCommand(SubcommandsCommand):
    help_string = 'Repairing Materialized Path Tree for Pages'
    command_name = 'fix-tree'

    def handle(self, *args, **options):
...
    def _update_descendants_tree(self, root):
...
    def _update_url_path_recursive(self, page, language):
...

```
Hint: Search `cms/management/commands/subcommands/tree.py` to get the full content if needed.



##Searching for term "update"...
### Search Result:
Found function `cms/models/pagemodel.py:Page.update`.
Source: Match found for entity name `update`.
```
627 | def update(self, refresh=False, **data):
628 |         cls = self.__class__
629 |         cls.objects.filter(pk=self.pk).update(**data)
630 | 
631 |         if refresh:
632 |             return self.reload()
633 |         else:
634 |             for field, value in data.items():
635 |                 setattr(self, field, value)
636 |         return
```

Found function `cms/models/contentmodels.py:PageContent.update`.
Source: Match found for entity name `update`.
```
163 | def update(self, **data):
164 |         for field, value in data.items():
165 |             setattr(self, field, value)
166 |         self.save(update_fields=data.keys())
```

Found function `cms/models/pluginmodel.py:CMSPlugin.update`.
Source: Match found for entity name `update`.
```
327 | def update(self, refresh=False, **fields):
328 |         CMSPlugin.objects.filter(pk=self.pk).update(**fields)
329 |         if refresh:
330 |             return self.reload()
331 |         return
```



##Searching for term "position"...
### Search Result:
Found function `cms/migrations/0024_set_plugin_absolute_position.py:get_descendant_ids`.
Source: Retrieved entity using keyword search (bm25).
```
 7 | def get_descendant_ids(model_class, root_id):
 8 |     """
 9 |     Returns the a generator of primary keys which represent
10 |     descendants of the given plugin ID (root_id)
11 |     """
12 |     ids = (
13 |         model_class
14 |         .objects
15 |         .filter(parent=root_id)
16 |         .order_by('position')
17 |         .values_list('pk', flat=True)
18 |     )
19 | 
20 |     for child_id in ids:
21 |         yield child_id
22 | 
23 |         for child_id in get_descendant_ids(model_class, child_id):
24 |             yield child_id
```

Found function `cms/migrations/0024_set_plugin_absolute_position.py:set_plugin_absolute_position`.
Source: Retrieved entity using keyword search (bm25).
```
27 | def set_plugin_absolute_position(apps, schema_editor):
28 |     db_alias = schema_editor.connection.alias
29 |     CMSPlugin = apps.get_model('cms', 'CMSPlugin')
30 |     Placeholder = apps.get_model('cms', 'Placeholder')
31 |     placeholders = Placeholder.objects.using(db_alias).all()
32 |     all_languages = (
33 |         CMSPlugin
34 |         .objects
35 |         .using(db_alias)
36 |         .values_list('language', flat=True)
37 |         .distinct()
38 |     )
39 | 
40 |     for placeholder in placeholders:
41 |         for language in all_languages:
42 |             position = 1
43 |             plugins = placeholder.cmsplugin_set.filter(language=language)
44 |             root_plugin_ids = (
45 |                 plugins
46 |                 .filter(parent__isnull=True)
47 |                 .order_by('position')
48 |                 .values_list('pk', flat=True)
49 |             )
50 |             for root_id in root_plugin_ids:
51 |                 plugins.filter(pk=root_id).update(position=position)
52 |                 position +=1
53 | 
54 |                 for desc_id in get_descendant_ids(CMSPlugin, root_id=root_id):
55 |                     plugins.filter(pk=desc_id).update(position=position)
56 |                     position += 1
```

Found file `cms/migrations/0024_set_plugin_absolute_position.py`.
Source: Retrieved entity using keyword search (bm25).
Hint: Search `cms/migrations/0024_set_plugin_absolute_position.py` for the full content if needed.

2026-09-14 22:35:20 utils.py INFO 
LiteLLM completion() model= qwen/qwen3-coder; provider = openrouter
2026-09-14 22:35:28 utils.py INFO Wrapper: Completed Call, calling success_handler
2026-09-14 22:35:28 utils.py INFO 
LiteLLM completion() model= qwen/qwen3-coder; provider = openrouter
2026-09-14 22:35:37 utils.py INFO Wrapper: Completed Call, calling success_handler
2026-09-14 22:35:37 utils.py INFO 
LiteLLM completion() model= qwen/qwen3-coder; provider = openrouter
2026-09-14 22:35:44 utils.py INFO Wrapper: Completed Call, calling success_handler
2026-09-14 22:35:44 auto_search_main.py INFO Executing code:
```
print(search_code_snippets(**{'search_terms': ['cache', 'placeholder', 'plugin', 'tree'], 'file_path_or_pattern': 'cms/cache/*'}))
```
2026-09-14 22:35:44 __init__.py DEBUG Building index from IDs objects
2026-09-14 22:35:44 __init__.py DEBUG Building index from IDs objects
2026-09-14 22:35:44 __init__.py DEBUG Building index from IDs objects
2026-09-14 22:35:44 auto_search_main.py INFO OBSERVATION:
cms/cache/page.py:set_page_url_cache
cms/cache/page.py:get_page_url_cache
cms/cache/page.py:_page_url_key
cms/cache/page.py:get_page_cache
cms/cache/page.py:get_xframe_cache
cms/cache/page.py:set_xframe_cache
cms/cache/placeholder.py:_get_placeholder_cache_version
cms/cache/placeholder.py:get_placeholder_cache
cms/cache/placeholder.py:clear_placeholder_cache
cms/cache/placeholder.py:set_placeholder_cache
cms/cache/__init__.py:invalidate_cms_page_cache
##Searching for term "cache"...
### Search Result:
Found function `cms/cache/page.py:get_page_cache`.
Source: Retrieved code content using keyword search (bm25).
```
106 | def get_page_cache(request):
107 |     from django.core.cache import cache
108 | 
109 |     return cache.get(_page_cache_key(request), version=_get_cache_version())
```

Found function `cms/cache/page.py:get_xframe_cache`.
Source: Retrieved code content using keyword search (bm25).
```
112 | def get_xframe_cache(page):
113 |     from django.core.cache import cache
114 | 
115 |     return cache.get("cms:xframe_options:%s" % page.pk)
```

Found function `cms/cache/page.py:_page_url_key`.
Source: Retrieved code content using keyword search (bm25).
```
125 | def _page_url_key(page_lookup, lang, site_id):
126 |     return _get_cache_key("page_url", page_lookup, lang, site_id) + "_type:absolute_url"
```

Found function `cms/cache/page.py:set_page_url_cache`.
Source: Retrieved code content using keyword search (bm25).
```
129 | def set_page_url_cache(page_lookup, lang, site_id, url):
130 |     from django.core.cache import cache
131 | 
132 |     cache.set(
133 |         _page_url_key(page_lookup, lang, site_id),
134 |         url,
135 |         get_cms_setting("CACHE_DURATIONS")["content"],
136 |         version=_get_cache_version(),
137 |     )
138 |     _set_cache_version(_get_cache_version())
```

Found function `cms/cache/page.py:get_page_url_cache`.
Source: Retrieved code content using keyword search (bm25).
```
141 | def get_page_url_cache(page_lookup, lang, site_id):
142 |     from django.core.cache import cache
143 | 
144 |     return cache.get(_page_url_key(page_lookup, lang, site_id), version=_get_cache_version())
```

Found file `cms/cache/page.py`.
Found file `cms/cache/choices.py`.
Found file `cms/cache/__init__.py`.
Found file `cms/cache/permissions.py`.
Source: Retrieved entity using keyword search (bm25).
Hint: Use more detailed query to get the full content of some if needed.



##Searching for term "cache", "placeholder"...
### Search Result:
Found file `cms/cache/placeholder.py`.
Source: Match found for entity name `placeholder`.
Just show the structure of this file due to response length limitations:
```


def _get_placeholder_cache_version_key(placeholder, lang, site_id):
...

def _get_placeholder_cache_version(placeholder, lang, site_id):
...

def _set_placeholder_cache_version(placeholder, lang, site_id, version, vary_on_list=None, duration=None):
...

def _get_placeholder_cache_key(placeholder, lang, site_id, request, soft=False):
...

def set_placeholder_cache(placeholder, lang, site_id, content, request):
...

def get_placeholder_cache(placeholder, lang, site_id, request):
...

def clear_placeholder_cache(placeholder, lang, site_id):
...

```
Hint: Search `cms/cache/placeholder.py` to get the full content if needed.



##Searching for term "plugin", "cache plugin"...
### Search Result:
Found file `cms/utils/plugins.py`.
Source: Retrieved entity using keyword search (bm25).
Hint: Search `cms/utils/plugins.py` for the full content if needed.



##Searching for term "plugin"...
### Search Result:
Found function `cms/utils/plugins.py:get_plugin_class`.
Source: Retrieved entity using keyword search (bm25).
```
27 | def get_plugin_class(plugin_type: str) -> type[CMSPluginBase]:
28 |     """Returns the plugin class for a given plugin_type (str)"""
29 |     return plugin_pool.get_plugin(plugin_type)
```

Found function `cms/utils/plugins.py:get_plugin_model`.
Source: Retrieved entity using keyword search (bm25).
```
32 | def get_plugin_model(plugin_type: str) -> CMSPlugin:
33 |     """Returns the plugin model class for a given plugin_type (str)"""
34 |     return get_plugin_class(plugin_type).model
```

Found function `cms/utils/plugins.py:get_plugins_as_layered_tree`.
Source: Retrieved entity using keyword search (bm25).
```
157 | def get_plugins_as_layered_tree(plugins):
158 |     """
159 |     Given an iterable of plugins ordered by position,
160 |     returns a deque of root plugins with their respective
161 |     children set in the child_plugin_instances attribute.
162 |     """
163 |     delayed = defaultdict(deque)
164 |     root_plugins = deque()
165 | 
166 |     for plugin in reversed(plugins):
167 |         plugin.child_plugin_instances = delayed[plugin.pk]
168 | 
169 |         if plugin.parent_id:
170 |             delayed[plugin.parent_id].appendleft(plugin)
171 |         else:
172 |             root_plugins.appendleft(plugin)
173 |     return root_plugins
```



##Searching for term "tree"...
### Search Result:
Found file `cms/management/commands/subcommands/tree.py`.
Source: Match found for entity name `tree`.
Just show the structure of this file due to response length limitations:
```


def get_descendants(root):
...

class FixTreeCommand(SubcommandsCommand):
    help_string = 'Repairing Materialized Path Tree for Pages'
    command_name = 'fix-tree'

    def handle(self, *args, **options):
...
    def _update_descendants_tree(self, root):
...
    def _update_url_path_recursive(self, page, language):
...

```
Hint: Search `cms/management/commands/subcommands/tree.py` to get the full content if needed.



##Searching for term "cache plugin"...
### Search Result:
Found function `cms/utils/plugins.py:get_bound_plugins`.
Source: Retrieved entity using keyword search (bm25).
```
348 | def get_bound_plugins(plugins):
349 |     """
350 |     Get the bound plugins by downcasting the plugins to their respective classes. Raises a KeyError if the plugin type
351 |     is not available.
352 | 
353 |     Creates a map of plugin types and their corresponding plugin IDs for later use in downcasting.
354 |     Then, retrieves the plugin instances from the plugin model using the mapped plugin IDs.
355 |     Finally, iterates over the plugins and yields the downcasted versions if they have a valid parent.
356 |     Does not affect caching.
357 | 
358 |     :param plugins:  List of ``CMSPlugin`` instances.
359 |     :type plugins: List[CMSPlugin]
360 |     :return: Generator that yields the downcasted plugins.
361 |     :rtype: Generator[CMSPlugin, None, None]
362 | 
363 |     Example::
364 | 
365 |         plugins = [plugin_instance1, plugin_instance2]
366 |         for bound_plugin in get_bound_plugins(plugins):
367 |             # Do something with the bound_plugin
368 |             pass
369 |     """
370 |     plugin_types_map = defaultdict(list)
371 |     plugin_ids = []
372 |     plugin_lookup = {}
373 | 
374 |     # make a map of plugin types, needed later for downcasting
375 |     for plugin in plugins:
376 |         plugin_ids.append(plugin.pk)
377 |         base_model = get_plugin_model(plugin.plugin_type)._meta.concrete_model  # Collect all base models
378 |         if base_model is CMSPlugin:
379 |             plugin_lookup[plugin.pk] = plugin  # No downcast needed
380 |         else:
381 |             plugin_types_map[base_model].append(plugin.pk)
382 | 
383 |     for base_model, pks in plugin_types_map.items():
384 |         plugin_queryset = base_model.objects.filter(pk__in=pks)
385 |         # put them in a map, so we can replace the base CMSPlugins with their
386 |         # downcasted versions
387 |         for instance in plugin_queryset.iterator():
388 |             model = get_plugin_model(instance.plugin_type)  # Get original class
389 |             instance.__class__ = model  # Cast to correct model (including proxies)
390 |             plugin_lookup[instance.pk] = instance
391 | 
392 |     for plugin in plugins:
393 |         parent_not_available = not plugin.parent_id or plugin.parent_id not in plugin_ids
394 |         # The plugin either has no parent or needs to have a non-ghost parent
395 |         valid_parent = parent_not_available or plugin.parent_id in plugin_lookup
396 | 
397 |         if valid_parent and plugin.pk in plugin_lookup:
398 |             plugin._inst = plugin_lookup[plugin.pk]  # Populate bound plugin cache for plugin
399 |             yield plugin_lookup[plugin.pk]
```

Found function `cms/utils/plugins.py:downcast_plugins`.
Source: Retrieved entity using keyword search (bm25).
```
402 | def downcast_plugins(
403 |     plugins: Iterable[CMSPlugin],
404 |     placeholders: Optional[list] = None,
405 |     select_placeholder: bool = False,
406 |     request: Optional[HttpRequest] = None,
407 | ) -> Iterable[CMSPlugin]:
408 |     """
409 |     Downcasts the given list of plugins to their respective classes. Ignores any plugins
410 |     that are not available.
411 | 
412 |     :param plugins: List of plugins to downcast.
413 |     :type plugins: List[CMSPlugin]
414 |     :param placeholders: List of placeholders associated with the plugins.
415 |     :type placeholders: Optional[List[Placeholder]]
416 |     :param select_placeholder: If True, select_related the plugin queryset with placeholder.
417 |     :type select_placeholder: bool
418 |     :param request: The current request.
419 |     :type request: Optional[HttpRequest]
420 |     :return: Generator that yields the downcasted plugins.
421 |     :rtype: Generator[CMSPlugin, None, None]
422 |     """
423 |     plugin_types_map = defaultdict(list)
424 |     plugin_lookup = {}
425 |     plugin_ids = []
426 | 
427 |     # make a map of plugin types, needed later for downcasting
428 |     for plugin in plugins:
429 |         # Keep track of the plugin ids we've received
430 |         try:
431 |             base_model = get_plugin_model(plugin.plugin_type)._meta.concrete_model  # Collect all base models
432 |         except KeyError:
433 |             # Plugin not available
434 |             logger.error(f"Plugin not installed: {plugin.plugin_type} (pk={plugin.pk})", exc_info=sys.exc_info())
435 |             continue
436 |         plugin_ids.append(plugin.pk)
437 |         if base_model is CMSPlugin:
438 |             plugin_lookup[plugin.pk] = plugin  # No downcast needed
439 |         else:
440 |             plugin_types_map[base_model].append(plugin.pk)
441 | 
442 |     placeholders = placeholders or []
443 |     placeholders_by_id = {placeholder.pk: placeholder for placeholder in placeholders}
444 | 
445 |     for plugin_model, pks in plugin_types_map.items():
446 |         # get all the plugins of type cls.model
447 |         plugin_qs = plugin_model.objects.filter(pk__in=pks)
448 | 
449 |         if select_placeholder:
450 |             plugin_qs = plugin_qs.select_related("placeholder")
451 | 
452 |         # put them in a map, so we can replace the base CMSPlugins with their
453 |         # downcasted versions
454 |         for instance in plugin_qs.iterator():
455 |             cls = get_plugin_class(instance.plugin_type)  # Plugin class
456 |             instance.__class__ = cls.model  # Cast to original model (including proxies)
457 |             plugin_lookup[instance.pk] = instance
458 | 
459 |     for plugin in plugins:
460 |         parent_not_available = not plugin.parent_id or plugin.parent_id not in plugin_ids
461 |         # The plugin either has no parent or needs to have a non-ghost parent
462 |         valid_parent = parent_not_available or plugin.parent_id in plugin_lookup
463 | 
464 |         if valid_parent and plugin.pk in plugin_lookup:
465 |             instance = plugin_lookup[plugin.pk]
466 |             if instance.parent_id in plugin_lookup:
467 |                 instance._state.fields_cache["parent"] = plugin_lookup[instance.parent_id]
468 |             placeholder = placeholders_by_id.get(instance.placeholder_id)
469 |             if placeholder:
470 |                 instance.placeholder = placeholder
471 |                 cls = get_plugin_class(instance.plugin_type)
472 |                 if not cls.cache and not cls().get_cache_expiration(request, instance, placeholder):
473 |                     placeholder.cache_placeholder = False
474 | 
475 |             plugin._inst = instance  # Populate bound plugin cache for plugin
476 |             yield instance
```

Found function `cms/utils/plugins.py:has_reached_plugin_limit`.
Source: Retrieved entity using keyword search (bm25).
```
479 | def has_reached_plugin_limit(placeholder, plugin_type, language, template=None):
480 |     """
481 |     Checks if the global maximum limit for plugins in a placeholder has been reached.
482 |     If not then it checks if it has reached its maximum plugin_type limit.
483 | 
484 |     Parameters:
485 |     - placeholder: The placeholder object to check the limit for.
486 |     - plugin_type: The type of plugin to check the limit for.
487 |     - language: The language code for the plugins.
488 |     - template: The template object for the placeholder. Optional.
489 | 
490 |     Returns:
491 |     - False if the limit has not been reached.
492 | 
493 |     Raises:
494 |     - PluginLimitReached: If the limit has been reached for the placeholder.
495 | 
496 |     """
497 |     limits = get_placeholder_conf("limits", placeholder.slot, template)
498 |     if limits:
499 |         global_limit = limits.get("global")
500 |         type_limit = limits.get(plugin_type)
501 |         # total plugin count
502 |         count = placeholder.get_plugins(language=language).count()
503 |         if global_limit and count >= global_limit:
504 |             raise PluginLimitReached(_("This placeholder already has the maximum number of plugins (%s)." % count))
505 |         elif type_limit:
506 |             # total plugin type count
507 |             type_count = placeholder.get_plugins(language=language).filter(plugin_type=plugin_type).count()
508 |             if type_count >= type_limit:
509 |                 plugin_name = force_str(plugin_pool.get_plugin(plugin_type).name)
510 |                 raise PluginLimitReached(
511 |                     _(
512 |                         "This placeholder already has the maximum number (%(limit)s) of allowed %(plugin_name)s plugins."
513 |                     )
514 |                     % {"limit": type_limit, "plugin_name": plugin_name}
515 |                 )
516 |     return False
```

Found directory `cms/cache`.
Source: Retrieved entity using keyword search (bm25).
Hint: Search `cms/cache` for the full content if needed.

2026-09-14 22:35:44 utils.py INFO 
LiteLLM completion() model= qwen/qwen3-coder; provider = openrouter
2026-09-14 22:35:57 utils.py INFO Wrapper: Completed Call, calling success_handler
2026-09-14 22:35:57 utils.py INFO 
LiteLLM completion() model= qwen/qwen3-coder; provider = openrouter
2026-09-14 22:36:05 utils.py INFO Wrapper: Completed Call, calling success_handler
2026-09-14 22:36:05 utils.py INFO 
LiteLLM completion() model= qwen/qwen3-coder; provider = openrouter
2026-09-14 22:36:13 utils.py INFO Wrapper: Completed Call, calling success_handler
2026-09-14 22:36:13 auto_search_main.py INFO ===============
2026-09-14 22:36:13 auto_search_main.py INFO 
Final Response:=

2026-09-14 22:36:14 auto_search_main.py INFO ============================================================
2026-09-14 22:36:14 auto_search_main.py INFO ==== djangocms-rc-110d4c740927 Count down: attempt 1 ====
2026-09-14 22:36:14 auto_search_main.py INFO ==== djangocms-rc-110d4c740927 start auto search ====
2026-09-14 22:36:14 utils.py INFO 
LiteLLM completion() model= qwen/qwen3-coder; provider = openrouter
2026-09-14 22:36:19 utils.py INFO Wrapper: Completed Call, calling success_handler
2026-09-14 22:36:19 auto_search_main.py INFO Executing code:
```
print(explore_tree_structure(**{'start_entities': ['/'], 'traversal_depth': 2, 'dependency_type_filter': '["contains"]'}))
```
2026-09-14 22:36:19 auto_search_main.py INFO OBSERVATION:
/
├── contains ── manage.py
│               ├── contains ── manage.py:install_auth_user_model
│               ├── contains ── manage.py:TempDirs
│               └── contains ── manage.py:main
├── contains ── setup.py
├── contains ── docs
│               ├── contains ── docs/conf.py
│               ├── contains ── docs/django_settings.py
│               └── contains ── docs/_ext
├── contains ── cms
│               ├── contains ── cms/toolbar_base.py
│               ├── contains ── cms/context_processors.py
│               ├── contains ── cms/app_base.py
│               ├── contains ── cms/apphook_pool.py
│               ├── contains ── cms/menu_bases.py
│               ├── contains ── cms/__main__.py
│               ├── contains ── cms/plugin_pool.py
│               ├── contains ── cms/app_registration.py
│               ├── contains ── cms/plugin_processors.py
│               ├── contains ── cms/page_rendering.py
│               ├── contains ── cms/cms_menus.py
│               ├── contains ── cms/api.py
│               ├── contains ── cms/constants.py
│               ├── contains ── cms/apps.py
│               ├── contains ── cms/cms_toolbars.py
│               ├── contains ── cms/urls.py
│               ├── contains ── cms/cms_config.py
│               ├── contains ── cms/__init__.py
│               ├── contains ── cms/views.py
│               ├── contains ── cms/appresolver.py
│               ├── contains ── cms/plugin_rendering.py
│               ├── contains ── cms/cms_plugins.py
│               ├── contains ── cms/toolbar_pool.py
│               ├── contains ── cms/exceptions.py
│               ├── contains ── cms/cms_wizards.py
│               ├── contains ── cms/templates.py
│               ├── contains ── cms/plugin_base.py
│               ├── contains ── cms/migrations
│               ├── contains ── cms/middleware
│               ├── contains ── cms/signals
│               ├── contains ── cms/toolbar
│               ├── contains ── cms/models
│               ├── contains ── cms/forms
│               ├── contains ── cms/extensions
│               ├── contains ── cms/wizards
│               ├── contains ── cms/admin
│               ├── contains ── cms/utils
│               ├── contains ── cms/sitemaps
│               ├── contains ── cms/operations
│               ├── contains ── cms/cache
│               ├── contains ── cms/management
│               └── contains ── cms/templatetags
└── contains ── menus
                ├── contains ── menus/models.py
                ├── contains ── menus/modifiers.py
                ├── contains ── menus/base.py
                ├── contains ── menus/utils.py
                ├── contains ── menus/apps.py
                ├── contains ── menus/menu_pool.py
                ├── contains ── menus/__init__.py
                ├── contains ── menus/exceptions.py
                ├── contains ── menus/migrations
                └── contains ── menus/templatetags

2026-09-14 22:36:19 utils.py INFO 
LiteLLM completion() model= qwen/qwen3-coder; provider = openrouter
2026-09-14 22:36:21 utils.py INFO Wrapper: Completed Call, calling success_handler
2026-09-14 22:36:21 auto_search_main.py INFO Executing code:
```
print(explore_tree_structure(**{'start_entities': ['cms/plugin_base.py', 'cms/plugin_pool.py', 'cms/admin'], 'direction': 'downstream', 'traversal_depth': 1}))
```
2026-09-14 22:36:21 auto_search_main.py INFO OBSERVATION:
cms/plugin_base.py
├── contains ── cms/plugin_base.py:CMSPluginBaseMetaclass
├── contains ── cms/plugin_base.py:template_slot_caching
├── contains ── cms/plugin_base.py:CMSPluginBase
├── contains ── cms/plugin_base.py:PluginMenuItem
├── imports ── cms/operations/__init__.py
├── imports ── cms/exceptions.py:SubClassNeededError
├── imports ── cms/models/__init__.py
├── imports ── cms/toolbar/utils.py:get_plugin_tree
├── imports ── cms/utils/compat/__init__.py
├── imports ── cms/utils/conf.py:get_cms_setting
├── imports ── cms/utils/placeholder.py:get_placeholder_conf
└── imports ── cms/plugin_pool.py

cms/plugin_pool.py
├── contains ── cms/plugin_pool.py:PluginPool
├── imports ── cms/exceptions.py:PluginAlreadyRegistered
├── imports ── cms/exceptions.py:PluginNotRegistered
├── imports ── cms/models/pagemodel.py:Page
├── imports ── cms/plugin_base.py:CMSPluginBase
├── imports ── cms/utils/conf.py:get_cms_setting
├── imports ── cms/utils/helpers.py:normalize_name
├── imports ── cms/cache/__init__.py:invalidate_cms_page_cache
└── imports ── cms/utils/placeholder.py:get_placeholder_conf

cms/admin
├── contains ── cms/admin/pageadmin.py
├── contains ── cms/admin/placeholderadmin.py
├── contains ── cms/admin/utils.py
├── contains ── cms/admin/permissionadmin.py
├── contains ── cms/admin/useradmin.py
├── contains ── cms/admin/forms.py
├── contains ── cms/admin/static_placeholder.py
├── contains ── cms/admin/__init__.py
└── contains ── cms/admin/settingsadmin.py

2026-09-14 22:36:21 utils.py INFO 
LiteLLM completion() model= qwen/qwen3-coder; provider = openrouter
2026-09-14 22:36:23 utils.py INFO Wrapper: Completed Call, calling success_handler
2026-09-14 22:36:23 auto_search_main.py INFO Executing code:
```
print(explore_tree_structure(**{'start_entities': ['cms/admin/placeholderadmin.py', 'cms/admin/pageadmin.py'], 'direction': 'downstream', 'traversal_depth': 2}))
```
2026-09-14 22:36:23 auto_search_main.py INFO OBSERVATION:
cms/admin/placeholderadmin.py
├── contains ── cms/admin/placeholderadmin.py:get_int
├── contains ── cms/admin/placeholderadmin.py:_instance_overrides_method
├── contains ── cms/admin/placeholderadmin.py:BaseEditableAdminMixin
│               └── contains ── cms/admin/placeholderadmin.py:BaseEditableAdminMixin.edit_field
├── contains ── cms/admin/placeholderadmin.py:FrontendEditableAdminMixin
│               ├── contains ── cms/admin/placeholderadmin.py:FrontendEditableAdminMixin.get_urls
│               ├── contains ── cms/admin/placeholderadmin.py:FrontendEditableAdminMixin._get_model_admin
│               ├── contains ── cms/admin/placeholderadmin.py:FrontendEditableAdminMixin._get_object_for_single_field
│               └── inherits ── cms/admin/placeholderadmin.py:BaseEditableAdminMixin
├── contains ── cms/admin/placeholderadmin.py:PlaceholderAdminMixinBase
│               └── contains ── cms/admin/placeholderadmin.py:PlaceholderAdminMixinBase.__new__
├── contains ── cms/admin/placeholderadmin.py:PlaceholderAdminMixin
├── contains ── cms/admin/placeholderadmin.py:PlaceholderAdmin
│               ├── contains ── cms/admin/placeholderadmin.py:PlaceholderAdmin.has_add_permission
│               ├── contains ── cms/admin/placeholderadmin.py:PlaceholderAdmin.has_change_permission
│               ├── contains ── cms/admin/placeholderadmin.py:PlaceholderAdmin.has_delete_permission
│               ├── contains ── cms/admin/placeholderadmin.py:PlaceholderAdmin.has_module_permission
│               ├── contains ── cms/admin/placeholderadmin.py:PlaceholderAdmin.delete_view
│               ├── contains ── cms/admin/placeholderadmin.py:PlaceholderAdmin.get_urls
│               ├── contains ── cms/admin/placeholderadmin.py:PlaceholderAdmin._get_object_for_single_field
│               ├── contains ── cms/admin/placeholderadmin.py:PlaceholderAdmin._get_model_admin
│               ├── contains ── cms/admin/placeholderadmin.py:PlaceholderAdmin._get_operation_language
│               ├── contains ── cms/admin/placeholderadmin.py:PlaceholderAdmin._get_operation_origin
│               ├── contains ── cms/admin/placeholderadmin.py:PlaceholderAdmin._send_pre_placeholder_operation
│               ├── contains ── cms/admin/placeholderadmin.py:PlaceholderAdmin._send_post_placeholder_operation
│               ├── contains ── cms/admin/placeholderadmin.py:PlaceholderAdmin._get_plugin_from_id
│               ├── contains ── cms/admin/placeholderadmin.py:PlaceholderAdmin.has_add_plugin_permission
│               ├── contains ── cms/admin/placeholderadmin.py:PlaceholderAdmin.has_change_plugin_permission
│               ├── contains ── cms/admin/placeholderadmin.py:PlaceholderAdmin.has_delete_plugin_permission
│               ├── contains ── cms/admin/placeholderadmin.py:PlaceholderAdmin.has_copy_plugins_permission
│               ├── contains ── cms/admin/placeholderadmin.py:PlaceholderAdmin.has_copy_from_clipboard_permission
│               ├── contains ── cms/admin/placeholderadmin.py:PlaceholderAdmin.has_copy_from_placeholder_permission
│               ├── contains ── cms/admin/placeholderadmin.py:PlaceholderAdmin.has_move_plugin_permission
│               ├── contains ── cms/admin/placeholderadmin.py:PlaceholderAdmin.has_clear_placeholder_permission
│               ├── contains ── cms/admin/placeholderadmin.py:PlaceholderAdmin.get_placeholder_template
│               ├── contains ── cms/admin/placeholderadmin.py:PlaceholderAdmin.add_plugin
│               ├── contains ── cms/admin/placeholderadmin.py:PlaceholderAdmin.copy_plugins
│               ├── contains ── cms/admin/placeholderadmin.py:PlaceholderAdmin._copy_plugin_to_clipboard
│               ├── contains ── cms/admin/placeholderadmin.py:PlaceholderAdmin._copy_placeholder_to_clipboard
│               ├── contains ── cms/admin/placeholderadmin.py:PlaceholderAdmin._add_plugins_from_placeholder
│               ├── contains ── cms/admin/placeholderadmin.py:PlaceholderAdmin.edit_plugin
│               ├── contains ── cms/admin/placeholderadmin.py:PlaceholderAdmin.move_plugin
│               ├── contains ── cms/admin/placeholderadmin.py:PlaceholderAdmin._paste_plugin
│               ├── contains ── cms/admin/placeholderadmin.py:PlaceholderAdmin._paste_placeholder
│               ├── contains ── cms/admin/placeholderadmin.py:PlaceholderAdmin._move_plugin
│               ├── contains ── cms/admin/placeholderadmin.py:PlaceholderAdmin._cut_plugin
│               ├── contains ── cms/admin/placeholderadmin.py:PlaceholderAdmin.delete_plugin
│               ├── contains ── cms/admin/placeholderadmin.py:PlaceholderAdmin.clear_placeholder
│               └── inherits ── cms/admin/placeholderadmin.py:BaseEditableAdminMixin
├── imports ── cms/operations/__init__.py
├── imports ── cms/admin/forms.py:PluginAddValidationForm
│              ├── contains ── cms/admin/forms.py:PluginAddValidationForm.clean_plugin_type
│              └── contains ── cms/admin/forms.py:PluginAddValidationForm.clean
├── imports ── cms/constants.py
│              └── contains ── cms/constants.py:_get_toolbar_js
├── imports ── cms/exceptions.py:PluginLimitReached
├── imports ── cms/models/placeholdermodel.py:Placeholder
│              ├── contains ── cms/models/placeholdermodel.py:Placeholder.Meta
│              ├── contains ── cms/models/placeholdermodel.py:Placeholder.__str__
│              ├── contains ── cms/models/placeholdermodel.py:Placeholder.__repr__
│              ├── contains ── cms/models/placeholdermodel.py:Placeholder.clear
│              ├── contains ── cms/models/placeholdermodel.py:Placeholder.get_label
│              ├── contains ── cms/models/placeholdermodel.py:Placeholder.get_extra_context
│              ├── contains ── cms/models/placeholdermodel.py:Placeholder.get_extra_menu_items
│              ├── contains ── cms/models/placeholdermodel.py:Placeholder.has_change_permission
│              ├── contains ── cms/models/placeholdermodel.py:Placeholder.has_add_plugin_permission
│              ├── contains ── cms/models/placeholdermodel.py:Placeholder.has_add_plugins_permission
│              ├── contains ── cms/models/placeholdermodel.py:Placeholder.has_change_plugin_permission
│              ├── contains ── cms/models/placeholdermodel.py:Placeholder.has_delete_plugin_permission
│              ├── contains ── cms/models/placeholdermodel.py:Placeholder.has_move_plugin_permission
│              ├── contains ── cms/models/placeholdermodel.py:Placeholder.has_clear_permission
│              ├── contains ── cms/models/placeholdermodel.py:Placeholder.has_delete_plugins_permission
│              ├── contains ── cms/models/placeholdermodel.py:Placeholder._get_source_remote_field
│              ├── contains ── cms/models/placeholdermodel.py:Placeholder.check_source
│              ├── contains ── cms/models/placeholdermodel.py:Placeholder._get_attached_model
│              ├── contains ── cms/models/placeholdermodel.py:Placeholder.page_getter
│              ├── contains ── cms/models/placeholdermodel.py:Placeholder.page_setter
│              ├── contains ── cms/models/placeholdermodel.py:Placeholder.get_plugins_list
│              ├── contains ── cms/models/placeholdermodel.py:Placeholder.get_plugins
│              ├── contains ── cms/models/placeholdermodel.py:Placeholder.has_plugins
│              ├── contains ── cms/models/placeholdermodel.py:Placeholder.get_filled_languages
│              ├── contains ── cms/models/placeholdermodel.py:Placeholder.get_cached_plugins
│              ├── contains ── cms/models/placeholdermodel.py:Placeholder.actions
│              ├── contains ── cms/models/placeholdermodel.py:Placeholder.get_cache_expiration
│              ├── contains ── cms/models/placeholdermodel.py:Placeholder.clear_cache
│              ├── contains ── cms/models/placeholdermodel.py:Placeholder.get_plugin_tree_order
│              ├── contains ── cms/models/placeholdermodel.py:Placeholder.get_vary_cache_on
│              ├── contains ── cms/models/placeholdermodel.py:Placeholder.copy_plugins
│              ├── contains ── cms/models/placeholdermodel.py:Placeholder.add_plugin
│              ├── contains ── cms/models/placeholdermodel.py:Placeholder.move_plugin
│              ├── contains ── cms/models/placeholdermodel.py:Placeholder._move_plugin_to_placeholder
│              ├── contains ── cms/models/placeholdermodel.py:Placeholder.delete_plugin
│              ├── contains ── cms/models/placeholdermodel.py:Placeholder.get_last_plugin
│              ├── contains ── cms/models/placeholdermodel.py:Placeholder.get_next_plugin_position
│              ├── contains ── cms/models/placeholdermodel.py:Placeholder.get_first_plugin_position
│              ├── contains ── cms/models/placeholdermodel.py:Placeholder.get_last_plugin_position
│              ├── contains ── cms/models/placeholdermodel.py:Placeholder._shift_plugin_positions
│              └── contains ── cms/models/placeholdermodel.py:Placeholder._recalculate_plugin_positions
├── imports ── cms/models/placeholderpluginmodel.py:PlaceholderReference
│              ├── contains ── cms/models/placeholderpluginmodel.py:PlaceholderReference.Meta
│              ├── contains ── cms/models/placeholderpluginmodel.py:PlaceholderReference.__str__
│              ├── contains ── cms/models/placeholderpluginmodel.py:PlaceholderReference.move_to
│              ├── contains ── cms/models/placeholderpluginmodel.py:PlaceholderReference.move_from
│              └── inherits ── cms/models/pluginmodel.py:CMSPlugin
├── imports ── cms/models/pluginmodel.py:CMSPlugin
├── imports ── cms/plugin_base.py:CMSPluginBase
│              ├── contains ── cms/plugin_base.py:CMSPluginBase._get_render_template
│              ├── contains ── cms/plugin_base.py:CMSPluginBase.__class_getitem__
│              ├── contains ── cms/plugin_base.py:CMSPluginBase.get_render_queryset
│              ├── contains ── cms/plugin_base.py:CMSPluginBase.render
│              ├── contains ── cms/plugin_base.py:CMSPluginBase.requires_parent_plugin
│              ├── contains ── cms/plugin_base.py:CMSPluginBase._get_template_for_conf
│              ├── contains ── cms/plugin_base.py:CMSPluginBase.get_require_parent
│              ├── contains ── cms/plugin_base.py:CMSPluginBase.get_cache_expiration
│              ├── contains ── cms/plugin_base.py:CMSPluginBase.get_vary_cache_on
│              ├── contains ── cms/plugin_base.py:CMSPluginBase.render_change_form
│              ├── contains ── cms/plugin_base.py:CMSPluginBase.render_close_frame
│              ├── contains ── cms/plugin_base.py:CMSPluginBase.save_model
│              ├── contains ── cms/plugin_base.py:CMSPluginBase.save_form
│              ├── contains ── cms/plugin_base.py:CMSPluginBase.response_add
│              ├── contains ── cms/plugin_base.py:CMSPluginBase.response_change
│              ├── contains ── cms/plugin_base.py:CMSPluginBase.log_addition
│              ├── contains ── cms/plugin_base.py:CMSPluginBase.log_change
│              ├── contains ── cms/plugin_base.py:CMSPluginBase.log_deletion
│              ├── contains ── cms/plugin_base.py:CMSPluginBase.icon_src
│              ├── contains ── cms/plugin_base.py:CMSPluginBase.icon_alt
│              ├── contains ── cms/plugin_base.py:CMSPluginBase.get_fieldsets
│              ├── contains ── cms/plugin_base.py:CMSPluginBase.get_empty_change_form_text
│              ├── contains ── cms/plugin_base.py:CMSPluginBase.get_child_class_overrides
│              ├── contains ── cms/plugin_base.py:CMSPluginBase.get_child_plugin_candidates
│              ├── contains ── cms/plugin_base.py:CMSPluginBase.get_child_classes
│              ├── contains ── cms/plugin_base.py:CMSPluginBase.get_parent_classes
│              ├── contains ── cms/plugin_base.py:CMSPluginBase.get_plugin_urls
│              ├── contains ── cms/plugin_base.py:CMSPluginBase.plugin_urls
│              ├── contains ── cms/plugin_base.py:CMSPluginBase.get_extra_placeholder_menu_items
│              ├── contains ── cms/plugin_base.py:CMSPluginBase.get_extra_plugin_menu_items
│              ├── contains ── cms/plugin_base.py:CMSPluginBase.__repr__
│              └── contains ── cms/plugin_base.py:CMSPluginBase.__str__
├── imports ── cms/plugin_pool.py
│              ├── contains ── cms/plugin_pool.py:PluginPool
│              ├── imports ── cms/exceptions.py:PluginAlreadyRegistered
│              ├── imports ── cms/exceptions.py:PluginNotRegistered
│              ├── imports ── cms/models/pagemodel.py:Page
│              ├── imports ── cms/plugin_base.py:CMSPluginBase
│              ├── imports ── cms/utils/conf.py:get_cms_setting
│              ├── imports ── cms/utils/helpers.py:normalize_name
│              ├── imports ── cms/cache/__init__.py:invalidate_cms_page_cache
│              └── imports ── cms/utils/placeholder.py:get_placeholder_conf
├── imports ── cms/signals/__init__.py
│              ├── contains ── cms/signals/__init__.py:check_v4_confirmation
│              ├── imports ── cms/exceptions.py:ConfirmationOfVersion4Required
│              ├── imports ── cms/models/__init__.py
│              ├── imports ── cms/signals/apphook.py:debug_server_restart
│              ├── imports ── cms/signals/apphook.py:trigger_server_restart
│              ├── imports ── cms/signals/log_entries.py:log_page_operations
│              ├── imports ── cms/signals/log_entries.py:log_placeholder_operations
│              ├── imports ── cms/signals/permissions.py:post_save_user
│              ├── imports ── cms/signals/permissions.py:post_save_user_group
│              ├── imports ── cms/signals/permissions.py:pre_delete_globalpagepermission
│              ├── imports ── cms/signals/permissions.py:pre_delete_group
│              ├── imports ── cms/signals/permissions.py:pre_delete_pagepermission
│              ├── imports ── cms/signals/permissions.py:pre_delete_user
│              ├── imports ── cms/signals/permissions.py:pre_save_globalpagepermission
│              ├── imports ── cms/signals/permissions.py:pre_save_group
│              ├── imports ── cms/signals/permissions.py:pre_save_pagepermission
│              ├── imports ── cms/signals/permissions.py:pre_save_user
│              ├── imports ── cms/signals/permissions.py:user_m2m_changed
│              └── imports ── cms/utils/conf.py:get_cms_setting
├── imports ── cms/toolbar/utils.py:get_plugin_content
│              ├── invokes ── cms/plugin_rendering.py:ContentRenderer.render_plugin
│              ├── invokes ── cms/plugin_rendering.py:StructureRenderer.render_plugin
│              ├── invokes ── cms/templatetags/cms_tags.py:render_plugin
│              ├── invokes ── cms/toolbar/utils.py:get_plugin_tree_ids
│              ├── invokes ── cms/models/managers.py:PlaceholderForObjQS.get
│              └── invokes ── cms/toolbar/utils.py:get_toolbar_from_request
├── imports ── cms/toolbar/utils.py:get_plugin_tree
│              ├── contains ── cms/toolbar/utils.py:get_plugin_tree.collect_plugin_data
│              ├── invokes ── cms/toolbar/utils.py:get_plugin_tree.collect_plugin_data
│              ├── imports ── cms/utils/plugins.py:downcast_plugins
│              ├── invokes ── cms/utils/plugins.py:downcast_plugins
│              ├── imports ── cms/utils/plugins.py:get_plugin_restrictions
│              ├── invokes ── cms/plugin_base.py:CMSPluginBase.render
│              ├── invokes ── cms/toolbar/toolbar.py:CMSToolbarBase.render
│              ├── invokes ── cms/toolbar/items.py:BaseItem.render
│              ├── invokes ── cms/toolbar/items.py:BaseButton.render
│              ├── invokes ── cms/forms/widgets.py:UserSelectAdminWidget.render
│              ├── invokes ── cms/models/pluginmodel.py:CMSPlugin.get_plugin_class
│              ├── invokes ── cms/toolbar/utils.py:get_plugin_content
│              ├── invokes ── cms/utils/i18n.py:force_language
│              └── invokes ── cms/toolbar/utils.py:get_toolbar_from_request
├── imports ── cms/utils/__init__.py:get_current_site
├── imports ── cms/utils/compat/warnings.py:RemovedInDjangoCMS51Warning
├── imports ── cms/utils/conf.py:get_cms_setting
├── imports ── cms/utils/i18n.py:get_language_code
│              └── invokes ── cms/utils/i18n.py:get_language_list
├── imports ── cms/utils/i18n.py:get_language_list
├── imports ── cms/utils/plugins.py:copy_plugins_to_placeholder
│              ├── invokes ── cms/models/placeholdermodel.py:Placeholder._recalculate_plugin_positions
│              ├── invokes ── cms/models/placeholdermodel.py:Placeholder.get_next_plugin_position
│              ├── invokes ── cms/models/pluginmodel.py:CMSPlugin.post_copy
│              ├── invokes ── cms/models/managers.py:PlaceholderForObjQS.get
│              ├── invokes ── cms/models/pluginmodel.py:CMSPlugin.update
│              ├── invokes ── cms/utils/plugins.py:get_bound_plugins
│              ├── invokes ── cms/models/pluginmodel.py:CMSPlugin
│              ├── invokes ── cms/models/placeholdermodel.py:Placeholder.get_last_plugin_position
│              ├── invokes ── cms/models/pagemodel.py:Page.save
│              ├── invokes ── cms/models/permissionmodels.py:AbstractPagePermission.save
│              ├── invokes ── cms/models/contentmodels.py:PageContent.save
│              ├── invokes ── cms/models/apphooks_reload.py:UrlconfRevision.save
│              ├── invokes ── cms/forms/wizards.py:CreateCMSPageForm.save
│              ├── invokes ── cms/admin/forms.py:AddPageForm.save
│              ├── invokes ── cms/admin/forms.py:AddPageTypeForm.save
│              ├── invokes ── cms/admin/forms.py:ChangePageForm.save
│              ├── invokes ── cms/admin/forms.py:AdvancedSettingsForm.save
│              ├── invokes ── cms/admin/forms.py:GenericCmsPermissionForm.save
│              ├── invokes ── cms/admin/forms.py:PageUserAddForm.save
│              ├── invokes ── cms/admin/forms.py:PageUserGroupForm.save
│              ├── invokes ── cms/utils/plugins.py:_reunite_orphaned_placeholder_plugin_children
│              ├── invokes ── cms/models/pluginmodel.py:CMSPlugin.copy_relations
│              └── invokes ── cms/models/placeholdermodel.py:Placeholder._shift_plugin_positions
├── imports ── cms/utils/plugins.py:downcast_plugins
├── imports ── cms/utils/plugins.py:has_reached_plugin_limit
│              ├── invokes ── cms/utils/placeholder.py:get_placeholder_conf
│              ├── invokes ── cms/models/managers.py:PlaceholderForObjQS.get
│              ├── invokes ── cms/models/query.py:PageQuerySet.filter
│              ├── invokes ── cms/exceptions.py:PluginLimitReached
│              ├── invokes ── cms/utils/plugins.py:get_plugins
│              └── invokes ── cms/plugin_pool.py:PluginPool.get_plugin
├── imports ── cms/views.py:render_object_edit
│              └── invokes ── cms/views.py:render_object_endpoint
├── imports ── cms/views.py:render_object_preview
│              └── invokes ── cms/views.py:render_object_endpoint
└── imports ── cms/views.py:render_object_structure
               ├── invokes ── cms/models/managers.py:PlaceholderForObjQS.get
               ├── invokes ── cms/toolbar/toolbar.py:CMSToolbarBase.render
               ├── invokes ── cms/models/query.py:PageQuerySet.select_related
               ├── invokes ── cms/toolbar/utils.py:get_toolbar_from_request
               └── invokes ── cms/toolbar/toolbar.py:CMSToolbarBase.set_object

cms/admin/pageadmin.py
├── contains ── cms/admin/pageadmin.py:get_site
│               ├── invokes ── cms/utils/__init__.py:get_current_site
│               └── invokes ── cms/models/managers.py:PlaceholderForObjQS.get
├── contains ── cms/admin/pageadmin.py:PageDeleteMessageMixin
│               └── contains ── cms/admin/pageadmin.py:PageDeleteMessageMixin.get_deleted_objects
├── contains ── cms/admin/pageadmin.py:PageAdmin
│               ├── contains ── cms/admin/pageadmin.py:PageAdmin.has_module_permission
│               ├── contains ── cms/admin/pageadmin.py:PageAdmin.has_add_permission
│               ├── contains ── cms/admin/pageadmin.py:PageAdmin.has_change_permission
│               ├── contains ── cms/admin/pageadmin.py:PageAdmin.has_change_advanced_settings_permission
│               ├── contains ── cms/admin/pageadmin.py:PageAdmin.log_deletion
│               ├── contains ── cms/admin/pageadmin.py:PageAdmin.log_deletions
│               ├── contains ── cms/admin/pageadmin.py:PageAdmin.get_admin_url
│               ├── contains ── cms/admin/pageadmin.py:PageAdmin.get_preserved_filters
│               ├── contains ── cms/admin/pageadmin.py:PageAdmin.get_queryset
│               ├── contains ── cms/admin/pageadmin.py:PageAdmin.get_page_from_id
│               ├── contains ── cms/admin/pageadmin.py:PageAdmin.get_urls
│               ├── contains ── cms/admin/pageadmin.py:PageAdmin.get_inline_instances
│               ├── contains ── cms/admin/pageadmin.py:PageAdmin.get_form
│               ├── contains ── cms/admin/pageadmin.py:PageAdmin.actions_menu
│               ├── contains ── cms/admin/pageadmin.py:PageAdmin.advanced
│               ├── contains ── cms/admin/pageadmin.py:PageAdmin.response_post_save_change
│               ├── contains ── cms/admin/pageadmin.py:PageAdmin.set_home
│               ├── contains ── cms/admin/pageadmin.py:PageAdmin.get_list
│               ├── contains ── cms/admin/pageadmin.py:PageAdmin.changelist_view
│               ├── contains ── cms/admin/pageadmin.py:PageAdmin.response_delete
│               ├── contains ── cms/admin/pageadmin.py:PageAdmin.delete_model
│               ├── contains ── cms/admin/pageadmin.py:PageAdmin.get_copy_dialog
│               ├── contains ── cms/admin/pageadmin.py:PageAdmin._get_404_exception
│               ├── contains ── cms/admin/pageadmin.py:PageAdmin.has_view_permission
│               ├── contains ── cms/admin/pageadmin.py:PageAdmin.has_change_permissions_permission
│               ├── contains ── cms/admin/pageadmin.py:PageAdmin.has_delete_permission
│               ├── contains ── cms/admin/pageadmin.py:PageAdmin.has_move_page_permission
│               ├── contains ── cms/admin/pageadmin.py:PageAdmin.move_page
│               ├── contains ── cms/admin/pageadmin.py:PageAdmin.get_permissions
│               ├── contains ── cms/admin/pageadmin.py:PageAdmin.copy_page
│               ├── contains ── cms/admin/pageadmin.py:PageAdmin.edit_title_fields
│               └── inherits ── cms/admin/pageadmin.py:PageDeleteMessageMixin
├── contains ── cms/admin/pageadmin.py:PageContentAdmin
│               ├── contains ── cms/admin/pageadmin.py:PageContentAdmin.log_addition
│               ├── contains ── cms/admin/pageadmin.py:PageContentAdmin.log_deletion
│               ├── contains ── cms/admin/pageadmin.py:PageContentAdmin.log_deletions
│               ├── contains ── cms/admin/pageadmin.py:PageContentAdmin.log_change
│               ├── contains ── cms/admin/pageadmin.py:PageContentAdmin.get_admin_url
│               ├── contains ── cms/admin/pageadmin.py:PageContentAdmin.get_preserved_filters
│               ├── contains ── cms/admin/pageadmin.py:PageContentAdmin.get_queryset
│               ├── contains ── cms/admin/pageadmin.py:PageContentAdmin.get_urls
│               ├── contains ── cms/admin/pageadmin.py:PageContentAdmin.get_fieldsets
│               ├── contains ── cms/admin/pageadmin.py:PageContentAdmin.get_form_class
│               ├── contains ── cms/admin/pageadmin.py:PageContentAdmin.get_form
│               ├── contains ── cms/admin/pageadmin.py:PageContentAdmin.slug
│               ├── contains ── cms/admin/pageadmin.py:PageContentAdmin.overwrite_url
│               ├── contains ── cms/admin/pageadmin.py:PageContentAdmin.duplicate
│               ├── contains ── cms/admin/pageadmin.py:PageContentAdmin.add_view
│               ├── contains ── cms/admin/pageadmin.py:PageContentAdmin.change_view
│               ├── contains ── cms/admin/pageadmin.py:PageContentAdmin.response_add
│               ├── contains ── cms/admin/pageadmin.py:PageContentAdmin.get_filled_languages
│               ├── contains ── cms/admin/pageadmin.py:PageContentAdmin._get_404_exception
│               ├── contains ── cms/admin/pageadmin.py:PageContentAdmin._has_add_permission_from_request
│               ├── contains ── cms/admin/pageadmin.py:PageContentAdmin.has_add_permission
│               ├── contains ── cms/admin/pageadmin.py:PageContentAdmin.has_change_permission
│               ├── contains ── cms/admin/pageadmin.py:PageContentAdmin.has_view_permission
│               ├── contains ── cms/admin/pageadmin.py:PageContentAdmin.has_delete_permission
│               ├── contains ── cms/admin/pageadmin.py:PageContentAdmin.has_change_advanced_settings_permission
│               ├── contains ── cms/admin/pageadmin.py:PageContentAdmin.has_delete_translation_permission
│               ├── contains ── cms/admin/pageadmin.py:PageContentAdmin.get_sites_for_user
│               ├── contains ── cms/admin/pageadmin.py:PageContentAdmin.changelist_view
│               ├── contains ── cms/admin/pageadmin.py:PageContentAdmin.change_template
│               ├── contains ── cms/admin/pageadmin.py:PageContentAdmin.copy_language
│               ├── contains ── cms/admin/pageadmin.py:PageContentAdmin.delete_view
│               ├── contains ── cms/admin/pageadmin.py:PageContentAdmin.delete_model
│               ├── contains ── cms/admin/pageadmin.py:PageContentAdmin.change_innavigation
│               ├── contains ── cms/admin/pageadmin.py:PageContentAdmin.get_tree
│               ├── contains ── cms/admin/pageadmin.py:PageContentAdmin.get_tree_rows
│               ├── contains ── cms/admin/pageadmin.py:PageContentAdmin.indicator_descriptions
│               ├── contains ── cms/admin/pageadmin.py:PageContentAdmin.get_indicator_menu
│               └── inherits ── cms/admin/pageadmin.py:PageDeleteMessageMixin
├── imports ── cms/operations/__init__.py
├── imports ── cms/admin/forms.py:AddPageForm
│              ├── contains ── cms/admin/forms.py:AddPageForm.Meta
│              ├── contains ── cms/admin/forms.py:AddPageForm.clean
│              ├── contains ── cms/admin/forms.py:AddPageForm.clean_parent_page
│              ├── contains ── cms/admin/forms.py:AddPageForm.create_translation
│              ├── contains ── cms/admin/forms.py:AddPageForm.from_source
│              ├── contains ── cms/admin/forms.py:AddPageForm.get_template
│              ├── contains ── cms/admin/forms.py:AddPageForm.save
│              ├── contains ── cms/admin/forms.py:AddPageForm.save_m2m
│              ├── invokes ── cms/models/managers.py:PlaceholderForObjQS.get
│              ├── invokes ── cms/models/query.py:PageQuerySet.filter
│              ├── invokes ── cms/models/pagemodel.py:PageType.get_root_page
│              ├── invokes ── cms/models/pagemodel.py:Page.get_descendant_pages
│              └── inherits ── cms/admin/forms.py:BasePageContentForm
├── imports ── cms/admin/forms.py:AdvancedSettingsForm
│              ├── contains ── cms/admin/forms.py:AdvancedSettingsForm.Meta
│              ├── contains ── cms/admin/forms.py:AdvancedSettingsForm._language
│              ├── contains ── cms/admin/forms.py:AdvancedSettingsForm.clean
│              ├── contains ── cms/admin/forms.py:AdvancedSettingsForm.get_apphooks
│              ├── invokes ── cms/admin/forms.py:AdvancedSettingsForm.get_apphooks
│              ├── contains ── cms/admin/forms.py:AdvancedSettingsForm.get_apphooks_with_config
│              ├── contains ── cms/admin/forms.py:AdvancedSettingsForm.get_navigation_extenders
│              ├── invokes ── cms/admin/forms.py:AdvancedSettingsForm.get_navigation_extenders
│              ├── contains ── cms/admin/forms.py:AdvancedSettingsForm._check_unique_namespace_instance
│              ├── contains ── cms/admin/forms.py:AdvancedSettingsForm.has_changed_apphooks
│              ├── contains ── cms/admin/forms.py:AdvancedSettingsForm.save
│              ├── invokes ── cms/forms/widgets.py:AppHookSelect
│              ├── invokes ── cms/app_base.py:CMSApp.get_configs
│              ├── invokes ── cms/models/managers.py:PlaceholderForObjQS.get
│              ├── invokes ── cms/apphook_pool.py:ApphookPool.get_apphook
│              ├── invokes ── cms/forms/widgets.py:ApplicationConfigSelect
│              └── invokes ── cms/apphook_pool.py:ApphookPool.get_apphooks
├── imports ── cms/admin/forms.py:ChangeListForm
│              ├── contains ── cms/admin/forms.py:ChangeListForm.is_filtered
│              ├── contains ── cms/admin/forms.py:ChangeListForm.get_filter_items
│              ├── contains ── cms/admin/forms.py:ChangeListForm.run_filters
│              ├── invokes ── cms/admin/forms.py:get_page_template_filter_choices
│              └── invokes ── cms/admin/forms.py:get_page_changed_by_filter_choices
├── imports ── cms/admin/forms.py:ChangePageForm
│              ├── contains ── cms/admin/forms.py:ChangePageForm._language
│              ├── contains ── cms/admin/forms.py:ChangePageForm.clean
│              ├── contains ── cms/admin/forms.py:ChangePageForm.clean_xframe_options
│              ├── contains ── cms/admin/forms.py:ChangePageForm.save
│              ├── invokes ── cms/models/pagemodel.py:Page.get_url
│              └── inherits ── cms/admin/forms.py:BasePageContentForm
├── imports ── cms/admin/forms.py:CopyPageForm
│              ├── contains ── cms/admin/forms.py:CopyPageForm.copy_page
│              ├── contains ── cms/admin/forms.py:CopyPageForm._get_tree_options_for_root
│              └── inherits ── cms/admin/forms.py:PageTreeForm
├── imports ── cms/admin/forms.py:CopyPermissionForm
├── imports ── cms/admin/forms.py:DuplicatePageForm
│              └── inherits ── cms/admin/forms.py:AddPageForm
├── imports ── cms/admin/forms.py:MovePageForm
│              ├── contains ── cms/admin/forms.py:MovePageForm.clean
│              ├── contains ── cms/admin/forms.py:MovePageForm.get_tree_options
│              ├── contains ── cms/admin/forms.py:MovePageForm.move_page
│              └── inherits ── cms/admin/forms.py:PageTreeForm
├── imports ── cms/admin/permissionadmin.py
│              ├── contains ── cms/admin/permissionadmin.py:TabularInline
│              ├── contains ── cms/admin/permissionadmin.py:PagePermissionInlineAdmin
│              ├── contains ── cms/admin/permissionadmin.py:ViewRestrictionInlineAdmin
│              ├── contains ── cms/admin/permissionadmin.py:GlobalPagePermissionAdmin
│              ├── imports ── cms/admin/forms.py:GlobalPagePermissionAdminForm
│              ├── imports ── cms/admin/forms.py:PagePermissionInlineAdminForm
│              ├── imports ── cms/admin/forms.py:ViewRestrictionInlineAdminForm
│              ├── imports ── cms/exceptions.py:NoPermissionsException
│              ├── imports ── cms/models/__init__.py
│              ├── imports ── cms/utils/page_permissions.py
│              ├── imports ── cms/utils/permissions.py
│              ├── imports ── cms/utils/conf.py:get_cms_setting
│              └── imports ── cms/utils/helpers.py:classproperty
├── imports ── cms/cache/permissions.py:clear_permission_cache
│              ├── invokes ── cms/cache/permissions.py:get_cache_permission_version_key
│              ├── invokes ── cms/cache/permissions.py:get_cache_permission_version
│              └── invokes ── cms/utils/conf.py:get_cms_setting
├── imports ── cms/constants.py
│              └── contains ── cms/constants.py:_get_toolbar_js
├── imports ── cms/models/__init__.py
├── imports ── cms/operations/helpers.py:send_post_page_operation
├── imports ── cms/operations/helpers.py:send_pre_page_operation
├── imports ── cms/plugin_pool.py
│              ├── contains ── cms/plugin_pool.py:PluginPool
│              ├── imports ── cms/exceptions.py:PluginAlreadyRegistered
│              ├── imports ── cms/exceptions.py:PluginNotRegistered
│              ├── imports ── cms/models/pagemodel.py:Page
│              ├── imports ── cms/plugin_base.py:CMSPluginBase
│              ├── imports ── cms/utils/conf.py:get_cms_setting
│              ├── imports ── cms/utils/helpers.py:normalize_name
│              ├── imports ── cms/cache/__init__.py:invalidate_cms_page_cache
│              └── imports ── cms/utils/placeholder.py:get_placeholder_conf
├── imports ── cms/signals/apphook.py:set_restart_trigger
├── imports ── cms/toolbar/utils.py:get_object_edit_url
│              ├── invokes ── cms/toolbar/utils.py:add_live_url_querystring_param
│              ├── invokes ── cms/admin/utils.py:GrouperModelAdmin.get_language
│              ├── invokes ── cms/utils/urlutils.py:admin_reverse
│              ├── invokes ── cms/utils/conf.py:get_cms_setting
│              └── invokes ── cms/utils/i18n.py:force_language
├── imports ── cms/utils/__init__.py:get_current_site
├── imports ── cms/utils/page_permissions.py
├── imports ── cms/utils/permissions.py
├── imports ── cms/utils/admin.py:jsonify_request
├── imports ── cms/utils/conf.py:get_cms_setting
├── imports ── cms/utils/i18n.py:get_language_list
│              └── invokes ── cms/utils/i18n.py:get_languages
├── imports ── cms/utils/i18n.py:get_language_object
│              ├── invokes ── cms/exceptions.py:LanguageError
│              ├── invokes ── cms/utils/i18n.py:get_languages
│              └── invokes ── cms/utils/i18n.py:get_language_code
├── imports ── cms/utils/i18n.py:get_language_tuple
│              └── invokes ── cms/utils/i18n.py:get_languages
├── imports ── cms/utils/i18n.py:get_site_language_from_request
│              ├── imports ── cms/utils/__init__.py:get_current_site
│              ├── invokes ── cms/utils/__init__.py:get_current_site
│              ├── invokes ── cms/models/managers.py:PlaceholderForObjQS.get
│              ├── invokes ── cms/utils/i18n.py:get_default_language_for_site
│              └── invokes ── cms/utils/i18n.py:is_valid_site_language
├── imports ── cms/utils/permissions.py:clear_permission_lru_caches
│              └── invokes ── cms/utils/permissions.py:clear_func_cache
├── imports ── cms/utils/plugins.py:copy_plugins_to_placeholder
│              ├── invokes ── cms/models/placeholdermodel.py:Placeholder._recalculate_plugin_positions
│              ├── invokes ── cms/models/placeholdermodel.py:Placeholder.get_next_plugin_position
│              ├── invokes ── cms/models/pluginmodel.py:CMSPlugin.post_copy
│              ├── invokes ── cms/models/managers.py:PlaceholderForObjQS.get
│              ├── invokes ── cms/models/pluginmodel.py:CMSPlugin.update
│              ├── invokes ── cms/utils/plugins.py:get_bound_plugins
│              ├── invokes ── cms/models/pluginmodel.py:CMSPlugin
│              ├── invokes ── cms/models/placeholdermodel.py:Placeholder.get_last_plugin_position
│              ├── invokes ── cms/models/pagemodel.py:Page.save
│              ├── invokes ── cms/models/permissionmodels.py:AbstractPagePermission.save
│              ├── invokes ── cms/models/contentmodels.py:PageContent.save
│              ├── invokes ── cms/models/apphooks_reload.py:UrlconfRevision.save
│              ├── invokes ── cms/forms/wizards.py:CreateCMSPageForm.save
│              ├── invokes ── cms/admin/forms.py:AddPageForm.save
│              ├── invokes ── cms/admin/forms.py:AddPageTypeForm.save
│              ├── invokes ── cms/admin/forms.py:ChangePageForm.save
│              ├── invokes ── cms/admin/forms.py:AdvancedSettingsForm.save
│              ├── invokes ── cms/admin/forms.py:GenericCmsPermissionForm.save
│              ├── invokes ── cms/admin/forms.py:PageUserAddForm.save
│              ├── invokes ── cms/admin/forms.py:PageUserGroupForm.save
│              ├── invokes ── cms/utils/plugins.py:_reunite_orphaned_placeholder_plugin_children
│              ├── invokes ── cms/models/pluginmodel.py:CMSPlugin.copy_relations
│              └── invokes ── cms/models/placeholdermodel.py:Placeholder._shift_plugin_positions
├── imports ── cms/utils/urlutils.py:admin_reverse
├── imports ── cms/cache/permissions.py:get_cache_key
│              └── invokes ── cms/utils/conf.py:get_cms_setting
└── imports ── cms/cache/permissions.py:get_cache_permission_version

2026-09-14 22:36:23 utils.py INFO 
LiteLLM completion() model= qwen/qwen3-coder; provider = openrouter
2026-09-14 22:36:26 utils.py INFO Wrapper: Completed Call, calling success_handler
2026-09-14 22:36:26 auto_search_main.py INFO Executing code:
```
print(search_code_snippets(**{'search_terms': ['move plugin', 'plugin tree', 'move_plugin', 'render_close_frame']}))
```
2026-09-14 22:36:26 __init__.py DEBUG Building index from IDs objects
2026-09-14 22:36:27 __init__.py DEBUG Building index from IDs objects
2026-09-14 22:36:27 __init__.py DEBUG Building index from IDs objects
2026-09-14 22:36:27 auto_search_main.py INFO OBSERVATION:
cms/models/placeholdermodel.py:Placeholder._move_plugin_to_placeholder
cms/admin/placeholderadmin.py:PlaceholderAdmin._move_plugin
cms/models/placeholdermodel.py:Placeholder.move_plugin
cms/models/placeholdermodel.py:Placeholder.move_plugin
cms/models/pagemodel.py:Page._clear_placeholders
cms/models/pagemodel.py:Page.move_page
cms/admin/placeholderadmin.py:PlaceholderAdmin.get_urls
cms/admin/forms.py:MovePageForm.get_tree_options
cms/admin/forms.py:MovePageForm.move_page
cms/admin/forms.py:MovePageForm.clean
cms/admin/forms.py:MovePageForm
cms/admin/placeholderadmin.py:PlaceholderAdmin.move_plugin
cms/plugin_base.py:CMSPluginBase
cms/models/placeholdermodel.py:Placeholder.get_first_plugin_position
cms/models/placeholdermodel.py:Placeholder.get_last_plugin_position
cms/models/placeholdermodel.py:Placeholder._shift_plugin_positions
cms/models/placeholdermodel.py:Placeholder.add_plugin
cms/toolbar/utils.py:get_plugin_tree
cms/models/placeholdermodel.py:Placeholder.move_plugin
cms/plugin_base.py:CMSPluginBase.render_close_frame
cms/models/placeholdermodel.py:Placeholder.move_plugin
cms/models/placeholdermodel.py:Placeholder.delete_plugin
cms/plugin_base.py:CMSPluginBase.render_close_frame
cms/admin/placeholderadmin.py:PlaceholderAdmin._paste_plugin
cms/utils/plugins.py:create_default_plugins
cms/models/placeholdermodel.py:Placeholder.move_plugin
cms/models/placeholdermodel.py:Placeholder.move_plugin
cms/models/placeholdermodel.py:Placeholder._move_plugin_to_placeholder
cms/models/pagemodel.py:Page._clear_placeholders
cms/models/pagemodel.py:Page.move_page
cms/admin/placeholderadmin.py:PlaceholderAdmin._move_plugin
cms/plugin_base.py:CMSPluginBase.render_close_frame
cms/plugin_base.py:CMSPluginBase
cms/toolbar/utils.py:get_plugin_tree
cms/models/placeholdermodel.py:Placeholder.add_plugin
cms/models/placeholdermodel.py:Placeholder.get_first_plugin_position
cms/models/placeholdermodel.py:Placeholder.get_last_plugin_position
cms/models/placeholdermodel.py:Placeholder._shift_plugin_positions
##Searching for term "move plugin", "plugin tree", "move plugin plugin tree"...
### Search Result:
Found function `cms/utils/plugins.py:get_plugin_class`.
Source: Retrieved entity using keyword search (bm25).
```
27 | def get_plugin_class(plugin_type: str) -> type[CMSPluginBase]:
28 |     """Returns the plugin class for a given plugin_type (str)"""
29 |     return plugin_pool.get_plugin(plugin_type)
```

Found file `cms/utils/plugins.py`.
Source: Retrieved entity using keyword search (bm25).
Hint: Search `cms/utils/plugins.py` for the full content if needed.



##Searching for term "move plugin"...
### Search Result:
Found function `cms/utils/plugins.py:get_plugins_as_layered_tree`.
Source: Retrieved entity using keyword search (bm25).
```
157 | def get_plugins_as_layered_tree(plugins):
158 |     """
159 |     Given an iterable of plugins ordered by position,
160 |     returns a deque of root plugins with their respective
161 |     children set in the child_plugin_instances attribute.
162 |     """
163 |     delayed = defaultdict(deque)
164 |     root_plugins = deque()
165 | 
166 |     for plugin in reversed(plugins):
167 |         plugin.child_plugin_instances = delayed[plugin.pk]
168 | 
169 |         if plugin.parent_id:
170 |             delayed[plugin.parent_id].appendleft(plugin)
171 |         else:
172 |             root_plugins.appendleft(plugin)
173 |     return root_plugins
```

Found function `cms/admin/placeholderadmin.py:PlaceholderAdmin._move_plugin`.
Source: Retrieved code content using keyword search (bm25).
```
934 | def _move_plugin(self, request, plugin, target_position, target_placeholder=None, target_parent=None):
935 |         language = plugin.language
936 |         source_placeholder = plugin.placeholder
937 | 
938 |         if not self.has_move_plugin_permission(request, plugin, source_placeholder):
939 |             message = _("You have no permission to move this plugin")
940 |             raise PermissionDenied(message)
941 | 
942 |         if target_placeholder and not self.has_move_plugin_permission(request, plugin, target_placeholder):
943 |             message = _("You have no permission to move this plugin")
944 |             raise PermissionDenied(message)
945 | 
946 |         if not source_placeholder.check_source(request.user):
947 |             message = _("You have no permission to move this plugin")
948 |             raise PermissionDenied(message)
949 | 
950 |         if target_placeholder and not target_placeholder.check_source(request.user):
951 |             message = _("You have no permission to move this plugin")
952 |             raise PermissionDenied(message)
953 | 
954 |         if target_parent:
955 |             target_parent_id = target_parent.pk
956 |         else:
957 |             target_parent_id = None
958 | 
959 |         action_token = self._send_pre_placeholder_operation(
960 |             request,
961 |             operation=operations.MOVE_PLUGIN,
962 |             plugin=plugin,
963 |             source_language=plugin.language,
964 |             source_placeholder=source_placeholder,
965 |             source_parent_id=plugin.parent_id,
966 |             target_language=language,
967 |             target_placeholder=(target_placeholder or source_placeholder),
968 |             target_parent_id=target_parent_id,
969 |         )
970 | 
971 |         source_placeholder.move_plugin(
972 |             plugin=plugin,
973 |             target_position=target_position,
974 |             target_placeholder=target_placeholder,
975 |             target_plugin=target_parent,
976 |         )
977 | 
978 |         # Refresh plugin to get new position values
979 |         updated_plugin = plugin.reload()
980 |         if target_placeholder:
981 |             target_placeholder.clear_cache(language)
982 |         source_placeholder.clear_cache(language)
983 | 
984 |         self._send_post_placeholder_operation(
985 |             request,
986 |             operation=operations.MOVE_PLUGIN,
987 |             plugin=updated_plugin.get_bound_plugin(),
988 |             token=action_token,
989 |             source_language=language,
990 |             source_placeholder=source_placeholder,
991 |             source_parent_id=updated_plugin.parent_id,
992 |             target_language=language,
993 |             target_placeholder=(target_placeholder or source_placeholder),
994 |             target_parent_id=target_parent_id,
995 |         )
996 |         return updated_plugin
```



##Searching for term "move plugin", "move plugin plugin tree"...
### Search Result:
Found function `cms/utils/plugins.py:get_plugin_model`.
Source: Retrieved entity using keyword search (bm25).
```
32 | def get_plugin_model(plugin_type: str) -> CMSPlugin:
33 |     """Returns the plugin model class for a given plugin_type (str)"""
34 |     return get_plugin_class(plugin_type).model
```

Found function `cms/models/placeholdermodel.py:Placeholder._move_plugin_to_placeholder`.
Source: Retrieved code content using keyword search (bm25).
```
573 | def _move_plugin_to_placeholder(self, plugin, target_position, target_placeholder, target_plugin=None):
574 |         source_last_plugin = self.get_last_plugin(plugin.language)
575 |         target_last_plugin = target_placeholder.get_last_plugin(plugin.language)
576 | 
577 |         plugin_descendants = plugin.get_descendants()
578 |         if target_last_plugin:
579 |             source_length = source_last_plugin.position
580 |             target_length = target_last_plugin.position
581 |             plugins_to_move_count = 1 + len(plugin_descendants)  # parent plus descendants
582 | 
583 |             source_offset = (
584 |                 max(
585 |                     # far enough to shift behind current last source position
586 |                     source_length,
587 |                     # far enough to be shifted behind last target position plus no. of moved plugins
588 |                     target_length + plugins_to_move_count,
589 |                 )
590 |                 - plugin.position
591 |                 + 1
592 |             )
593 | 
594 |             # move target position counter to at least behind
595 |             target_offset = max(
596 |                 # far enough to shift behind current last target position
597 |                 target_length - target_position + 1,
598 |                 # far enough to leave enough space to move back
599 |                 plugin.position + source_offset - target_position + plugins_to_move_count + 1,
600 |             )
601 |             target_placeholder._shift_plugin_positions(
602 |                 plugin.language,
603 |                 start=target_position,
604 |                 offset=target_offset,
605 |             )
606 |         else:
607 |             # moving to empty placeholder:
608 |             # Move out (remaining) plugins right behind last source position to be able to recalculate
609 |             source_offset = source_last_plugin.position
610 | 
611 |         # Shift all plugins whose position is greater than or equal to
612 |         # the plugin being moved. This includes the plugin itself.
613 |         # This is to create enough space in-between for the squashing
614 |         # to work without conflicts.
615 |         self._shift_plugin_positions(
616 |             plugin.language,
617 |             start=plugin.position,
618 |             offset=source_offset,
619 |         )
620 | 
621 |         plugin.update(parent=target_plugin, placeholder=target_placeholder)
622 |         # TODO: More efficient is to do raw sql update
623 |         plugin_descendants.update(placeholder=target_placeholder)
624 |         self._recalculate_plugin_positions(plugin.language)
625 |         target_placeholder._recalculate_plugin_positions(plugin.language)
```

Found function `cms/models/pagemodel.py:Page._clear_placeholders`.
Source: Retrieved code content using keyword search (bm25).
```
445 | def _clear_placeholders(self, language):
446 |         from cms.models import CMSPlugin
447 | 
448 |         placeholders = self.get_placeholders(language)
449 |         placeholder_ids = (placeholder.pk for placeholder in placeholders)
450 |         plugins = CMSPlugin.objects.filter(placeholder__in=placeholder_ids, language=language)
451 |         models.query.QuerySet.delete(plugins)
452 |         return placeholders
```



##Searching for term "move plugin", "move_plugin", "move plugin plugin tree"...
### Search Result:
Found function `cms/models/placeholdermodel.py:Placeholder.move_plugin`.
Source: Retrieved code content using keyword search (bm25).
```
496 | def move_plugin(self, plugin, target_position, target_placeholder=None, target_plugin=None):
497 |         """
498 |         .. versionadded:: 4.0
499 | 
500 |         Moves a plugin within the placeholder (``target_placeholder=None``) or to another placeholder.
501 | 
502 |         :param plugin: Plugin to move
503 |         :type plugin: :class:`cms.models.pluginmodel.CMSPlugin` instance
504 |         :param int target_position: The plugin's new position
505 |         :param  target_placeholder: Placeholder to move plugin to (or ``None``)
506 |         :type target_placeholder: :class:`cms.models.placeholdermodel.Placeholder` instance
507 |         :param target_plugin: New parent plugin (or ``None``). The target plugin must be in the same placeholder
508 |            or in the ``target_placeholder`` if one is given.
509 |         :type target_plugin: :class:`cms.models.pluginmodel.CMSPlugin` instance
510 | 
511 |         The ``target_position`` is enumerated from the start of the palceholder's plugin tree (1) to
512 |         the last plugin (*n*, where *n* is the number of plugins in the placeholder).
513 |         """
514 | 
515 |         if target_placeholder:
516 |             return self._move_plugin_to_placeholder(
517 |                 plugin=plugin,
518 |                 target_position=target_position,
519 |                 target_placeholder=target_placeholder,
520 |                 target_plugin=target_plugin,
521 |             )
522 | 
523 |         target_tree = self.get_plugins(plugin.language)
524 |         last_plugin = self.get_last_plugin(plugin.language)
525 |         source_plugin_desc_count = plugin._get_descendants_count()
526 |         # Attn: The following line assumes that all children and grand-children have consecutive positions!
527 |         source_plugin_range = (plugin.position, plugin.position + source_plugin_desc_count)
528 | 
529 |         if target_position < plugin.position:
530 |             # Moving left
531 |             # Make a big hole on the right side of the current plugin's position
532 |             # by shifting all right nodes further to the right, excluding the current plugin
533 |             # but including the target plugin and its descendants.
534 |             (target_tree.filter(position__gte=target_position).exclude(position__range=source_plugin_range)).update(
535 |                 position=(models.F("position") + last_plugin.position)
536 |             )
537 | 
538 |             # Make a big hole on the left side of the current plugin's position
539 |             # by shifting all right nodes further the right, including the current plugin
540 |             # and its descendants.
541 |             target_tree.filter(position__lte=source_plugin_range[1]).update(
542 |                 position=models.F("position") - last_plugin.position
543 |             )
544 |         else:
545 |             # Moving right
546 |             # Make a big hole on the left side of the target position,
547 |             # by shifting all left nodes further to the left, excluding the current plugin
548 |             # but including the target plugin and its descendants.
549 |             # Left node in the common case is target_position but if the current plugin
550 |             # has descendants then left node is the closest node to the right side of the
551 |             # last descendant.
552 |             (
553 |                 target_tree.filter(position__lte=target_position + source_plugin_desc_count).exclude(
554 |                     position__range=source_plugin_range
555 |                 )
556 |             ).update(position=(models.F("position") - last_plugin.position))
557 | 
558 |             # Make a big hole on the right side of the current plugin's position
559 |             # by shifting all right nodes further the right, including the current plugin
560 |             # and its descendants.
561 |             target_tree.filter(position__gte=plugin.position).update(
562 |                 position=models.F("position") + last_plugin.position
563 |             )
564 | 
565 |         if plugin.parent != target_plugin:
566 |             # Plugin is being moved to another tree (under another parent)
567 |             # OR plugin is being moved to the root (no parent)
568 |             plugin.update(parent=target_plugin)
569 |         # The plugin tree was shifted to the right to make space,
570 |         # Squash all plugin positions in the tree to close any holes.
571 |         self._recalculate_plugin_positions(plugin.language)
```



##Searching for term "plugin tree"...
### Search Result:
Found function `cms/utils/plugins.py:has_reached_plugin_limit`.
Source: Retrieved entity using keyword search (bm25).
```
479 | def has_reached_plugin_limit(placeholder, plugin_type, language, template=None):
480 |     """
481 |     Checks if the global maximum limit for plugins in a placeholder has been reached.
482 |     If not then it checks if it has reached its maximum plugin_type limit.
483 | 
484 |     Parameters:
485 |     - placeholder: The placeholder object to check the limit for.
486 |     - plugin_type: The type of plugin to check the limit for.
487 |     - language: The language code for the plugins.
488 |     - template: The template object for the placeholder. Optional.
489 | 
490 |     Returns:
491 |     - False if the limit has not been reached.
492 | 
493 |     Raises:
494 |     - PluginLimitReached: If the limit has been reached for the placeholder.
495 | 
496 |     """
497 |     limits = get_placeholder_conf("limits", placeholder.slot, template)
498 |     if limits:
499 |         global_limit = limits.get("global")
500 |         type_limit = limits.get(plugin_type)
501 |         # total plugin count
502 |         count = placeholder.get_plugins(language=language).count()
503 |         if global_limit and count >= global_limit:
504 |             raise PluginLimitReached(_("This placeholder already has the maximum number of plugins (%s)." % count))
505 |         elif type_limit:
506 |             # total plugin type count
507 |             type_count = placeholder.get_plugins(language=language).filter(plugin_type=plugin_type).count()
508 |             if type_count >= type_limit:
509 |                 plugin_name = force_str(plugin_pool.get_plugin(plugin_type).name)
510 |                 raise PluginLimitReached(
511 |                     _(
512 |                         "This placeholder already has the maximum number (%(limit)s) of allowed %(plugin_name)s plugins."
513 |                     )
514 |                     % {"limit": type_limit, "plugin_name": plugin_name}
515 |                 )
516 |     return False
```

Found function `cms/models/placeholdermodel.py:Placeholder.add_plugin`.
Source: Retrieved code content using keyword search (bm25).
```
451 | def add_plugin(self, instance):
452 |         """
453 |         .. versionadded:: 4.0
454 | 
455 |         Adds a plugin to the placeholder. The plugin's position field must be set to the target
456 |         position. Positions are enumerated from the start of the palceholder's plugin tree (1) to
457 |         the last plugin (*n*, where *n* is the number of plugins in the placeholder).
458 | 
459 |         :param instance: Plugin to add. It's position parameter needs to be set.
460 |         :type instance: :class:`cms.models.pluginmodel.CMSPlugin` instance
461 | 
462 |         .. note::
463 |             As of version 4 of django CMS the position counter does not re-start at 1 for the first
464 |             child plugin. The ``position`` field  and ``language`` field are unique for a placeholder.
465 | 
466 |         Example::
467 | 
468 |             new_child = MyCoolPlugin()
469 |             new_child.position = (
470 |                 parent_plugin.position + 1
471 |             )  # add as first child: directly after parent
472 |             parent_plugin.placeholder.add(new_child)
473 | 
474 |         """
475 |         last_position = self.get_last_plugin_position(instance.language) or 0
476 |         # A shift is only needed if the distance between the new plugin
477 |         # and the last plugin is greater than 1 position.
478 |         needs_shift = (instance.position - last_position) < 1
479 | 
480 |         if needs_shift:
481 |             # shift to the right
482 |             self._shift_plugin_positions(
483 |                 instance.language,
484 |                 start=instance.position,
485 |                 offset=last_position - instance.position + 2,  # behind last_position plus one to shift back
486 |             )
487 | 
488 |         instance.save()
489 | 
490 |         if needs_shift:
491 |             # The plugin tree was shifted to the right to make space,
492 |             # now squash all plugins in the tree to close any holes.
493 |             self._recalculate_plugin_positions(instance.language)
494 |         return instance
```

Found function `cms/models/placeholdermodel.py:Placeholder.get_first_plugin_position`.
Source: Retrieved code content using keyword search (bm25).
```
679 | def get_first_plugin_position(self, language, parent=None):
680 |         tree = self.get_plugins(language)
681 | 
682 |         if parent:
683 |             tree = tree.filter(parent=parent)
684 |         return tree.values_list("position", flat=True).first()
```

Found function `cms/models/placeholdermodel.py:Placeholder.get_last_plugin_position`.
Source: Retrieved code content using keyword search (bm25).
```
686 | def get_last_plugin_position(self, language, parent=None):
687 |         if parent is None:
688 |             tree = self.get_plugins(language)
689 |         elif parent.placeholder == self:
690 |             tree = parent.get_descendants()
691 |         else:  # No last plugin if parent is not in this placeholder's plugin tree
692 |             return None
693 |         return tree.values_list("position", flat=True).last()
```

Found function `cms/models/placeholdermodel.py:Placeholder._shift_plugin_positions`.
Source: Retrieved code content using keyword search (bm25).
```
695 | def _shift_plugin_positions(self, language, start, offset=None):
696 |         if offset is None:
697 |             offset = self.get_last_plugin_position(language) or 0
698 | 
699 |         self.get_plugins(language).filter(position__gte=start).update(position=models.F("position") + offset)
```

Found function `cms/toolbar/utils.py:get_plugin_tree`.
Source: Retrieved code content using keyword search (bm25).
```
 79 | def get_plugin_tree(
 80 |     request: HttpRequest,
 81 |     plugins: list[CMSPlugin],
 82 |     restrictions: Optional[dict] = None,
 83 |     target_plugin: Optional[CMSPlugin] = None,
 84 | ) -> dict[str, Any]:
 85 |     """
 86 |     Constructs a tree structure of CMS plugins for the toolbar.
 87 | 
 88 |     Args:
 89 |         request (HttpRequest): The HTTP request object.
 90 |         plugins (list[CMSPlugin]): A list of CMSPlugin instances to be organized into a tree.
 91 |         restrictions (Optional[dict], optional): A dictionary of plugin restrictions. Defaults to None.
 92 |         target_plugin (Optional[CMSPlugin], optional): The target plugin to render.
 93 |             Content will only be rendered if given. Defaults to None.
 94 | 
 95 |     Returns:
 96 |         tuple[dict[str, Any]]: A dictionary with up to five keys:
 97 |             - 'html': A string of rendered HTML for the plugin tree.
 98 |             - 'plugins': A flat list of plugin information dictionaries.
 99 |             - 'content': The rendered content of target_plugin (if given) including its children
100 |             - 'target_position': The position of the target_plugin (if given)
101 |             - 'target_placeholder_id': The placeholder id of the target_plugin (if given)
102 |     """
103 |     from cms.utils.plugins import downcast_plugins, get_plugin_restrictions
104 | 
105 |     tree_data = []
106 |     tree_structure = []
107 |     restrictions = restrictions or {}
108 |     root_plugins = deque()
109 |     plugin_children = defaultdict(deque)
110 |     toolbar = get_toolbar_from_request(request)
111 |     template = toolbar.templates.drag_item_template
112 |     get_plugin_info = get_plugin_toolbar_info
113 |     placeholder = plugins[0].placeholder
114 |     copy_to_clipboard = placeholder.pk == toolbar.clipboard.pk
115 |     plugins = list(downcast_plugins(plugins, select_placeholder=True))
116 |     plugin_ids = frozenset(plugin.pk for plugin in plugins)
117 | 
118 |     for plugin in reversed(plugins):
119 |         plugin.child_plugin_instances = plugin_children[plugin.pk]
120 | 
121 |         if plugin.parent_id in plugin_ids:
122 |             plugin_children[plugin.parent_id].appendleft(plugin)
123 |         else:
124 |             root_plugins.appendleft(plugin)
125 | 
126 |     def collect_plugin_data(plugin):
127 |         child_classes, parent_classes = get_plugin_restrictions(
128 |             plugin=plugin,
129 |             restrictions_cache=restrictions,
130 |         )
131 |         plugin_info = get_plugin_info(
132 |             plugin,
133 |             children=child_classes,
134 |             parents=parent_classes,
135 |         )
136 | 
137 |         tree_data.append(plugin_info)
138 | 
139 |         for plugin_instance in plugin.child_plugin_instances:
140 |             collect_plugin_data(plugin_instance)
141 | 
142 |     with force_language(toolbar.toolbar_language):
143 |         for root_plugin in root_plugins:
144 |             collect_plugin_data(root_plugin)
145 |             context = {
146 |                 'plugin': root_plugin,
147 |                 'request': request,
148 |                 'clipboard': copy_to_clipboard,
149 |                 'cms_toolbar': toolbar,
150 |             }
151 |             tree_structure.append(template.render(context))
152 |     tree_data.reverse()
153 | 
154 |     content = {}
155 |     # Render the target plugin if given and all plugins are local
156 |     if target_plugin and all(plugin.get_plugin_class().is_local for plugin in plugins):
157 |         # Also provide the parent plugin to the context (if available)
158 |         downcasted = next(
159 |             (plugin for plugin in plugins if plugin.pk == target_plugin.pk), None
160 |         )
161 |         parent = next(
162 |             (plugin for plugin in plugins if plugin.pk == target_plugin.parent_id), None
163 |         ) if target_plugin.parent_id else None
164 |         content["content"] = get_plugin_content(request, downcasted, {"parent": parent})
165 | 
166 |     return {'html': '\n'.join(tree_structure), 'plugins': tree_data, **content}
```

Found file `cms/management/commands/subcommands/tree.py`.
Source: Retrieved entity using keyword search (bm25).
Hint: Search `cms/management/commands/subcommands/tree.py` for the full content if needed.



##Searching for term "plugin tree", "move plugin plugin tree"...
### Search Result:
Found function `cms/utils/plugins.py:assign_plugins`.
Source: Retrieved entity using keyword search (bm25).
```
 67 | def assign_plugins(request, placeholders, template=None, lang=None):
 68 |     """
 69 |     Fetch all plugins for the given ``placeholders`` and
 70 |     cast them down to the concrete instances in one query
 71 |     per type.
 72 | 
 73 |     :param request: The current request.
 74 |     :param placeholders: An iterable of placeholder objects.
 75 |     :param template: (optional) The template object.
 76 |     :param lang: (optional) The language code.
 77 | 
 78 |     This method assigns plugins to the given placeholders. It retrieves the plugins from the database based on the
 79 |     placeholders and the language. The plugins are then downcasted to their specific plugin types.
 80 | 
 81 |     The plugins are split up by placeholder and stored in a dictionary where the key is the placeholder ID and the
 82 |     value is a list of plugins.
 83 | 
 84 |     For each placeholder, if there are plugins assigned to it, the plugins are organized as a layered tree structure.
 85 |     Otherwise, an empty list is assigned.
 86 | 
 87 |     The list of all plugins for each placeholder is stored in the `_all_plugins_cache` attribute of the placeholder,
 88 |     while the list of root plugins is stored in the `_plugins_cache` attribute
 89 |     """
 90 |     if not placeholders:
 91 |         return
 92 |     placeholders = tuple(placeholders)  # Trigger db hit
 93 |     lang = lang or get_language_from_request(request)
 94 |     plugins = list(CMSPlugin.objects.filter(placeholder__in=placeholders, language=lang))
 95 |     if not plugins:
 96 |         # Create default plugins if enabled
 97 |         plugins = create_default_plugins(request, placeholders, template, lang)
 98 |     else:
 99 |         plugins = downcast_plugins(plugins, placeholders, request=request)
100 | 
101 |     # split the plugins up by placeholder
102 |     plugins_by_placeholder = defaultdict(list)
103 | 
104 |     for plugin in plugins:
105 |         plugins_by_placeholder[plugin.placeholder_id].append(plugin)
106 | 
107 |     for placeholder in placeholders:
108 |         all_plugins = plugins_by_placeholder[placeholder.pk]
109 | 
110 |         if all_plugins:
111 |             layered_plugins = get_plugins_as_layered_tree(all_plugins)
112 |         else:
113 |             layered_plugins = []
114 |         # This is all the plugins.
115 |         placeholder._all_plugins_cache = all_plugins
116 |         # This is only the root plugins.
117 |         placeholder._plugins_cache = layered_plugins
```



##Searching for term "move_plugin"...
### Search Result:
Found function `cms/admin/placeholderadmin.py:PlaceholderAdmin.move_plugin`.
Source: Match found for entity name `move_plugin`.
```
688 | def move_plugin(self, request):
689 |         """
690 |         Performs a move or a "paste" operation (when «move_a_copy» is set)
691 | 
692 |         POST request with following parameters:
693 |         - plugin_id
694 |         - placeholder_id
695 |         - target_position (optional)
696 |         - plugin_language (optional)
697 |         - plugin_parent (optional)
698 |         - plugin_order (array, optional)
699 |         - move_a_copy (Boolean, optional) (anything supplied here except a case-
700 |                                         insensitive "false" is True)
701 |         NOTE: If move_a_copy is set, the plugin_order should contain an item
702 |               '__COPY__' with the desired destination of the copied plugin.
703 |         """
704 |         # plugin_id and placeholder_id are required, so, if nothing is supplied,
705 |         # an ValueError exception will be raised by get_int().
706 |         try:
707 |             plugin_id = get_int(request.POST.get('plugin_id'))
708 |         except TypeError:
709 |             raise RuntimeError("'plugin_id' is a required parameter.")
710 | 
711 |         plugin = self._get_plugin_from_id(plugin_id)
712 | 
713 |         if request.POST.get('placeholder_id'):
714 |             placeholder_id = get_int(request.POST.get('placeholder_id'))
715 |             placeholder = Placeholder.objects.get(pk=placeholder_id)
716 |             assert plugin.placeholder_id != placeholder_id
717 |         else:
718 |             placeholder = None
719 | 
720 |         # The rest are optional
721 |         target_position = int(request.POST.get('target_position', "0"))
722 |         parent_id = get_int(request.POST.get('plugin_parent', ""), None)
723 |         target_language = request.POST['target_language']
724 |         move_a_copy = request.POST.get('move_a_copy')
725 |         move_a_copy = (
726 |             move_a_copy and move_a_copy != "0" and move_a_copy.lower() != "false"
727 |         )
728 |         move_to_clipboard = placeholder == request.toolbar.clipboard
729 |         source_placeholder = plugin.placeholder
730 | 
731 |         if placeholder and placeholder != source_placeholder:
732 |             try:
733 |                 template = self.get_placeholder_template(request, placeholder)
734 |                 has_reached_plugin_limit(placeholder, plugin.plugin_type,
735 |                                          target_language, template=template)
736 |             except PluginLimitReached as er:
737 |                 return HttpResponseBadRequest(er)
738 | 
739 |         # True if the plugin is not being moved from the clipboard
740 |         # to a placeholder or from a placeholder to the clipboard.
741 |         move_a_plugin = not move_a_copy and not move_to_clipboard
742 | 
743 |         if parent_id and plugin.parent_id != parent_id:
744 |             target_pl = placeholder or plugin.placeholder
745 | 
746 |             if move_a_plugin:
747 |                 target_parent = get_object_or_404(
748 |                     CMSPlugin,
749 |                     pk=parent_id,
750 |                     language=target_language,
751 |                     placeholder=target_pl,
752 |                 )
753 |             else:
754 |                 target_parent = get_object_or_404(CMSPlugin, pk=parent_id)
755 |         elif parent_id:
756 |             target_parent = plugin.parent
757 |         else:
758 |             target_parent = None
759 | 
760 |         old_parent = None
761 |         fetch_tree = True
762 | 
763 |         if move_a_copy and plugin.plugin_type == "PlaceholderPlugin":
764 |             fetch_tree = False
765 |             new_plugin = None
766 |             new_plugins = self._paste_placeholder(
767 |                 request,
768 |                 plugin=plugin,
769 |                 target_language=target_language,
770 |                 target_placeholder=placeholder,
771 |                 target_position=target_position,
772 |             )
773 |         elif move_a_copy:
774 |             new_plugin = self._paste_plugin(
775 |                 request,
776 |                 plugin=plugin,
777 |                 target_parent=target_parent,
778 |                 target_language=target_language,
779 |                 target_placeholder=placeholder,
780 |                 target_position=target_position,
781 |             )
782 |         elif move_to_clipboard:
783 |             old_parent = plugin.parent  # Previous parent needs content update, too
784 |             new_plugin = self._cut_plugin(
785 |                 request,
786 |                 plugin=plugin,
787 |                 target_language=target_language,
788 |                 target_placeholder=placeholder,
789 |             )
790 |             new_plugins = [plugin]
791 |         else:
792 |             old_parent = plugin.parent  # Previous parent needs content update, too
793 |             new_plugin = self._move_plugin(
794 |                 request,
795 |                 plugin=plugin,
796 |                 target_parent=target_parent,
797 |                 target_position=target_position,
798 |                 target_placeholder=placeholder,
799 |             )
800 | 
801 |         if new_plugin and fetch_tree:
802 |             root = (new_plugin.parent or new_plugin)
803 |             new_plugins = [root] + list(root.get_descendants())
804 |         data = get_plugin_tree(request, new_plugins, target_plugin=new_plugins[0])
805 |         if old_parent and old_parent not in new_plugins:
806 |             # Update previous parent and its children
807 |             old_parent_plugins = downcast_plugins([old_parent] + list(old_parent.get_descendants()), select_placeholder=True)
808 |             data["content"] += get_plugin_content(request, next(old_parent_plugins, None))
809 |         # Pass the target_position
810 |         if len(data["content"]) > 0:
811 |             data["content"][0]["insert"] = new_plugins[0].pk == plugin.pk  # Insert the content (old_parent is always only updated)
812 |             if move_to_clipboard:
813 |                 data["content"].pop(0)
814 |         data["source_placeholder_id"] = source_placeholder.pk
815 |         return HttpResponse(json.dumps(data), content_type='application/json')
```



##Searching for term "render_close_frame"...
### Search Result:
Found function `cms/plugin_base.py:CMSPluginBase.render_close_frame`.
Source: Match found for entity name `render_close_frame`.
```
476 | def render_close_frame(
477 |         self,
478 |         request: HttpRequest,
479 |         obj: Optional[CMSPlugin],
480 |         action: Optional[str] = "edit",
481 |         extra_data: Optional[Context] = None,
482 |         extra_context: Optional[Context] = None,
483 |     ) -> HttpResponse:
484 |         """
485 |         Renders the close frame for a CMS plugin in the Django admin interface.
486 | 
487 |         This method is used to send information to the javascript frontend
488 |         after an edit action has taken place. It allows the javascript frontend
489 |         to update the structure and content on the edit endpoints.
490 | 
491 |         Args:
492 |             request (HttpRequest): The HTTP request object.
493 |             obj (CMSPlugin): The CMS plugin instance being rendered.
494 |             action (Optional[str]): The action being performed on the plugin.
495 |                 Defaults to "edit". Possible values are "add", "edit", "move", and "delete".
496 |             extra_data (Optional[Context]): Additional data to include in
497 |                 the data bridge to the frontend. Defaults to None.
498 |             extra_context (Optional[Context]): Additional context to include in
499 |                 the rendering. Defaults to None.
500 | 
501 |         Returns:
502 |             HttpResponse: The rendered confirmation form as an HTTP response.
503 | 
504 |         Raises:
505 |             ObjectDoesNotExist: If the parent plugin is a ghost plugin and the
506 |                 plugin tree cannot be fetched.
507 | 
508 |         Notes:
509 |             - Handles edge cases where the parent plugin is a ghost plugin.
510 |             - Constructs the plugin tree structure and gathers plugin-specific
511 |               data for rendering.
512 |             - Includes messages from the request in the context.
513 |         """
514 | 
515 |         dj_messages = [{
516 |                     'level': message.level,
517 |                     'message': message.message,
518 |                     'tags': message.tags,
519 |                     } for message in messages.get_messages(request)]
520 | 
521 |         if not obj:
522 |             # No object specified - just close the modal frame
523 |             context = {
524 |                 "is_popup": True,
525 |                 "data_bridge": {
526 |                     "action": action,
527 |                     "messages": dj_messages,
528 |                     **(extra_data or {}),
529 |                 },
530 |                 **(extra_context or {}),
531 |             }
532 |             return TemplateResponse(
533 |                 request, 'admin/cms/page/plugin/confirm_form.html', context
534 |             )
535 | 
536 |         try:
537 |             root = obj.parent.get_bound_plugin() if obj.parent else obj
538 |         except ObjectDoesNotExist:
539 |             # This is a nasty edge-case.
540 |             # If the parent plugin is a ghost plugin, fetching the plugin tree
541 |             # will fail because the downcasting function filters out all ghost plugins.
542 |             # Currently, this case is only present in the djangocms-text app
543 |             # which uses ghost plugins to create inline plugins on the text.
544 |             root = obj
545 | 
546 |         plugins = [root] + list(root.get_descendants())
547 | 
548 |         target_plugin = plugins[0] if action in ("add", "delete") else next(
549 |             (plugin for plugin in plugins if plugin.pk == obj.pk), None
550 |         )
551 |         structure = get_plugin_tree(request, plugins, target_plugin=target_plugin)
552 |         plugin_data = next((plugin_data for plugin_data in structure['plugins'] if plugin_data["plugin_id"] == obj.pk), {})
553 | 
554 |         context = {
555 |             'plugin': obj,
556 |             'is_popup': True,
557 |             'data_bridge': {
558 |                 **plugin_data,
559 |                 "action": action,
560 |                 "plugin_desc": escapejs(force_str(obj.get_short_description())),
561 |                 "structure": structure,
562 |                 "messages": dj_messages,
563 |                 **(extra_data or {}),
564 |             },
565 |             **(extra_context or {}),
566 |         }
567 | 
568 |         return TemplateResponse(
569 |             request, 'admin/cms/page/plugin/confirm_form.html', context
570 |         )
```



##Searching for term "move plugin plugin tree"...
### Search Result:
Found function `cms/models/pagemodel.py:Page.move_page`.
Source: Retrieved code content using keyword search (bm25).
```
398 | def move_page(self, target_page, position='first-child'):
399 |         """
400 |         Called from admin interface when page is moved. Should be used on
401 |         all the places which are changing page position. Used like an interface
402 |         to django-treebeard, but after move is done page_moved signal is fired.
403 |         """
404 |         assert isinstance(target_page, Page), f"{target_page} is not an instance of Page."
405 |         inherited_template = self.template == constants.TEMPLATE_INHERITANCE_MAGIC
406 | 
407 |         if inherited_template and target_page.is_root() and position in ('left', 'right'):
408 |             # The page is being moved to a root position.
409 |             # Explicitly set the inherited template on the titles
410 |             # to keep all plugins / placeholders.
411 |             template = self.get_template()
412 |             self.update_translations(template=template)
413 | 
414 |         # Don't use a cached node. Always get a fresh one.
415 |         self._clear_internal_cache()
416 | 
417 |         # Runs the SQL updates on the treebeard fields
418 |         self.move(target_page, position)
419 | 
420 |         if position in ('first-child', 'last-child'):
421 |             self.parent = target_page
422 |         else:
423 |             # moving relative to sibling
424 |             # or to the root of the tree
425 |             self.parent = target_page.parent
426 |         # Runs the SQL updates on the parent field
427 |         self.update(parent=self.parent)
428 |         self.refresh_from_db(fields=('path', 'depth'))
429 | 
430 |         # Update the urls for the page being moved
431 |         # and is descendants.
432 |         languages = (
433 |             self
434 |             .urls
435 |             .values_list('language', flat=True)
436 |         )
437 | 
438 |         for language in languages:
439 |             if not self.is_home:
440 |                 self._update_url_path(language)
441 |             self._update_url_path_recursive(language)
442 |         self.clear_cache(menu=True)
443 |         return self
```

2026-09-14 22:36:27 utils.py INFO 
LiteLLM completion() model= qwen/qwen3-coder; provider = openrouter
2026-09-14 22:36:30 utils.py INFO Wrapper: Completed Call, calling success_handler
2026-09-14 22:36:30 auto_search_main.py INFO Executing code:
```
print(get_entity_contents(**{'entity_names': ['cms/admin/placeholderadmin.py:PlaceholderAdmin.move_plugin', 'cms/models/placeholdermodel.py:Placeholder.move_plugin', 'cms/models/placeholdermodel.py:Placeholder._move_plugin_to_placeholder', 'cms/plugin_base.py:CMSPluginBase.render_close_frame']}))
```
2026-09-14 22:36:30 auto_search_main.py INFO OBSERVATION:
##Searching for entity `cms/admin/placeholderadmin.py:PlaceholderAdmin.move_plugin`...
### Search Result:
Found function `cms/admin/placeholderadmin.py:PlaceholderAdmin.move_plugin`.
Source: Exact match found for entity name `cms/admin/placeholderadmin.py:PlaceholderAdmin.move_plugin`.
```
688 | def move_plugin(self, request):
689 |         """
690 |         Performs a move or a "paste" operation (when «move_a_copy» is set)
691 | 
692 |         POST request with following parameters:
693 |         - plugin_id
694 |         - placeholder_id
695 |         - target_position (optional)
696 |         - plugin_language (optional)
697 |         - plugin_parent (optional)
698 |         - plugin_order (array, optional)
699 |         - move_a_copy (Boolean, optional) (anything supplied here except a case-
700 |                                         insensitive "false" is True)
701 |         NOTE: If move_a_copy is set, the plugin_order should contain an item
702 |               '__COPY__' with the desired destination of the copied plugin.
703 |         """
704 |         # plugin_id and placeholder_id are required, so, if nothing is supplied,
705 |         # an ValueError exception will be raised by get_int().
706 |         try:
707 |             plugin_id = get_int(request.POST.get('plugin_id'))
708 |         except TypeError:
709 |             raise RuntimeError("'plugin_id' is a required parameter.")
710 | 
711 |         plugin = self._get_plugin_from_id(plugin_id)
712 | 
713 |         if request.POST.get('placeholder_id'):
714 |             placeholder_id = get_int(request.POST.get('placeholder_id'))
715 |             placeholder = Placeholder.objects.get(pk=placeholder_id)
716 |             assert plugin.placeholder_id != placeholder_id
717 |         else:
718 |             placeholder = None
719 | 
720 |         # The rest are optional
721 |         target_position = int(request.POST.get('target_position', "0"))
722 |         parent_id = get_int(request.POST.get('plugin_parent', ""), None)
723 |         target_language = request.POST['target_language']
724 |         move_a_copy = request.POST.get('move_a_copy')
725 |         move_a_copy = (
726 |             move_a_copy and move_a_copy != "0" and move_a_copy.lower() != "false"
727 |         )
728 |         move_to_clipboard = placeholder == request.toolbar.clipboard
729 |         source_placeholder = plugin.placeholder
730 | 
731 |         if placeholder and placeholder != source_placeholder:
732 |             try:
733 |                 template = self.get_placeholder_template(request, placeholder)
734 |                 has_reached_plugin_limit(placeholder, plugin.plugin_type,
735 |                                          target_language, template=template)
736 |             except PluginLimitReached as er:
737 |                 return HttpResponseBadRequest(er)
738 | 
739 |         # True if the plugin is not being moved from the clipboard
740 |         # to a placeholder or from a placeholder to the clipboard.
741 |         move_a_plugin = not move_a_copy and not move_to_clipboard
742 | 
743 |         if parent_id and plugin.parent_id != parent_id:
744 |             target_pl = placeholder or plugin.placeholder
745 | 
746 |             if move_a_plugin:
747 |                 target_parent = get_object_or_404(
748 |                     CMSPlugin,
749 |                     pk=parent_id,
750 |                     language=target_language,
751 |                     placeholder=target_pl,
752 |                 )
753 |             else:
754 |                 target_parent = get_object_or_404(CMSPlugin, pk=parent_id)
755 |         elif parent_id:
756 |             target_parent = plugin.parent
757 |         else:
758 |             target_parent = None
759 | 
760 |         old_parent = None
761 |         fetch_tree = True
762 | 
763 |         if move_a_copy and plugin.plugin_type == "PlaceholderPlugin":
764 |             fetch_tree = False
765 |             new_plugin = None
766 |             new_plugins = self._paste_placeholder(
767 |                 request,
768 |                 plugin=plugin,
769 |                 target_language=target_language,
770 |                 target_placeholder=placeholder,
771 |                 target_position=target_position,
772 |             )
773 |         elif move_a_copy:
774 |             new_plugin = self._paste_plugin(
775 |                 request,
776 |                 plugin=plugin,
777 |                 target_parent=target_parent,
778 |                 target_language=target_language,
779 |                 target_placeholder=placeholder,
780 |                 target_position=target_position,
781 |             )
782 |         elif move_to_clipboard:
783 |             old_parent = plugin.parent  # Previous parent needs content update, too
784 |             new_plugin = self._cut_plugin(
785 |                 request,
786 |                 plugin=plugin,
787 |                 target_language=target_language,
788 |                 target_placeholder=placeholder,
789 |             )
790 |             new_plugins = [plugin]
791 |         else:
792 |             old_parent = plugin.parent  # Previous parent needs content update, too
793 |             new_plugin = self._move_plugin(
794 |                 request,
795 |                 plugin=plugin,
796 |                 target_parent=target_parent,
797 |                 target_position=target_position,
798 |                 target_placeholder=placeholder,
799 |             )
800 | 
801 |         if new_plugin and fetch_tree:
802 |             root = (new_plugin.parent or new_plugin)
803 |             new_plugins = [root] + list(root.get_descendants())
804 |         data = get_plugin_tree(request, new_plugins, target_plugin=new_plugins[0])
805 |         if old_parent and old_parent not in new_plugins:
806 |             # Update previous parent and its children
807 |             old_parent_plugins = downcast_plugins([old_parent] + list(old_parent.get_descendants()), select_placeholder=True)
808 |             data["content"] += get_plugin_content(request, next(old_parent_plugins, None))
809 |         # Pass the target_position
810 |         if len(data["content"]) > 0:
811 |             data["content"][0]["insert"] = new_plugins[0].pk == plugin.pk  # Insert the content (old_parent is always only updated)
812 |             if move_to_clipboard:
813 |                 data["content"].pop(0)
814 |         data["source_placeholder_id"] = source_placeholder.pk
815 |         return HttpResponse(json.dumps(data), content_type='application/json')
```


##Searching for entity `cms/models/placeholdermodel.py:Placeholder.move_plugin`...
### Search Result:
Found function `cms/models/placeholdermodel.py:Placeholder.move_plugin`.
Source: Exact match found for entity name `cms/models/placeholdermodel.py:Placeholder.move_plugin`.
```
496 | def move_plugin(self, plugin, target_position, target_placeholder=None, target_plugin=None):
497 |         """
498 |         .. versionadded:: 4.0
499 | 
500 |         Moves a plugin within the placeholder (``target_placeholder=None``) or to another placeholder.
501 | 
502 |         :param plugin: Plugin to move
503 |         :type plugin: :class:`cms.models.pluginmodel.CMSPlugin` instance
504 |         :param int target_position: The plugin's new position
505 |         :param  target_placeholder: Placeholder to move plugin to (or ``None``)
506 |         :type target_placeholder: :class:`cms.models.placeholdermodel.Placeholder` instance
507 |         :param target_plugin: New parent plugin (or ``None``). The target plugin must be in the same placeholder
508 |            or in the ``target_placeholder`` if one is given.
509 |         :type target_plugin: :class:`cms.models.pluginmodel.CMSPlugin` instance
510 | 
511 |         The ``target_position`` is enumerated from the start of the palceholder's plugin tree (1) to
512 |         the last plugin (*n*, where *n* is the number of plugins in the placeholder).
513 |         """
514 | 
515 |         if target_placeholder:
516 |             return self._move_plugin_to_placeholder(
517 |                 plugin=plugin,
518 |                 target_position=target_position,
519 |                 target_placeholder=target_placeholder,
520 |                 target_plugin=target_plugin,
521 |             )
522 | 
523 |         target_tree = self.get_plugins(plugin.language)
524 |         last_plugin = self.get_last_plugin(plugin.language)
525 |         source_plugin_desc_count = plugin._get_descendants_count()
526 |         # Attn: The following line assumes that all children and grand-children have consecutive positions!
527 |         source_plugin_range = (plugin.position, plugin.position + source_plugin_desc_count)
528 | 
529 |         if target_position < plugin.position:
530 |             # Moving left
531 |             # Make a big hole on the right side of the current plugin's position
532 |             # by shifting all right nodes further to the right, excluding the current plugin
533 |             # but including the target plugin and its descendants.
534 |             (target_tree.filter(position__gte=target_position).exclude(position__range=source_plugin_range)).update(
535 |                 position=(models.F("position") + last_plugin.position)
536 |             )
537 | 
538 |             # Make a big hole on the left side of the current plugin's position
539 |             # by shifting all right nodes further the right, including the current plugin
540 |             # and its descendants.
541 |             target_tree.filter(position__lte=source_plugin_range[1]).update(
542 |                 position=models.F("position") - last_plugin.position
543 |             )
544 |         else:
545 |             # Moving right
546 |             # Make a big hole on the left side of the target position,
547 |             # by shifting all left nodes further to the left, excluding the current plugin
548 |             # but including the target plugin and its descendants.
549 |             # Left node in the common case is target_position but if the current plugin
550 |             # has descendants then left node is the closest node to the right side of the
551 |             # last descendant.
552 |             (
553 |                 target_tree.filter(position__lte=target_position + source_plugin_desc_count).exclude(
554 |                     position__range=source_plugin_range
555 |                 )
556 |             ).update(position=(models.F("position") - last_plugin.position))
557 | 
558 |             # Make a big hole on the right side of the current plugin's position
559 |             # by shifting all right nodes further the right, including the current plugin
560 |             # and its descendants.
561 |             target_tree.filter(position__gte=plugin.position).update(
562 |                 position=models.F("position") + last_plugin.position
563 |             )
564 | 
565 |         if plugin.parent != target_plugin:
566 |             # Plugin is being moved to another tree (under another parent)
567 |             # OR plugin is being moved to the root (no parent)
568 |             plugin.update(parent=target_plugin)
569 |         # The plugin tree was shifted to the right to make space,
570 |         # Squash all plugin positions in the tree to close any holes.
571 |         self._recalculate_plugin_positions(plugin.language)
```


##Searching for entity `cms/models/placeholdermodel.py:Placeholder._move_plugin_to_placeholder`...
### Search Result:
Found function `cms/models/placeholdermodel.py:Placeholder._move_plugin_to_placeholder`.
Source: Exact match found for entity name `cms/models/placeholdermodel.py:Placeholder._move_plugin_to_placeholder`.
```
573 | def _move_plugin_to_placeholder(self, plugin, target_position, target_placeholder, target_plugin=None):
574 |         source_last_plugin = self.get_last_plugin(plugin.language)
575 |         target_last_plugin = target_placeholder.get_last_plugin(plugin.language)
576 | 
577 |         plugin_descendants = plugin.get_descendants()
578 |         if target_last_plugin:
579 |             source_length = source_last_plugin.position
580 |             target_length = target_last_plugin.position
581 |             plugins_to_move_count = 1 + len(plugin_descendants)  # parent plus descendants
582 | 
583 |             source_offset = (
584 |                 max(
585 |                     # far enough to shift behind current last source position
586 |                     source_length,
587 |                     # far enough to be shifted behind last target position plus no. of moved plugins
588 |                     target_length + plugins_to_move_count,
589 |                 )
590 |                 - plugin.position
591 |                 + 1
592 |             )
593 | 
594 |             # move target position counter to at least behind
595 |             target_offset = max(
596 |                 # far enough to shift behind current last target position
597 |                 target_length - target_position + 1,
598 |                 # far enough to leave enough space to move back
599 |                 plugin.position + source_offset - target_position + plugins_to_move_count + 1,
600 |             )
601 |             target_placeholder._shift_plugin_positions(
602 |                 plugin.language,
603 |                 start=target_position,
604 |                 offset=target_offset,
605 |             )
606 |         else:
607 |             # moving to empty placeholder:
608 |             # Move out (remaining) plugins right behind last source position to be able to recalculate
609 |             source_offset = source_last_plugin.position
610 | 
611 |         # Shift all plugins whose position is greater than or equal to
612 |         # the plugin being moved. This includes the plugin itself.
613 |         # This is to create enough space in-between for the squashing
614 |         # to work without conflicts.
615 |         self._shift_plugin_positions(
616 |             plugin.language,
617 |             start=plugin.position,
618 |             offset=source_offset,
619 |         )
620 | 
621 |         plugin.update(parent=target_plugin, placeholder=target_placeholder)
622 |         # TODO: More efficient is to do raw sql update
623 |         plugin_descendants.update(placeholder=target_placeholder)
624 |         self._recalculate_plugin_positions(plugin.language)
625 |         target_placeholder._recalculate_plugin_positions(plugin.language)
```


##Searching for entity `cms/plugin_base.py:CMSPluginBase.render_close_frame`...
### Search Result:
Found function `cms/plugin_base.py:CMSPluginBase.render_close_frame`.
Source: Exact match found for entity name `cms/plugin_base.py:CMSPluginBase.render_close_frame`.
```
476 | def render_close_frame(
477 |         self,
478 |         request: HttpRequest,
479 |         obj: Optional[CMSPlugin],
480 |         action: Optional[str] = "edit",
481 |         extra_data: Optional[Context] = None,
482 |         extra_context: Optional[Context] = None,
483 |     ) -> HttpResponse:
484 |         """
485 |         Renders the close frame for a CMS plugin in the Django admin interface.
486 | 
487 |         This method is used to send information to the javascript frontend
488 |         after an edit action has taken place. It allows the javascript frontend
489 |         to update the structure and content on the edit endpoints.
490 | 
491 |         Args:
492 |             request (HttpRequest): The HTTP request object.
493 |             obj (CMSPlugin): The CMS plugin instance being rendered.
494 |             action (Optional[str]): The action being performed on the plugin.
495 |                 Defaults to "edit". Possible values are "add", "edit", "move", and "delete".
496 |             extra_data (Optional[Context]): Additional data to include in
497 |                 the data bridge to the frontend. Defaults to None.
498 |             extra_context (Optional[Context]): Additional context to include in
499 |                 the rendering. Defaults to None.
500 | 
501 |         Returns:
502 |             HttpResponse: The rendered confirmation form as an HTTP response.
503 | 
504 |         Raises:
505 |             ObjectDoesNotExist: If the parent plugin is a ghost plugin and the
506 |                 plugin tree cannot be fetched.
507 | 
508 |         Notes:
509 |             - Handles edge cases where the parent plugin is a ghost plugin.
510 |             - Constructs the plugin tree structure and gathers plugin-specific
511 |               data for rendering.
512 |             - Includes messages from the request in the context.
513 |         """
514 | 
515 |         dj_messages = [{
516 |                     'level': message.level,
517 |                     'message': message.message,
518 |                     'tags': message.tags,
519 |                     } for message in messages.get_messages(request)]
520 | 
521 |         if not obj:
522 |             # No object specified - just close the modal frame
523 |             context = {
524 |                 "is_popup": True,
525 |                 "data_bridge": {
526 |                     "action": action,
527 |                     "messages": dj_messages,
528 |                     **(extra_data or {}),
529 |                 },
530 |                 **(extra_context or {}),
531 |             }
532 |             return TemplateResponse(
533 |                 request, 'admin/cms/page/plugin/confirm_form.html', context
534 |             )
535 | 
536 |         try:
537 |             root = obj.parent.get_bound_plugin() if obj.parent else obj
538 |         except ObjectDoesNotExist:
539 |             # This is a nasty edge-case.
540 |             # If the parent plugin is a ghost plugin, fetching the plugin tree
541 |             # will fail because the downcasting function filters out all ghost plugins.
542 |             # Currently, this case is only present in the djangocms-text app
543 |             # which uses ghost plugins to create inline plugins on the text.
544 |             root = obj
545 | 
546 |         plugins = [root] + list(root.get_descendants())
547 | 
548 |         target_plugin = plugins[0] if action in ("add", "delete") else next(
549 |             (plugin for plugin in plugins if plugin.pk == obj.pk), None
550 |         )
551 |         structure = get_plugin_tree(request, plugins, target_plugin=target_plugin)
552 |         plugin_data = next((plugin_data for plugin_data in structure['plugins'] if plugin_data["plugin_id"] == obj.pk), {})
553 | 
554 |         context = {
555 |             'plugin': obj,
556 |             'is_popup': True,
557 |             'data_bridge': {
558 |                 **plugin_data,
559 |                 "action": action,
560 |                 "plugin_desc": escapejs(force_str(obj.get_short_description())),
561 |                 "structure": structure,
562 |                 "messages": dj_messages,
563 |                 **(extra_data or {}),
564 |             },
565 |             **(extra_context or {}),
566 |         }
567 | 
568 |         return TemplateResponse(
569 |             request, 'admin/cms/page/plugin/confirm_form.html', context
570 |         )
```

2026-09-14 22:36:30 utils.py INFO 
LiteLLM completion() model= qwen/qwen3-coder; provider = openrouter
2026-09-14 22:36:36 utils.py INFO Wrapper: Completed Call, calling success_handler
2026-09-14 22:36:36 auto_search_main.py INFO Executing code:
```
print(get_entity_contents(**{'entity_names': ['cms/toolbar/utils.py:get_plugin_tree']}))
```
2026-09-14 22:36:36 auto_search_main.py INFO OBSERVATION:
##Searching for entity `cms/toolbar/utils.py:get_plugin_tree`...
### Search Result:
Found function `cms/toolbar/utils.py:get_plugin_tree`.
Source: Exact match found for entity name `cms/toolbar/utils.py:get_plugin_tree`.
```
 79 | def get_plugin_tree(
 80 |     request: HttpRequest,
 81 |     plugins: list[CMSPlugin],
 82 |     restrictions: Optional[dict] = None,
 83 |     target_plugin: Optional[CMSPlugin] = None,
 84 | ) -> dict[str, Any]:
 85 |     """
 86 |     Constructs a tree structure of CMS plugins for the toolbar.
 87 | 
 88 |     Args:
 89 |         request (HttpRequest): The HTTP request object.
 90 |         plugins (list[CMSPlugin]): A list of CMSPlugin instances to be organized into a tree.
 91 |         restrictions (Optional[dict], optional): A dictionary of plugin restrictions. Defaults to None.
 92 |         target_plugin (Optional[CMSPlugin], optional): The target plugin to render.
 93 |             Content will only be rendered if given. Defaults to None.
 94 | 
 95 |     Returns:
 96 |         tuple[dict[str, Any]]: A dictionary with up to five keys:
 97 |             - 'html': A string of rendered HTML for the plugin tree.
 98 |             - 'plugins': A flat list of plugin information dictionaries.
 99 |             - 'content': The rendered content of target_plugin (if given) including its children
100 |             - 'target_position': The position of the target_plugin (if given)
101 |             - 'target_placeholder_id': The placeholder id of the target_plugin (if given)
102 |     """
103 |     from cms.utils.plugins import downcast_plugins, get_plugin_restrictions
104 | 
105 |     tree_data = []
106 |     tree_structure = []
107 |     restrictions = restrictions or {}
108 |     root_plugins = deque()
109 |     plugin_children = defaultdict(deque)
110 |     toolbar = get_toolbar_from_request(request)
111 |     template = toolbar.templates.drag_item_template
112 |     get_plugin_info = get_plugin_toolbar_info
113 |     placeholder = plugins[0].placeholder
114 |     copy_to_clipboard = placeholder.pk == toolbar.clipboard.pk
115 |     plugins = list(downcast_plugins(plugins, select_placeholder=True))
116 |     plugin_ids = frozenset(plugin.pk for plugin in plugins)
117 | 
118 |     for plugin in reversed(plugins):
119 |         plugin.child_plugin_instances = plugin_children[plugin.pk]
120 | 
121 |         if plugin.parent_id in plugin_ids:
122 |             plugin_children[plugin.parent_id].appendleft(plugin)
123 |         else:
124 |             root_plugins.appendleft(plugin)
125 | 
126 |     def collect_plugin_data(plugin):
127 |         child_classes, parent_classes = get_plugin_restrictions(
128 |             plugin=plugin,
129 |             restrictions_cache=restrictions,
130 |         )
131 |         plugin_info = get_plugin_info(
132 |             plugin,
133 |             children=child_classes,
134 |             parents=parent_classes,
135 |         )
136 | 
137 |         tree_data.append(plugin_info)
138 | 
139 |         for plugin_instance in plugin.child_plugin_instances:
140 |             collect_plugin_data(plugin_instance)
141 | 
142 |     with force_language(toolbar.toolbar_language):
143 |         for root_plugin in root_plugins:
144 |             collect_plugin_data(root_plugin)
145 |             context = {
146 |                 'plugin': root_plugin,
147 |                 'request': request,
148 |                 'clipboard': copy_to_clipboard,
149 |                 'cms_toolbar': toolbar,
150 |             }
151 |             tree_structure.append(template.render(context))
152 |     tree_data.reverse()
153 | 
154 |     content = {}
155 |     # Render the target plugin if given and all plugins are local
156 |     if target_plugin and all(plugin.get_plugin_class().is_local for plugin in plugins):
157 |         # Also provide the parent plugin to the context (if available)
158 |         downcasted = next(
159 |             (plugin for plugin in plugins if plugin.pk == target_plugin.pk), None
160 |         )
161 |         parent = next(
162 |             (plugin for plugin in plugins if plugin.pk == target_plugin.parent_id), None
163 |         ) if target_plugin.parent_id else None
164 |         content["content"] = get_plugin_content(request, downcasted, {"parent": parent})
165 | 
166 |     return {'html': '\n'.join(tree_structure), 'plugins': tree_data, **content}
```

2026-09-14 22:36:36 utils.py INFO 
LiteLLM completion() model= qwen/qwen3-coder; provider = openrouter
2026-09-14 22:36:39 utils.py INFO Wrapper: Completed Call, calling success_handler
2026-09-14 22:36:39 auto_search_main.py INFO Executing code:
```
print(get_entity_contents(**{'entity_names': ['cms/models/placeholdermodel.py:Placeholder._recalculate_plugin_positions']}))
```
2026-09-14 22:36:39 auto_search_main.py INFO OBSERVATION:
##Searching for entity `cms/models/placeholdermodel.py:Placeholder._recalculate_plugin_positions`...
### Search Result:
Found function `cms/models/placeholdermodel.py:Placeholder._recalculate_plugin_positions`.
Source: Exact match found for entity name `cms/models/placeholdermodel.py:Placeholder._recalculate_plugin_positions`.
```
701 | def _recalculate_plugin_positions(self, language):
702 |         from cms.models.pluginmodel import (
703 |             CMSPlugin,
704 |             _get_database_cursor,
705 |             _get_database_vendor,
706 |         )
707 | 
708 |         cursor = _get_database_cursor("write")
709 |         db_vendor = _get_database_vendor("write")
710 | 
711 |         if db_vendor in ("sqlite", "postgresql"):
712 |             sql = (
713 |                 "UPDATE {0} "
714 |                 "SET position = subquery.new_pos "
715 |                 "FROM ("
716 |                 "  SELECT  ID, ROW_NUMBER() OVER (ORDER BY position, id) AS new_pos "
717 |                 "  FROM {0} WHERE placeholder_id=%s AND language=%s "
718 |                 ") subquery "
719 |                 "WHERE {0}.id=subquery.id"
720 |             )
721 |             sql = sql.format(connection.ops.quote_name(CMSPlugin._meta.db_table))
722 |             cursor.execute(sql, [self.pk, language])
723 |         elif db_vendor == "mysql":
724 |             sql = (
725 |                 "UPDATE {0} "
726 |                 "SET position = ("
727 |                 "SELECT COUNT(*)+1 FROM (SELECT * FROM {0}) t "
728 |                 "WHERE placeholder_id={0}.placeholder_id AND language={0}.language "
729 |                 "AND {0}.position > t.position"
730 |                 ") WHERE placeholder_id=%s AND language=%s"
731 |             )
732 |             sql = sql.format(connection.ops.quote_name(CMSPlugin._meta.db_table))
733 |             cursor.execute(sql, [self.pk, language])
734 |         elif db_vendor == "oracle":
735 |             sql = (
736 |                 "UPDATE {0} "
737 |                 "SET position = ("
738 |                 "SELECT COUNT(*)+1 FROM (SELECT * FROM {0}) t "
739 |                 "WHERE placeholder_id={0}.placeholder_id AND language={0}.language "
740 |                 "AND {0}.position > t.position"
741 |                 ") WHERE placeholder_id=%s AND language=%s"
742 |             )
743 |             sql = sql.format(connection.ops.quote_name(CMSPlugin._meta.db_table))
744 |             cursor.execute(sql, [self.pk, language])
745 |         else:
746 |             raise RuntimeError(f"{connection.vendor} is not supported by django-cms")
```

2026-09-14 22:36:39 utils.py INFO 
LiteLLM completion() model= qwen/qwen3-coder; provider = openrouter
2026-09-14 22:36:42 utils.py INFO Wrapper: Completed Call, calling success_handler
2026-09-14 22:36:42 auto_search_main.py INFO Executing code:
```
print(get_entity_contents(**{'entity_names': ['cms/toolbar/utils.py:get_plugin_content']}))
```
2026-09-14 22:36:42 auto_search_main.py INFO OBSERVATION:
##Searching for entity `cms/toolbar/utils.py:get_plugin_content`...
### Search Result:
Found function `cms/toolbar/utils.py:get_plugin_content`.
Source: Exact match found for entity name `cms/toolbar/utils.py:get_plugin_content`.
```
169 | def get_plugin_content(request: HttpRequest, plugin: CMSPlugin | list[CMSPlugin], context: dict = None) -> dict[str, Any]:
170 |     if context is None:
171 |         context = {}
172 |     plugin_list = plugin if isinstance(plugin, list) else [plugin]
173 |     toolbar = get_toolbar_from_request(request)
174 |     renderer = toolbar.content_renderer
175 |     # Switch to edit mode despite the request originally coming from the admin
176 |     toolbar.edit_mode_active = True
177 |     renderer._placeholders_are_editable = True
178 |     context = SekizaiContext({'request': request, **context})
179 |     try:
180 |         return [{
181 |             "html": renderer.render_plugin(plugin, context, placeholder=plugin.placeholder, editable=True),
182 |             "js": "".join(context[get_varname()].get("js", [])),
183 |             "css": "".join(context[get_varname()].get("css", [])),
184 |             "position": plugin.position,
185 |             "placeholder_id": plugin.placeholder_id,
186 |             "pluginIds": get_plugin_tree_ids(plugin),
187 |         } for plugin in plugin_list]
188 |     except Exception:
189 |         return []
```

2026-09-14 22:36:42 utils.py INFO 
LiteLLM completion() model= qwen/qwen3-coder; provider = openrouter
2026-09-14 22:36:50 utils.py INFO Wrapper: Completed Call, calling success_handler
2026-09-14 22:36:50 utils.py INFO 
LiteLLM completion() model= qwen/qwen3-coder; provider = openrouter
2026-09-14 22:36:55 utils.py INFO Wrapper: Completed Call, calling success_handler
2026-09-14 22:36:55 auto_search_main.py INFO Executing code:
```
print(search_code_snippets(**{'search_terms': ['fix plugin tree', 'incomplete plugin tree', 'move plugin fix']}))
```
2026-09-14 22:36:55 __init__.py DEBUG Building index from IDs objects
2026-09-14 22:36:55 __init__.py DEBUG Building index from IDs objects
2026-09-14 22:36:56 __init__.py DEBUG Building index from IDs objects
2026-09-14 22:36:56 __init__.py DEBUG Building index from IDs objects
2026-09-14 22:36:56 auto_search_main.py INFO OBSERVATION:
cms/management/commands/subcommands/tree.py:FixTreeCommand
cms/management/commands/subcommands/tree.py:FixTreeCommand.handle
cms/models/placeholdermodel.py:Placeholder.get_first_plugin_position
cms/models/placeholdermodel.py:Placeholder.get_last_plugin_position
cms/models/placeholdermodel.py:Placeholder._shift_plugin_positions
cms/models/placeholdermodel.py:Placeholder.add_plugin
cms/toolbar/utils.py:get_plugin_tree
cms/models/placeholdermodel.py:Placeholder.move_plugin
cms/plugin_base.py:CMSPluginBase.render_close_frame
cms/app_base.py:CMSApp.__new__
cms/models/placeholdermodel.py:Placeholder.move_plugin
cms/models/placeholdermodel.py:Placeholder.delete_plugin
cms/models/placeholdermodel.py:Placeholder.get_first_plugin_position
cms/models/placeholdermodel.py:Placeholder.get_last_plugin_position
cms/models/placeholdermodel.py:Placeholder._shift_plugin_positions
cms/models/placeholdermodel.py:Placeholder.add_plugin
cms/toolbar/utils.py:get_plugin_tree
cms/models/placeholdermodel.py:Placeholder.move_plugin
cms/plugin_base.py:CMSPluginBase.render_close_frame
cms/models/placeholdermodel.py:Placeholder.move_plugin
cms/models/placeholdermodel.py:Placeholder.delete_plugin
cms/plugin_base.py:CMSPluginBase.render_close_frame
cms/admin/placeholderadmin.py:PlaceholderAdmin._paste_plugin
cms/utils/plugins.py:create_default_plugins
cms/management/commands/subcommands/tree.py:FixTreeCommand
cms/management/commands/subcommands/tree.py:FixTreeCommand.handle
cms/models/placeholdermodel.py:Placeholder._move_plugin_to_placeholder
cms/admin/placeholderadmin.py:PlaceholderAdmin._move_plugin
cms/models/placeholdermodel.py:Placeholder.move_plugin
cms/models/placeholdermodel.py:Placeholder.move_plugin
cms/models/pagemodel.py:Page._clear_placeholders
cms/models/pagemodel.py:Page.move_page
cms/admin/placeholderadmin.py:PlaceholderAdmin.get_urls
cms/admin/forms.py:MovePageForm.get_tree_options
cms/admin/forms.py:MovePageForm.move_page
cms/admin/forms.py:MovePageForm.clean
cms/admin/forms.py:MovePageForm
cms/management/commands/subcommands/tree.py:FixTreeCommand
cms/management/commands/subcommands/tree.py:FixTreeCommand.handle
cms/models/placeholdermodel.py:Placeholder.move_plugin
cms/models/placeholdermodel.py:Placeholder.move_plugin
cms/models/placeholdermodel.py:Placeholder.get_first_plugin_position
cms/models/placeholdermodel.py:Placeholder.get_last_plugin_position
cms/models/placeholdermodel.py:Placeholder._shift_plugin_positions
cms/toolbar/utils.py:get_plugin_tree
cms/plugin_base.py:CMSPluginBase.render_close_frame
cms/models/placeholdermodel.py:Placeholder.add_plugin
cms/plugin_base.py:CMSPluginBase
cms/models/pagemodel.py:Page._clear_placeholders
cms/models/pagemodel.py:Page.move_page
##Searching for term "fix plugin tree"...
### Search Result:
Found `cms/management/commands/cms.py:Command`, `cms/management/commands/cms.py:Command.get_version`, `cms/management/commands/cms.py:Command.add_arguments`.
Source: Retrieved code content using keyword search (bm25).
```
 1 | from collections import OrderedDict
 2 | 
 3 | import cms
 4 | 
 5 | from .subcommands.base import SubcommandsCommand
 6 | from .subcommands.check import CheckInstallation
 7 | from .subcommands.copy import CopyCommand
 8 | from .subcommands.delete_orphaned_plugins import DeleteOrphanedPluginsCommand
 9 | from .subcommands.list import ListCommand
10 | from .subcommands.tree import FixTreeCommand
11 | from .subcommands.uninstall import UninstallCommand
12 | 
13 | 
14 | class Command(SubcommandsCommand):
15 |     command_name = 'cms'
16 |     subcommands = OrderedDict((
17 |         ('check', CheckInstallation),
18 |         ('copy', CopyCommand),
19 |         ('delete-orphaned-plugins', DeleteOrphanedPluginsCommand),
20 |         ('fix-tree', FixTreeCommand),
21 |         ('list', ListCommand),
22 |         ('uninstall', UninstallCommand),
23 |     ))
24 |     missing_args_message = 'one of the available sub commands must be provided'
25 | 
26 |     subcommand_dest = 'cmd'
27 | 
28 |     def get_version(self):
29 |         return cms.__version__
30 | 
31 |     def add_arguments(self, parser):
32 |         parser.add_argument('--version', action='version', version=self.get_version())
33 |         super().add_arguments(parser)
34 | 
```



##Searching for term "fix plugin tree", "incomplete plugin tree", "move plugin fix", "fix plugin tree incomplete plugin tree move plugin fix"...
### Search Result:
Found function `cms/utils/plugins.py:get_plugin_class`.
Source: Retrieved entity using keyword search (bm25).
```
27 | def get_plugin_class(plugin_type: str) -> type[CMSPluginBase]:
28 |     """Returns the plugin class for a given plugin_type (str)"""
29 |     return plugin_pool.get_plugin(plugin_type)
```

Found file `cms/utils/plugins.py`.
Source: Retrieved entity using keyword search (bm25).
Hint: Search `cms/utils/plugins.py` for the full content if needed.



##Searching for term "fix plugin tree", "incomplete plugin tree"...
### Search Result:
Found function `cms/utils/plugins.py:has_reached_plugin_limit`.
Source: Retrieved entity using keyword search (bm25).
```
479 | def has_reached_plugin_limit(placeholder, plugin_type, language, template=None):
480 |     """
481 |     Checks if the global maximum limit for plugins in a placeholder has been reached.
482 |     If not then it checks if it has reached its maximum plugin_type limit.
483 | 
484 |     Parameters:
485 |     - placeholder: The placeholder object to check the limit for.
486 |     - plugin_type: The type of plugin to check the limit for.
487 |     - language: The language code for the plugins.
488 |     - template: The template object for the placeholder. Optional.
489 | 
490 |     Returns:
491 |     - False if the limit has not been reached.
492 | 
493 |     Raises:
494 |     - PluginLimitReached: If the limit has been reached for the placeholder.
495 | 
496 |     """
497 |     limits = get_placeholder_conf("limits", placeholder.slot, template)
498 |     if limits:
499 |         global_limit = limits.get("global")
500 |         type_limit = limits.get(plugin_type)
501 |         # total plugin count
502 |         count = placeholder.get_plugins(language=language).count()
503 |         if global_limit and count >= global_limit:
504 |             raise PluginLimitReached(_("This placeholder already has the maximum number of plugins (%s)." % count))
505 |         elif type_limit:
506 |             # total plugin type count
507 |             type_count = placeholder.get_plugins(language=language).filter(plugin_type=plugin_type).count()
508 |             if type_count >= type_limit:
509 |                 plugin_name = force_str(plugin_pool.get_plugin(plugin_type).name)
510 |                 raise PluginLimitReached(
511 |                     _(
512 |                         "This placeholder already has the maximum number (%(limit)s) of allowed %(plugin_name)s plugins."
513 |                     )
514 |                     % {"limit": type_limit, "plugin_name": plugin_name}
515 |                 )
516 |     return False
```

Found function `cms/models/placeholdermodel.py:Placeholder.get_first_plugin_position`.
Source: Retrieved code content using keyword search (bm25).
```
679 | def get_first_plugin_position(self, language, parent=None):
680 |         tree = self.get_plugins(language)
681 | 
682 |         if parent:
683 |             tree = tree.filter(parent=parent)
684 |         return tree.values_list("position", flat=True).first()
```

Found function `cms/models/placeholdermodel.py:Placeholder.get_last_plugin_position`.
Source: Retrieved code content using keyword search (bm25).
```
686 | def get_last_plugin_position(self, language, parent=None):
687 |         if parent is None:
688 |             tree = self.get_plugins(language)
689 |         elif parent.placeholder == self:
690 |             tree = parent.get_descendants()
691 |         else:  # No last plugin if parent is not in this placeholder's plugin tree
692 |             return None
693 |         return tree.values_list("position", flat=True).last()
```

Found file `cms/management/commands/subcommands/tree.py`.
Source: Retrieved entity using keyword search (bm25).
Hint: Search `cms/management/commands/subcommands/tree.py` for the full content if needed.



##Searching for term "fix plugin tree", "incomplete plugin tree", "fix plugin tree incomplete plugin tree move plugin fix"...
### Search Result:
Found function `cms/utils/plugins.py:assign_plugins`.
Source: Retrieved entity using keyword search (bm25).
```
 67 | def assign_plugins(request, placeholders, template=None, lang=None):
 68 |     """
 69 |     Fetch all plugins for the given ``placeholders`` and
 70 |     cast them down to the concrete instances in one query
 71 |     per type.
 72 | 
 73 |     :param request: The current request.
 74 |     :param placeholders: An iterable of placeholder objects.
 75 |     :param template: (optional) The template object.
 76 |     :param lang: (optional) The language code.
 77 | 
 78 |     This method assigns plugins to the given placeholders. It retrieves the plugins from the database based on the
 79 |     placeholders and the language. The plugins are then downcasted to their specific plugin types.
 80 | 
 81 |     The plugins are split up by placeholder and stored in a dictionary where the key is the placeholder ID and the
 82 |     value is a list of plugins.
 83 | 
 84 |     For each placeholder, if there are plugins assigned to it, the plugins are organized as a layered tree structure.
 85 |     Otherwise, an empty list is assigned.
 86 | 
 87 |     The list of all plugins for each placeholder is stored in the `_all_plugins_cache` attribute of the placeholder,
 88 |     while the list of root plugins is stored in the `_plugins_cache` attribute
 89 |     """
 90 |     if not placeholders:
 91 |         return
 92 |     placeholders = tuple(placeholders)  # Trigger db hit
 93 |     lang = lang or get_language_from_request(request)
 94 |     plugins = list(CMSPlugin.objects.filter(placeholder__in=placeholders, language=lang))
 95 |     if not plugins:
 96 |         # Create default plugins if enabled
 97 |         plugins = create_default_plugins(request, placeholders, template, lang)
 98 |     else:
 99 |         plugins = downcast_plugins(plugins, placeholders, request=request)
100 | 
101 |     # split the plugins up by placeholder
102 |     plugins_by_placeholder = defaultdict(list)
103 | 
104 |     for plugin in plugins:
105 |         plugins_by_placeholder[plugin.placeholder_id].append(plugin)
106 | 
107 |     for placeholder in placeholders:
108 |         all_plugins = plugins_by_placeholder[placeholder.pk]
109 | 
110 |         if all_plugins:
111 |             layered_plugins = get_plugins_as_layered_tree(all_plugins)
112 |         else:
113 |             layered_plugins = []
114 |         # This is all the plugins.
115 |         placeholder._all_plugins_cache = all_plugins
116 |         # This is only the root plugins.
117 |         placeholder._plugins_cache = layered_plugins
```



##Searching for term "fix plugin tree", "move plugin fix", "fix plugin tree incomplete plugin tree move plugin fix"...
### Search Result:
Found class `cms/management/commands/subcommands/tree.py:FixTreeCommand`.
Source: Retrieved code content using keyword search (bm25).
```
 25 | class FixTreeCommand(SubcommandsCommand):
 26 |     help_string = 'Repairing Materialized Path Tree for Pages'
 27 |     command_name = 'fix-tree'
 28 | 
 29 |     def handle(self, *args, **options):
 30 |         """
 31 |         Repairs the tree
 32 |         """
 33 |         self.stdout.write('fixing page tree')
 34 |         Page.fix_tree()
 35 | 
 36 |         root_pages = Page.objects.filter(parent__isnull=True)
 37 | 
 38 |         last = None
 39 | 
 40 |         try:
 41 |             first = root_pages.order_by('path').first()
 42 |         except IndexError:
 43 |             first = None
 44 | 
 45 |         for page in root_pages.order_by('site__pk', 'path'):
 46 |             if last:
 47 |                 last.refresh_from_db()
 48 |                 page.refresh_from_db()
 49 |                 page.move(target=last, pos='right')
 50 |             elif first and first.pk != page.pk:
 51 |                 page.move(target=first, pos='left')
 52 |             last = page
 53 | 
 54 |         for root in root_pages.order_by('site__pk', 'path'):
 55 |             self._update_descendants_tree(root)
 56 | 
 57 |         self.stdout.write('fixing page URLs')
 58 |         for page in root_pages:
 59 |             for language in page.get_languages():
 60 |                 if not page.is_home:
 61 |                     page._update_url_path(language)
 62 |                 self._update_url_path_recursive(page, language)
 63 | 
 64 |         self.stdout.write('all done')
 65 | 
 66 |     def _update_descendants_tree(self, root):
 67 |         pages = Page.objects.all()
 68 |         descendants_by_parent = OrderedDict()
 69 | 
 70 |         for descendant in get_descendants(root):
 71 |             parent_id = descendant.parent_id
 72 |             descendants_by_parent.setdefault(parent_id, []).append(descendant)
 73 | 
 74 |         for tree in descendants_by_parent.values():
 75 |             last_page = None
 76 | 
 77 |             for page in tree:
 78 |                 page.refresh_from_db()
 79 | 
 80 |                 if last_page:
 81 |                     # This is not the first loop so this is not the first draft
 82 |                     # child. Set this page a sibling of the last processed
 83 |                     # draft page.
 84 |                     last_page.refresh_from_db()
 85 |                     page.move(target=last_page, pos='right')
 86 |                 else:
 87 |                     # This is the first time through the loop so this is the first
 88 |                     # draft child for this parent.
 89 |                     page.move(target=pages.get(pk=tree[0].parent_id), pos='first-child')
 90 |                 last_page = page
 91 | 
 92 |     def _update_url_path_recursive(self, page, language):
 93 |         if page.node.is_leaf() or language not in page.get_languages():
 94 |             return
 95 | 
 96 |         pages = page.get_child_pages()
 97 |         base_path = page.get_path(language)
 98 |         new_path = page._get_path_sql_value(base_path)
 99 | 
100 |         try:
101 |             (PageUrl
102 |              .objects
103 |              .filter(language=language, page__in=pages)
104 |              .exclude(managed=False)
105 |              .update(path=new_path))
106 |         except IntegrityError as exc:
107 |             self.stdout.write(f"{exc} while updating path for page: /{language}/{new_path}")
108 | 
109 |         for child in pages.filter(urls__language=language).iterator():
110 |             self._update_url_path_recursive(child, language)
```



##Searching for term "incomplete plugin tree"...
### Search Result:
Found function `cms/models/placeholdermodel.py:Placeholder.add_plugin`.
Source: Retrieved code content using keyword search (bm25).
```
451 | def add_plugin(self, instance):
452 |         """
453 |         .. versionadded:: 4.0
454 | 
455 |         Adds a plugin to the placeholder. The plugin's position field must be set to the target
456 |         position. Positions are enumerated from the start of the palceholder's plugin tree (1) to
457 |         the last plugin (*n*, where *n* is the number of plugins in the placeholder).
458 | 
459 |         :param instance: Plugin to add. It's position parameter needs to be set.
460 |         :type instance: :class:`cms.models.pluginmodel.CMSPlugin` instance
461 | 
462 |         .. note::
463 |             As of version 4 of django CMS the position counter does not re-start at 1 for the first
464 |             child plugin. The ``position`` field  and ``language`` field are unique for a placeholder.
465 | 
466 |         Example::
467 | 
468 |             new_child = MyCoolPlugin()
469 |             new_child.position = (
470 |                 parent_plugin.position + 1
471 |             )  # add as first child: directly after parent
472 |             parent_plugin.placeholder.add(new_child)
473 | 
474 |         """
475 |         last_position = self.get_last_plugin_position(instance.language) or 0
476 |         # A shift is only needed if the distance between the new plugin
477 |         # and the last plugin is greater than 1 position.
478 |         needs_shift = (instance.position - last_position) < 1
479 | 
480 |         if needs_shift:
481 |             # shift to the right
482 |             self._shift_plugin_positions(
483 |                 instance.language,
484 |                 start=instance.position,
485 |                 offset=last_position - instance.position + 2,  # behind last_position plus one to shift back
486 |             )
487 | 
488 |         instance.save()
489 | 
490 |         if needs_shift:
491 |             # The plugin tree was shifted to the right to make space,
492 |             # now squash all plugins in the tree to close any holes.
493 |             self._recalculate_plugin_positions(instance.language)
494 |         return instance
```

Found function `cms/models/placeholdermodel.py:Placeholder._shift_plugin_positions`.
Source: Retrieved code content using keyword search (bm25).
```
695 | def _shift_plugin_positions(self, language, start, offset=None):
696 |         if offset is None:
697 |             offset = self.get_last_plugin_position(language) or 0
698 | 
699 |         self.get_plugins(language).filter(position__gte=start).update(position=models.F("position") + offset)
```

Found function `cms/toolbar/utils.py:get_plugin_tree`.
Source: Retrieved code content using keyword search (bm25).
```
 79 | def get_plugin_tree(
 80 |     request: HttpRequest,
 81 |     plugins: list[CMSPlugin],
 82 |     restrictions: Optional[dict] = None,
 83 |     target_plugin: Optional[CMSPlugin] = None,
 84 | ) -> dict[str, Any]:
 85 |     """
 86 |     Constructs a tree structure of CMS plugins for the toolbar.
 87 | 
 88 |     Args:
 89 |         request (HttpRequest): The HTTP request object.
 90 |         plugins (list[CMSPlugin]): A list of CMSPlugin instances to be organized into a tree.
 91 |         restrictions (Optional[dict], optional): A dictionary of plugin restrictions. Defaults to None.
 92 |         target_plugin (Optional[CMSPlugin], optional): The target plugin to render.
 93 |             Content will only be rendered if given. Defaults to None.
 94 | 
 95 |     Returns:
 96 |         tuple[dict[str, Any]]: A dictionary with up to five keys:
 97 |             - 'html': A string of rendered HTML for the plugin tree.
 98 |             - 'plugins': A flat list of plugin information dictionaries.
 99 |             - 'content': The rendered content of target_plugin (if given) including its children
100 |             - 'target_position': The position of the target_plugin (if given)
101 |             - 'target_placeholder_id': The placeholder id of the target_plugin (if given)
102 |     """
103 |     from cms.utils.plugins import downcast_plugins, get_plugin_restrictions
104 | 
105 |     tree_data = []
106 |     tree_structure = []
107 |     restrictions = restrictions or {}
108 |     root_plugins = deque()
109 |     plugin_children = defaultdict(deque)
110 |     toolbar = get_toolbar_from_request(request)
111 |     template = toolbar.templates.drag_item_template
112 |     get_plugin_info = get_plugin_toolbar_info
113 |     placeholder = plugins[0].placeholder
114 |     copy_to_clipboard = placeholder.pk == toolbar.clipboard.pk
115 |     plugins = list(downcast_plugins(plugins, select_placeholder=True))
116 |     plugin_ids = frozenset(plugin.pk for plugin in plugins)
117 | 
118 |     for plugin in reversed(plugins):
119 |         plugin.child_plugin_instances = plugin_children[plugin.pk]
120 | 
121 |         if plugin.parent_id in plugin_ids:
122 |             plugin_children[plugin.parent_id].appendleft(plugin)
123 |         else:
124 |             root_plugins.appendleft(plugin)
125 | 
126 |     def collect_plugin_data(plugin):
127 |         child_classes, parent_classes = get_plugin_restrictions(
128 |             plugin=plugin,
129 |             restrictions_cache=restrictions,
130 |         )
131 |         plugin_info = get_plugin_info(
132 |             plugin,
133 |             children=child_classes,
134 |             parents=parent_classes,
135 |         )
136 | 
137 |         tree_data.append(plugin_info)
138 | 
139 |         for plugin_instance in plugin.child_plugin_instances:
140 |             collect_plugin_data(plugin_instance)
141 | 
142 |     with force_language(toolbar.toolbar_language):
143 |         for root_plugin in root_plugins:
144 |             collect_plugin_data(root_plugin)
145 |             context = {
146 |                 'plugin': root_plugin,
147 |                 'request': request,
148 |                 'clipboard': copy_to_clipboard,
149 |                 'cms_toolbar': toolbar,
150 |             }
151 |             tree_structure.append(template.render(context))
152 |     tree_data.reverse()
153 | 
154 |     content = {}
155 |     # Render the target plugin if given and all plugins are local
156 |     if target_plugin and all(plugin.get_plugin_class().is_local for plugin in plugins):
157 |         # Also provide the parent plugin to the context (if available)
158 |         downcasted = next(
159 |             (plugin for plugin in plugins if plugin.pk == target_plugin.pk), None
160 |         )
161 |         parent = next(
162 |             (plugin for plugin in plugins if plugin.pk == target_plugin.parent_id), None
163 |         ) if target_plugin.parent_id else None
164 |         content["content"] = get_plugin_content(request, downcasted, {"parent": parent})
165 | 
166 |     return {'html': '\n'.join(tree_structure), 'plugins': tree_data, **content}
```



##Searching for term "move plugin fix"...
### Search Result:
Found function `cms/utils/plugins.py:get_plugins_as_layered_tree`.
Source: Retrieved entity using keyword search (bm25).
```
157 | def get_plugins_as_layered_tree(plugins):
158 |     """
159 |     Given an iterable of plugins ordered by position,
160 |     returns a deque of root plugins with their respective
161 |     children set in the child_plugin_instances attribute.
162 |     """
163 |     delayed = defaultdict(deque)
164 |     root_plugins = deque()
165 | 
166 |     for plugin in reversed(plugins):
167 |         plugin.child_plugin_instances = delayed[plugin.pk]
168 | 
169 |         if plugin.parent_id:
170 |             delayed[plugin.parent_id].appendleft(plugin)
171 |         else:
172 |             root_plugins.appendleft(plugin)
173 |     return root_plugins
```

Found function `cms/models/placeholdermodel.py:Placeholder._move_plugin_to_placeholder`.
Source: Retrieved code content using keyword search (bm25).
```
573 | def _move_plugin_to_placeholder(self, plugin, target_position, target_placeholder, target_plugin=None):
574 |         source_last_plugin = self.get_last_plugin(plugin.language)
575 |         target_last_plugin = target_placeholder.get_last_plugin(plugin.language)
576 | 
577 |         plugin_descendants = plugin.get_descendants()
578 |         if target_last_plugin:
579 |             source_length = source_last_plugin.position
580 |             target_length = target_last_plugin.position
581 |             plugins_to_move_count = 1 + len(plugin_descendants)  # parent plus descendants
582 | 
583 |             source_offset = (
584 |                 max(
585 |                     # far enough to shift behind current last source position
586 |                     source_length,
587 |                     # far enough to be shifted behind last target position plus no. of moved plugins
588 |                     target_length + plugins_to_move_count,
589 |                 )
590 |                 - plugin.position
591 |                 + 1
592 |             )
593 | 
594 |             # move target position counter to at least behind
595 |             target_offset = max(
596 |                 # far enough to shift behind current last target position
597 |                 target_length - target_position + 1,
598 |                 # far enough to leave enough space to move back
599 |                 plugin.position + source_offset - target_position + plugins_to_move_count + 1,
600 |             )
601 |             target_placeholder._shift_plugin_positions(
602 |                 plugin.language,
603 |                 start=target_position,
604 |                 offset=target_offset,
605 |             )
606 |         else:
607 |             # moving to empty placeholder:
608 |             # Move out (remaining) plugins right behind last source position to be able to recalculate
609 |             source_offset = source_last_plugin.position
610 | 
611 |         # Shift all plugins whose position is greater than or equal to
612 |         # the plugin being moved. This includes the plugin itself.
613 |         # This is to create enough space in-between for the squashing
614 |         # to work without conflicts.
615 |         self._shift_plugin_positions(
616 |             plugin.language,
617 |             start=plugin.position,
618 |             offset=source_offset,
619 |         )
620 | 
621 |         plugin.update(parent=target_plugin, placeholder=target_placeholder)
622 |         # TODO: More efficient is to do raw sql update
623 |         plugin_descendants.update(placeholder=target_placeholder)
624 |         self._recalculate_plugin_positions(plugin.language)
625 |         target_placeholder._recalculate_plugin_positions(plugin.language)
```

Found function `cms/admin/placeholderadmin.py:PlaceholderAdmin._move_plugin`.
Source: Retrieved code content using keyword search (bm25).
```
934 | def _move_plugin(self, request, plugin, target_position, target_placeholder=None, target_parent=None):
935 |         language = plugin.language
936 |         source_placeholder = plugin.placeholder
937 | 
938 |         if not self.has_move_plugin_permission(request, plugin, source_placeholder):
939 |             message = _("You have no permission to move this plugin")
940 |             raise PermissionDenied(message)
941 | 
942 |         if target_placeholder and not self.has_move_plugin_permission(request, plugin, target_placeholder):
943 |             message = _("You have no permission to move this plugin")
944 |             raise PermissionDenied(message)
945 | 
946 |         if not source_placeholder.check_source(request.user):
947 |             message = _("You have no permission to move this plugin")
948 |             raise PermissionDenied(message)
949 | 
950 |         if target_placeholder and not target_placeholder.check_source(request.user):
951 |             message = _("You have no permission to move this plugin")
952 |             raise PermissionDenied(message)
953 | 
954 |         if target_parent:
955 |             target_parent_id = target_parent.pk
956 |         else:
957 |             target_parent_id = None
958 | 
959 |         action_token = self._send_pre_placeholder_operation(
960 |             request,
961 |             operation=operations.MOVE_PLUGIN,
962 |             plugin=plugin,
963 |             source_language=plugin.language,
964 |             source_placeholder=source_placeholder,
965 |             source_parent_id=plugin.parent_id,
966 |             target_language=language,
967 |             target_placeholder=(target_placeholder or source_placeholder),
968 |             target_parent_id=target_parent_id,
969 |         )
970 | 
971 |         source_placeholder.move_plugin(
972 |             plugin=plugin,
973 |             target_position=target_position,
974 |             target_placeholder=target_placeholder,
975 |             target_plugin=target_parent,
976 |         )
977 | 
978 |         # Refresh plugin to get new position values
979 |         updated_plugin = plugin.reload()
980 |         if target_placeholder:
981 |             target_placeholder.clear_cache(language)
982 |         source_placeholder.clear_cache(language)
983 | 
984 |         self._send_post_placeholder_operation(
985 |             request,
986 |             operation=operations.MOVE_PLUGIN,
987 |             plugin=updated_plugin.get_bound_plugin(),
988 |             token=action_token,
989 |             source_language=language,
990 |             source_placeholder=source_placeholder,
991 |             source_parent_id=updated_plugin.parent_id,
992 |             target_language=language,
993 |             target_placeholder=(target_placeholder or source_placeholder),
994 |             target_parent_id=target_parent_id,
995 |         )
996 |         return updated_plugin
```



##Searching for term "move plugin fix", "fix plugin tree incomplete plugin tree move plugin fix"...
### Search Result:
Found function `cms/utils/plugins.py:get_plugin_model`.
Source: Retrieved entity using keyword search (bm25).
```
32 | def get_plugin_model(plugin_type: str) -> CMSPlugin:
33 |     """Returns the plugin model class for a given plugin_type (str)"""
34 |     return get_plugin_class(plugin_type).model
```

Found function `cms/models/placeholdermodel.py:Placeholder.move_plugin`.
Source: Retrieved code content using keyword search (bm25).
```
496 | def move_plugin(self, plugin, target_position, target_placeholder=None, target_plugin=None):
497 |         """
498 |         .. versionadded:: 4.0
499 | 
500 |         Moves a plugin within the placeholder (``target_placeholder=None``) or to another placeholder.
501 | 
502 |         :param plugin: Plugin to move
503 |         :type plugin: :class:`cms.models.pluginmodel.CMSPlugin` instance
504 |         :param int target_position: The plugin's new position
505 |         :param  target_placeholder: Placeholder to move plugin to (or ``None``)
506 |         :type target_placeholder: :class:`cms.models.placeholdermodel.Placeholder` instance
507 |         :param target_plugin: New parent plugin (or ``None``). The target plugin must be in the same placeholder
508 |            or in the ``target_placeholder`` if one is given.
509 |         :type target_plugin: :class:`cms.models.pluginmodel.CMSPlugin` instance
510 | 
511 |         The ``target_position`` is enumerated from the start of the palceholder's plugin tree (1) to
512 |         the last plugin (*n*, where *n* is the number of plugins in the placeholder).
513 |         """
514 | 
515 |         if target_placeholder:
516 |             return self._move_plugin_to_placeholder(
517 |                 plugin=plugin,
518 |                 target_position=target_position,
519 |                 target_placeholder=target_placeholder,
520 |                 target_plugin=target_plugin,
521 |             )
522 | 
523 |         target_tree = self.get_plugins(plugin.language)
524 |         last_plugin = self.get_last_plugin(plugin.language)
525 |         source_plugin_desc_count = plugin._get_descendants_count()
526 |         # Attn: The following line assumes that all children and grand-children have consecutive positions!
527 |         source_plugin_range = (plugin.position, plugin.position + source_plugin_desc_count)
528 | 
529 |         if target_position < plugin.position:
530 |             # Moving left
531 |             # Make a big hole on the right side of the current plugin's position
532 |             # by shifting all right nodes further to the right, excluding the current plugin
533 |             # but including the target plugin and its descendants.
534 |             (target_tree.filter(position__gte=target_position).exclude(position__range=source_plugin_range)).update(
535 |                 position=(models.F("position") + last_plugin.position)
536 |             )
537 | 
538 |             # Make a big hole on the left side of the current plugin's position
539 |             # by shifting all right nodes further the right, including the current plugin
540 |             # and its descendants.
541 |             target_tree.filter(position__lte=source_plugin_range[1]).update(
542 |                 position=models.F("position") - last_plugin.position
543 |             )
544 |         else:
545 |             # Moving right
546 |             # Make a big hole on the left side of the target position,
547 |             # by shifting all left nodes further to the left, excluding the current plugin
548 |             # but including the target plugin and its descendants.
549 |             # Left node in the common case is target_position but if the current plugin
550 |             # has descendants then left node is the closest node to the right side of the
551 |             # last descendant.
552 |             (
553 |                 target_tree.filter(position__lte=target_position + source_plugin_desc_count).exclude(
554 |                     position__range=source_plugin_range
555 |                 )
556 |             ).update(position=(models.F("position") - last_plugin.position))
557 | 
558 |             # Make a big hole on the right side of the current plugin's position
559 |             # by shifting all right nodes further the right, including the current plugin
560 |             # and its descendants.
561 |             target_tree.filter(position__gte=plugin.position).update(
562 |                 position=models.F("position") + last_plugin.position
563 |             )
564 | 
565 |         if plugin.parent != target_plugin:
566 |             # Plugin is being moved to another tree (under another parent)
567 |             # OR plugin is being moved to the root (no parent)
568 |             plugin.update(parent=target_plugin)
569 |         # The plugin tree was shifted to the right to make space,
570 |         # Squash all plugin positions in the tree to close any holes.
571 |         self._recalculate_plugin_positions(plugin.language)
```



##Searching for term "fix plugin tree incomplete plugin tree move plugin fix"...
### Search Result:
Found `cms/management/commands/cms.py:Command`, `cms/management/commands/cms.py:Command.get_version`, `cms/management/commands/cms.py:Command.add_arguments`.
Source: Retrieved code content using keyword search (bm25).
```
 1 | from collections import OrderedDict
 2 | 
 3 | import cms
 4 | 
 5 | from .subcommands.base import SubcommandsCommand
 6 | from .subcommands.check import CheckInstallation
 7 | from .subcommands.copy import CopyCommand
 8 | from .subcommands.delete_orphaned_plugins import DeleteOrphanedPluginsCommand
 9 | from .subcommands.list import ListCommand
10 | from .subcommands.tree import FixTreeCommand
11 | from .subcommands.uninstall import UninstallCommand
12 | 
13 | 
14 | class Command(SubcommandsCommand):
15 |     command_name = 'cms'
16 |     subcommands = OrderedDict((
17 |         ('check', CheckInstallation),
18 |         ('copy', CopyCommand),
19 |         ('delete-orphaned-plugins', DeleteOrphanedPluginsCommand),
20 |         ('fix-tree', FixTreeCommand),
21 |         ('list', ListCommand),
22 |         ('uninstall', UninstallCommand),
23 |     ))
24 |     missing_args_message = 'one of the available sub commands must be provided'
25 | 
26 |     subcommand_dest = 'cmd'
27 | 
28 |     def get_version(self):
29 |         return cms.__version__
30 | 
31 |     def add_arguments(self, parser):
32 |         parser.add_argument('--version', action='version', version=self.get_version())
33 |         super().add_arguments(parser)
34 | 
```

2026-09-14 22:36:56 utils.py INFO 
LiteLLM completion() model= qwen/qwen3-coder; provider = openrouter
2026-09-14 22:37:00 utils.py INFO Wrapper: Completed Call, calling success_handler
2026-09-14 22:37:00 auto_search_main.py INFO Executing code:
```
print(get_entity_contents(**{'entity_names': ['cms/management/commands/subcommands/tree.py']}))
```
2026-09-14 22:37:00 auto_search_main.py INFO OBSERVATION:
##Searching for entity `cms/management/commands/subcommands/tree.py`...
### Search Result:
Found file `cms/management/commands/subcommands/tree.py`.
Source: Exact match found for entity name `cms/management/commands/subcommands/tree.py`.
```
  1 | from collections import OrderedDict
  2 | 
  3 | from django.db import IntegrityError
  4 | 
  5 | from cms.models.pagemodel import Page, PageUrl
  6 | 
  7 | from .base import SubcommandsCommand
  8 | 
  9 | 
 10 | def get_descendants(root):
 11 |     """
 12 |     Returns a generator of primary keys which represent
 13 |     descendants of the given node ID (root_id)
 14 |     """
 15 |     # Note this is done because get_descendants() can't be trusted
 16 |     # as the tree can be corrupt.
 17 |     children = Page.objects.filter(parent=root).order_by('path')
 18 | 
 19 |     for child in children.iterator():
 20 |         yield child
 21 | 
 22 |         yield from get_descendants(child)
 23 | 
 24 | 
 25 | class FixTreeCommand(SubcommandsCommand):
 26 |     help_string = 'Repairing Materialized Path Tree for Pages'
 27 |     command_name = 'fix-tree'
 28 | 
 29 |     def handle(self, *args, **options):
 30 |         """
 31 |         Repairs the tree
 32 |         """
 33 |         self.stdout.write('fixing page tree')
 34 |         Page.fix_tree()
 35 | 
 36 |         root_pages = Page.objects.filter(parent__isnull=True)
 37 | 
 38 |         last = None
 39 | 
 40 |         try:
 41 |             first = root_pages.order_by('path').first()
 42 |         except IndexError:
 43 |             first = None
 44 | 
 45 |         for page in root_pages.order_by('site__pk', 'path'):
 46 |             if last:
 47 |                 last.refresh_from_db()
 48 |                 page.refresh_from_db()
 49 |                 page.move(target=last, pos='right')
 50 |             elif first and first.pk != page.pk:
 51 |                 page.move(target=first, pos='left')
 52 |             last = page
 53 | 
 54 |         for root in root_pages.order_by('site__pk', 'path'):
 55 |             self._update_descendants_tree(root)
 56 | 
 57 |         self.stdout.write('fixing page URLs')
 58 |         for page in root_pages:
 59 |             for language in page.get_languages():
 60 |                 if not page.is_home:
 61 |                     page._update_url_path(language)
 62 |                 self._update_url_path_recursive(page, language)
 63 | 
 64 |         self.stdout.write('all done')
 65 | 
 66 |     def _update_descendants_tree(self, root):
 67 |         pages = Page.objects.all()
 68 |         descendants_by_parent = OrderedDict()
 69 | 
 70 |         for descendant in get_descendants(root):
 71 |             parent_id = descendant.parent_id
 72 |             descendants_by_parent.setdefault(parent_id, []).append(descendant)
 73 | 
 74 |         for tree in descendants_by_parent.values():
 75 |             last_page = None
 76 | 
 77 |             for page in tree:
 78 |                 page.refresh_from_db()
 79 | 
 80 |                 if last_page:
 81 |                     # This is not the first loop so this is not the first draft
 82 |                     # child. Set this page a sibling of the last processed
 83 |                     # draft page.
 84 |                     last_page.refresh_from_db()
 85 |                     page.move(target=last_page, pos='right')
 86 |                 else:
 87 |                     # This is the first time through the loop so this is the first
 88 |                     # draft child for this parent.
 89 |                     page.move(target=pages.get(pk=tree[0].parent_id), pos='first-child')
 90 |                 last_page = page
 91 | 
 92 |     def _update_url_path_recursive(self, page, language):
 93 |         if page.node.is_leaf() or language not in page.get_languages():
 94 |             return
 95 | 
 96 |         pages = page.get_child_pages()
 97 |         base_path = page.get_path(language)
 98 |         new_path = page._get_path_sql_value(base_path)
 99 | 
100 |         try:
101 |             (PageUrl
102 |              .objects
103 |              .filter(language=language, page__in=pages)
104 |              .exclude(managed=False)
105 |              .update(path=new_path))
106 |         except IntegrityError as exc:
107 |             self.stdout.write(f"{exc} while updating path for page: /{language}/{new_path}")
108 | 
109 |         for child in pages.filter(urls__language=language).iterator():
110 |             self._update_url_path_recursive(child, language)
111 | 
```

2026-09-14 22:37:00 utils.py INFO 
LiteLLM completion() model= qwen/qwen3-coder; provider = openrouter
2026-09-14 22:37:05 utils.py INFO Wrapper: Completed Call, calling success_handler
2026-09-14 22:37:05 auto_search_main.py INFO Executing code:
```
print(search_code_snippets(**{'search_terms': ['test move plugin', 'plugin move test']}))
```
2026-09-14 22:37:05 auto_search_main.py INFO OBSERVATION:
No results for test files: `test move plugin`. Please do not search for any test files.

No results for test files: `plugin move test`. Please do not search for any test files.

2026-09-14 22:37:05 utils.py INFO 
LiteLLM completion() model= qwen/qwen3-coder; provider = openrouter
2026-09-14 22:37:11 utils.py INFO Wrapper: Completed Call, calling success_handler
2026-09-14 22:37:11 auto_search_main.py INFO Executing code:
```
print(search_code_snippets(**{'search_terms': ['KeyError', 'key error', 'plugin tree KeyError']}))
```
2026-09-14 22:37:11 __init__.py DEBUG Building index from IDs objects
2026-09-14 22:37:11 __init__.py DEBUG Building index from IDs objects
2026-09-14 22:37:11 __init__.py DEBUG Building index from IDs objects
2026-09-14 22:37:11 __init__.py DEBUG Building index from IDs objects
2026-09-14 22:37:11 __init__.py DEBUG Building index from IDs objects
2026-09-14 22:37:11 auto_search_main.py INFO OBSERVATION:
cms/utils/plugins.py:get_plugin_restrictions
cms/utils/permissions.py:has_plugin_permission
cms/api.py:_verify_plugin_type
cms/plugin_base.py:CMSPluginBase.get_fieldsets
cms/plugin_base.py:CMSPluginBase.icon_alt
cms/utils/helpers.py:is_editable_model
menus/templatetags/menu_tags.py:PageLanguageUrl
menus/templatetags/menu_tags.py:PageLanguageUrl.get_context
cms/admin/forms.py:PluginAddValidationForm
cms/admin/forms.py:PageUserGroupForm.save
cms/admin/forms.py:PageUserGroupForm
cms/admin/forms.py:PluginAddValidationForm.clean_plugin_type
cms/admin/forms.py:PageUserGroupForm.Meta
cms/management/commands/subcommands/list.py:plugin_report
cms/admin/pageadmin.py:PageAdmin.get_copy_dialog
cms/cache/placeholder.py:_get_placeholder_cache_version_key
cms/utils/helpers.py:get_timezone_name
menus/menu_pool.py:MenuRenderer._build_nodes
cms/cache/placeholder.py:_get_placeholder_cache_key
cms/utils/check.py:check_template_conf
cms/utils/check.py:FileOutputWrapper.successful
cms/utils/check.py:FileOutputWrapper.section
cms/utils/check.py:check
cms/utils/conf.py:_ensure_languages_settings
cms/admin/placeholderadmin.py:PlaceholderAdmin.add_plugin
cms/admin/placeholderadmin.py:PlaceholderAdmin.get_placeholder_template
cms/models/placeholdermodel.py:Placeholder.get_first_plugin_position
cms/models/placeholdermodel.py:Placeholder.get_last_plugin_position
cms/models/placeholdermodel.py:Placeholder._shift_plugin_positions
cms/utils/plugins.py:get_plugin_restrictions
cms/models/placeholdermodel.py:Placeholder.add_plugin
cms/toolbar/utils.py:get_plugin_tree
cms/models/placeholdermodel.py:Placeholder.move_plugin
cms/management/commands/subcommands/list.py:plugin_report
cms/utils/permissions.py:has_plugin_permission
cms/plugin_base.py:CMSPluginBase.render_close_frame
cms/api.py:_verify_plugin_type
cms/utils/placeholder.py:get_placeholder_conf
cms/utils/plugins.py:get_plugin_restrictions
cms/utils/permissions.py:has_plugin_permission
menus/menu_pool.py:MenuRenderer._build_nodes
cms/management/commands/subcommands/list.py:plugin_report
cms/utils/plugins.py:downcast_plugins
cms/api.py:_verify_plugin_type
cms/toolbar/utils.py:get_plugin_tree
cms/admin/pageadmin.py:PageAdmin.get_copy_dialog
##Searching for term "KeyError"...
### Search Result:
Found class `cms/exceptions.py:LanguageError`.
Source: Retrieved entity using keyword search (bm25).
```
76 | class LanguageError(Exception):
77 |     pass
```

Found function `cms/toolbar/items.py:Button.__repr__`.
Source: Retrieved entity using keyword search (bm25).
```
521 | def __repr__(self):
522 |         return '<Button:%s>' % force_str(self.name)
```

Found function `cms/api.py:_verify_plugin_type`.
Source: Retrieved code content using keyword search (bm25).
```
102 | def _verify_plugin_type(plugin_type):
103 |     """
104 |     Verifies the given plugin_type is valid and returns a tuple of
105 |     (plugin_model, plugin_type)
106 |     """
107 |     if hasattr(plugin_type, '__module__') and issubclass(plugin_type, CMSPluginBase):
108 |         plugin_model = plugin_type.model
109 |         assert plugin_type in plugin_pool.plugins.values()
110 |         plugin_type = plugin_type.__name__
111 |     elif isinstance(plugin_type, str):
112 |         try:
113 |             plugin_model = plugin_pool.get_plugin(plugin_type).model
114 |         except KeyError:
115 |             raise TypeError(
116 |                 'plugin_type must be CMSPluginBase subclass or string'
117 |             )
118 |     else:
119 |         raise TypeError('plugin_type must be CMSPluginBase subclass or string')
120 |     return plugin_model, plugin_type
```

Found function `cms/plugin_base.py:CMSPluginBase.icon_alt`.
Source: Retrieved code content using keyword search (bm25).
```
659 | def icon_alt(self, instance):
660 |         """
661 |         Overwrite this if necessary if ``text_enabled = True``
662 |         Return the 'alt' text to be used for an icon representing
663 |         the plugin object in a text editor.
664 | 
665 |         :param instance: The instance of the plugin model to provide specific information
666 |             for the 'alt' text.
667 |         :type instance: :class:`cms.models.pluginmodel.CMSPlugin` instance
668 | 
669 |         By default, :meth:`icon_alt` will return a string of the form: "[plugin type] -
670 |         [instance]", but can be modified to return anything you like.
671 | 
672 |         This function accepts the ``instance`` as a parameter and returns a string to be
673 |         used as the ``alt`` text for the plugin's preview or icon.
674 | 
675 |         Authors of text-enabled plugins should consider overriding this function as
676 |         it will be rendered as a tooltip in most browser. This is useful, because if
677 |         the same plugin is used multiple times, this tooltip can provide information about
678 |         its configuration.
679 | 
680 |         See also: :attr:`text_enabled`, :meth:`icon_src`.
681 | 
682 | 
683 |         """
684 |         return f"{force_str(self.name)} - {force_str(instance)}"
```

Found function `cms/plugin_base.py:CMSPluginBase.get_fieldsets`.
Source: Retrieved code content using keyword search (bm25).
```
686 | def get_fieldsets(self, request, obj=None):
687 |         """
688 |         Same as from base class except if there are no fields, show an info message.
689 |         """
690 |         fieldsets = super().get_fieldsets(request, obj)
691 | 
692 |         for name, data in fieldsets:
693 |             if data.get('fields'):  # if fieldset with non-empty fields is found, return fieldsets
694 |                 return fieldsets
695 | 
696 |         if self.inlines:
697 |             return []  # if plugin has inlines but no own fields return empty fieldsets to remove empty white fieldset
698 | 
699 |         try:  # if all fieldsets are empty (assuming there is only one fieldset then) add description
700 |             fieldsets[0][1]['description'] = self.get_empty_change_form_text(obj=obj)
701 |         except KeyError:
702 |             pass
703 |         return fieldsets
```

Found file `cms/toolbar_base.py`.
Source: Retrieved entity using keyword search (bm25).
Hint: Search `cms/toolbar_base.py` for the full content if needed.



##Searching for term "KeyError", "plugin tree KeyError", "KeyError key error plugin tree KeyError"...
### Search Result:
Found function `cms/utils/plugins.py:get_plugin_restrictions`.
Source: Retrieved code content using keyword search (bm25).
```
176 | def get_plugin_restrictions(plugin, page=None, restrictions_cache=None):
177 |     if restrictions_cache is None:
178 |         restrictions_cache = {}
179 | 
180 |     cache = plugin_pool.get_restrictions_cache(restrictions_cache, plugin, page=page)
181 |     plugin_type = plugin.plugin_type
182 |     plugin_class = get_plugin_class(plugin.plugin_type)
183 |     parents_cache = cache.setdefault("plugin_parents", {})
184 |     children_cache = cache.setdefault("plugin_children", {})
185 | 
186 |     try:
187 |         parent_classes = parents_cache[plugin_type]
188 |     except KeyError:
189 |         parent_classes = plugin_class.get_parent_classes(
190 |             slot=plugin.placeholder.slot,
191 |             page=page,
192 |             instance=plugin,
193 |         )
194 | 
195 |     if plugin_class.cache_parent_classes:
196 |         parents_cache[plugin_type] = parent_classes or []
197 | 
198 |     child_classes = []
199 |     if plugin_class.allow_children:
200 |         # Only check for children if children are allowed
201 |         try:
202 |             child_classes = children_cache[plugin_type]
203 |             # Still check child classes that did not cache their parent classes
204 |             uncached_child_classes = plugin_class.get_child_classes(
205 |                 slot=plugin.placeholder.slot,
206 |                 page=page,
207 |                 instance=plugin,
208 |                 only_uncached=True,
209 |             )
210 |             child_classes = child_classes + uncached_child_classes  # Creates a new list to not change the cache
211 | 
212 |         except KeyError:
213 |             child_classes = plugin_class.get_child_classes(
214 |                 slot=plugin.placeholder.slot,
215 |                 page=page,
216 |                 instance=plugin,
217 |             )
218 |             if plugin_class.cache_child_classes:  # Check if child classes should be cached
219 |                 # Only add plugins to the cache that have the cache_parent_class attribute set
220 |                 children_cache[plugin_type] = [plugin for plugin in (child_classes or [])
221 |                                             if plugin_pool.get_plugin(plugin).cache_parent_classes]
222 |                 if not children_cache[plugin_type] and child_classes:
223 |                     # Edge case:
224 |                     children_cache[plugin_type] = [""]
225 | 
226 |     return child_classes, parent_classes
```



##Searching for term "KeyError", "KeyError key error plugin tree KeyError"...
### Search Result:
Found function `cms/utils/permissions.py:has_plugin_permission`.
Source: Retrieved code content using keyword search (bm25).
```
385 | def has_plugin_permission(user, plugin_type, permission_type):
386 |     """
387 |     Checks that a user has permissions for the plugin-type given to perform
388 |     the action defined in permission_type
389 |     permission_type should be 'add', 'change' or 'delete'.
390 |     """
391 |     from cms.plugin_pool import plugin_pool
392 |     try:
393 |         plugin_class = plugin_pool.get_plugin(plugin_type)
394 |         codename = get_model_permission_codename(
395 |             plugin_class.model,
396 |             action=permission_type,
397 |         )
398 |         return user.has_perm(codename)
399 |     except KeyError:
400 |         # Grant all permissions for uninstalled plugins, so they do not block
401 |         # emptying placeholders.
402 |         return True
```



##Searching for term "key error", "KeyError key error plugin tree KeyError"...
### Search Result:
Found function `cms/utils/check.py:FileOutputWrapper.error`.
Source: Retrieved entity using keyword search (bm25).
```
77 | def error(self, message):
78 |         self.errors += 1
79 |         self.write_stderr_line("{} {}".format(message, self.colorize("[ERROR]", fg="red", opts=["bold"])))
```

Found function `menus/menu_pool.py:MenuRenderer._build_nodes`.
Source: Retrieved code content using keyword search (bm25).
```
144 | def _build_nodes(self):
145 |         """
146 |         This is slow. Caching must be used.
147 |         One menu is built per language and per site.
148 | 
149 |         Namespaces: they are ID prefixes to avoid node ID clashes when plugging
150 |         multiple trees together.
151 | 
152 |         - We iterate on the list of nodes.
153 |         - We store encountered nodes in a dict (with namespaces):
154 |             done_nodes[<namespace>][<node's id>] = node
155 |         - When a node has a parent defined, we lookup that parent in done_nodes
156 |             if it's found:
157 |                 set the node as the node's parent's child (re-read this)
158 |             else:
159 |                 the node is put at the bottom of the list
160 |         """
161 |         key = self.cache_key
162 | 
163 |         cached_nodes = cache.get(key, None)
164 | 
165 |         if cached_nodes and self.is_cached:
166 |             # Only use the cache if the key is present in the database.
167 |             # This prevents a condition where keys which have been removed
168 |             # from the database due to a change in content, are still used.
169 |             return cached_nodes
170 | 
171 |         final_nodes = []
172 |         toolbar = getattr(self.request, 'toolbar', None)
173 | 
174 |         for menu_class_name in self.menus:
175 |             menu = self.get_menu(menu_class_name)
176 | 
177 |             try:
178 |                 nodes = menu.get_nodes(self.request)
179 |             except NoReverseMatch:
180 |                 # Apps might raise NoReverseMatch if an apphook does not yet
181 |                 # exist, skip them instead of crashing
182 |                 nodes = []
183 |                 if toolbar and toolbar.is_staff:
184 |                     messages.error(
185 |                         self.request,
186 |                         _('Menu %s cannot be loaded. Please, make sure all its urls exist and can be resolved.') %
187 |                         menu_class_name
188 |                     )
189 |                 logger.error("Menu %s could not be loaded." % menu_class_name, exc_info=True)
190 |             # nodes is a list of navigation nodes (page tree in cms + others)
191 |             final_nodes += _build_nodes_inner_for_one_menu(nodes, menu_class_name)
192 | 
193 |         cache.set(key, final_nodes, get_cms_setting('CACHE_DURATIONS')['menus'])
194 | 
195 |         if not self.is_cached:
196 |             # No need to invalidate the internal lookup cache,
197 |             # just set the value directly.
198 |             self.__dict__['is_cached'] = True
199 |             # We need to have a list of the cache keys for languages and sites that
200 |             # span several processes - so we follow the Django way and share through
201 |             # the database. It's still cheaper than recomputing every time!
202 |             # This way we can selectively invalidate per-site and per-language,
203 |             # since the cache is shared but the keys aren't
204 |             CacheKey.objects.create(key=key, language=self.request_language, site=self.site.pk)
205 |         return final_nodes
```



##Searching for term "key error"...
### Search Result:
Found function `cms/cache/placeholder.py:_get_placeholder_cache_version_key`.
Source: Retrieved code content using keyword search (bm25).
```
28 | def _get_placeholder_cache_version_key(placeholder, lang, site_id):
29 |     """
30 |     Returns the version key for the given «placeholder», «lang» and «site_id».
31 | 
32 |     Invalidating this (via clear_placeholder_cache by replacing the stored
33 |     value with a new value) will effectively make all "sub-caches" relating to
34 |     this (placeholder x lang) inaccessible. Sub-caches include caches per TZ
35 |     and per VARY header.
36 |     """
37 |     prefix = get_cms_setting("CACHE_PREFIX")
38 |     key = f"{prefix}|placeholder_cache_version|id:{placeholder.pk}|lang:{str(lang)}|site:{site_id}"
39 |     # django itself adds "version" add the end of cache-keys, e.g. "<key>:1".
40 |     # -> If `cache.set()` is for example called with `version=""`, it still adds
41 |     #    `:` at the end. So if we check the length for `> 250`, a length of 249
42 |     #    or even 250 ends up in an InvalidCacheKey-exception.
43 |     # In order to avoid these errors, we hash the keys at a lower length to also
44 |     # have a little buffer.
45 |     if len(key) > 200:
46 |         key = "{prefix}|{hash}".format(
47 |             prefix=prefix,
48 |             hash=hashlib.sha1(key.encode("utf-8")).hexdigest(),
49 |         )
50 |     return key
```

Found function `cms/cache/placeholder.py:_get_placeholder_cache_key`.
Source: Retrieved code content using keyword search (bm25).
```
 88 | def _get_placeholder_cache_key(placeholder, lang, site_id, request, soft=False):
 89 |     """
 90 |     Returns the fully-addressed cache key for the given placeholder and
 91 |     the request.
 92 | 
 93 |     The kwarg «soft» should be set to True if getting the cache key to then
 94 |     read from the cache. If instead the key retrieval is to support a cache
 95 |     write, let «soft» be False.
 96 |     """
 97 |     prefix = get_cms_setting("CACHE_PREFIX")
 98 |     version, vary_on_list = _get_placeholder_cache_version(placeholder, lang, site_id)
 99 |     tz = get_timezone_name()
100 |     main_key = f"{prefix}|render_placeholder|id:{placeholder.pk}|lang:{lang}|site:{site_id}|tz:{tz}|v:{version}"
101 | 
102 |     if not soft:
103 |         # We are about to write to the cache, so we want to get the latest
104 |         # vary_cache_on headers and the correct cache expiration, ignoring any
105 |         # we already have. If the placeholder has already been rendered, this
106 |         # will be very efficient (zero-additional queries) due to the caching
107 |         # of all its plugins during the rendering process anyway.
108 |         vary_on_list = placeholder.get_vary_cache_on(request)
109 |         duration = placeholder.get_cache_expiration(request, now())
110 |         # Update the main placeholder cache version
111 |         _set_placeholder_cache_version(placeholder, lang, site_id, version, vary_on_list, duration)
112 | 
113 |     sub_key_list = []
114 |     for key in vary_on_list:
115 |         value = request.META.get(get_header_name(key)) or "_"
116 |         sub_key_list.append(key + ":" + value)
117 | 
118 |     cache_key = main_key
119 |     if sub_key_list:
120 |         cache_key += "|" + "|".join(sub_key_list)
121 | 
122 |     # django itself adds "version" add the end of cache-keys, e.g. "<key>:1".
123 |     # -> If `cache.set()` is for example called with `version=""`, it still adds
124 |     #    `:` at the end. So if we check the length for `> 250`, a length of 249
125 |     #    or even 250 ends up in an InvalidCacheKey-exception.
126 |     # In order to avoid these errors, we hash the keys at a lower length to also
127 |     # have a little buffer.
128 |     if len(cache_key) > 200:
129 |         cache_key = "{prefix}|{hash}".format(
130 |             prefix=prefix,
131 |             hash=hashlib.sha1(cache_key.encode("utf-8")).hexdigest(),
132 |         )
133 | 
134 |     return cache_key
```

Found function `cms/utils/helpers.py:get_timezone_name`.
Source: Retrieved code content using keyword search (bm25).
```
69 | def get_timezone_name():
70 |     """
71 |     This returns a cross-platform compatible timezone name suitable for
72 |     embedding into cache-keys. Its inclusion into cache-keys enables, but does
73 |     not guarantee by itself, that dates are display correctly for the client's
74 |     timezone. In order to complete this the project should use middleware or
75 |     some other mechanism to affect's Django's get_current_timezone_name().
76 |     """
77 |     # The datetime module doesn't restrict the output of tzname().
78 |     # Windows is known to use non-standard, locale-dependant names.
79 |     # User-defined tzinfo classes may return absolutely anything.
80 |     # Hence this paranoid conversion to create a valid cache key.
81 |     tz_name = force_str(get_current_timezone_name(), errors='ignore')
82 |     return tz_name.encode('ascii', 'ignore').decode('ascii').replace(' ', '_')
```

Found function `cms/utils/check.py:check_template_conf`.
Source: Retrieved code content using keyword search (bm25).
```
367 | def check_template_conf(output):
368 |     with output.section("Template configuration") as section:
369 |         if get_cms_setting("TEMPLATES"):
370 |             if isinstance(get_cms_setting("TEMPLATES"), (list, tuple)):
371 |                 for template in get_cms_setting("TEMPLATES"):
372 |                     if not isinstance(template, (list, tuple)):
373 |                         section.error("CMS_TEMPLATES setting contains a non-list/tuple entry")
374 |                     elif len(template) != 2:
375 |                         section.error("CMS_TEMPLATES setting contains a list/tuple with != 2 entries")
376 |                     elif not isinstance(template[0], str):
377 |                         section.error("CMS_TEMPLATES contains a non-string entry")
378 |                     else:
379 |                         section.success("CMS_TEMPLATES_DIR or CMS_TEMPLATES setting  found")
380 |             else:
381 |                 section.error("CMS_TEMPLATES setting is not a list or tuple")
382 |             if hasattr(settings, "CMS_PLACEHOLDERS"):
383 |                 section.warn("CMS_PLACEHOLDERS setting is also present but will be ignored.")
384 |         elif get_cms_setting("PLACEHOLDERS"):
385 |             if isinstance(get_cms_setting("PLACEHOLDERS"), (list, tuple)):
386 |                 for placeholder in get_cms_setting("PLACEHOLDERS"):
387 |                     if not isinstance(placeholder, (list, tuple)):
388 |                         section.error("CMS_PLACEHOLDERS setting contains a non-list/tuple entry")
389 |                     elif not isinstance(placeholder[0], str):
390 |                         section.error(
391 |                             f"CMS_PLACEHOLDERS contains an entry with a non-string identifier: {placeholder[0]}"
392 |                         )
393 |                     else:
394 |                         section.success("CMS_PLACEHOLDERS setting entry found - CMS will run in headless mode")
395 |             else:
396 |                 section.error("CMS_PLACEHOLDERS setting is not a list or tuple")
397 |         else:
398 |             section.warn(
399 |                 "Both CMS_TEMPLATES and CMS_PLACEHOLDERS settings are missing. "
400 |                 'Will run in headless mode with one placeholder called "content"'
401 |             )
```



##Searching for term "plugin tree KeyError", "KeyError key error plugin tree KeyError"...
### Search Result:
Found function `cms/utils/plugins.py:has_reached_plugin_limit`.
Source: Retrieved entity using keyword search (bm25).
```
479 | def has_reached_plugin_limit(placeholder, plugin_type, language, template=None):
480 |     """
481 |     Checks if the global maximum limit for plugins in a placeholder has been reached.
482 |     If not then it checks if it has reached its maximum plugin_type limit.
483 | 
484 |     Parameters:
485 |     - placeholder: The placeholder object to check the limit for.
486 |     - plugin_type: The type of plugin to check the limit for.
487 |     - language: The language code for the plugins.
488 |     - template: The template object for the placeholder. Optional.
489 | 
490 |     Returns:
491 |     - False if the limit has not been reached.
492 | 
493 |     Raises:
494 |     - PluginLimitReached: If the limit has been reached for the placeholder.
495 | 
496 |     """
497 |     limits = get_placeholder_conf("limits", placeholder.slot, template)
498 |     if limits:
499 |         global_limit = limits.get("global")
500 |         type_limit = limits.get(plugin_type)
501 |         # total plugin count
502 |         count = placeholder.get_plugins(language=language).count()
503 |         if global_limit and count >= global_limit:
504 |             raise PluginLimitReached(_("This placeholder already has the maximum number of plugins (%s)." % count))
505 |         elif type_limit:
506 |             # total plugin type count
507 |             type_count = placeholder.get_plugins(language=language).filter(plugin_type=plugin_type).count()
508 |             if type_count >= type_limit:
509 |                 plugin_name = force_str(plugin_pool.get_plugin(plugin_type).name)
510 |                 raise PluginLimitReached(
511 |                     _(
512 |                         "This placeholder already has the maximum number (%(limit)s) of allowed %(plugin_name)s plugins."
513 |                     )
514 |                     % {"limit": type_limit, "plugin_name": plugin_name}
515 |                 )
516 |     return False
```

Found file `cms/utils/plugins.py`.
Found file `cms/management/commands/subcommands/tree.py`.
Source: Retrieved entity using keyword search (bm25).
Hint: Use more detailed query to get the full content of some if needed.



##Searching for term "plugin tree KeyError"...
### Search Result:
Found function `cms/utils/plugins.py:get_plugin_class`.
Source: Retrieved entity using keyword search (bm25).
```
27 | def get_plugin_class(plugin_type: str) -> type[CMSPluginBase]:
28 |     """Returns the plugin class for a given plugin_type (str)"""
29 |     return plugin_pool.get_plugin(plugin_type)
```

Found function `cms/utils/plugins.py:assign_plugins`.
Source: Retrieved entity using keyword search (bm25).
```
 67 | def assign_plugins(request, placeholders, template=None, lang=None):
 68 |     """
 69 |     Fetch all plugins for the given ``placeholders`` and
 70 |     cast them down to the concrete instances in one query
 71 |     per type.
 72 | 
 73 |     :param request: The current request.
 74 |     :param placeholders: An iterable of placeholder objects.
 75 |     :param template: (optional) The template object.
 76 |     :param lang: (optional) The language code.
 77 | 
 78 |     This method assigns plugins to the given placeholders. It retrieves the plugins from the database based on the
 79 |     placeholders and the language. The plugins are then downcasted to their specific plugin types.
 80 | 
 81 |     The plugins are split up by placeholder and stored in a dictionary where the key is the placeholder ID and the
 82 |     value is a list of plugins.
 83 | 
 84 |     For each placeholder, if there are plugins assigned to it, the plugins are organized as a layered tree structure.
 85 |     Otherwise, an empty list is assigned.
 86 | 
 87 |     The list of all plugins for each placeholder is stored in the `_all_plugins_cache` attribute of the placeholder,
 88 |     while the list of root plugins is stored in the `_plugins_cache` attribute
 89 |     """
 90 |     if not placeholders:
 91 |         return
 92 |     placeholders = tuple(placeholders)  # Trigger db hit
 93 |     lang = lang or get_language_from_request(request)
 94 |     plugins = list(CMSPlugin.objects.filter(placeholder__in=placeholders, language=lang))
 95 |     if not plugins:
 96 |         # Create default plugins if enabled
 97 |         plugins = create_default_plugins(request, placeholders, template, lang)
 98 |     else:
 99 |         plugins = downcast_plugins(plugins, placeholders, request=request)
100 | 
101 |     # split the plugins up by placeholder
102 |     plugins_by_placeholder = defaultdict(list)
103 | 
104 |     for plugin in plugins:
105 |         plugins_by_placeholder[plugin.placeholder_id].append(plugin)
106 | 
107 |     for placeholder in placeholders:
108 |         all_plugins = plugins_by_placeholder[placeholder.pk]
109 | 
110 |         if all_plugins:
111 |             layered_plugins = get_plugins_as_layered_tree(all_plugins)
112 |         else:
113 |             layered_plugins = []
114 |         # This is all the plugins.
115 |         placeholder._all_plugins_cache = all_plugins
116 |         # This is only the root plugins.
117 |         placeholder._plugins_cache = layered_plugins
```

Found function `cms/models/placeholdermodel.py:Placeholder.add_plugin`.
Source: Retrieved code content using keyword search (bm25).
```
451 | def add_plugin(self, instance):
452 |         """
453 |         .. versionadded:: 4.0
454 | 
455 |         Adds a plugin to the placeholder. The plugin's position field must be set to the target
456 |         position. Positions are enumerated from the start of the palceholder's plugin tree (1) to
457 |         the last plugin (*n*, where *n* is the number of plugins in the placeholder).
458 | 
459 |         :param instance: Plugin to add. It's position parameter needs to be set.
460 |         :type instance: :class:`cms.models.pluginmodel.CMSPlugin` instance
461 | 
462 |         .. note::
463 |             As of version 4 of django CMS the position counter does not re-start at 1 for the first
464 |             child plugin. The ``position`` field  and ``language`` field are unique for a placeholder.
465 | 
466 |         Example::
467 | 
468 |             new_child = MyCoolPlugin()
469 |             new_child.position = (
470 |                 parent_plugin.position + 1
471 |             )  # add as first child: directly after parent
472 |             parent_plugin.placeholder.add(new_child)
473 | 
474 |         """
475 |         last_position = self.get_last_plugin_position(instance.language) or 0
476 |         # A shift is only needed if the distance between the new plugin
477 |         # and the last plugin is greater than 1 position.
478 |         needs_shift = (instance.position - last_position) < 1
479 | 
480 |         if needs_shift:
481 |             # shift to the right
482 |             self._shift_plugin_positions(
483 |                 instance.language,
484 |                 start=instance.position,
485 |                 offset=last_position - instance.position + 2,  # behind last_position plus one to shift back
486 |             )
487 | 
488 |         instance.save()
489 | 
490 |         if needs_shift:
491 |             # The plugin tree was shifted to the right to make space,
492 |             # now squash all plugins in the tree to close any holes.
493 |             self._recalculate_plugin_positions(instance.language)
494 |         return instance
```

Found function `cms/models/placeholdermodel.py:Placeholder.get_first_plugin_position`.
Source: Retrieved code content using keyword search (bm25).
```
679 | def get_first_plugin_position(self, language, parent=None):
680 |         tree = self.get_plugins(language)
681 | 
682 |         if parent:
683 |             tree = tree.filter(parent=parent)
684 |         return tree.values_list("position", flat=True).first()
```

Found function `cms/models/placeholdermodel.py:Placeholder.get_last_plugin_position`.
Source: Retrieved code content using keyword search (bm25).
```
686 | def get_last_plugin_position(self, language, parent=None):
687 |         if parent is None:
688 |             tree = self.get_plugins(language)
689 |         elif parent.placeholder == self:
690 |             tree = parent.get_descendants()
691 |         else:  # No last plugin if parent is not in this placeholder's plugin tree
692 |             return None
693 |         return tree.values_list("position", flat=True).last()
```

Found function `cms/models/placeholdermodel.py:Placeholder._shift_plugin_positions`.
Source: Retrieved code content using keyword search (bm25).
```
695 | def _shift_plugin_positions(self, language, start, offset=None):
696 |         if offset is None:
697 |             offset = self.get_last_plugin_position(language) or 0
698 | 
699 |         self.get_plugins(language).filter(position__gte=start).update(position=models.F("position") + offset)
```



##Searching for term "KeyError key error plugin tree KeyError"...
### Search Result:
Found function `cms/utils/plugins.py:downcast_plugins`.
Source: Retrieved entity using keyword search (bm25).
```
402 | def downcast_plugins(
403 |     plugins: Iterable[CMSPlugin],
404 |     placeholders: Optional[list] = None,
405 |     select_placeholder: bool = False,
406 |     request: Optional[HttpRequest] = None,
407 | ) -> Iterable[CMSPlugin]:
408 |     """
409 |     Downcasts the given list of plugins to their respective classes. Ignores any plugins
410 |     that are not available.
411 | 
412 |     :param plugins: List of plugins to downcast.
413 |     :type plugins: List[CMSPlugin]
414 |     :param placeholders: List of placeholders associated with the plugins.
415 |     :type placeholders: Optional[List[Placeholder]]
416 |     :param select_placeholder: If True, select_related the plugin queryset with placeholder.
417 |     :type select_placeholder: bool
418 |     :param request: The current request.
419 |     :type request: Optional[HttpRequest]
420 |     :return: Generator that yields the downcasted plugins.
421 |     :rtype: Generator[CMSPlugin, None, None]
422 |     """
423 |     plugin_types_map = defaultdict(list)
424 |     plugin_lookup = {}
425 |     plugin_ids = []
426 | 
427 |     # make a map of plugin types, needed later for downcasting
428 |     for plugin in plugins:
429 |         # Keep track of the plugin ids we've received
430 |         try:
431 |             base_model = get_plugin_model(plugin.plugin_type)._meta.concrete_model  # Collect all base models
432 |         except KeyError:
433 |             # Plugin not available
434 |             logger.error(f"Plugin not installed: {plugin.plugin_type} (pk={plugin.pk})", exc_info=sys.exc_info())
435 |             continue
436 |         plugin_ids.append(plugin.pk)
437 |         if base_model is CMSPlugin:
438 |             plugin_lookup[plugin.pk] = plugin  # No downcast needed
439 |         else:
440 |             plugin_types_map[base_model].append(plugin.pk)
441 | 
442 |     placeholders = placeholders or []
443 |     placeholders_by_id = {placeholder.pk: placeholder for placeholder in placeholders}
444 | 
445 |     for plugin_model, pks in plugin_types_map.items():
446 |         # get all the plugins of type cls.model
447 |         plugin_qs = plugin_model.objects.filter(pk__in=pks)
448 | 
449 |         if select_placeholder:
450 |             plugin_qs = plugin_qs.select_related("placeholder")
451 | 
452 |         # put them in a map, so we can replace the base CMSPlugins with their
453 |         # downcasted versions
454 |         for instance in plugin_qs.iterator():
455 |             cls = get_plugin_class(instance.plugin_type)  # Plugin class
456 |             instance.__class__ = cls.model  # Cast to original model (including proxies)
457 |             plugin_lookup[instance.pk] = instance
458 | 
459 |     for plugin in plugins:
460 |         parent_not_available = not plugin.parent_id or plugin.parent_id not in plugin_ids
461 |         # The plugin either has no parent or needs to have a non-ghost parent
462 |         valid_parent = parent_not_available or plugin.parent_id in plugin_lookup
463 | 
464 |         if valid_parent and plugin.pk in plugin_lookup:
465 |             instance = plugin_lookup[plugin.pk]
466 |             if instance.parent_id in plugin_lookup:
467 |                 instance._state.fields_cache["parent"] = plugin_lookup[instance.parent_id]
468 |             placeholder = placeholders_by_id.get(instance.placeholder_id)
469 |             if placeholder:
470 |                 instance.placeholder = placeholder
471 |                 cls = get_plugin_class(instance.plugin_type)
472 |                 if not cls.cache and not cls().get_cache_expiration(request, instance, placeholder):
473 |                     placeholder.cache_placeholder = False
474 | 
475 |             plugin._inst = instance  # Populate bound plugin cache for plugin
476 |             yield instance
```

Found function `cms/utils/placeholder.py:get_placeholder_conf`.
Source: Retrieved code content using keyword search (bm25).
```
46 | def get_placeholder_conf(setting: str, placeholder: str, template: Optional[str] = None, default=None):
47 |     """
48 |     Returns the placeholder configuration for a given setting. The key would for
49 |     example be 'plugins' or 'name'.
50 | 
51 |     Resulting value will be the last from:
52 | 
53 |     CMS_PLACEHOLDER_CONF[None] (global)
54 |     CMS_PLACEHOLDER_CONF['template'] (if template is given)
55 |     CMS_PLACEHOLDER_CONF['placeholder'] (where placeholder denotes a slot)
56 |     CMS_PLACEHOLDER_CONF['template placeholder'] (if template is given)
57 | 
58 |     Template is only evaluated if the placeholder configuration contains key with ".html" or ".htm"
59 |     """
60 | 
61 |     if placeholder:
62 |         keys = []
63 |         placeholder_conf = get_cms_setting("PLACEHOLDER_CONF")
64 |         template_in_conf = any(".htm" in (key or "") for key in placeholder_conf) and template
65 |         # 1st level
66 |         if template_in_conf:
67 |             keys.append(f"{template} {placeholder}")
68 |         # 2nd level
69 |         keys.append(placeholder)
70 |         # 3rd level
71 |         if template_in_conf:
72 |             keys.append(str(template))
73 |         # 4th level
74 |         keys.append(None)
75 |         for key in keys:
76 |             try:
77 |                 conf = placeholder_conf[key]
78 |                 value = conf.get(setting, None)
79 |                 if value is not None:
80 |                     return value
81 |                 inherit = conf.get("inherit")
82 |                 if inherit:
83 |                     if " " in inherit:
84 |                         inherit = inherit.split(" ")
85 |                     else:
86 |                         inherit = (None, inherit)
87 |                     value = get_placeholder_conf(
88 |                         setting, inherit[1], inherit[0], default
89 |                     )
90 |                     if value is not None:
91 |                         return value
92 |             except KeyError:
93 |                 continue
94 |     return default
```

Found function `cms/management/commands/subcommands/list.py:plugin_report`.
Source: Retrieved code content using keyword search (bm25).
```
38 | def plugin_report():
39 |     """
40 |     Returns a report of existing plugins
41 | 
42 |     structure of report:
43 |     [
44 |         {
45 |             'type': CMSPlugin class,
46 |             'model': plugin_type.model,
47 |             'instances': instances in the CMSPlugin table,
48 |             'unsaved_instances': those with no corresponding model instance,
49 |         },
50 |     ]
51 |     """
52 |     plugin_report = []
53 |     all_plugins = CMSPlugin.objects.order_by('plugin_type')
54 |     plugin_types = list(set(all_plugins.values_list('plugin_type', flat=True)))
55 |     plugin_types.sort()
56 | 
57 |     for plugin_type in plugin_types:
58 |         plugin = {}
59 |         plugin['type'] = plugin_type
60 |         try:
61 |             # get all plugins of this type
62 |             plugins = CMSPlugin.objects.filter(plugin_type=plugin_type)
63 |             plugin['instances'] = plugins
64 |             # does this plugin have a model? report unsaved instances
65 |             plugin['model'] = plugin_pool.get_plugin(name=plugin_type).model
66 |             unsaved_instances = [p for p in plugins if not p.get_plugin_instance()[0]]
67 |             plugin['unsaved_instances'] = unsaved_instances
68 | 
69 |         # catch uninstalled plugins
70 |         except KeyError:
71 |             plugin['model'] = None
72 |             plugin['instances'] = plugins
73 |             plugin['unsaved_instances'] = []
74 | 
75 |         plugin_report.append(plugin)
76 | 
77 |     return plugin_report
```

2026-09-14 22:37:11 utils.py INFO 
LiteLLM completion() model= qwen/qwen3-coder; provider = openrouter
2026-09-14 22:37:18 utils.py INFO Wrapper: Completed Call, calling success_handler
2026-09-14 22:37:18 utils.py INFO 
LiteLLM completion() model= qwen/qwen3-coder; provider = openrouter
2026-09-14 22:37:27 utils.py INFO Wrapper: Completed Call, calling success_handler
2026-09-14 22:37:27 auto_search_main.py INFO Executing code:
```
print(get_entity_contents(**{'entity_names': ['cms/admin/placeholderadmin.py:PlaceholderAdmin._move_plugin']}))
```
2026-09-14 22:37:27 auto_search_main.py INFO OBSERVATION:
##Searching for entity `cms/admin/placeholderadmin.py:PlaceholderAdmin._move_plugin`...
### Search Result:
Found function `cms/admin/placeholderadmin.py:PlaceholderAdmin._move_plugin`.
Source: Exact match found for entity name `cms/admin/placeholderadmin.py:PlaceholderAdmin._move_plugin`.
```
934 | def _move_plugin(self, request, plugin, target_position, target_placeholder=None, target_parent=None):
935 |         language = plugin.language
936 |         source_placeholder = plugin.placeholder
937 | 
938 |         if not self.has_move_plugin_permission(request, plugin, source_placeholder):
939 |             message = _("You have no permission to move this plugin")
940 |             raise PermissionDenied(message)
941 | 
942 |         if target_placeholder and not self.has_move_plugin_permission(request, plugin, target_placeholder):
943 |             message = _("You have no permission to move this plugin")
944 |             raise PermissionDenied(message)
945 | 
946 |         if not source_placeholder.check_source(request.user):
947 |             message = _("You have no permission to move this plugin")
948 |             raise PermissionDenied(message)
949 | 
950 |         if target_placeholder and not target_placeholder.check_source(request.user):
951 |             message = _("You have no permission to move this plugin")
952 |             raise PermissionDenied(message)
953 | 
954 |         if target_parent:
955 |             target_parent_id = target_parent.pk
956 |         else:
957 |             target_parent_id = None
958 | 
959 |         action_token = self._send_pre_placeholder_operation(
960 |             request,
961 |             operation=operations.MOVE_PLUGIN,
962 |             plugin=plugin,
963 |             source_language=plugin.language,
964 |             source_placeholder=source_placeholder,
965 |             source_parent_id=plugin.parent_id,
966 |             target_language=language,
967 |             target_placeholder=(target_placeholder or source_placeholder),
968 |             target_parent_id=target_parent_id,
969 |         )
970 | 
971 |         source_placeholder.move_plugin(
972 |             plugin=plugin,
973 |             target_position=target_position,
974 |             target_placeholder=target_placeholder,
975 |             target_plugin=target_parent,
976 |         )
977 | 
978 |         # Refresh plugin to get new position values
979 |         updated_plugin = plugin.reload()
980 |         if target_placeholder:
981 |             target_placeholder.clear_cache(language)
982 |         source_placeholder.clear_cache(language)
983 | 
984 |         self._send_post_placeholder_operation(
985 |             request,
986 |             operation=operations.MOVE_PLUGIN,
987 |             plugin=updated_plugin.get_bound_plugin(),
988 |             token=action_token,
989 |             source_language=language,
990 |             source_placeholder=source_placeholder,
991 |             source_parent_id=updated_plugin.parent_id,
992 |             target_language=language,
993 |             target_placeholder=(target_placeholder or source_placeholder),
994 |             target_parent_id=target_parent_id,
995 |         )
996 |         return updated_plugin
```

2026-09-14 22:37:27 utils.py INFO 
LiteLLM completion() model= qwen/qwen3-coder; provider = openrouter
2026-09-14 22:37:36 utils.py INFO Wrapper: Completed Call, calling success_handler
2026-09-14 22:37:36 auto_search_main.py INFO Executing code:
```
print(get_entity_contents(**{'entity_names': ['cms/toolbar/utils.py:get_plugin_tree']}))
```
2026-09-14 22:37:36 auto_search_main.py INFO OBSERVATION:
##Searching for entity `cms/toolbar/utils.py:get_plugin_tree`...
### Search Result:
Found function `cms/toolbar/utils.py:get_plugin_tree`.
Source: Exact match found for entity name `cms/toolbar/utils.py:get_plugin_tree`.
```
 79 | def get_plugin_tree(
 80 |     request: HttpRequest,
 81 |     plugins: list[CMSPlugin],
 82 |     restrictions: Optional[dict] = None,
 83 |     target_plugin: Optional[CMSPlugin] = None,
 84 | ) -> dict[str, Any]:
 85 |     """
 86 |     Constructs a tree structure of CMS plugins for the toolbar.
 87 | 
 88 |     Args:
 89 |         request (HttpRequest): The HTTP request object.
 90 |         plugins (list[CMSPlugin]): A list of CMSPlugin instances to be organized into a tree.
 91 |         restrictions (Optional[dict], optional): A dictionary of plugin restrictions. Defaults to None.
 92 |         target_plugin (Optional[CMSPlugin], optional): The target plugin to render.
 93 |             Content will only be rendered if given. Defaults to None.
 94 | 
 95 |     Returns:
 96 |         tuple[dict[str, Any]]: A dictionary with up to five keys:
 97 |             - 'html': A string of rendered HTML for the plugin tree.
 98 |             - 'plugins': A flat list of plugin information dictionaries.
 99 |             - 'content': The rendered content of target_plugin (if given) including its children
100 |             - 'target_position': The position of the target_plugin (if given)
101 |             - 'target_placeholder_id': The placeholder id of the target_plugin (if given)
102 |     """
103 |     from cms.utils.plugins import downcast_plugins, get_plugin_restrictions
104 | 
105 |     tree_data = []
106 |     tree_structure = []
107 |     restrictions = restrictions or {}
108 |     root_plugins = deque()
109 |     plugin_children = defaultdict(deque)
110 |     toolbar = get_toolbar_from_request(request)
111 |     template = toolbar.templates.drag_item_template
112 |     get_plugin_info = get_plugin_toolbar_info
113 |     placeholder = plugins[0].placeholder
114 |     copy_to_clipboard = placeholder.pk == toolbar.clipboard.pk
115 |     plugins = list(downcast_plugins(plugins, select_placeholder=True))
116 |     plugin_ids = frozenset(plugin.pk for plugin in plugins)
117 | 
118 |     for plugin in reversed(plugins):
119 |         plugin.child_plugin_instances = plugin_children[plugin.pk]
120 | 
121 |         if plugin.parent_id in plugin_ids:
122 |             plugin_children[plugin.parent_id].appendleft(plugin)
123 |         else:
124 |             root_plugins.appendleft(plugin)
125 | 
126 |     def collect_plugin_data(plugin):
127 |         child_classes, parent_classes = get_plugin_restrictions(
128 |             plugin=plugin,
129 |             restrictions_cache=restrictions,
130 |         )
131 |         plugin_info = get_plugin_info(
132 |             plugin,
133 |             children=child_classes,
134 |             parents=parent_classes,
135 |         )
136 | 
137 |         tree_data.append(plugin_info)
138 | 
139 |         for plugin_instance in plugin.child_plugin_instances:
140 |             collect_plugin_data(plugin_instance)
141 | 
142 |     with force_language(toolbar.toolbar_language):
143 |         for root_plugin in root_plugins:
144 |             collect_plugin_data(root_plugin)
145 |             context = {
146 |                 'plugin': root_plugin,
147 |                 'request': request,
148 |                 'clipboard': copy_to_clipboard,
149 |                 'cms_toolbar': toolbar,
150 |             }
151 |             tree_structure.append(template.render(context))
152 |     tree_data.reverse()
153 | 
154 |     content = {}
155 |     # Render the target plugin if given and all plugins are local
156 |     if target_plugin and all(plugin.get_plugin_class().is_local for plugin in plugins):
157 |         # Also provide the parent plugin to the context (if available)
158 |         downcasted = next(
159 |             (plugin for plugin in plugins if plugin.pk == target_plugin.pk), None
160 |         )
161 |         parent = next(
162 |             (plugin for plugin in plugins if plugin.pk == target_plugin.parent_id), None
163 |         ) if target_plugin.parent_id else None
164 |         content["content"] = get_plugin_content(request, downcasted, {"parent": parent})
165 | 
166 |     return {'html': '\n'.join(tree_structure), 'plugins': tree_data, **content}
```

2026-09-14 22:37:36 utils.py INFO 
LiteLLM completion() model= qwen/qwen3-coder; provider = openrouter
2026-09-14 22:37:43 utils.py INFO Wrapper: Completed Call, calling success_handler
2026-09-14 22:37:43 auto_search_main.py INFO Executing code:
```
print(get_entity_contents(**{'entity_names': ['cms/utils/plugins.py:downcast_plugins']}))
```
2026-09-14 22:37:43 auto_search_main.py INFO OBSERVATION:
##Searching for entity `cms/utils/plugins.py:downcast_plugins`...
### Search Result:
Found function `cms/utils/plugins.py:downcast_plugins`.
Source: Exact match found for entity name `cms/utils/plugins.py:downcast_plugins`.
```
402 | def downcast_plugins(
403 |     plugins: Iterable[CMSPlugin],
404 |     placeholders: Optional[list] = None,
405 |     select_placeholder: bool = False,
406 |     request: Optional[HttpRequest] = None,
407 | ) -> Iterable[CMSPlugin]:
408 |     """
409 |     Downcasts the given list of plugins to their respective classes. Ignores any plugins
410 |     that are not available.
411 | 
412 |     :param plugins: List of plugins to downcast.
413 |     :type plugins: List[CMSPlugin]
414 |     :param placeholders: List of placeholders associated with the plugins.
415 |     :type placeholders: Optional[List[Placeholder]]
416 |     :param select_placeholder: If True, select_related the plugin queryset with placeholder.
417 |     :type select_placeholder: bool
418 |     :param request: The current request.
419 |     :type request: Optional[HttpRequest]
420 |     :return: Generator that yields the downcasted plugins.
421 |     :rtype: Generator[CMSPlugin, None, None]
422 |     """
423 |     plugin_types_map = defaultdict(list)
424 |     plugin_lookup = {}
425 |     plugin_ids = []
426 | 
427 |     # make a map of plugin types, needed later for downcasting
428 |     for plugin in plugins:
429 |         # Keep track of the plugin ids we've received
430 |         try:
431 |             base_model = get_plugin_model(plugin.plugin_type)._meta.concrete_model  # Collect all base models
432 |         except KeyError:
433 |             # Plugin not available
434 |             logger.error(f"Plugin not installed: {plugin.plugin_type} (pk={plugin.pk})", exc_info=sys.exc_info())
435 |             continue
436 |         plugin_ids.append(plugin.pk)
437 |         if base_model is CMSPlugin:
438 |             plugin_lookup[plugin.pk] = plugin  # No downcast needed
439 |         else:
440 |             plugin_types_map[base_model].append(plugin.pk)
441 | 
442 |     placeholders = placeholders or []
443 |     placeholders_by_id = {placeholder.pk: placeholder for placeholder in placeholders}
444 | 
445 |     for plugin_model, pks in plugin_types_map.items():
446 |         # get all the plugins of type cls.model
447 |         plugin_qs = plugin_model.objects.filter(pk__in=pks)
448 | 
449 |         if select_placeholder:
450 |             plugin_qs = plugin_qs.select_related("placeholder")
451 | 
452 |         # put them in a map, so we can replace the base CMSPlugins with their
453 |         # downcasted versions
454 |         for instance in plugin_qs.iterator():
455 |             cls = get_plugin_class(instance.plugin_type)  # Plugin class
456 |             instance.__class__ = cls.model  # Cast to original model (including proxies)
457 |             plugin_lookup[instance.pk] = instance
458 | 
459 |     for plugin in plugins:
460 |         parent_not_available = not plugin.parent_id or plugin.parent_id not in plugin_ids
461 |         # The plugin either has no parent or needs to have a non-ghost parent
462 |         valid_parent = parent_not_available or plugin.parent_id in plugin_lookup
463 | 
464 |         if valid_parent and plugin.pk in plugin_lookup:
465 |             instance = plugin_lookup[plugin.pk]
466 |             if instance.parent_id in plugin_lookup:
467 |                 instance._state.fields_cache["parent"] = plugin_lookup[instance.parent_id]
468 |             placeholder = placeholders_by_id.get(instance.placeholder_id)
469 |             if placeholder:
470 |                 instance.placeholder = placeholder
471 |                 cls = get_plugin_class(instance.plugin_type)
472 |                 if not cls.cache and not cls().get_cache_expiration(request, instance, placeholder):
473 |                     placeholder.cache_placeholder = False
474 | 
475 |             plugin._inst = instance  # Populate bound plugin cache for plugin
476 |             yield instance
```

2026-09-14 22:37:43 utils.py INFO 
LiteLLM completion() model= qwen/qwen3-coder; provider = openrouter
2026-09-14 22:37:50 utils.py INFO Wrapper: Completed Call, calling success_handler
2026-09-14 22:37:50 auto_search_main.py INFO Executing code:
```
print(search_code_snippets(**{'search_terms': ['get_plugin_toolbar_info']}))
```
2026-09-14 22:37:50 auto_search_main.py INFO OBSERVATION:
##Searching for term "get_plugin_toolbar_info"...
### Search Result:
Found function `cms/toolbar/utils.py:get_plugin_toolbar_info`.
Source: Match found for entity name `get_plugin_toolbar_info`.
```
48 | def get_plugin_toolbar_info(plugin: CMSPlugin, children: Optional[list[str]] = None, parents: Optional[list[str]] = None) -> dict[str, Any]:
49 |     data = plugin.get_plugin_info(children=children, parents=parents)
50 |     help_text = gettext(
51 |         'Add plugin to %(plugin_name)s'
52 |     ) % {'plugin_name': data['plugin_name']}
53 |     data.update({
54 |         "onClose": False,
55 |         "addPluginHelpTitle": force_str(help_text),
56 |         "plugin_order": '',
57 |         "plugin_restriction": children or [],
58 |     })
59 |     return data
```

2026-09-14 22:37:50 utils.py INFO 
LiteLLM completion() model= qwen/qwen3-coder; provider = openrouter
2026-09-14 22:37:57 utils.py INFO Wrapper: Completed Call, calling success_handler
2026-09-14 22:37:57 auto_search_main.py INFO Executing code:
```
print(search_code_snippets(**{'search_terms': ['get_plugin_info', 'get_plugin_info children parents']}))
```
2026-09-14 22:37:57 __init__.py DEBUG Building index from IDs objects
2026-09-14 22:37:57 auto_search_main.py INFO OBSERVATION:
cms/models/pluginmodel.py:CMSPlugin.get_plugin_info
cms/toolbar/utils.py:get_plugin_toolbar_info
cms/toolbar/utils.py:get_plugin_tree
cms/cms_menus.py:impl:7
cms/cms_menus.py:SoftRootCutter.remove_children
cms/cms_menus.py:SoftRootCutter.find_and_remove_children
cms/cms_menus.py:SoftRootCutter.find_ancestors_and_remove_children
menus/templatetags/menu_tags.py:cut_levels
cms/toolbar/utils.py:get_plugin_toolbar_js
cms/toolbar/utils.py:get_plugin_tree_as_json
menus/modifiers.py:Marker.mark_descendants
menus/modifiers.py:Marker.modify
cms/utils/plugins.py:create_default_plugins
menus/base.py:NavigationNode.is_leaf_node
menus/base.py:NavigationNode.get_descendants
menus/base.py:NavigationNode.is_selected
menus/base.py:NavigationNode.get_absolute_url
menus/base.py:NavigationNode.get_ancestors
menus/base.py:NavigationNode.get_attribute
##Searching for term "get_plugin_info", "get_plugin_info children parents"...
### Search Result:
Found function `cms/models/pluginmodel.py:CMSPlugin.get_plugin_info`.
Source: Match found for entity name `get_plugin_info`.
```
266 | def get_plugin_info(self, children=None, parents=None):
267 |         plugin_class = self.get_plugin_class()
268 |         return {
269 |             'type': 'plugin',
270 |             'position': self.position,
271 |             'placeholder_id': self.placeholder_id,
272 |             'plugin_name': force_str(self.get_plugin_name()) or '',
273 |             'plugin_type': self.plugin_type,
274 |             'plugin_id': self.pk,
275 |             'plugin_language': self.language or '',
276 |             'plugin_parent': self.parent_id or '',
277 |             'plugin_restriction': children or [],
278 |             'plugin_parent_restriction': parents or [],
279 |             'disable_edit': plugin_class.disable_edit,
280 |             'disable_child_plugins': plugin_class.disable_child_plugins,
281 |             'urls': self.get_action_urls(),
282 |         }
```



##Searching for term "get_plugin_info children parents"...
### Search Result:
Found function `cms/toolbar/utils.py:get_plugin_toolbar_info`.
Source: Retrieved code content using keyword search (bm25).
```
48 | def get_plugin_toolbar_info(plugin: CMSPlugin, children: Optional[list[str]] = None, parents: Optional[list[str]] = None) -> dict[str, Any]:
49 |     data = plugin.get_plugin_info(children=children, parents=parents)
50 |     help_text = gettext(
51 |         'Add plugin to %(plugin_name)s'
52 |     ) % {'plugin_name': data['plugin_name']}
53 |     data.update({
54 |         "onClose": False,
55 |         "addPluginHelpTitle": force_str(help_text),
56 |         "plugin_order": '',
57 |         "plugin_restriction": children or [],
58 |     })
59 |     return data
```

Found function `cms/toolbar/utils.py:get_plugin_tree`.
Source: Retrieved code content using keyword search (bm25).
```
 79 | def get_plugin_tree(
 80 |     request: HttpRequest,
 81 |     plugins: list[CMSPlugin],
 82 |     restrictions: Optional[dict] = None,
 83 |     target_plugin: Optional[CMSPlugin] = None,
 84 | ) -> dict[str, Any]:
 85 |     """
 86 |     Constructs a tree structure of CMS plugins for the toolbar.
 87 | 
 88 |     Args:
 89 |         request (HttpRequest): The HTTP request object.
 90 |         plugins (list[CMSPlugin]): A list of CMSPlugin instances to be organized into a tree.
 91 |         restrictions (Optional[dict], optional): A dictionary of plugin restrictions. Defaults to None.
 92 |         target_plugin (Optional[CMSPlugin], optional): The target plugin to render.
 93 |             Content will only be rendered if given. Defaults to None.
 94 | 
 95 |     Returns:
 96 |         tuple[dict[str, Any]]: A dictionary with up to five keys:
 97 |             - 'html': A string of rendered HTML for the plugin tree.
 98 |             - 'plugins': A flat list of plugin information dictionaries.
 99 |             - 'content': The rendered content of target_plugin (if given) including its children
100 |             - 'target_position': The position of the target_plugin (if given)
101 |             - 'target_placeholder_id': The placeholder id of the target_plugin (if given)
102 |     """
103 |     from cms.utils.plugins import downcast_plugins, get_plugin_restrictions
104 | 
105 |     tree_data = []
106 |     tree_structure = []
107 |     restrictions = restrictions or {}
108 |     root_plugins = deque()
109 |     plugin_children = defaultdict(deque)
110 |     toolbar = get_toolbar_from_request(request)
111 |     template = toolbar.templates.drag_item_template
112 |     get_plugin_info = get_plugin_toolbar_info
113 |     placeholder = plugins[0].placeholder
114 |     copy_to_clipboard = placeholder.pk == toolbar.clipboard.pk
115 |     plugins = list(downcast_plugins(plugins, select_placeholder=True))
116 |     plugin_ids = frozenset(plugin.pk for plugin in plugins)
117 | 
118 |     for plugin in reversed(plugins):
119 |         plugin.child_plugin_instances = plugin_children[plugin.pk]
120 | 
121 |         if plugin.parent_id in plugin_ids:
122 |             plugin_children[plugin.parent_id].appendleft(plugin)
123 |         else:
124 |             root_plugins.appendleft(plugin)
125 | 
126 |     def collect_plugin_data(plugin):
127 |         child_classes, parent_classes = get_plugin_restrictions(
128 |             plugin=plugin,
129 |             restrictions_cache=restrictions,
130 |         )
131 |         plugin_info = get_plugin_info(
132 |             plugin,
133 |             children=child_classes,
134 |             parents=parent_classes,
135 |         )
136 | 
137 |         tree_data.append(plugin_info)
138 | 
139 |         for plugin_instance in plugin.child_plugin_instances:
140 |             collect_plugin_data(plugin_instance)
141 | 
142 |     with force_language(toolbar.toolbar_language):
143 |         for root_plugin in root_plugins:
144 |             collect_plugin_data(root_plugin)
145 |             context = {
146 |                 'plugin': root_plugin,
147 |                 'request': request,
148 |                 'clipboard': copy_to_clipboard,
149 |                 'cms_toolbar': toolbar,
150 |             }
151 |             tree_structure.append(template.render(context))
152 |     tree_data.reverse()
153 | 
154 |     content = {}
155 |     # Render the target plugin if given and all plugins are local
156 |     if target_plugin and all(plugin.get_plugin_class().is_local for plugin in plugins):
157 |         # Also provide the parent plugin to the context (if available)
158 |         downcasted = next(
159 |             (plugin for plugin in plugins if plugin.pk == target_plugin.pk), None
160 |         )
161 |         parent = next(
162 |             (plugin for plugin in plugins if plugin.pk == target_plugin.parent_id), None
163 |         ) if target_plugin.parent_id else None
164 |         content["content"] = get_plugin_content(request, downcasted, {"parent": parent})
165 | 
166 |     return {'html': '\n'.join(tree_structure), 'plugins': tree_data, **content}
```

Found function `cms/cms_menus.py:SoftRootCutter.find_and_remove_children`.
Source: Retrieved code content using keyword search (bm25).
```
536 | def find_and_remove_children(self, node, nodes):
537 |         for child in node.children:
538 |             if child.attr.get("soft_root", False):
539 |                 self.remove_children(child, nodes)
540 |         return nodes
```

Found function `cms/cms_menus.py:SoftRootCutter.remove_children`.
Source: Retrieved code content using keyword search (bm25).
```
542 | def remove_children(self, node, nodes):
543 |         for child in node.children:
544 |             nodes.remove(child)
545 |             self.remove_children(child, nodes)
546 |         node.children = []
```

2026-09-14 22:37:57 utils.py INFO 
LiteLLM completion() model= qwen/qwen3-coder; provider = openrouter
2026-09-14 22:38:07 utils.py INFO Wrapper: Completed Call, calling success_handler
2026-09-14 22:38:07 utils.py INFO 
LiteLLM completion() model= qwen/qwen3-coder; provider = openrouter
2026-09-14 22:38:15 utils.py INFO Wrapper: Completed Call, calling success_handler
2026-09-14 22:38:15 utils.py INFO 
LiteLLM completion() model= qwen/qwen3-coder; provider = openrouter
2026-09-14 22:38:22 utils.py INFO Wrapper: Completed Call, calling success_handler
2026-09-14 22:38:22 auto_search_main.py INFO ===============
2026-09-14 22:38:22 auto_search_main.py INFO 
Final Response:=

2026-09-14 22:38:22 auto_search_main.py INFO ============================================================
2026-09-14 22:38:22 auto_search_main.py INFO ==== djangocms-rc-110d4c740927 Count down: attempt 1 ====
2026-09-14 22:38:22 auto_search_main.py INFO ==== djangocms-rc-110d4c740927 start auto search ====
2026-09-14 22:38:22 utils.py INFO 
LiteLLM completion() model= qwen/qwen3-coder; provider = openrouter
2026-09-14 22:38:24 utils.py INFO Wrapper: Completed Call, calling success_handler
2026-09-14 22:38:24 auto_search_main.py INFO convert none fncall messages failed.
2026-09-14 22:38:24 utils.py INFO 
LiteLLM completion() model= qwen/qwen3-coder; provider = openrouter
2026-09-14 22:38:27 utils.py INFO Wrapper: Completed Call, calling success_handler
2026-09-14 22:38:27 auto_search_main.py INFO Executing code:
```
print(explore_tree_structure(**{'start_entities': ['/'], 'traversal_depth': 2, 'dependency_type_filter': "['contains']"}))
```
2026-09-14 22:38:27 auto_search_main.py INFO OBSERVATION:
/
├── contains ── manage.py
│               ├── contains ── manage.py:install_auth_user_model
│               ├── contains ── manage.py:TempDirs
│               └── contains ── manage.py:main
├── contains ── setup.py
├── contains ── docs
│               ├── contains ── docs/conf.py
│               ├── contains ── docs/django_settings.py
│               └── contains ── docs/_ext
├── contains ── cms
│               ├── contains ── cms/toolbar_base.py
│               ├── contains ── cms/context_processors.py
│               ├── contains ── cms/app_base.py
│               ├── contains ── cms/apphook_pool.py
│               ├── contains ── cms/menu_bases.py
│               ├── contains ── cms/__main__.py
│               ├── contains ── cms/plugin_pool.py
│               ├── contains ── cms/app_registration.py
│               ├── contains ── cms/plugin_processors.py
│               ├── contains ── cms/page_rendering.py
│               ├── contains ── cms/cms_menus.py
│               ├── contains ── cms/api.py
│               ├── contains ── cms/constants.py
│               ├── contains ── cms/apps.py
│               ├── contains ── cms/cms_toolbars.py
│               ├── contains ── cms/urls.py
│               ├── contains ── cms/cms_config.py
│               ├── contains ── cms/__init__.py
│               ├── contains ── cms/views.py
│               ├── contains ── cms/appresolver.py
│               ├── contains ── cms/plugin_rendering.py
│               ├── contains ── cms/cms_plugins.py
│               ├── contains ── cms/toolbar_pool.py
│               ├── contains ── cms/exceptions.py
│               ├── contains ── cms/cms_wizards.py
│               ├── contains ── cms/templates.py
│               ├── contains ── cms/plugin_base.py
│               ├── contains ── cms/migrations
│               ├── contains ── cms/middleware
│               ├── contains ── cms/signals
│               ├── contains ── cms/toolbar
│               ├── contains ── cms/models
│               ├── contains ── cms/forms
│               ├── contains ── cms/extensions
│               ├── contains ── cms/wizards
│               ├── contains ── cms/admin
│               ├── contains ── cms/utils
│               ├── contains ── cms/sitemaps
│               ├── contains ── cms/operations
│               ├── contains ── cms/cache
│               ├── contains ── cms/management
│               └── contains ── cms/templatetags
└── contains ── menus
                ├── contains ── menus/models.py
                ├── contains ── menus/modifiers.py
                ├── contains ── menus/base.py
                ├── contains ── menus/utils.py
                ├── contains ── menus/apps.py
                ├── contains ── menus/menu_pool.py
                ├── contains ── menus/__init__.py
                ├── contains ── menus/exceptions.py
                ├── contains ── menus/migrations
                └── contains ── menus/templatetags

2026-09-14 22:38:27 utils.py INFO 
LiteLLM completion() model= qwen/qwen3-coder; provider = openrouter
2026-09-14 22:38:29 utils.py INFO Wrapper: Completed Call, calling success_handler
2026-09-14 22:38:29 auto_search_main.py INFO Executing code:
```
print(explore_tree_structure(**{'start_entities': ['cms/plugin_base.py', 'cms/plugin_pool.py', 'cms/plugin_rendering.py'], 'direction': 'both', 'traversal_depth': 2}))
```
2026-09-14 22:38:29 auto_search_main.py INFO OBSERVATION:
cms/plugin_base.py
├── contains ── cms/plugin_base.py:CMSPluginBaseMetaclass
│               └── contains ── cms/plugin_base.py:CMSPluginBaseMetaclass.__new__
├── contains ── cms/plugin_base.py:template_slot_caching
│               └── contains ── cms/plugin_base.py:template_slot_caching.wrapper
├── contains ── cms/plugin_base.py:CMSPluginBase
│               ├── contains ── cms/plugin_base.py:CMSPluginBase._get_render_template
│               ├── contains ── cms/plugin_base.py:CMSPluginBase.__class_getitem__
│               ├── contains ── cms/plugin_base.py:CMSPluginBase.get_render_queryset
│               ├── contains ── cms/plugin_base.py:CMSPluginBase.render
│               ├── contains ── cms/plugin_base.py:CMSPluginBase.requires_parent_plugin
│               ├── contains ── cms/plugin_base.py:CMSPluginBase._get_template_for_conf
│               ├── contains ── cms/plugin_base.py:CMSPluginBase.get_require_parent
│               ├── contains ── cms/plugin_base.py:CMSPluginBase.get_cache_expiration
│               ├── contains ── cms/plugin_base.py:CMSPluginBase.get_vary_cache_on
│               ├── contains ── cms/plugin_base.py:CMSPluginBase.render_change_form
│               ├── contains ── cms/plugin_base.py:CMSPluginBase.render_close_frame
│               ├── contains ── cms/plugin_base.py:CMSPluginBase.save_model
│               ├── contains ── cms/plugin_base.py:CMSPluginBase.save_form
│               ├── contains ── cms/plugin_base.py:CMSPluginBase.response_add
│               ├── contains ── cms/plugin_base.py:CMSPluginBase.response_change
│               ├── contains ── cms/plugin_base.py:CMSPluginBase.log_addition
│               ├── contains ── cms/plugin_base.py:CMSPluginBase.log_change
│               ├── contains ── cms/plugin_base.py:CMSPluginBase.log_deletion
│               ├── contains ── cms/plugin_base.py:CMSPluginBase.icon_src
│               ├── contains ── cms/plugin_base.py:CMSPluginBase.icon_alt
│               ├── contains ── cms/plugin_base.py:CMSPluginBase.get_fieldsets
│               ├── contains ── cms/plugin_base.py:CMSPluginBase.get_empty_change_form_text
│               ├── contains ── cms/plugin_base.py:CMSPluginBase.get_child_class_overrides
│               ├── contains ── cms/plugin_base.py:CMSPluginBase.get_child_plugin_candidates
│               ├── contains ── cms/plugin_base.py:CMSPluginBase.get_child_classes
│               ├── contains ── cms/plugin_base.py:CMSPluginBase.get_parent_classes
│               ├── contains ── cms/plugin_base.py:CMSPluginBase.get_plugin_urls
│               ├── contains ── cms/plugin_base.py:CMSPluginBase.plugin_urls
│               ├── contains ── cms/plugin_base.py:CMSPluginBase.get_extra_placeholder_menu_items
│               ├── contains ── cms/plugin_base.py:CMSPluginBase.get_extra_plugin_menu_items
│               ├── contains ── cms/plugin_base.py:CMSPluginBase.__repr__
│               └── contains ── cms/plugin_base.py:CMSPluginBase.__str__
├── contains ── cms/plugin_base.py:PluginMenuItem
├── imports ── cms/operations/__init__.py
├── imports ── cms/exceptions.py:SubClassNeededError
├── imports ── cms/models/__init__.py
│              ├── imports ── cms/models/settingmodels.py
│              ├── imports ── cms/models/pagemodel.py
│              ├── imports ── cms/models/permissionmodels.py
│              ├── imports ── cms/models/placeholdermodel.py
│              ├── imports ── cms/models/pluginmodel.py
│              ├── imports ── cms/models/contentmodels.py
│              ├── imports ── cms/models/placeholderpluginmodel.py
│              ├── imports ── cms/models/static_placeholder.py
│              ├── imports ── cms/models/aliaspluginmodel.py
│              ├── imports ── cms/models/apphooks_reload.py
│              └── imports ── cms/signals/__init__.py
├── imports ── cms/toolbar/utils.py:get_plugin_tree
│              ├── contains ── cms/toolbar/utils.py:get_plugin_tree.collect_plugin_data
│              ├── invokes ── cms/toolbar/utils.py:get_plugin_tree.collect_plugin_data
│              ├── imports ── cms/utils/plugins.py:downcast_plugins
│              ├── invokes ── cms/utils/plugins.py:downcast_plugins
│              ├── imports ── cms/utils/plugins.py:get_plugin_restrictions
│              ├── invokes ── cms/plugin_base.py:CMSPluginBase.render
│              ├── invokes ── cms/toolbar/toolbar.py:CMSToolbarBase.render
│              ├── invokes ── cms/toolbar/items.py:BaseItem.render
│              ├── invokes ── cms/toolbar/items.py:BaseButton.render
│              ├── invokes ── cms/forms/widgets.py:UserSelectAdminWidget.render
│              ├── invokes ── cms/models/pluginmodel.py:CMSPlugin.get_plugin_class
│              ├── invokes ── cms/toolbar/utils.py:get_plugin_content
│              ├── invokes ── cms/utils/i18n.py:force_language
│              └── invokes ── cms/toolbar/utils.py:get_toolbar_from_request
├── imports ── cms/utils/compat/__init__.py
├── imports ── cms/utils/conf.py:get_cms_setting
├── imports ── cms/utils/placeholder.py:get_placeholder_conf
│              ├── invokes ── cms/utils/placeholder.py:get_placeholder_conf
│              ├── invokes ── cms/models/managers.py:PlaceholderForObjQS.get
│              └── invokes ── cms/utils/conf.py:get_cms_setting
├── imports ── cms/plugin_pool.py
│              ├── contains ── cms/plugin_pool.py:PluginPool
│              ├── imports ── cms/exceptions.py:PluginAlreadyRegistered
│              ├── imports ── cms/exceptions.py:PluginNotRegistered
│              ├── imports ── cms/models/pagemodel.py:Page
│              ├── imports ── cms/plugin_base.py:CMSPluginBase
│              ├── imports ── cms/utils/conf.py:get_cms_setting
│              ├── imports ── cms/utils/helpers.py:normalize_name
│              ├── imports ── cms/cache/__init__.py:invalidate_cms_page_cache
│              └── imports ── cms/utils/placeholder.py:get_placeholder_conf
└── contains-by ── cms
                   └── contains-by ── /

cms/plugin_pool.py
├── contains ── cms/plugin_pool.py:PluginPool
│               ├── contains ── cms/plugin_pool.py:PluginPool._clear_cached
│               ├── contains ── cms/plugin_pool.py:PluginPool.discover_plugins
│               ├── contains ── cms/plugin_pool.py:PluginPool.clear
│               ├── contains ── cms/plugin_pool.py:PluginPool.validate_templates
│               ├── contains ── cms/plugin_pool.py:PluginPool.register_plugin
│               ├── contains ── cms/plugin_pool.py:PluginPool.unregister_plugin
│               ├── contains ── cms/plugin_pool.py:PluginPool.get_all_plugins
│               ├── contains ── cms/plugin_pool.py:PluginPool.get_text_enabled_plugins
│               ├── contains ── cms/plugin_pool.py:PluginPool.get_plugin
│               ├── contains ── cms/plugin_pool.py:PluginPool.get_patterns
│               ├── contains ── cms/plugin_pool.py:PluginPool.get_system_plugins
│               ├── contains ── cms/plugin_pool.py:PluginPool.registered_plugins
│               ├── contains ── cms/plugin_pool.py:PluginPool.plugins_with_extra_menu
│               ├── contains ── cms/plugin_pool.py:PluginPool.plugins_with_extra_placeholder_menu
│               ├── contains ── cms/plugin_pool.py:PluginPool.get_restrictions_cache
│               ├── contains ── cms/plugin_pool.py:PluginPool.can_cache_globally
│               └── invokes ── cms/utils/conf.py:get_cms_setting
├── imports ── cms/exceptions.py:PluginAlreadyRegistered
├── imports ── cms/exceptions.py:PluginNotRegistered
├── imports ── cms/models/pagemodel.py:Page
│              ├── contains ── cms/models/pagemodel.py:Page.Meta
│              ├── contains ── cms/models/pagemodel.py:Page.__str__
│              ├── contains ── cms/models/pagemodel.py:Page.__repr__
│              ├── contains ── cms/models/pagemodel.py:Page.node
│              ├── contains ── cms/models/pagemodel.py:Page.is_branch
│              ├── contains ── cms/models/pagemodel.py:Page.get_ancestor_paths
│              ├── contains ── cms/models/pagemodel.py:Page.add_child
│              ├── contains ── cms/models/pagemodel.py:Page.add_sibling
│              ├── contains ── cms/models/pagemodel.py:Page.get_cached_ancestors
│              ├── contains ── cms/models/pagemodel.py:Page.get_cached_descendants
│              ├── contains ── cms/models/pagemodel.py:Page._clear_internal_cache
│              ├── contains ── cms/models/pagemodel.py:Page.parent_page
│              ├── contains ── cms/models/pagemodel.py:Page.has_valid_url
│              ├── contains ── cms/models/pagemodel.py:Page.set_as_homepage
│              ├── contains ── cms/models/pagemodel.py:Page._has_cached_hierarchy
│              ├── contains ── cms/models/pagemodel.py:Page._set_hierarchy
│              ├── contains ── cms/models/pagemodel.py:Page._get_path_sql_value
│              ├── contains ── cms/models/pagemodel.py:Page._update_url_path
│              ├── contains ── cms/models/pagemodel.py:Page._update_url_path_recursive
│              ├── contains ── cms/models/pagemodel.py:Page._set_title_root_path
│              ├── contains ── cms/models/pagemodel.py:Page._remove_title_root_path
│              ├── contains ── cms/models/pagemodel.py:Page.is_potential_home
│              ├── contains ── cms/models/pagemodel.py:Page.get_absolute_url
│              ├── contains ── cms/models/pagemodel.py:Page.set_tree_node
│              ├── contains ── cms/models/pagemodel.py:Page.add_to_tree
│              ├── contains ── cms/models/pagemodel.py:Page.move_page
│              ├── contains ── cms/models/pagemodel.py:Page._clear_placeholders
│              ├── contains ── cms/models/pagemodel.py:Page.copy
│              ├── contains ── cms/models/pagemodel.py:Page.copy_with_descendants
│              ├── contains ── cms/models/pagemodel.py:Page.delete
│              ├── contains ── cms/models/pagemodel.py:Page.delete_translations
│              ├── contains ── cms/models/pagemodel.py:Page.save
│              ├── contains ── cms/models/pagemodel.py:Page.update
│              ├── contains ── cms/models/pagemodel.py:Page.update_translations
│              ├── contains ── cms/models/pagemodel.py:Page.has_translation
│              ├── contains ── cms/models/pagemodel.py:Page.clear_cache
│              ├── contains ── cms/models/pagemodel.py:Page.get_child_pages
│              ├── contains ── cms/models/pagemodel.py:Page.get_ancestor_pages
│              ├── contains ── cms/models/pagemodel.py:Page.get_descendant_pages
│              ├── contains ── cms/models/pagemodel.py:Page.get_root
│              ├── contains ── cms/models/pagemodel.py:Page.get_parent_page
│              ├── contains ── cms/models/pagemodel.py:Page.languages
│              ├── contains ── cms/models/pagemodel.py:Page.get_languages
│              ├── contains ── cms/models/pagemodel.py:Page.remove_language
│              ├── contains ── cms/models/pagemodel.py:Page.update_languages
│              ├── contains ── cms/models/pagemodel.py:Page.get_published_languages
│              ├── contains ── cms/models/pagemodel.py:Page.set_translations_cache
│              ├── contains ── cms/models/pagemodel.py:Page.set_admin_content_cache
│              ├── contains ── cms/models/pagemodel.py:Page.get_admin_content
│              ├── contains ── cms/models/pagemodel.py:Page.get_path_for_slug
│              ├── contains ── cms/models/pagemodel.py:Page.get_url
│              ├── contains ── cms/models/pagemodel.py:Page.get_urls
│              ├── contains ── cms/models/pagemodel.py:Page.update_urls
│              ├── contains ── cms/models/pagemodel.py:Page.get_fallbacks
│              ├── contains ── cms/models/pagemodel.py:Page.get_content_obj
│              ├── contains ── cms/models/pagemodel.py:Page.get_page_content_obj_attribute
│              ├── contains ── cms/models/pagemodel.py:Page.get_url_obj
│              ├── contains ── cms/models/pagemodel.py:Page.get_path
│              ├── contains ── cms/models/pagemodel.py:Page.get_slug
│              ├── contains ── cms/models/pagemodel.py:Page.get_title
│              ├── contains ── cms/models/pagemodel.py:Page.get_menu_title
│              ├── contains ── cms/models/pagemodel.py:Page.get_placeholders
│              ├── contains ── cms/models/pagemodel.py:Page.get_changed_date
│              ├── contains ── cms/models/pagemodel.py:Page.get_changed_by
│              ├── contains ── cms/models/pagemodel.py:Page.get_page_title
│              ├── contains ── cms/models/pagemodel.py:Page.get_meta_description
│              ├── contains ── cms/models/pagemodel.py:Page.get_application_urls
│              ├── contains ── cms/models/pagemodel.py:Page.get_redirect
│              ├── contains ── cms/models/pagemodel.py:Page._get_page_content_cache
│              ├── contains ── cms/models/pagemodel.py:Page.template
│              ├── contains ── cms/models/pagemodel.py:Page.soft_root
│              ├── contains ── cms/models/pagemodel.py:Page.get_template
│              ├── contains ── cms/models/pagemodel.py:Page.get_template_name
│              ├── contains ── cms/models/pagemodel.py:Page.has_view_permission
│              ├── contains ── cms/models/pagemodel.py:Page.has_view_restrictions
│              ├── contains ── cms/models/pagemodel.py:Page.has_add_permission
│              ├── contains ── cms/models/pagemodel.py:Page.has_change_permission
│              ├── contains ── cms/models/pagemodel.py:Page.has_delete_permission
│              ├── contains ── cms/models/pagemodel.py:Page.has_delete_translation_permission
│              ├── contains ── cms/models/pagemodel.py:Page.has_publish_permission
│              ├── contains ── cms/models/pagemodel.py:Page.has_advanced_settings_permission
│              ├── contains ── cms/models/pagemodel.py:Page.has_change_permissions_permission
│              ├── contains ── cms/models/pagemodel.py:Page.has_move_page_permission
│              ├── contains ── cms/models/pagemodel.py:Page.get_media_path
│              ├── contains ── cms/models/pagemodel.py:Page.reload
│              ├── contains ── cms/models/pagemodel.py:Page.rescan_placeholders
│              ├── contains ── cms/models/pagemodel.py:Page.get_declared_placeholders
│              ├── contains ── cms/models/pagemodel.py:Page.get_xframe_options
│              ├── contains ── cms/models/pagemodel.py:Page.get_soft_root
│              ├── contains ── cms/models/pagemodel.py:Page.get_in_navigation
│              ├── contains ── cms/models/pagemodel.py:Page.get_limit_visibility_in_menu
│              └── invokes ── cms/models/pagemodel.py:AdminCacheDict
├── imports ── cms/plugin_base.py:CMSPluginBase
│              ├── contains ── cms/plugin_base.py:CMSPluginBase._get_render_template
│              ├── contains ── cms/plugin_base.py:CMSPluginBase.__class_getitem__
│              ├── contains ── cms/plugin_base.py:CMSPluginBase.get_render_queryset
│              ├── contains ── cms/plugin_base.py:CMSPluginBase.render
│              ├── contains ── cms/plugin_base.py:CMSPluginBase.requires_parent_plugin
│              ├── contains ── cms/plugin_base.py:CMSPluginBase._get_template_for_conf
│              ├── contains ── cms/plugin_base.py:CMSPluginBase.get_require_parent
│              ├── contains ── cms/plugin_base.py:CMSPluginBase.get_cache_expiration
│              ├── contains ── cms/plugin_base.py:CMSPluginBase.get_vary_cache_on
│              ├── contains ── cms/plugin_base.py:CMSPluginBase.render_change_form
│              ├── contains ── cms/plugin_base.py:CMSPluginBase.render_close_frame
│              ├── contains ── cms/plugin_base.py:CMSPluginBase.save_model
│              ├── contains ── cms/plugin_base.py:CMSPluginBase.save_form
│              ├── contains ── cms/plugin_base.py:CMSPluginBase.response_add
│              ├── contains ── cms/plugin_base.py:CMSPluginBase.response_change
│              ├── contains ── cms/plugin_base.py:CMSPluginBase.log_addition
│              ├── contains ── cms/plugin_base.py:CMSPluginBase.log_change
│              ├── contains ── cms/plugin_base.py:CMSPluginBase.log_deletion
│              ├── contains ── cms/plugin_base.py:CMSPluginBase.icon_src
│              ├── contains ── cms/plugin_base.py:CMSPluginBase.icon_alt
│              ├── contains ── cms/plugin_base.py:CMSPluginBase.get_fieldsets
│              ├── contains ── cms/plugin_base.py:CMSPluginBase.get_empty_change_form_text
│              ├── contains ── cms/plugin_base.py:CMSPluginBase.get_child_class_overrides
│              ├── contains ── cms/plugin_base.py:CMSPluginBase.get_child_plugin_candidates
│              ├── contains ── cms/plugin_base.py:CMSPluginBase.get_child_classes
│              ├── contains ── cms/plugin_base.py:CMSPluginBase.get_parent_classes
│              ├── contains ── cms/plugin_base.py:CMSPluginBase.get_plugin_urls
│              ├── contains ── cms/plugin_base.py:CMSPluginBase.plugin_urls
│              ├── contains ── cms/plugin_base.py:CMSPluginBase.get_extra_placeholder_menu_items
│              ├── contains ── cms/plugin_base.py:CMSPluginBase.get_extra_plugin_menu_items
│              ├── contains ── cms/plugin_base.py:CMSPluginBase.__repr__
│              └── contains ── cms/plugin_base.py:CMSPluginBase.__str__
├── imports ── cms/utils/conf.py:get_cms_setting
├── imports ── cms/utils/helpers.py:normalize_name
├── imports ── cms/cache/__init__.py:invalidate_cms_page_cache
│              ├── invokes ── cms/cache/__init__.py:_get_cache_version
│              └── invokes ── cms/cache/__init__.py:_set_cache_version
├── imports ── cms/utils/placeholder.py:get_placeholder_conf
│              ├── invokes ── cms/utils/placeholder.py:get_placeholder_conf
│              ├── invokes ── cms/models/managers.py:PlaceholderForObjQS.get
│              └── invokes ── cms/utils/conf.py:get_cms_setting
├── contains-by ── cms
│                  └── contains-by ── /
├── imports-by ── cms/api.py
│                 ├── contains-by ── cms
│                 └── imports-by ── cms/admin/forms.py
├── imports-by ── cms/plugin_rendering.py
│                 └── contains-by ── cms
├── imports-by ── cms/cms_plugins.py
│                 └── contains-by ── cms
├── imports-by ── cms/plugin_base.py
│                 └── contains-by ── cms
├── imports-by ── cms/models/placeholdermodel.py
│                 ├── contains-by ── cms/models
│                 └── imports-by ── cms/models/__init__.py
├── imports-by ── cms/models/managers.py
│                 └── contains-by ── cms/models
├── imports-by ── cms/models/pluginmodel.py
│                 ├── contains-by ── cms/models
│                 └── imports-by ── cms/models/__init__.py
├── imports-by ── cms/forms/wizards.py
│                 └── contains-by ── cms/forms
├── imports-by ── cms/admin/pageadmin.py
│                 ├── contains-by ── cms/admin
│                 └── imports-by ── cms/admin/__init__.py
├── imports-by ── cms/admin/placeholderadmin.py
│                 ├── contains-by ── cms/admin
│                 └── imports-by ── cms/admin/__init__.py
├── imports-by ── cms/admin/forms.py
├── imports-by ── cms/admin/__init__.py
├── imports-by ── cms/utils/plugins.py
│                 └── contains-by ── cms/utils
├── imports-by ── cms/utils/permissions.py
│                 ├── contains-by ── cms/utils
│                 ├── imports-by ── cms/api.py
│                 ├── imports-by ── cms/models/placeholdermodel.py
│                 ├── imports-by ── cms/forms/wizards.py
│                 ├── imports-by ── cms/admin/pageadmin.py
│                 └── imports-by ── cms/admin/permissionadmin.py
├── imports-by ── cms/utils/check.py
│                 └── contains-by ── cms/utils
├── imports-by ── cms/utils/setup.py
│                 └── contains-by ── cms/utils
├── imports-by ── cms/management/commands/subcommands/list.py
│                 └── contains-by ── cms/management/commands/subcommands
├── imports-by ── cms/templatetags/cms_tags.py
│                 ├── contains-by ── cms/templatetags
│                 └── imports-by ── cms/utils/placeholder.py
├── imports-by ── cms/plugin_rendering.py:BaseRenderer.plugin_pool
│                 └── contains-by ── cms/plugin_rendering.py:BaseRenderer
├── imports-by ── cms/plugin_base.py:CMSPluginBase.get_child_plugin_candidates
├── imports-by ── cms/models/placeholdermodel.py:Placeholder.get_extra_menu_items
│                 └── contains-by ── cms/models/placeholdermodel.py:Placeholder
├── imports-by ── cms/models/managers.py:PageManager.search
│                 ├── contains-by ── cms/models/managers.py:PageManager
│                 └── invokes-by ── cms/appresolver.py:AppRegexURLResolver.resolve_page_id
├── imports-by ── cms/models/pluginmodel.py:CMSPlugin.get_plugin_name
│                 ├── contains-by ── cms/models/pluginmodel.py:CMSPlugin
│                 ├── invokes-by ── cms/models/aliaspluginmodel.py:AliasPluginModel.__str__
│                 └── invokes-by ── cms/models/pluginmodel.py:CMSPlugin.get_plugin_info
├── imports-by ── cms/models/pluginmodel.py:CMSPlugin.get_plugin_class
│                 ├── contains-by ── cms/models/pluginmodel.py:CMSPlugin
│                 ├── invokes-by ── cms/toolbar/utils.py:get_plugin_tree
│                 ├── invokes-by ── cms/models/pluginmodel.py:CMSPlugin.get_plugin_class_instance
│                 ├── invokes-by ── cms/models/pluginmodel.py:CMSPlugin.get_bound_plugin
│                 ├── invokes-by ── cms/models/pluginmodel.py:CMSPlugin.get_plugin_info
│                 ├── invokes-by ── cms/admin/placeholderadmin.py:PlaceholderAdmin.delete_plugin
│                 ├── invokes-by ── cms/utils/plugins.py:get_plugin_model
│                 ├── invokes-by ── cms/utils/plugins.py:get_plugin_restrictions
│                 └── invokes-by ── cms/utils/plugins.py:downcast_plugins
├── imports-by ── cms/utils/permissions.py:has_plugin_permission
│                 ├── contains-by ── cms/utils/permissions.py
│                 ├── imports-by ── cms/plugin_rendering.py
│                 ├── imports-by ── cms/utils/plugins.py
│                 ├── invokes-by ── cms/models/placeholdermodel.py:Placeholder.has_add_plugin_permission
│                 ├── invokes-by ── cms/models/placeholdermodel.py:Placeholder.has_add_plugins_permission
│                 ├── invokes-by ── cms/models/placeholdermodel.py:Placeholder.has_change_plugin_permission
│                 ├── invokes-by ── cms/models/placeholdermodel.py:Placeholder.has_delete_plugin_permission
│                 ├── invokes-by ── cms/models/placeholdermodel.py:Placeholder.has_move_plugin_permission
│                 ├── invokes-by ── cms/forms/wizards.py:CreateCMSPageForm.save
│                 └── invokes-by ── cms/utils/plugins.py:create_default_plugins._create_default_plugins
├── imports-by ── cms/utils/check.py:check_copy_relations
│                 └── contains-by ── cms/utils/check.py
├── imports-by ── cms/utils/check.py:check_plugin_parent_child_relations
│                 └── contains-by ── cms/utils/check.py
└── imports-by ── cms/utils/setup.py:setup
                  ├── contains-by ── cms/utils/setup.py
                  ├── imports-by ── cms/apps.py
                  ├── imports-by ── cms/apps.py:CMSConfig.ready
                  └── invokes-by ── cms/apps.py:CMSConfig.ready

cms/plugin_rendering.py
├── contains ── cms/plugin_rendering.py:_unpack_plugins
│               └── invokes ── cms/plugin_rendering.py:_unpack_plugins
├── contains ── cms/plugin_rendering.py:RenderedPlaceholder
│               ├── contains ── cms/plugin_rendering.py:RenderedPlaceholder.__eq__
│               ├── contains ── cms/plugin_rendering.py:RenderedPlaceholder.__ne__
│               └── contains ── cms/plugin_rendering.py:RenderedPlaceholder.__hash__
├── contains ── cms/plugin_rendering.py:BaseRenderer
│               ├── contains ── cms/plugin_rendering.py:BaseRenderer.current_page
│               ├── contains ── cms/plugin_rendering.py:BaseRenderer.current_site
│               ├── contains ── cms/plugin_rendering.py:BaseRenderer.toolbar
│               ├── contains ── cms/plugin_rendering.py:BaseRenderer.templates
│               ├── contains ── cms/plugin_rendering.py:BaseRenderer.plugin_pool
│               ├── contains ── cms/plugin_rendering.py:BaseRenderer.request_language
│               ├── contains ── cms/plugin_rendering.py:BaseRenderer.get_placeholder_plugin_menu
│               ├── contains ── cms/plugin_rendering.py:BaseRenderer.get_placeholder_toolbar_js
│               ├── contains ── cms/plugin_rendering.py:BaseRenderer.get_plugin_toolbar_js
│               ├── contains ── cms/plugin_rendering.py:BaseRenderer.get_plugin_class
│               ├── contains ── cms/plugin_rendering.py:BaseRenderer.get_plugins_to_render
│               ├── contains ── cms/plugin_rendering.py:BaseRenderer.get_rendered_plugins_cache
│               ├── contains ── cms/plugin_rendering.py:BaseRenderer.get_rendered_placeholders
│               ├── contains ── cms/plugin_rendering.py:BaseRenderer.get_rendered_editable_placeholders
│               └── contains ── cms/plugin_rendering.py:BaseRenderer.get_rendered_static_placeholders
├── contains ── cms/plugin_rendering.py:ContentRenderer
│               ├── contains ── cms/plugin_rendering.py:ContentRenderer.placeholder_cache_is_enabled
│               ├── contains ── cms/plugin_rendering.py:ContentRenderer.render_placeholder
│               ├── contains ── cms/plugin_rendering.py:ContentRenderer.get_editable_placeholder_context
│               ├── contains ── cms/plugin_rendering.py:ContentRenderer.render_obj_placeholder
│               ├── contains ── cms/plugin_rendering.py:ContentRenderer.render_page_placeholder
│               ├── contains ── cms/plugin_rendering.py:ContentRenderer.render_static_placeholder
│               ├── contains ── cms/plugin_rendering.py:ContentRenderer.render_plugin
│               ├── contains ── cms/plugin_rendering.py:ContentRenderer.render_exception
│               ├── contains ── cms/plugin_rendering.py:ContentRenderer.render_plugins
│               ├── contains ── cms/plugin_rendering.py:ContentRenderer._get_cached_placeholder_content
│               ├── contains ── cms/plugin_rendering.py:ContentRenderer._get_content_object
│               ├── contains ── cms/plugin_rendering.py:ContentRenderer._preload_placeholders_for_page
│               ├── invokes ── cms/templatetags/cms_js_tags.py:bool
│               └── inherits ── cms/plugin_rendering.py:BaseRenderer
├── contains ── cms/plugin_rendering.py:StructureRenderer
│               ├── contains ── cms/plugin_rendering.py:StructureRenderer.get_plugins_to_render
│               ├── contains ── cms/plugin_rendering.py:StructureRenderer.render_placeholder
│               ├── contains ── cms/plugin_rendering.py:StructureRenderer.render_page_placeholder
│               ├── contains ── cms/plugin_rendering.py:StructureRenderer.render_static_placeholder
│               ├── contains ── cms/plugin_rendering.py:StructureRenderer.render_plugin
│               ├── contains ── cms/plugin_rendering.py:StructureRenderer.render_plugins
│               └── inherits ── cms/plugin_rendering.py:BaseRenderer
├── contains ── cms/plugin_rendering.py:LegacyRenderer
│               ├── contains ── cms/plugin_rendering.py:LegacyRenderer.get_editable_placeholder_context
│               └── inherits ── cms/plugin_rendering.py:ContentRenderer
├── contains ── cms/plugin_rendering.py:PluginContext
│               ├── invokes ── cms/models/pagemodel.py:Page.update
│               ├── invokes ── cms/models/contentmodels.py:PageContent.update
│               ├── invokes ── cms/models/pluginmodel.py:CMSPlugin.update
│               └── invokes ── cms/utils/conf.py:get_cms_setting
├── imports ── cms/cache/placeholder.py:get_placeholder_cache
│              ├── invokes ── cms/cache/placeholder.py:_get_placeholder_cache_key
│              └── invokes ── cms/models/managers.py:PlaceholderForObjQS.get
├── imports ── cms/cache/placeholder.py:set_placeholder_cache
│              ├── invokes ── cms/plugin_base.py:CMSPluginBase.get_cache_expiration
│              ├── invokes ── cms/models/placeholdermodel.py:Placeholder.get_cache_expiration
│              ├── invokes ── cms/cache/placeholder.py:_get_placeholder_cache_key
│              ├── invokes ── cms/cache/placeholder.py:_get_placeholder_cache_version
│              ├── invokes ── cms/cache/placeholder.py:_set_placeholder_cache_version
│              └── invokes ── cms/utils/conf.py:get_cms_setting
├── imports ── cms/exceptions.py:PlaceholderNotFound
├── imports ── cms/models/__init__.py
│              ├── imports ── cms/models/settingmodels.py
│              ├── imports ── cms/models/pagemodel.py
│              ├── imports ── cms/models/permissionmodels.py
│              ├── imports ── cms/models/placeholdermodel.py
│              ├── imports ── cms/models/pluginmodel.py
│              ├── imports ── cms/models/contentmodels.py
│              ├── imports ── cms/models/placeholderpluginmodel.py
│              ├── imports ── cms/models/static_placeholder.py
│              ├── imports ── cms/models/aliaspluginmodel.py
│              ├── imports ── cms/models/apphooks_reload.py
│              └── imports ── cms/signals/__init__.py
├── imports ── cms/plugin_pool.py:PluginPool
│              ├── contains ── cms/plugin_pool.py:PluginPool._clear_cached
│              ├── contains ── cms/plugin_pool.py:PluginPool.discover_plugins
│              ├── contains ── cms/plugin_pool.py:PluginPool.clear
│              ├── contains ── cms/plugin_pool.py:PluginPool.validate_templates
│              ├── contains ── cms/plugin_pool.py:PluginPool.register_plugin
│              ├── contains ── cms/plugin_pool.py:PluginPool.unregister_plugin
│              ├── contains ── cms/plugin_pool.py:PluginPool.get_all_plugins
│              ├── contains ── cms/plugin_pool.py:PluginPool.get_text_enabled_plugins
│              ├── contains ── cms/plugin_pool.py:PluginPool.get_plugin
│              ├── contains ── cms/plugin_pool.py:PluginPool.get_patterns
│              ├── contains ── cms/plugin_pool.py:PluginPool.get_system_plugins
│              ├── contains ── cms/plugin_pool.py:PluginPool.registered_plugins
│              ├── contains ── cms/plugin_pool.py:PluginPool.plugins_with_extra_menu
│              ├── contains ── cms/plugin_pool.py:PluginPool.plugins_with_extra_placeholder_menu
│              ├── contains ── cms/plugin_pool.py:PluginPool.get_restrictions_cache
│              ├── contains ── cms/plugin_pool.py:PluginPool.can_cache_globally
│              └── invokes ── cms/utils/conf.py:get_cms_setting
├── imports ── cms/toolbar/utils.py:get_placeholder_toolbar_js
│              ├── invokes ── cms/utils/urlutils.py:admin_reverse
│              └── invokes ── cms/models/placeholdermodel.py:Placeholder.get_label
├── imports ── cms/toolbar/utils.py:get_plugin_toolbar_js
│              └── invokes ── cms/toolbar/utils.py:get_plugin_toolbar_info
├── imports ── cms/toolbar/utils.py:get_toolbar_from_request
│              ├── imports ── cms/toolbar/toolbar.py:EmptyToolbar
│              └── invokes ── cms/toolbar/toolbar.py:EmptyToolbar
├── imports ── cms/utils/__init__.py:get_language_from_request
│              ├── invokes ── cms/utils/i18n.py:get_language_code
│              ├── invokes ── cms/models/managers.py:PlaceholderForObjQS.get
│              ├── invokes ── cms/utils/i18n.py:get_default_language
│              ├── invokes ── cms/models/pagemodel.py:Page.get_languages
│              ├── invokes ── cms/utils/conf.py:get_languages
│              ├── invokes ── cms/utils/i18n.py:get_languages
│              ├── invokes ── cms/utils/i18n.py:get_current_language
│              └── invokes ── cms/utils/i18n.py:get_language_list
├── imports ── cms/utils/conf.py:get_cms_setting
├── imports ── cms/utils/permissions.py:has_plugin_permission
│              ├── imports ── cms/plugin_pool.py
│              ├── invokes ── cms/plugin_pool.py:PluginPool.get_plugin
│              └── invokes ── cms/utils/permissions.py:get_model_permission_codename
├── imports ── cms/utils/placeholder.py:get_toolbar_plugin_struct
│              ├── invokes ── cms/utils/placeholder.py:get_placeholder_conf
│              ├── invokes ── cms/models/managers.py:PlaceholderForObjQS.get
│              ├── invokes ── cms/models/pagemodel.py:Page.get_template
│              ├── invokes ── cms/templatetags/cms_tags.py:CMSEditableObject.get_template
│              └── invokes ── cms/models/contentmodels.py:PageContent.get_template
├── imports ── cms/utils/placeholder.py:rescan_placeholders_for_obj
│              ├── imports ── cms/models/__init__.py
│              ├── invokes ── cms/models/managers.py:PlaceholderManager.get_for_obj
│              └── invokes ── cms/utils/placeholder.py:get_declared_placeholders_for_obj
├── imports ── cms/utils/placeholder.py:restore_sekizai_context
│              ├── invokes ── cms/models/managers.py:PlaceholderForObjQS.get
│              └── invokes ── cms/sitemaps/cms_sitemap.py:CMSSitemap.items
├── imports ── cms/utils/plugins.py:get_plugin_restrictions
│              ├── invokes ── cms/plugin_base.py:CMSPluginBase.get_child_classes
│              ├── invokes ── cms/plugin_pool.py:PluginPool.get_restrictions_cache
│              ├── invokes ── cms/plugin_base.py:CMSPluginBase.get_parent_classes
│              ├── invokes ── cms/plugin_pool.py:PluginPool.get_plugin
│              ├── invokes ── cms/models/pluginmodel.py:CMSPlugin.get_plugin_class
│              └── invokes ── cms/utils/plugins.py:get_plugin_class
├── imports ── cms/plugin_pool.py
├── imports ── cms/utils/plugins.py:get_plugins
│              └── invokes ── cms/utils/plugins.py:assign_plugins
├── imports ── cms/utils/plugins.py:assign_plugins
└── contains-by ── cms
                   └── contains-by ── /

2026-09-14 22:38:29 utils.py INFO 
LiteLLM completion() model= qwen/qwen3-coder; provider = openrouter
2026-09-14 22:38:31 utils.py INFO Wrapper: Completed Call, calling success_handler
2026-09-14 22:38:31 auto_search_main.py INFO Executing code:
```
print(explore_tree_structure(**{'start_entities': ['cms/toolbar'], 'traversal_depth': 2, 'dependency_type_filter': "['contains']"}))
```
2026-09-14 22:38:31 auto_search_main.py INFO OBSERVATION:
cms/toolbar
├── contains ── cms/toolbar/toolbar.py
│               ├── contains ── cms/toolbar/toolbar.py:BaseToolbar
│               ├── contains ── cms/toolbar/toolbar.py:CMSToolbarBase
│               └── contains ── cms/toolbar/toolbar.py:EmptyToolbar
├── contains ── cms/toolbar/utils.py
│               ├── contains ── cms/toolbar/utils.py:get_placeholder_toolbar_js
│               ├── contains ── cms/toolbar/utils.py:get_plugin_toolbar_info
│               ├── contains ── cms/toolbar/utils.py:get_plugin_toolbar_js
│               ├── contains ── cms/toolbar/utils.py:get_plugin_tree_as_json
│               ├── contains ── cms/toolbar/utils.py:get_plugin_tree
│               ├── contains ── cms/toolbar/utils.py:get_plugin_content
│               ├── contains ── cms/toolbar/utils.py:get_plugin_tree_ids
│               ├── contains ── cms/toolbar/utils.py:get_toolbar_from_request
│               ├── contains ── cms/toolbar/utils.py:add_live_url_querystring_param
│               ├── contains ── cms/toolbar/utils.py:get_object_edit_url
│               ├── contains ── cms/toolbar/utils.py:get_object_preview_url
│               ├── contains ── cms/toolbar/utils.py:get_object_structure_url
│               └── contains ── cms/toolbar/utils.py:get_object_for_language
├── contains ── cms/toolbar/__init__.py
└── contains ── cms/toolbar/items.py
                ├── contains ── cms/toolbar/items.py:ItemSearchResult
                ├── contains ── cms/toolbar/items.py:may_be_lazy
                ├── contains ── cms/toolbar/items.py:ToolbarAPIMixin
                ├── contains ── cms/toolbar/items.py:BaseItem
                ├── contains ── cms/toolbar/items.py:TemplateItem
                ├── contains ── cms/toolbar/items.py:SubMenu
                ├── contains ── cms/toolbar/items.py:Menu
                ├── contains ── cms/toolbar/items.py:LinkItem
                ├── contains ── cms/toolbar/items.py:FrameItem
                ├── contains ── cms/toolbar/items.py:SideframeItem
                ├── contains ── cms/toolbar/items.py:ModalItem
                ├── contains ── cms/toolbar/items.py:AjaxItem
                ├── contains ── cms/toolbar/items.py:Break
                ├── contains ── cms/toolbar/items.py:BaseButton
                ├── contains ── cms/toolbar/items.py:Button
                ├── contains ── cms/toolbar/items.py:ModalButton
                ├── contains ── cms/toolbar/items.py:SideframeButton
                ├── contains ── cms/toolbar/items.py:ButtonList
                ├── contains ── cms/toolbar/items.py:Dropdown
                └── contains ── cms/toolbar/items.py:DropdownToggleButton

2026-09-14 22:38:31 utils.py INFO 
LiteLLM completion() model= qwen/qwen3-coder; provider = openrouter
2026-09-14 22:38:33 utils.py INFO Wrapper: Completed Call, calling success_handler
2026-09-14 22:38:33 auto_search_main.py INFO Executing code:
```
print(explore_tree_structure(**{'start_entities': ['cms/admin'], 'traversal_depth': 2, 'dependency_type_filter': "['contains']"}))
```
2026-09-14 22:38:33 auto_search_main.py INFO OBSERVATION:
cms/admin
├── contains ── cms/admin/pageadmin.py
│               ├── contains ── cms/admin/pageadmin.py:get_site
│               ├── contains ── cms/admin/pageadmin.py:PageDeleteMessageMixin
│               ├── contains ── cms/admin/pageadmin.py:PageAdmin
│               └── contains ── cms/admin/pageadmin.py:PageContentAdmin
├── contains ── cms/admin/placeholderadmin.py
│               ├── contains ── cms/admin/placeholderadmin.py:get_int
│               ├── contains ── cms/admin/placeholderadmin.py:_instance_overrides_method
│               ├── contains ── cms/admin/placeholderadmin.py:BaseEditableAdminMixin
│               ├── contains ── cms/admin/placeholderadmin.py:FrontendEditableAdminMixin
│               ├── contains ── cms/admin/placeholderadmin.py:PlaceholderAdminMixinBase
│               ├── contains ── cms/admin/placeholderadmin.py:PlaceholderAdminMixin
│               └── contains ── cms/admin/placeholderadmin.py:PlaceholderAdmin
├── contains ── cms/admin/utils.py
│               ├── contains ── cms/admin/utils.py:ChangeListActionsMixin
│               ├── contains ── cms/admin/utils.py:GrouperChangeListBase
│               ├── contains ── cms/admin/utils.py:GrouperModelAdmin
│               ├── contains ── cms/admin/utils.py:_GrouperAdminFormMixin
│               └── contains ── cms/admin/utils.py:GrouperAdminFormMixin
├── contains ── cms/admin/permissionadmin.py
│               ├── contains ── cms/admin/permissionadmin.py:TabularInline
│               ├── contains ── cms/admin/permissionadmin.py:PagePermissionInlineAdmin
│               ├── contains ── cms/admin/permissionadmin.py:ViewRestrictionInlineAdmin
│               └── contains ── cms/admin/permissionadmin.py:GlobalPagePermissionAdmin
├── contains ── cms/admin/useradmin.py
│               ├── contains ── cms/admin/useradmin.py:GenericCmsPermissionAdmin
│               ├── contains ── cms/admin/useradmin.py:PageUserAdmin
│               └── contains ── cms/admin/useradmin.py:PageUserGroupAdmin
├── contains ── cms/admin/forms.py
│               ├── contains ── cms/admin/forms.py:get_permission_accessor
│               ├── contains ── cms/admin/forms.py:get_page_changed_by_filter_choices
│               ├── contains ── cms/admin/forms.py:get_page_template_filter_choices
│               ├── contains ── cms/admin/forms.py:get_main_language_page_content_template
│               ├── contains ── cms/admin/forms.py:save_permissions
│               ├── contains ── cms/admin/forms.py:CopyPermissionForm
│               ├── contains ── cms/admin/forms.py:SlugWidget
│               ├── contains ── cms/admin/forms.py:BasePageContentForm
│               ├── contains ── cms/admin/forms.py:AddPageForm
│               ├── contains ── cms/admin/forms.py:AddPageTypeForm
│               ├── contains ── cms/admin/forms.py:DuplicatePageForm
│               ├── contains ── cms/admin/forms.py:ChangePageForm
│               ├── contains ── cms/admin/forms.py:AdvancedSettingsForm
│               ├── contains ── cms/admin/forms.py:PageTreeForm
│               ├── contains ── cms/admin/forms.py:MovePageForm
│               ├── contains ── cms/admin/forms.py:CopyPageForm
│               ├── contains ── cms/admin/forms.py:ChangeListForm
│               ├── contains ── cms/admin/forms.py:BasePermissionAdminForm
│               ├── contains ── cms/admin/forms.py:PagePermissionInlineAdminForm
│               ├── contains ── cms/admin/forms.py:ViewRestrictionInlineAdminForm
│               ├── contains ── cms/admin/forms.py:GlobalPagePermissionAdminForm
│               ├── contains ── cms/admin/forms.py:GenericCmsPermissionForm
│               ├── contains ── cms/admin/forms.py:PageUserAddForm
│               ├── contains ── cms/admin/forms.py:PageUserChangeForm
│               ├── contains ── cms/admin/forms.py:PageUserGroupForm
│               ├── contains ── cms/admin/forms.py:PluginAddValidationForm
│               └── contains ── cms/admin/forms.py:RequestToolbarForm
├── contains ── cms/admin/static_placeholder.py
│               └── contains ── cms/admin/static_placeholder.py:StaticPlaceholderAdmin
├── contains ── cms/admin/__init__.py
└── contains ── cms/admin/settingsadmin.py
                └── contains ── cms/admin/settingsadmin.py:SettingsAdmin

2026-09-14 22:38:33 utils.py INFO 
LiteLLM completion() model= qwen/qwen3-coder; provider = openrouter
2026-09-14 22:38:35 utils.py INFO Wrapper: Completed Call, calling success_handler
2026-09-14 22:38:35 auto_search_main.py INFO Executing code:
```
print(explore_tree_structure(**{'start_entities': ['cms/models/pluginmodel.py'], 'direction': 'both', 'traversal_depth': 2}))
```
2026-09-14 22:38:35 auto_search_main.py INFO OBSERVATION:
cms/models/pluginmodel.py
├── contains ── cms/models/pluginmodel.py:_get_descendants_cte
│               └── invokes ── cms/models/pluginmodel.py:_get_database_vendor
├── contains ── cms/models/pluginmodel.py:_get_ancestors_cte
│               └── invokes ── cms/models/pluginmodel.py:_get_database_vendor
├── contains ── cms/models/pluginmodel.py:_get_database_connection
├── contains ── cms/models/pluginmodel.py:_get_database_vendor
├── contains ── cms/models/pluginmodel.py:_get_database_cursor
│               └── invokes ── cms/models/pluginmodel.py:_get_database_connection
├── contains ── cms/models/pluginmodel.py:BoundRenderMeta
├── contains ── cms/models/pluginmodel.py:PluginModelBase
│               └── contains ── cms/models/pluginmodel.py:PluginModelBase.__new__
├── contains ── cms/models/pluginmodel.py:CMSPlugin
│               ├── contains ── cms/models/pluginmodel.py:CMSPlugin.Meta
│               ├── contains ── cms/models/pluginmodel.py:CMSPlugin.RenderMeta
│               ├── contains ── cms/models/pluginmodel.py:CMSPlugin.__str__
│               ├── contains ── cms/models/pluginmodel.py:CMSPlugin.__repr__
│               ├── contains ── cms/models/pluginmodel.py:CMSPlugin.get_plugin_name
│               ├── contains ── cms/models/pluginmodel.py:CMSPlugin.get_short_description
│               ├── contains ── cms/models/pluginmodel.py:CMSPlugin.get_plugin_class
│               ├── contains ── cms/models/pluginmodel.py:CMSPlugin.get_plugin_class_instance
│               ├── contains ── cms/models/pluginmodel.py:CMSPlugin.get_plugin_instance
│               ├── contains ── cms/models/pluginmodel.py:CMSPlugin.get_bound_plugin
│               ├── contains ── cms/models/pluginmodel.py:CMSPlugin.get_plugin_info
│               ├── contains ── cms/models/pluginmodel.py:CMSPlugin.refresh_from_db
│               ├── contains ── cms/models/pluginmodel.py:CMSPlugin.get_media_path
│               ├── contains ── cms/models/pluginmodel.py:CMSPlugin.page
│               ├── contains ── cms/models/pluginmodel.py:CMSPlugin.get_instance_icon_src
│               ├── contains ── cms/models/pluginmodel.py:CMSPlugin.get_instance_icon_alt
│               ├── contains ── cms/models/pluginmodel.py:CMSPlugin.update
│               ├── contains ── cms/models/pluginmodel.py:CMSPlugin.reload
│               ├── contains ── cms/models/pluginmodel.py:CMSPlugin._get_descendants_count
│               ├── contains ── cms/models/pluginmodel.py:CMSPlugin._get_descendants_ids
│               ├── contains ── cms/models/pluginmodel.py:CMSPlugin.get_children
│               ├── contains ── cms/models/pluginmodel.py:CMSPlugin.get_descendants
│               ├── contains ── cms/models/pluginmodel.py:CMSPlugin.get_ancestors
│               ├── contains ── cms/models/pluginmodel.py:CMSPlugin.get_ancestors_qs
│               ├── contains ── cms/models/pluginmodel.py:CMSPlugin.set_base_attr
│               ├── contains ── cms/models/pluginmodel.py:CMSPlugin.post_copy
│               ├── contains ── cms/models/pluginmodel.py:CMSPlugin.copy_relations
│               ├── contains ── cms/models/pluginmodel.py:CMSPlugin._get_related_objects
│               ├── contains ── cms/models/pluginmodel.py:CMSPlugin.notify_on_autoadd
│               ├── contains ── cms/models/pluginmodel.py:CMSPlugin.notify_on_autoadd_children
│               └── contains ── cms/models/pluginmodel.py:CMSPlugin.get_action_urls
├── contains ── cms/models/pluginmodel.py:get_plugin_media_path
│               └── invokes ── cms/models/pluginmodel.py:CMSPlugin.get_media_path
├── imports ── cms/exceptions.py:DontUsePageAttributeWarning
├── imports ── cms/models/placeholdermodel.py:Placeholder
│              ├── contains ── cms/models/placeholdermodel.py:Placeholder.Meta
│              ├── contains ── cms/models/placeholdermodel.py:Placeholder.__str__
│              ├── contains ── cms/models/placeholdermodel.py:Placeholder.__repr__
│              ├── contains ── cms/models/placeholdermodel.py:Placeholder.clear
│              ├── contains ── cms/models/placeholdermodel.py:Placeholder.get_label
│              ├── contains ── cms/models/placeholdermodel.py:Placeholder.get_extra_context
│              ├── contains ── cms/models/placeholdermodel.py:Placeholder.get_extra_menu_items
│              ├── contains ── cms/models/placeholdermodel.py:Placeholder.has_change_permission
│              ├── contains ── cms/models/placeholdermodel.py:Placeholder.has_add_plugin_permission
│              ├── contains ── cms/models/placeholdermodel.py:Placeholder.has_add_plugins_permission
│              ├── contains ── cms/models/placeholdermodel.py:Placeholder.has_change_plugin_permission
│              ├── contains ── cms/models/placeholdermodel.py:Placeholder.has_delete_plugin_permission
│              ├── contains ── cms/models/placeholdermodel.py:Placeholder.has_move_plugin_permission
│              ├── contains ── cms/models/placeholdermodel.py:Placeholder.has_clear_permission
│              ├── contains ── cms/models/placeholdermodel.py:Placeholder.has_delete_plugins_permission
│              ├── contains ── cms/models/placeholdermodel.py:Placeholder._get_source_remote_field
│              ├── contains ── cms/models/placeholdermodel.py:Placeholder.check_source
│              ├── contains ── cms/models/placeholdermodel.py:Placeholder._get_attached_model
│              ├── contains ── cms/models/placeholdermodel.py:Placeholder.page_getter
│              ├── contains ── cms/models/placeholdermodel.py:Placeholder.page_setter
│              ├── contains ── cms/models/placeholdermodel.py:Placeholder.get_plugins_list
│              ├── contains ── cms/models/placeholdermodel.py:Placeholder.get_plugins
│              ├── contains ── cms/models/placeholdermodel.py:Placeholder.has_plugins
│              ├── contains ── cms/models/placeholdermodel.py:Placeholder.get_filled_languages
│              ├── contains ── cms/models/placeholdermodel.py:Placeholder.get_cached_plugins
│              ├── contains ── cms/models/placeholdermodel.py:Placeholder.actions
│              ├── contains ── cms/models/placeholdermodel.py:Placeholder.get_cache_expiration
│              ├── contains ── cms/models/placeholdermodel.py:Placeholder.clear_cache
│              ├── contains ── cms/models/placeholdermodel.py:Placeholder.get_plugin_tree_order
│              ├── contains ── cms/models/placeholdermodel.py:Placeholder.get_vary_cache_on
│              ├── contains ── cms/models/placeholdermodel.py:Placeholder.copy_plugins
│              ├── contains ── cms/models/placeholdermodel.py:Placeholder.add_plugin
│              ├── contains ── cms/models/placeholdermodel.py:Placeholder.move_plugin
│              ├── contains ── cms/models/placeholdermodel.py:Placeholder._move_plugin_to_placeholder
│              ├── contains ── cms/models/placeholdermodel.py:Placeholder.delete_plugin
│              ├── contains ── cms/models/placeholdermodel.py:Placeholder.get_last_plugin
│              ├── contains ── cms/models/placeholdermodel.py:Placeholder.get_next_plugin_position
│              ├── contains ── cms/models/placeholdermodel.py:Placeholder.get_first_plugin_position
│              ├── contains ── cms/models/placeholdermodel.py:Placeholder.get_last_plugin_position
│              ├── contains ── cms/models/placeholdermodel.py:Placeholder._shift_plugin_positions
│              └── contains ── cms/models/placeholdermodel.py:Placeholder._recalculate_plugin_positions
├── imports ── cms/utils/conf.py:get_cms_setting
├── imports ── cms/utils/urlutils.py:admin_reverse
├── imports ── cms/plugin_pool.py
│              ├── contains ── cms/plugin_pool.py:PluginPool
│              ├── imports ── cms/exceptions.py:PluginAlreadyRegistered
│              ├── imports ── cms/exceptions.py:PluginNotRegistered
│              ├── imports ── cms/models/pagemodel.py:Page
│              ├── imports ── cms/plugin_base.py:CMSPluginBase
│              ├── imports ── cms/utils/conf.py:get_cms_setting
│              ├── imports ── cms/utils/helpers.py:normalize_name
│              ├── imports ── cms/cache/__init__.py:invalidate_cms_page_cache
│              └── imports ── cms/utils/placeholder.py:get_placeholder_conf
├── contains-by ── cms/models
│                  └── contains-by ── cms
└── imports-by ── cms/models/__init__.py
                  ├── contains-by ── cms/models
                  ├── imports-by ── cms/menu_bases.py
                  ├── imports-by ── cms/page_rendering.py
                  ├── imports-by ── cms/cms_menus.py
                  ├── imports-by ── cms/api.py
                  ├── imports-by ── cms/cms_toolbars.py
                  ├── imports-by ── cms/cms_config.py
                  ├── imports-by ── cms/views.py
                  ├── imports-by ── cms/plugin_rendering.py
                  ├── imports-by ── cms/cms_wizards.py
                  ├── imports-by ── cms/plugin_base.py
                  ├── imports-by ── cms/migrations/0029_create_title_fields_and_url_model.py
                  ├── imports-by ── cms/migrations/0001_initial.py
                  ├── imports-by ── cms/signals/permissions.py
                  ├── imports-by ── cms/signals/__init__.py
                  ├── imports-by ── cms/signals/log_entries.py
                  ├── imports-by ── cms/toolbar/toolbar.py
                  ├── imports-by ── cms/toolbar/utils.py
                  ├── imports-by ── cms/models/aliaspluginmodel.py
                  ├── imports-by ── cms/models/placeholdermodel.py
                  ├── imports-by ── cms/models/pagemodel.py
                  ├── imports-by ── cms/models/managers.py
                  ├── imports-by ── cms/models/permissionmodels.py
                  ├── imports-by ── cms/models/placeholderpluginmodel.py
                  ├── imports-by ── cms/forms/utils.py
                  ├── imports-by ── cms/forms/widgets.py
                  ├── imports-by ── cms/extensions/toolbar.py
                  ├── imports-by ── cms/extensions/models.py
                  ├── imports-by ── cms/extensions/admin.py
                  ├── imports-by ── cms/wizards/forms.py
                  ├── imports-by ── cms/wizards/views.py
                  ├── imports-by ── cms/admin/pageadmin.py
                  ├── imports-by ── cms/admin/permissionadmin.py
                  ├── imports-by ── cms/admin/useradmin.py
                  ├── imports-by ── cms/admin/forms.py
                  ├── imports-by ── cms/admin/static_placeholder.py
                  ├── imports-by ── cms/admin/settingsadmin.py
                  ├── imports-by ── cms/utils/apphook_reload.py
                  ├── imports-by ── cms/utils/page_permissions.py
                  ├── imports-by ── cms/utils/placeholder.py
                  ├── imports-by ── cms/utils/page.py
                  ├── imports-by ── cms/utils/permissions.py
                  ├── imports-by ── cms/utils/check.py
                  ├── imports-by ── cms/sitemaps/cms_sitemap.py
                  ├── imports-by ── cms/operations/helpers.py
                  ├── imports-by ── cms/cache/__init__.py
                  ├── imports-by ── cms/management/commands/subcommands/copy.py
                  ├── imports-by ── cms/management/commands/subcommands/uninstall.py
                  ├── imports-by ── cms/management/commands/subcommands/list.py
                  ├── imports-by ── cms/templatetags/cms_admin.py
                  ├── imports-by ── cms/templatetags/cms_tags.py
                  ├── imports-by ── cms/models/pagemodel.py:Page._clear_placeholders
                  ├── imports-by ── cms/models/pagemodel.py:Page.copy
                  ├── imports-by ── cms/models/pagemodel.py:Page.copy_with_descendants
                  ├── imports-by ── cms/models/pagemodel.py:Page.get_content_obj
                  ├── imports-by ── cms/models/pagemodel.py:Page.get_placeholders
                  ├── imports-by ── cms/models/pagemodel.py:Page.has_view_restrictions
                  ├── imports-by ── cms/models/managers.py:PagePermissionManager.subordinate_to_user
                  ├── imports-by ── cms/models/managers.py:PagePermissionManager.for_page
                  ├── imports-by ── cms/forms/utils.py:get_page_choices_for_site
                  ├── imports-by ── cms/utils/apphook_reload.py:get_global_revision
                  ├── imports-by ── cms/utils/apphook_reload.py:set_global_revision
                  ├── imports-by ── cms/utils/page_permissions.py:_get_all_placeholders
                  ├── imports-by ── cms/utils/placeholder.py:rescan_placeholders_for_obj
                  ├── imports-by ── cms/utils/page.py:get_page_queryset
                  ├── imports-by ── cms/utils/page.py:get_page_from_request
                  ├── imports-by ── cms/utils/permissions.py:get_subordinate_users
                  ├── imports-by ── cms/utils/permissions.py:get_subordinate_groups
                  └── imports-by ── cms/cache/__init__.py:_get_cache_key

2026-09-14 22:38:35 utils.py INFO 
LiteLLM completion() model= qwen/qwen3-coder; provider = openrouter
2026-09-14 22:38:37 utils.py INFO Wrapper: Completed Call, calling success_handler
2026-09-14 22:38:37 auto_search_main.py INFO Executing code:
```
print(explore_tree_structure(**{'start_entities': ['cms/utils/plugins.py'], 'direction': 'both', 'traversal_depth': 2}))
```
2026-09-14 22:38:37 auto_search_main.py INFO OBSERVATION:
cms/utils/plugins.py
├── contains ── cms/utils/plugins.py:get_plugin_class
│               └── invokes ── cms/plugin_pool.py:PluginPool.get_plugin
├── contains ── cms/utils/plugins.py:get_plugin_model
│               ├── invokes ── cms/models/pluginmodel.py:CMSPlugin.get_plugin_class
│               └── invokes ── cms/utils/plugins.py:get_plugin_class
├── contains ── cms/utils/plugins.py:get_plugins
│               └── invokes ── cms/utils/plugins.py:assign_plugins
├── contains ── cms/utils/plugins.py:assign_plugins
├── contains ── cms/utils/plugins.py:create_default_plugins
│               ├── contains ── cms/utils/plugins.py:create_default_plugins._create_default_plugins
│               ├── imports ── cms/api.py:add_plugin
│               ├── invokes ── cms/utils/placeholder.py:get_placeholder_conf
│               ├── invokes ── cms/models/query.py:PageQuerySet.filter
│               ├── invokes ── cms/models/placeholdermodel.py:Placeholder.has_change_permission
│               ├── invokes ── cms/models/pagemodel.py:Page.has_change_permission
│               ├── invokes ── cms/models/static_placeholder.py:StaticPlaceholder.has_change_permission
│               ├── invokes ── cms/admin/pageadmin.py:PageAdmin.has_change_permission
│               ├── invokes ── cms/admin/pageadmin.py:PageContentAdmin.has_change_permission
│               ├── invokes ── cms/admin/placeholderadmin.py:PlaceholderAdmin.has_change_permission
│               ├── invokes ── cms/admin/permissionadmin.py:PagePermissionInlineAdmin.has_change_permission
│               ├── invokes ── cms/admin/permissionadmin.py:GlobalPagePermissionAdmin.has_change_permission
│               ├── invokes ── cms/admin/useradmin.py:GenericCmsPermissionAdmin.has_change_permission
│               └── invokes ── cms/admin/settingsadmin.py:SettingsAdmin.has_change_permission
├── contains ── cms/utils/plugins.py:get_plugins_as_layered_tree
├── contains ── cms/utils/plugins.py:get_plugin_restrictions
│               ├── invokes ── cms/plugin_base.py:CMSPluginBase.get_child_classes
│               ├── invokes ── cms/plugin_pool.py:PluginPool.get_restrictions_cache
│               ├── invokes ── cms/plugin_base.py:CMSPluginBase.get_parent_classes
│               ├── invokes ── cms/plugin_pool.py:PluginPool.get_plugin
│               ├── invokes ── cms/models/pluginmodel.py:CMSPlugin.get_plugin_class
│               └── invokes ── cms/utils/plugins.py:get_plugin_class
├── contains ── cms/utils/plugins.py:_reunite_orphaned_placeholder_plugin_children
│               ├── invokes ── cms/models/pagemodel.py:Page.save
│               ├── invokes ── cms/models/permissionmodels.py:AbstractPagePermission.save
│               ├── invokes ── cms/models/contentmodels.py:PageContent.save
│               ├── invokes ── cms/models/apphooks_reload.py:UrlconfRevision.save
│               ├── invokes ── cms/forms/wizards.py:CreateCMSPageForm.save
│               ├── invokes ── cms/admin/forms.py:AddPageForm.save
│               ├── invokes ── cms/admin/forms.py:AddPageTypeForm.save
│               ├── invokes ── cms/admin/forms.py:ChangePageForm.save
│               ├── invokes ── cms/admin/forms.py:AdvancedSettingsForm.save
│               ├── invokes ── cms/admin/forms.py:GenericCmsPermissionForm.save
│               ├── invokes ── cms/admin/forms.py:PageUserAddForm.save
│               ├── invokes ── cms/admin/forms.py:PageUserGroupForm.save
│               └── invokes ── cms/models/managers.py:PlaceholderForObjQS.get
├── contains ── cms/utils/plugins.py:copy_plugins_to_placeholder
│               ├── invokes ── cms/models/placeholdermodel.py:Placeholder._recalculate_plugin_positions
│               ├── invokes ── cms/models/placeholdermodel.py:Placeholder.get_next_plugin_position
│               ├── invokes ── cms/models/pluginmodel.py:CMSPlugin.post_copy
│               ├── invokes ── cms/models/managers.py:PlaceholderForObjQS.get
│               ├── invokes ── cms/models/pluginmodel.py:CMSPlugin.update
│               ├── invokes ── cms/utils/plugins.py:get_bound_plugins
│               ├── invokes ── cms/models/pluginmodel.py:CMSPlugin
│               ├── invokes ── cms/models/placeholdermodel.py:Placeholder.get_last_plugin_position
│               ├── invokes ── cms/models/pagemodel.py:Page.save
│               ├── invokes ── cms/models/permissionmodels.py:AbstractPagePermission.save
│               ├── invokes ── cms/models/contentmodels.py:PageContent.save
│               ├── invokes ── cms/models/apphooks_reload.py:UrlconfRevision.save
│               ├── invokes ── cms/forms/wizards.py:CreateCMSPageForm.save
│               ├── invokes ── cms/admin/forms.py:AddPageForm.save
│               ├── invokes ── cms/admin/forms.py:AddPageTypeForm.save
│               ├── invokes ── cms/admin/forms.py:ChangePageForm.save
│               ├── invokes ── cms/admin/forms.py:AdvancedSettingsForm.save
│               ├── invokes ── cms/admin/forms.py:GenericCmsPermissionForm.save
│               ├── invokes ── cms/admin/forms.py:PageUserAddForm.save
│               ├── invokes ── cms/admin/forms.py:PageUserGroupForm.save
│               ├── invokes ── cms/utils/plugins.py:_reunite_orphaned_placeholder_plugin_children
│               ├── invokes ── cms/models/pluginmodel.py:CMSPlugin.copy_relations
│               └── invokes ── cms/models/placeholdermodel.py:Placeholder._shift_plugin_positions
├── contains ── cms/utils/plugins.py:get_bound_plugins
├── contains ── cms/utils/plugins.py:downcast_plugins
│               ├── invokes ── cms/models/managers.py:PlaceholderForObjQS.get
│               ├── invokes ── cms/plugin_base.py:CMSPluginBase.get_cache_expiration
│               ├── invokes ── cms/utils/check.py:FileOutputWrapper.error
│               ├── invokes ── cms/models/query.py:PageQuerySet.filter
│               ├── invokes ── cms/sitemaps/cms_sitemap.py:CMSSitemap.items
│               ├── invokes ── cms/utils/plugins.py:get_plugin_model
│               ├── invokes ── cms/models/query.py:PageQuerySet.select_related
│               ├── invokes ── cms/models/pluginmodel.py:CMSPlugin.get_plugin_class
│               └── invokes ── cms/utils/plugins.py:get_plugin_class
├── contains ── cms/utils/plugins.py:has_reached_plugin_limit
│               ├── invokes ── cms/utils/placeholder.py:get_placeholder_conf
│               ├── invokes ── cms/models/managers.py:PlaceholderForObjQS.get
│               ├── invokes ── cms/models/query.py:PageQuerySet.filter
│               ├── invokes ── cms/exceptions.py:PluginLimitReached
│               ├── invokes ── cms/utils/plugins.py:get_plugins
│               └── invokes ── cms/plugin_pool.py:PluginPool.get_plugin
├── imports ── cms/exceptions.py:PluginLimitReached
├── imports ── cms/models/pluginmodel.py:CMSPlugin
├── imports ── cms/plugin_base.py:CMSPluginBase
│              ├── contains ── cms/plugin_base.py:CMSPluginBase._get_render_template
│              ├── contains ── cms/plugin_base.py:CMSPluginBase.__class_getitem__
│              ├── contains ── cms/plugin_base.py:CMSPluginBase.get_render_queryset
│              ├── contains ── cms/plugin_base.py:CMSPluginBase.render
│              ├── contains ── cms/plugin_base.py:CMSPluginBase.requires_parent_plugin
│              ├── contains ── cms/plugin_base.py:CMSPluginBase._get_template_for_conf
│              ├── contains ── cms/plugin_base.py:CMSPluginBase.get_require_parent
│              ├── contains ── cms/plugin_base.py:CMSPluginBase.get_cache_expiration
│              ├── contains ── cms/plugin_base.py:CMSPluginBase.get_vary_cache_on
│              ├── contains ── cms/plugin_base.py:CMSPluginBase.render_change_form
│              ├── contains ── cms/plugin_base.py:CMSPluginBase.render_close_frame
│              ├── contains ── cms/plugin_base.py:CMSPluginBase.save_model
│              ├── contains ── cms/plugin_base.py:CMSPluginBase.save_form
│              ├── contains ── cms/plugin_base.py:CMSPluginBase.response_add
│              ├── contains ── cms/plugin_base.py:CMSPluginBase.response_change
│              ├── contains ── cms/plugin_base.py:CMSPluginBase.log_addition
│              ├── contains ── cms/plugin_base.py:CMSPluginBase.log_change
│              ├── contains ── cms/plugin_base.py:CMSPluginBase.log_deletion
│              ├── contains ── cms/plugin_base.py:CMSPluginBase.icon_src
│              ├── contains ── cms/plugin_base.py:CMSPluginBase.icon_alt
│              ├── contains ── cms/plugin_base.py:CMSPluginBase.get_fieldsets
│              ├── contains ── cms/plugin_base.py:CMSPluginBase.get_empty_change_form_text
│              ├── contains ── cms/plugin_base.py:CMSPluginBase.get_child_class_overrides
│              ├── contains ── cms/plugin_base.py:CMSPluginBase.get_child_plugin_candidates
│              ├── contains ── cms/plugin_base.py:CMSPluginBase.get_child_classes
│              ├── contains ── cms/plugin_base.py:CMSPluginBase.get_parent_classes
│              ├── contains ── cms/plugin_base.py:CMSPluginBase.get_plugin_urls
│              ├── contains ── cms/plugin_base.py:CMSPluginBase.plugin_urls
│              ├── contains ── cms/plugin_base.py:CMSPluginBase.get_extra_placeholder_menu_items
│              ├── contains ── cms/plugin_base.py:CMSPluginBase.get_extra_plugin_menu_items
│              ├── contains ── cms/plugin_base.py:CMSPluginBase.__repr__
│              └── contains ── cms/plugin_base.py:CMSPluginBase.__str__
├── imports ── cms/plugin_pool.py
│              ├── contains ── cms/plugin_pool.py:PluginPool
│              ├── imports ── cms/exceptions.py:PluginAlreadyRegistered
│              ├── imports ── cms/exceptions.py:PluginNotRegistered
│              ├── imports ── cms/models/pagemodel.py:Page
│              ├── imports ── cms/plugin_base.py:CMSPluginBase
│              ├── imports ── cms/utils/conf.py:get_cms_setting
│              ├── imports ── cms/utils/helpers.py:normalize_name
│              ├── imports ── cms/cache/__init__.py:invalidate_cms_page_cache
│              └── imports ── cms/utils/placeholder.py:get_placeholder_conf
├── imports ── cms/utils/__init__.py:get_language_from_request
│              ├── invokes ── cms/utils/i18n.py:get_language_code
│              ├── invokes ── cms/models/managers.py:PlaceholderForObjQS.get
│              ├── invokes ── cms/utils/i18n.py:get_default_language
│              ├── invokes ── cms/models/pagemodel.py:Page.get_languages
│              ├── invokes ── cms/utils/conf.py:get_languages
│              ├── invokes ── cms/utils/i18n.py:get_languages
│              ├── invokes ── cms/utils/i18n.py:get_current_language
│              └── invokes ── cms/utils/i18n.py:get_language_list
├── imports ── cms/utils/permissions.py:has_plugin_permission
│              ├── imports ── cms/plugin_pool.py
│              ├── invokes ── cms/plugin_pool.py:PluginPool.get_plugin
│              └── invokes ── cms/utils/permissions.py:get_model_permission_codename
├── imports ── cms/utils/placeholder.py:get_placeholder_conf
├── imports ── cms/api.py:add_plugin
└── contains-by ── cms/utils
                   └── contains-by ── cms

2026-09-14 22:38:37 utils.py INFO 
LiteLLM completion() model= qwen/qwen3-coder; provider = openrouter
2026-09-14 22:38:40 utils.py INFO Wrapper: Completed Call, calling success_handler
2026-09-14 22:38:40 auto_search_main.py INFO Executing code:
```
print(search_code_snippets(**{'search_terms': ['move plugin', 'plugin tree', 'render_close_frame']}))
```
2026-09-14 22:38:40 __init__.py DEBUG Building index from IDs objects
2026-09-14 22:38:40 __init__.py DEBUG Building index from IDs objects
2026-09-14 22:38:40 __init__.py DEBUG Building index from IDs objects
2026-09-14 22:38:40 auto_search_main.py INFO OBSERVATION:
cms/models/placeholdermodel.py:Placeholder._move_plugin_to_placeholder
cms/admin/placeholderadmin.py:PlaceholderAdmin._move_plugin
cms/models/placeholdermodel.py:Placeholder.move_plugin
cms/models/placeholdermodel.py:Placeholder.move_plugin
cms/models/pagemodel.py:Page._clear_placeholders
cms/models/pagemodel.py:Page.move_page
cms/admin/placeholderadmin.py:PlaceholderAdmin.get_urls
cms/admin/forms.py:MovePageForm.get_tree_options
cms/admin/forms.py:MovePageForm.move_page
cms/admin/forms.py:MovePageForm.clean
cms/admin/forms.py:MovePageForm
cms/admin/placeholderadmin.py:PlaceholderAdmin.move_plugin
cms/plugin_base.py:CMSPluginBase
cms/models/placeholdermodel.py:Placeholder.get_first_plugin_position
cms/models/placeholdermodel.py:Placeholder.get_last_plugin_position
cms/models/placeholdermodel.py:Placeholder._shift_plugin_positions
cms/models/placeholdermodel.py:Placeholder.add_plugin
cms/toolbar/utils.py:get_plugin_tree
cms/models/placeholdermodel.py:Placeholder.move_plugin
cms/plugin_base.py:CMSPluginBase.render_close_frame
cms/models/placeholdermodel.py:Placeholder.move_plugin
cms/models/placeholdermodel.py:Placeholder.delete_plugin
cms/plugin_base.py:CMSPluginBase.render_close_frame
cms/admin/placeholderadmin.py:PlaceholderAdmin._paste_plugin
cms/utils/plugins.py:create_default_plugins
cms/models/placeholdermodel.py:Placeholder.move_plugin
cms/models/placeholdermodel.py:Placeholder.move_plugin
cms/models/placeholdermodel.py:Placeholder._move_plugin_to_placeholder
cms/models/pagemodel.py:Page._clear_placeholders
cms/models/pagemodel.py:Page.move_page
cms/admin/placeholderadmin.py:PlaceholderAdmin._move_plugin
cms/plugin_base.py:CMSPluginBase.render_close_frame
cms/plugin_base.py:CMSPluginBase
cms/toolbar/utils.py:get_plugin_tree
cms/models/placeholdermodel.py:Placeholder.add_plugin
cms/models/placeholdermodel.py:Placeholder.get_first_plugin_position
cms/models/placeholdermodel.py:Placeholder.get_last_plugin_position
cms/models/placeholdermodel.py:Placeholder._shift_plugin_positions
##Searching for term "move plugin", "plugin tree", "move plugin plugin tree"...
### Search Result:
Found function `cms/utils/plugins.py:get_plugin_class`.
Source: Retrieved entity using keyword search (bm25).
```
27 | def get_plugin_class(plugin_type: str) -> type[CMSPluginBase]:
28 |     """Returns the plugin class for a given plugin_type (str)"""
29 |     return plugin_pool.get_plugin(plugin_type)
```

Found file `cms/utils/plugins.py`.
Source: Retrieved entity using keyword search (bm25).
Hint: Search `cms/utils/plugins.py` for the full content if needed.



##Searching for term "move plugin"...
### Search Result:
Found function `cms/utils/plugins.py:get_plugins_as_layered_tree`.
Source: Retrieved entity using keyword search (bm25).
```
157 | def get_plugins_as_layered_tree(plugins):
158 |     """
159 |     Given an iterable of plugins ordered by position,
160 |     returns a deque of root plugins with their respective
161 |     children set in the child_plugin_instances attribute.
162 |     """
163 |     delayed = defaultdict(deque)
164 |     root_plugins = deque()
165 | 
166 |     for plugin in reversed(plugins):
167 |         plugin.child_plugin_instances = delayed[plugin.pk]
168 | 
169 |         if plugin.parent_id:
170 |             delayed[plugin.parent_id].appendleft(plugin)
171 |         else:
172 |             root_plugins.appendleft(plugin)
173 |     return root_plugins
```

Found function `cms/admin/placeholderadmin.py:PlaceholderAdmin._move_plugin`.
Source: Retrieved code content using keyword search (bm25).
```
934 | def _move_plugin(self, request, plugin, target_position, target_placeholder=None, target_parent=None):
935 |         language = plugin.language
936 |         source_placeholder = plugin.placeholder
937 | 
938 |         if not self.has_move_plugin_permission(request, plugin, source_placeholder):
939 |             message = _("You have no permission to move this plugin")
940 |             raise PermissionDenied(message)
941 | 
942 |         if target_placeholder and not self.has_move_plugin_permission(request, plugin, target_placeholder):
943 |             message = _("You have no permission to move this plugin")
944 |             raise PermissionDenied(message)
945 | 
946 |         if not source_placeholder.check_source(request.user):
947 |             message = _("You have no permission to move this plugin")
948 |             raise PermissionDenied(message)
949 | 
950 |         if target_placeholder and not target_placeholder.check_source(request.user):
951 |             message = _("You have no permission to move this plugin")
952 |             raise PermissionDenied(message)
953 | 
954 |         if target_parent:
955 |             target_parent_id = target_parent.pk
956 |         else:
957 |             target_parent_id = None
958 | 
959 |         action_token = self._send_pre_placeholder_operation(
960 |             request,
961 |             operation=operations.MOVE_PLUGIN,
962 |             plugin=plugin,
963 |             source_language=plugin.language,
964 |             source_placeholder=source_placeholder,
965 |             source_parent_id=plugin.parent_id,
966 |             target_language=language,
967 |             target_placeholder=(target_placeholder or source_placeholder),
968 |             target_parent_id=target_parent_id,
969 |         )
970 | 
971 |         source_placeholder.move_plugin(
972 |             plugin=plugin,
973 |             target_position=target_position,
974 |             target_placeholder=target_placeholder,
975 |             target_plugin=target_parent,
976 |         )
977 | 
978 |         # Refresh plugin to get new position values
979 |         updated_plugin = plugin.reload()
980 |         if target_placeholder:
981 |             target_placeholder.clear_cache(language)
982 |         source_placeholder.clear_cache(language)
983 | 
984 |         self._send_post_placeholder_operation(
985 |             request,
986 |             operation=operations.MOVE_PLUGIN,
987 |             plugin=updated_plugin.get_bound_plugin(),
988 |             token=action_token,
989 |             source_language=language,
990 |             source_placeholder=source_placeholder,
991 |             source_parent_id=updated_plugin.parent_id,
992 |             target_language=language,
993 |             target_placeholder=(target_placeholder or source_placeholder),
994 |             target_parent_id=target_parent_id,
995 |         )
996 |         return updated_plugin
```



##Searching for term "move plugin", "move plugin plugin tree"...
### Search Result:
Found function `cms/utils/plugins.py:get_plugin_model`.
Source: Retrieved entity using keyword search (bm25).
```
32 | def get_plugin_model(plugin_type: str) -> CMSPlugin:
33 |     """Returns the plugin model class for a given plugin_type (str)"""
34 |     return get_plugin_class(plugin_type).model
```

Found function `cms/models/placeholdermodel.py:Placeholder.move_plugin`.
Source: Retrieved code content using keyword search (bm25).
```
496 | def move_plugin(self, plugin, target_position, target_placeholder=None, target_plugin=None):
497 |         """
498 |         .. versionadded:: 4.0
499 | 
500 |         Moves a plugin within the placeholder (``target_placeholder=None``) or to another placeholder.
501 | 
502 |         :param plugin: Plugin to move
503 |         :type plugin: :class:`cms.models.pluginmodel.CMSPlugin` instance
504 |         :param int target_position: The plugin's new position
505 |         :param  target_placeholder: Placeholder to move plugin to (or ``None``)
506 |         :type target_placeholder: :class:`cms.models.placeholdermodel.Placeholder` instance
507 |         :param target_plugin: New parent plugin (or ``None``). The target plugin must be in the same placeholder
508 |            or in the ``target_placeholder`` if one is given.
509 |         :type target_plugin: :class:`cms.models.pluginmodel.CMSPlugin` instance
510 | 
511 |         The ``target_position`` is enumerated from the start of the palceholder's plugin tree (1) to
512 |         the last plugin (*n*, where *n* is the number of plugins in the placeholder).
513 |         """
514 | 
515 |         if target_placeholder:
516 |             return self._move_plugin_to_placeholder(
517 |                 plugin=plugin,
518 |                 target_position=target_position,
519 |                 target_placeholder=target_placeholder,
520 |                 target_plugin=target_plugin,
521 |             )
522 | 
523 |         target_tree = self.get_plugins(plugin.language)
524 |         last_plugin = self.get_last_plugin(plugin.language)
525 |         source_plugin_desc_count = plugin._get_descendants_count()
526 |         # Attn: The following line assumes that all children and grand-children have consecutive positions!
527 |         source_plugin_range = (plugin.position, plugin.position + source_plugin_desc_count)
528 | 
529 |         if target_position < plugin.position:
530 |             # Moving left
531 |             # Make a big hole on the right side of the current plugin's position
532 |             # by shifting all right nodes further to the right, excluding the current plugin
533 |             # but including the target plugin and its descendants.
534 |             (target_tree.filter(position__gte=target_position).exclude(position__range=source_plugin_range)).update(
535 |                 position=(models.F("position") + last_plugin.position)
536 |             )
537 | 
538 |             # Make a big hole on the left side of the current plugin's position
539 |             # by shifting all right nodes further the right, including the current plugin
540 |             # and its descendants.
541 |             target_tree.filter(position__lte=source_plugin_range[1]).update(
542 |                 position=models.F("position") - last_plugin.position
543 |             )
544 |         else:
545 |             # Moving right
546 |             # Make a big hole on the left side of the target position,
547 |             # by shifting all left nodes further to the left, excluding the current plugin
548 |             # but including the target plugin and its descendants.
549 |             # Left node in the common case is target_position but if the current plugin
550 |             # has descendants then left node is the closest node to the right side of the
551 |             # last descendant.
552 |             (
553 |                 target_tree.filter(position__lte=target_position + source_plugin_desc_count).exclude(
554 |                     position__range=source_plugin_range
555 |                 )
556 |             ).update(position=(models.F("position") - last_plugin.position))
557 | 
558 |             # Make a big hole on the right side of the current plugin's position
559 |             # by shifting all right nodes further the right, including the current plugin
560 |             # and its descendants.
561 |             target_tree.filter(position__gte=plugin.position).update(
562 |                 position=models.F("position") + last_plugin.position
563 |             )
564 | 
565 |         if plugin.parent != target_plugin:
566 |             # Plugin is being moved to another tree (under another parent)
567 |             # OR plugin is being moved to the root (no parent)
568 |             plugin.update(parent=target_plugin)
569 |         # The plugin tree was shifted to the right to make space,
570 |         # Squash all plugin positions in the tree to close any holes.
571 |         self._recalculate_plugin_positions(plugin.language)
```

Found function `cms/models/placeholdermodel.py:Placeholder._move_plugin_to_placeholder`.
Source: Retrieved code content using keyword search (bm25).
```
573 | def _move_plugin_to_placeholder(self, plugin, target_position, target_placeholder, target_plugin=None):
574 |         source_last_plugin = self.get_last_plugin(plugin.language)
575 |         target_last_plugin = target_placeholder.get_last_plugin(plugin.language)
576 | 
577 |         plugin_descendants = plugin.get_descendants()
578 |         if target_last_plugin:
579 |             source_length = source_last_plugin.position
580 |             target_length = target_last_plugin.position
581 |             plugins_to_move_count = 1 + len(plugin_descendants)  # parent plus descendants
582 | 
583 |             source_offset = (
584 |                 max(
585 |                     # far enough to shift behind current last source position
586 |                     source_length,
587 |                     # far enough to be shifted behind last target position plus no. of moved plugins
588 |                     target_length + plugins_to_move_count,
589 |                 )
590 |                 - plugin.position
591 |                 + 1
592 |             )
593 | 
594 |             # move target position counter to at least behind
595 |             target_offset = max(
596 |                 # far enough to shift behind current last target position
597 |                 target_length - target_position + 1,
598 |                 # far enough to leave enough space to move back
599 |                 plugin.position + source_offset - target_position + plugins_to_move_count + 1,
600 |             )
601 |             target_placeholder._shift_plugin_positions(
602 |                 plugin.language,
603 |                 start=target_position,
604 |                 offset=target_offset,
605 |             )
606 |         else:
607 |             # moving to empty placeholder:
608 |             # Move out (remaining) plugins right behind last source position to be able to recalculate
609 |             source_offset = source_last_plugin.position
610 | 
611 |         # Shift all plugins whose position is greater than or equal to
612 |         # the plugin being moved. This includes the plugin itself.
613 |         # This is to create enough space in-between for the squashing
614 |         # to work without conflicts.
615 |         self._shift_plugin_positions(
616 |             plugin.language,
617 |             start=plugin.position,
618 |             offset=source_offset,
619 |         )
620 | 
621 |         plugin.update(parent=target_plugin, placeholder=target_placeholder)
622 |         # TODO: More efficient is to do raw sql update
623 |         plugin_descendants.update(placeholder=target_placeholder)
624 |         self._recalculate_plugin_positions(plugin.language)
625 |         target_placeholder._recalculate_plugin_positions(plugin.language)
```

Found function `cms/models/pagemodel.py:Page._clear_placeholders`.
Source: Retrieved code content using keyword search (bm25).
```
445 | def _clear_placeholders(self, language):
446 |         from cms.models import CMSPlugin
447 | 
448 |         placeholders = self.get_placeholders(language)
449 |         placeholder_ids = (placeholder.pk for placeholder in placeholders)
450 |         plugins = CMSPlugin.objects.filter(placeholder__in=placeholder_ids, language=language)
451 |         models.query.QuerySet.delete(plugins)
452 |         return placeholders
```



##Searching for term "plugin tree"...
### Search Result:
Found function `cms/utils/plugins.py:has_reached_plugin_limit`.
Source: Retrieved entity using keyword search (bm25).
```
479 | def has_reached_plugin_limit(placeholder, plugin_type, language, template=None):
480 |     """
481 |     Checks if the global maximum limit for plugins in a placeholder has been reached.
482 |     If not then it checks if it has reached its maximum plugin_type limit.
483 | 
484 |     Parameters:
485 |     - placeholder: The placeholder object to check the limit for.
486 |     - plugin_type: The type of plugin to check the limit for.
487 |     - language: The language code for the plugins.
488 |     - template: The template object for the placeholder. Optional.
489 | 
490 |     Returns:
491 |     - False if the limit has not been reached.
492 | 
493 |     Raises:
494 |     - PluginLimitReached: If the limit has been reached for the placeholder.
495 | 
496 |     """
497 |     limits = get_placeholder_conf("limits", placeholder.slot, template)
498 |     if limits:
499 |         global_limit = limits.get("global")
500 |         type_limit = limits.get(plugin_type)
501 |         # total plugin count
502 |         count = placeholder.get_plugins(language=language).count()
503 |         if global_limit and count >= global_limit:
504 |             raise PluginLimitReached(_("This placeholder already has the maximum number of plugins (%s)." % count))
505 |         elif type_limit:
506 |             # total plugin type count
507 |             type_count = placeholder.get_plugins(language=language).filter(plugin_type=plugin_type).count()
508 |             if type_count >= type_limit:
509 |                 plugin_name = force_str(plugin_pool.get_plugin(plugin_type).name)
510 |                 raise PluginLimitReached(
511 |                     _(
512 |                         "This placeholder already has the maximum number (%(limit)s) of allowed %(plugin_name)s plugins."
513 |                     )
514 |                     % {"limit": type_limit, "plugin_name": plugin_name}
515 |                 )
516 |     return False
```

Found function `cms/models/placeholdermodel.py:Placeholder.add_plugin`.
Source: Retrieved code content using keyword search (bm25).
```
451 | def add_plugin(self, instance):
452 |         """
453 |         .. versionadded:: 4.0
454 | 
455 |         Adds a plugin to the placeholder. The plugin's position field must be set to the target
456 |         position. Positions are enumerated from the start of the palceholder's plugin tree (1) to
457 |         the last plugin (*n*, where *n* is the number of plugins in the placeholder).
458 | 
459 |         :param instance: Plugin to add. It's position parameter needs to be set.
460 |         :type instance: :class:`cms.models.pluginmodel.CMSPlugin` instance
461 | 
462 |         .. note::
463 |             As of version 4 of django CMS the position counter does not re-start at 1 for the first
464 |             child plugin. The ``position`` field  and ``language`` field are unique for a placeholder.
465 | 
466 |         Example::
467 | 
468 |             new_child = MyCoolPlugin()
469 |             new_child.position = (
470 |                 parent_plugin.position + 1
471 |             )  # add as first child: directly after parent
472 |             parent_plugin.placeholder.add(new_child)
473 | 
474 |         """
475 |         last_position = self.get_last_plugin_position(instance.language) or 0
476 |         # A shift is only needed if the distance between the new plugin
477 |         # and the last plugin is greater than 1 position.
478 |         needs_shift = (instance.position - last_position) < 1
479 | 
480 |         if needs_shift:
481 |             # shift to the right
482 |             self._shift_plugin_positions(
483 |                 instance.language,
484 |                 start=instance.position,
485 |                 offset=last_position - instance.position + 2,  # behind last_position plus one to shift back
486 |             )
487 | 
488 |         instance.save()
489 | 
490 |         if needs_shift:
491 |             # The plugin tree was shifted to the right to make space,
492 |             # now squash all plugins in the tree to close any holes.
493 |             self._recalculate_plugin_positions(instance.language)
494 |         return instance
```

Found function `cms/models/placeholdermodel.py:Placeholder.get_first_plugin_position`.
Source: Retrieved code content using keyword search (bm25).
```
679 | def get_first_plugin_position(self, language, parent=None):
680 |         tree = self.get_plugins(language)
681 | 
682 |         if parent:
683 |             tree = tree.filter(parent=parent)
684 |         return tree.values_list("position", flat=True).first()
```

Found function `cms/models/placeholdermodel.py:Placeholder.get_last_plugin_position`.
Source: Retrieved code content using keyword search (bm25).
```
686 | def get_last_plugin_position(self, language, parent=None):
687 |         if parent is None:
688 |             tree = self.get_plugins(language)
689 |         elif parent.placeholder == self:
690 |             tree = parent.get_descendants()
691 |         else:  # No last plugin if parent is not in this placeholder's plugin tree
692 |             return None
693 |         return tree.values_list("position", flat=True).last()
```

Found function `cms/models/placeholdermodel.py:Placeholder._shift_plugin_positions`.
Source: Retrieved code content using keyword search (bm25).
```
695 | def _shift_plugin_positions(self, language, start, offset=None):
696 |         if offset is None:
697 |             offset = self.get_last_plugin_position(language) or 0
698 | 
699 |         self.get_plugins(language).filter(position__gte=start).update(position=models.F("position") + offset)
```

Found function `cms/toolbar/utils.py:get_plugin_tree`.
Source: Retrieved code content using keyword search (bm25).
```
 79 | def get_plugin_tree(
 80 |     request: HttpRequest,
 81 |     plugins: list[CMSPlugin],
 82 |     restrictions: Optional[dict] = None,
 83 |     target_plugin: Optional[CMSPlugin] = None,
 84 | ) -> dict[str, Any]:
 85 |     """
 86 |     Constructs a tree structure of CMS plugins for the toolbar.
 87 | 
 88 |     Args:
 89 |         request (HttpRequest): The HTTP request object.
 90 |         plugins (list[CMSPlugin]): A list of CMSPlugin instances to be organized into a tree.
 91 |         restrictions (Optional[dict], optional): A dictionary of plugin restrictions. Defaults to None.
 92 |         target_plugin (Optional[CMSPlugin], optional): The target plugin to render.
 93 |             Content will only be rendered if given. Defaults to None.
 94 | 
 95 |     Returns:
 96 |         tuple[dict[str, Any]]: A dictionary with up to five keys:
 97 |             - 'html': A string of rendered HTML for the plugin tree.
 98 |             - 'plugins': A flat list of plugin information dictionaries.
 99 |             - 'content': The rendered content of target_plugin (if given) including its children
100 |             - 'target_position': The position of the target_plugin (if given)
101 |             - 'target_placeholder_id': The placeholder id of the target_plugin (if given)
102 |     """
103 |     from cms.utils.plugins import downcast_plugins, get_plugin_restrictions
104 | 
105 |     tree_data = []
106 |     tree_structure = []
107 |     restrictions = restrictions or {}
108 |     root_plugins = deque()
109 |     plugin_children = defaultdict(deque)
110 |     toolbar = get_toolbar_from_request(request)
111 |     template = toolbar.templates.drag_item_template
112 |     get_plugin_info = get_plugin_toolbar_info
113 |     placeholder = plugins[0].placeholder
114 |     copy_to_clipboard = placeholder.pk == toolbar.clipboard.pk
115 |     plugins = list(downcast_plugins(plugins, select_placeholder=True))
116 |     plugin_ids = frozenset(plugin.pk for plugin in plugins)
117 | 
118 |     for plugin in reversed(plugins):
119 |         plugin.child_plugin_instances = plugin_children[plugin.pk]
120 | 
121 |         if plugin.parent_id in plugin_ids:
122 |             plugin_children[plugin.parent_id].appendleft(plugin)
123 |         else:
124 |             root_plugins.appendleft(plugin)
125 | 
126 |     def collect_plugin_data(plugin):
127 |         child_classes, parent_classes = get_plugin_restrictions(
128 |             plugin=plugin,
129 |             restrictions_cache=restrictions,
130 |         )
131 |         plugin_info = get_plugin_info(
132 |             plugin,
133 |             children=child_classes,
134 |             parents=parent_classes,
135 |         )
136 | 
137 |         tree_data.append(plugin_info)
138 | 
139 |         for plugin_instance in plugin.child_plugin_instances:
140 |             collect_plugin_data(plugin_instance)
141 | 
142 |     with force_language(toolbar.toolbar_language):
143 |         for root_plugin in root_plugins:
144 |             collect_plugin_data(root_plugin)
145 |             context = {
146 |                 'plugin': root_plugin,
147 |                 'request': request,
148 |                 'clipboard': copy_to_clipboard,
149 |                 'cms_toolbar': toolbar,
150 |             }
151 |             tree_structure.append(template.render(context))
152 |     tree_data.reverse()
153 | 
154 |     content = {}
155 |     # Render the target plugin if given and all plugins are local
156 |     if target_plugin and all(plugin.get_plugin_class().is_local for plugin in plugins):
157 |         # Also provide the parent plugin to the context (if available)
158 |         downcasted = next(
159 |             (plugin for plugin in plugins if plugin.pk == target_plugin.pk), None
160 |         )
161 |         parent = next(
162 |             (plugin for plugin in plugins if plugin.pk == target_plugin.parent_id), None
163 |         ) if target_plugin.parent_id else None
164 |         content["content"] = get_plugin_content(request, downcasted, {"parent": parent})
165 | 
166 |     return {'html': '\n'.join(tree_structure), 'plugins': tree_data, **content}
```

Found file `cms/management/commands/subcommands/tree.py`.
Source: Retrieved entity using keyword search (bm25).
Hint: Search `cms/management/commands/subcommands/tree.py` for the full content if needed.



##Searching for term "plugin tree", "move plugin plugin tree"...
### Search Result:
Found function `cms/utils/plugins.py:assign_plugins`.
Source: Retrieved entity using keyword search (bm25).
```
 67 | def assign_plugins(request, placeholders, template=None, lang=None):
 68 |     """
 69 |     Fetch all plugins for the given ``placeholders`` and
 70 |     cast them down to the concrete instances in one query
 71 |     per type.
 72 | 
 73 |     :param request: The current request.
 74 |     :param placeholders: An iterable of placeholder objects.
 75 |     :param template: (optional) The template object.
 76 |     :param lang: (optional) The language code.
 77 | 
 78 |     This method assigns plugins to the given placeholders. It retrieves the plugins from the database based on the
 79 |     placeholders and the language. The plugins are then downcasted to their specific plugin types.
 80 | 
 81 |     The plugins are split up by placeholder and stored in a dictionary where the key is the placeholder ID and the
 82 |     value is a list of plugins.
 83 | 
 84 |     For each placeholder, if there are plugins assigned to it, the plugins are organized as a layered tree structure.
 85 |     Otherwise, an empty list is assigned.
 86 | 
 87 |     The list of all plugins for each placeholder is stored in the `_all_plugins_cache` attribute of the placeholder,
 88 |     while the list of root plugins is stored in the `_plugins_cache` attribute
 89 |     """
 90 |     if not placeholders:
 91 |         return
 92 |     placeholders = tuple(placeholders)  # Trigger db hit
 93 |     lang = lang or get_language_from_request(request)
 94 |     plugins = list(CMSPlugin.objects.filter(placeholder__in=placeholders, language=lang))
 95 |     if not plugins:
 96 |         # Create default plugins if enabled
 97 |         plugins = create_default_plugins(request, placeholders, template, lang)
 98 |     else:
 99 |         plugins = downcast_plugins(plugins, placeholders, request=request)
100 | 
101 |     # split the plugins up by placeholder
102 |     plugins_by_placeholder = defaultdict(list)
103 | 
104 |     for plugin in plugins:
105 |         plugins_by_placeholder[plugin.placeholder_id].append(plugin)
106 | 
107 |     for placeholder in placeholders:
108 |         all_plugins = plugins_by_placeholder[placeholder.pk]
109 | 
110 |         if all_plugins:
111 |             layered_plugins = get_plugins_as_layered_tree(all_plugins)
112 |         else:
113 |             layered_plugins = []
114 |         # This is all the plugins.
115 |         placeholder._all_plugins_cache = all_plugins
116 |         # This is only the root plugins.
117 |         placeholder._plugins_cache = layered_plugins
```



##Searching for term "render_close_frame"...
### Search Result:
Found function `cms/plugin_base.py:CMSPluginBase.render_close_frame`.
Source: Match found for entity name `render_close_frame`.
```
476 | def render_close_frame(
477 |         self,
478 |         request: HttpRequest,
479 |         obj: Optional[CMSPlugin],
480 |         action: Optional[str] = "edit",
481 |         extra_data: Optional[Context] = None,
482 |         extra_context: Optional[Context] = None,
483 |     ) -> HttpResponse:
484 |         """
485 |         Renders the close frame for a CMS plugin in the Django admin interface.
486 | 
487 |         This method is used to send information to the javascript frontend
488 |         after an edit action has taken place. It allows the javascript frontend
489 |         to update the structure and content on the edit endpoints.
490 | 
491 |         Args:
492 |             request (HttpRequest): The HTTP request object.
493 |             obj (CMSPlugin): The CMS plugin instance being rendered.
494 |             action (Optional[str]): The action being performed on the plugin.
495 |                 Defaults to "edit". Possible values are "add", "edit", "move", and "delete".
496 |             extra_data (Optional[Context]): Additional data to include in
497 |                 the data bridge to the frontend. Defaults to None.
498 |             extra_context (Optional[Context]): Additional context to include in
499 |                 the rendering. Defaults to None.
500 | 
501 |         Returns:
502 |             HttpResponse: The rendered confirmation form as an HTTP response.
503 | 
504 |         Raises:
505 |             ObjectDoesNotExist: If the parent plugin is a ghost plugin and the
506 |                 plugin tree cannot be fetched.
507 | 
508 |         Notes:
509 |             - Handles edge cases where the parent plugin is a ghost plugin.
510 |             - Constructs the plugin tree structure and gathers plugin-specific
511 |               data for rendering.
512 |             - Includes messages from the request in the context.
513 |         """
514 | 
515 |         dj_messages = [{
516 |                     'level': message.level,
517 |                     'message': message.message,
518 |                     'tags': message.tags,
519 |                     } for message in messages.get_messages(request)]
520 | 
521 |         if not obj:
522 |             # No object specified - just close the modal frame
523 |             context = {
524 |                 "is_popup": True,
525 |                 "data_bridge": {
526 |                     "action": action,
527 |                     "messages": dj_messages,
528 |                     **(extra_data or {}),
529 |                 },
530 |                 **(extra_context or {}),
531 |             }
532 |             return TemplateResponse(
533 |                 request, 'admin/cms/page/plugin/confirm_form.html', context
534 |             )
535 | 
536 |         try:
537 |             root = obj.parent.get_bound_plugin() if obj.parent else obj
538 |         except ObjectDoesNotExist:
539 |             # This is a nasty edge-case.
540 |             # If the parent plugin is a ghost plugin, fetching the plugin tree
541 |             # will fail because the downcasting function filters out all ghost plugins.
542 |             # Currently, this case is only present in the djangocms-text app
543 |             # which uses ghost plugins to create inline plugins on the text.
544 |             root = obj
545 | 
546 |         plugins = [root] + list(root.get_descendants())
547 | 
548 |         target_plugin = plugins[0] if action in ("add", "delete") else next(
549 |             (plugin for plugin in plugins if plugin.pk == obj.pk), None
550 |         )
551 |         structure = get_plugin_tree(request, plugins, target_plugin=target_plugin)
552 |         plugin_data = next((plugin_data for plugin_data in structure['plugins'] if plugin_data["plugin_id"] == obj.pk), {})
553 | 
554 |         context = {
555 |             'plugin': obj,
556 |             'is_popup': True,
557 |             'data_bridge': {
558 |                 **plugin_data,
559 |                 "action": action,
560 |                 "plugin_desc": escapejs(force_str(obj.get_short_description())),
561 |                 "structure": structure,
562 |                 "messages": dj_messages,
563 |                 **(extra_data or {}),
564 |             },
565 |             **(extra_context or {}),
566 |         }
567 | 
568 |         return TemplateResponse(
569 |             request, 'admin/cms/page/plugin/confirm_form.html', context
570 |         )
```



##Searching for term "move plugin plugin tree"...
### Search Result:
Found function `cms/models/pagemodel.py:Page.move_page`.
Source: Retrieved code content using keyword search (bm25).
```
398 | def move_page(self, target_page, position='first-child'):
399 |         """
400 |         Called from admin interface when page is moved. Should be used on
401 |         all the places which are changing page position. Used like an interface
402 |         to django-treebeard, but after move is done page_moved signal is fired.
403 |         """
404 |         assert isinstance(target_page, Page), f"{target_page} is not an instance of Page."
405 |         inherited_template = self.template == constants.TEMPLATE_INHERITANCE_MAGIC
406 | 
407 |         if inherited_template and target_page.is_root() and position in ('left', 'right'):
408 |             # The page is being moved to a root position.
409 |             # Explicitly set the inherited template on the titles
410 |             # to keep all plugins / placeholders.
411 |             template = self.get_template()
412 |             self.update_translations(template=template)
413 | 
414 |         # Don't use a cached node. Always get a fresh one.
415 |         self._clear_internal_cache()
416 | 
417 |         # Runs the SQL updates on the treebeard fields
418 |         self.move(target_page, position)
419 | 
420 |         if position in ('first-child', 'last-child'):
421 |             self.parent = target_page
422 |         else:
423 |             # moving relative to sibling
424 |             # or to the root of the tree
425 |             self.parent = target_page.parent
426 |         # Runs the SQL updates on the parent field
427 |         self.update(parent=self.parent)
428 |         self.refresh_from_db(fields=('path', 'depth'))
429 | 
430 |         # Update the urls for the page being moved
431 |         # and is descendants.
432 |         languages = (
433 |             self
434 |             .urls
435 |             .values_list('language', flat=True)
436 |         )
437 | 
438 |         for language in languages:
439 |             if not self.is_home:
440 |                 self._update_url_path(language)
441 |             self._update_url_path_recursive(language)
442 |         self.clear_cache(menu=True)
443 |         return self
```

2026-09-14 22:38:40 utils.py INFO 
LiteLLM completion() model= qwen/qwen3-coder; provider = openrouter
2026-09-14 22:38:44 utils.py INFO Wrapper: Completed Call, calling success_handler
2026-09-14 22:38:44 auto_search_main.py INFO Executing code:
```
print(get_entity_contents(**{'entity_names': ['cms/plugin_base.py:CMSPluginBase.render_close_frame']}))
```
2026-09-14 22:38:44 auto_search_main.py INFO OBSERVATION:
##Searching for entity `cms/plugin_base.py:CMSPluginBase.render_close_frame`...
### Search Result:
Found function `cms/plugin_base.py:CMSPluginBase.render_close_frame`.
Source: Exact match found for entity name `cms/plugin_base.py:CMSPluginBase.render_close_frame`.
```
476 | def render_close_frame(
477 |         self,
478 |         request: HttpRequest,
479 |         obj: Optional[CMSPlugin],
480 |         action: Optional[str] = "edit",
481 |         extra_data: Optional[Context] = None,
482 |         extra_context: Optional[Context] = None,
483 |     ) -> HttpResponse:
484 |         """
485 |         Renders the close frame for a CMS plugin in the Django admin interface.
486 | 
487 |         This method is used to send information to the javascript frontend
488 |         after an edit action has taken place. It allows the javascript frontend
489 |         to update the structure and content on the edit endpoints.
490 | 
491 |         Args:
492 |             request (HttpRequest): The HTTP request object.
493 |             obj (CMSPlugin): The CMS plugin instance being rendered.
494 |             action (Optional[str]): The action being performed on the plugin.
495 |                 Defaults to "edit". Possible values are "add", "edit", "move", and "delete".
496 |             extra_data (Optional[Context]): Additional data to include in
497 |                 the data bridge to the frontend. Defaults to None.
498 |             extra_context (Optional[Context]): Additional context to include in
499 |                 the rendering. Defaults to None.
500 | 
501 |         Returns:
502 |             HttpResponse: The rendered confirmation form as an HTTP response.
503 | 
504 |         Raises:
505 |             ObjectDoesNotExist: If the parent plugin is a ghost plugin and the
506 |                 plugin tree cannot be fetched.
507 | 
508 |         Notes:
509 |             - Handles edge cases where the parent plugin is a ghost plugin.
510 |             - Constructs the plugin tree structure and gathers plugin-specific
511 |               data for rendering.
512 |             - Includes messages from the request in the context.
513 |         """
514 | 
515 |         dj_messages = [{
516 |                     'level': message.level,
517 |                     'message': message.message,
518 |                     'tags': message.tags,
519 |                     } for message in messages.get_messages(request)]
520 | 
521 |         if not obj:
522 |             # No object specified - just close the modal frame
523 |             context = {
524 |                 "is_popup": True,
525 |                 "data_bridge": {
526 |                     "action": action,
527 |                     "messages": dj_messages,
528 |                     **(extra_data or {}),
529 |                 },
530 |                 **(extra_context or {}),
531 |             }
532 |             return TemplateResponse(
533 |                 request, 'admin/cms/page/plugin/confirm_form.html', context
534 |             )
535 | 
536 |         try:
537 |             root = obj.parent.get_bound_plugin() if obj.parent else obj
538 |         except ObjectDoesNotExist:
539 |             # This is a nasty edge-case.
540 |             # If the parent plugin is a ghost plugin, fetching the plugin tree
541 |             # will fail because the downcasting function filters out all ghost plugins.
542 |             # Currently, this case is only present in the djangocms-text app
543 |             # which uses ghost plugins to create inline plugins on the text.
544 |             root = obj
545 | 
546 |         plugins = [root] + list(root.get_descendants())
547 | 
548 |         target_plugin = plugins[0] if action in ("add", "delete") else next(
549 |             (plugin for plugin in plugins if plugin.pk == obj.pk), None
550 |         )
551 |         structure = get_plugin_tree(request, plugins, target_plugin=target_plugin)
552 |         plugin_data = next((plugin_data for plugin_data in structure['plugins'] if plugin_data["plugin_id"] == obj.pk), {})
553 | 
554 |         context = {
555 |             'plugin': obj,
556 |             'is_popup': True,
557 |             'data_bridge': {
558 |                 **plugin_data,
559 |                 "action": action,
560 |                 "plugin_desc": escapejs(force_str(obj.get_short_description())),
561 |                 "structure": structure,
562 |                 "messages": dj_messages,
563 |                 **(extra_data or {}),
564 |             },
565 |             **(extra_context or {}),
566 |         }
567 | 
568 |         return TemplateResponse(
569 |             request, 'admin/cms/page/plugin/confirm_form.html', context
570 |         )
```

2026-09-14 22:38:44 utils.py INFO 
LiteLLM completion() model= qwen/qwen3-coder; provider = openrouter
2026-09-14 22:38:47 utils.py INFO Wrapper: Completed Call, calling success_handler
2026-09-14 22:38:47 auto_search_main.py INFO Executing code:
```
print(get_entity_contents(**{'entity_names': ['cms/toolbar/utils.py:get_plugin_tree']}))
```
2026-09-14 22:38:47 auto_search_main.py INFO OBSERVATION:
##Searching for entity `cms/toolbar/utils.py:get_plugin_tree`...
### Search Result:
Found function `cms/toolbar/utils.py:get_plugin_tree`.
Source: Exact match found for entity name `cms/toolbar/utils.py:get_plugin_tree`.
```
 79 | def get_plugin_tree(
 80 |     request: HttpRequest,
 81 |     plugins: list[CMSPlugin],
 82 |     restrictions: Optional[dict] = None,
 83 |     target_plugin: Optional[CMSPlugin] = None,
 84 | ) -> dict[str, Any]:
 85 |     """
 86 |     Constructs a tree structure of CMS plugins for the toolbar.
 87 | 
 88 |     Args:
 89 |         request (HttpRequest): The HTTP request object.
 90 |         plugins (list[CMSPlugin]): A list of CMSPlugin instances to be organized into a tree.
 91 |         restrictions (Optional[dict], optional): A dictionary of plugin restrictions. Defaults to None.
 92 |         target_plugin (Optional[CMSPlugin], optional): The target plugin to render.
 93 |             Content will only be rendered if given. Defaults to None.
 94 | 
 95 |     Returns:
 96 |         tuple[dict[str, Any]]: A dictionary with up to five keys:
 97 |             - 'html': A string of rendered HTML for the plugin tree.
 98 |             - 'plugins': A flat list of plugin information dictionaries.
 99 |             - 'content': The rendered content of target_plugin (if given) including its children
100 |             - 'target_position': The position of the target_plugin (if given)
101 |             - 'target_placeholder_id': The placeholder id of the target_plugin (if given)
102 |     """
103 |     from cms.utils.plugins import downcast_plugins, get_plugin_restrictions
104 | 
105 |     tree_data = []
106 |     tree_structure = []
107 |     restrictions = restrictions or {}
108 |     root_plugins = deque()
109 |     plugin_children = defaultdict(deque)
110 |     toolbar = get_toolbar_from_request(request)
111 |     template = toolbar.templates.drag_item_template
112 |     get_plugin_info = get_plugin_toolbar_info
113 |     placeholder = plugins[0].placeholder
114 |     copy_to_clipboard = placeholder.pk == toolbar.clipboard.pk
115 |     plugins = list(downcast_plugins(plugins, select_placeholder=True))
116 |     plugin_ids = frozenset(plugin.pk for plugin in plugins)
117 | 
118 |     for plugin in reversed(plugins):
119 |         plugin.child_plugin_instances = plugin_children[plugin.pk]
120 | 
121 |         if plugin.parent_id in plugin_ids:
122 |             plugin_children[plugin.parent_id].appendleft(plugin)
123 |         else:
124 |             root_plugins.appendleft(plugin)
125 | 
126 |     def collect_plugin_data(plugin):
127 |         child_classes, parent_classes = get_plugin_restrictions(
128 |             plugin=plugin,
129 |             restrictions_cache=restrictions,
130 |         )
131 |         plugin_info = get_plugin_info(
132 |             plugin,
133 |             children=child_classes,
134 |             parents=parent_classes,
135 |         )
136 | 
137 |         tree_data.append(plugin_info)
138 | 
139 |         for plugin_instance in plugin.child_plugin_instances:
140 |             collect_plugin_data(plugin_instance)
141 | 
142 |     with force_language(toolbar.toolbar_language):
143 |         for root_plugin in root_plugins:
144 |             collect_plugin_data(root_plugin)
145 |             context = {
146 |                 'plugin': root_plugin,
147 |                 'request': request,
148 |                 'clipboard': copy_to_clipboard,
149 |                 'cms_toolbar': toolbar,
150 |             }
151 |             tree_structure.append(template.render(context))
152 |     tree_data.reverse()
153 | 
154 |     content = {}
155 |     # Render the target plugin if given and all plugins are local
156 |     if target_plugin and all(plugin.get_plugin_class().is_local for plugin in plugins):
157 |         # Also provide the parent plugin to the context (if available)
158 |         downcasted = next(
159 |             (plugin for plugin in plugins if plugin.pk == target_plugin.pk), None
160 |         )
161 |         parent = next(
162 |             (plugin for plugin in plugins if plugin.pk == target_plugin.parent_id), None
163 |         ) if target_plugin.parent_id else None
164 |         content["content"] = get_plugin_content(request, downcasted, {"parent": parent})
165 | 
166 |     return {'html': '\n'.join(tree_structure), 'plugins': tree_data, **content}
```

2026-09-14 22:38:47 utils.py INFO 
LiteLLM completion() model= qwen/qwen3-coder; provider = openrouter
2026-09-14 22:38:54 utils.py INFO Wrapper: Completed Call, calling success_handler
2026-09-14 22:38:54 auto_search_main.py INFO Executing code:
```
print(get_entity_contents(**{'entity_names': ['cms/admin/placeholderadmin.py:PlaceholderAdmin._move_plugin']}))
```
2026-09-14 22:38:54 auto_search_main.py INFO OBSERVATION:
##Searching for entity `cms/admin/placeholderadmin.py:PlaceholderAdmin._move_plugin`...
### Search Result:
Found function `cms/admin/placeholderadmin.py:PlaceholderAdmin._move_plugin`.
Source: Exact match found for entity name `cms/admin/placeholderadmin.py:PlaceholderAdmin._move_plugin`.
```
934 | def _move_plugin(self, request, plugin, target_position, target_placeholder=None, target_parent=None):
935 |         language = plugin.language
936 |         source_placeholder = plugin.placeholder
937 | 
938 |         if not self.has_move_plugin_permission(request, plugin, source_placeholder):
939 |             message = _("You have no permission to move this plugin")
940 |             raise PermissionDenied(message)
941 | 
942 |         if target_placeholder and not self.has_move_plugin_permission(request, plugin, target_placeholder):
943 |             message = _("You have no permission to move this plugin")
944 |             raise PermissionDenied(message)
945 | 
946 |         if not source_placeholder.check_source(request.user):
947 |             message = _("You have no permission to move this plugin")
948 |             raise PermissionDenied(message)
949 | 
950 |         if target_placeholder and not target_placeholder.check_source(request.user):
951 |             message = _("You have no permission to move this plugin")
952 |             raise PermissionDenied(message)
953 | 
954 |         if target_parent:
955 |             target_parent_id = target_parent.pk
956 |         else:
957 |             target_parent_id = None
958 | 
959 |         action_token = self._send_pre_placeholder_operation(
960 |             request,
961 |             operation=operations.MOVE_PLUGIN,
962 |             plugin=plugin,
963 |             source_language=plugin.language,
964 |             source_placeholder=source_placeholder,
965 |             source_parent_id=plugin.parent_id,
966 |             target_language=language,
967 |             target_placeholder=(target_placeholder or source_placeholder),
968 |             target_parent_id=target_parent_id,
969 |         )
970 | 
971 |         source_placeholder.move_plugin(
972 |             plugin=plugin,
973 |             target_position=target_position,
974 |             target_placeholder=target_placeholder,
975 |             target_plugin=target_parent,
976 |         )
977 | 
978 |         # Refresh plugin to get new position values
979 |         updated_plugin = plugin.reload()
980 |         if target_placeholder:
981 |             target_placeholder.clear_cache(language)
982 |         source_placeholder.clear_cache(language)
983 | 
984 |         self._send_post_placeholder_operation(
985 |             request,
986 |             operation=operations.MOVE_PLUGIN,
987 |             plugin=updated_plugin.get_bound_plugin(),
988 |             token=action_token,
989 |             source_language=language,
990 |             source_placeholder=source_placeholder,
991 |             source_parent_id=updated_plugin.parent_id,
992 |             target_language=language,
993 |             target_placeholder=(target_placeholder or source_placeholder),
994 |             target_parent_id=target_parent_id,
995 |         )
996 |         return updated_plugin
```

2026-09-14 22:38:54 utils.py INFO 
LiteLLM completion() model= qwen/qwen3-coder; provider = openrouter
2026-09-14 22:38:57 utils.py INFO Wrapper: Completed Call, calling success_handler
2026-09-14 22:38:57 auto_search_main.py INFO Executing code:
```
print(get_entity_contents(**{'entity_names': ['cms/models/placeholdermodel.py:Placeholder.move_plugin']}))
```
2026-09-14 22:38:58 auto_search_main.py INFO OBSERVATION:
##Searching for entity `cms/models/placeholdermodel.py:Placeholder.move_plugin`...
### Search Result:
Found function `cms/models/placeholdermodel.py:Placeholder.move_plugin`.
Source: Exact match found for entity name `cms/models/placeholdermodel.py:Placeholder.move_plugin`.
```
496 | def move_plugin(self, plugin, target_position, target_placeholder=None, target_plugin=None):
497 |         """
498 |         .. versionadded:: 4.0
499 | 
500 |         Moves a plugin within the placeholder (``target_placeholder=None``) or to another placeholder.
501 | 
502 |         :param plugin: Plugin to move
503 |         :type plugin: :class:`cms.models.pluginmodel.CMSPlugin` instance
504 |         :param int target_position: The plugin's new position
505 |         :param  target_placeholder: Placeholder to move plugin to (or ``None``)
506 |         :type target_placeholder: :class:`cms.models.placeholdermodel.Placeholder` instance
507 |         :param target_plugin: New parent plugin (or ``None``). The target plugin must be in the same placeholder
508 |            or in the ``target_placeholder`` if one is given.
509 |         :type target_plugin: :class:`cms.models.pluginmodel.CMSPlugin` instance
510 | 
511 |         The ``target_position`` is enumerated from the start of the palceholder's plugin tree (1) to
512 |         the last plugin (*n*, where *n* is the number of plugins in the placeholder).
513 |         """
514 | 
515 |         if target_placeholder:
516 |             return self._move_plugin_to_placeholder(
517 |                 plugin=plugin,
518 |                 target_position=target_position,
519 |                 target_placeholder=target_placeholder,
520 |                 target_plugin=target_plugin,
521 |             )
522 | 
523 |         target_tree = self.get_plugins(plugin.language)
524 |         last_plugin = self.get_last_plugin(plugin.language)
525 |         source_plugin_desc_count = plugin._get_descendants_count()
526 |         # Attn: The following line assumes that all children and grand-children have consecutive positions!
527 |         source_plugin_range = (plugin.position, plugin.position + source_plugin_desc_count)
528 | 
529 |         if target_position < plugin.position:
530 |             # Moving left
531 |             # Make a big hole on the right side of the current plugin's position
532 |             # by shifting all right nodes further to the right, excluding the current plugin
533 |             # but including the target plugin and its descendants.
534 |             (target_tree.filter(position__gte=target_position).exclude(position__range=source_plugin_range)).update(
535 |                 position=(models.F("position") + last_plugin.position)
536 |             )
537 | 
538 |             # Make a big hole on the left side of the current plugin's position
539 |             # by shifting all right nodes further the right, including the current plugin
540 |             # and its descendants.
541 |             target_tree.filter(position__lte=source_plugin_range[1]).update(
542 |                 position=models.F("position") - last_plugin.position
543 |             )
544 |         else:
545 |             # Moving right
546 |             # Make a big hole on the left side of the target position,
547 |             # by shifting all left nodes further to the left, excluding the current plugin
548 |             # but including the target plugin and its descendants.
549 |             # Left node in the common case is target_position but if the current plugin
550 |             # has descendants then left node is the closest node to the right side of the
551 |             # last descendant.
552 |             (
553 |                 target_tree.filter(position__lte=target_position + source_plugin_desc_count).exclude(
554 |                     position__range=source_plugin_range
555 |                 )
556 |             ).update(position=(models.F("position") - last_plugin.position))
557 | 
558 |             # Make a big hole on the right side of the current plugin's position
559 |             # by shifting all right nodes further the right, including the current plugin
560 |             # and its descendants.
561 |             target_tree.filter(position__gte=plugin.position).update(
562 |                 position=models.F("position") + last_plugin.position
563 |             )
564 | 
565 |         if plugin.parent != target_plugin:
566 |             # Plugin is being moved to another tree (under another parent)
567 |             # OR plugin is being moved to the root (no parent)
568 |             plugin.update(parent=target_plugin)
569 |         # The plugin tree was shifted to the right to make space,
570 |         # Squash all plugin positions in the tree to close any holes.
571 |         self._recalculate_plugin_positions(plugin.language)
```

2026-09-14 22:38:58 utils.py INFO 
LiteLLM completion() model= qwen/qwen3-coder; provider = openrouter
2026-09-14 22:39:02 utils.py INFO Wrapper: Completed Call, calling success_handler
2026-09-14 22:39:02 utils.py INFO 
LiteLLM completion() model= qwen/qwen3-coder; provider = openrouter
2026-09-14 22:39:06 utils.py INFO Wrapper: Completed Call, calling success_handler
2026-09-14 22:39:06 auto_search_main.py INFO Executing code:
```
print(search_code_snippets(**{'search_terms': ['KeyError', 'plugin tree update incomplete']}))
```
2026-09-14 22:39:06 __init__.py DEBUG Building index from IDs objects
2026-09-14 22:39:06 __init__.py DEBUG Building index from IDs objects
2026-09-14 22:39:07 __init__.py DEBUG Building index from IDs objects
2026-09-14 22:39:07 __init__.py DEBUG Building index from IDs objects
2026-09-14 22:39:07 auto_search_main.py INFO OBSERVATION:
cms/utils/plugins.py:get_plugin_restrictions
cms/utils/permissions.py:has_plugin_permission
cms/api.py:_verify_plugin_type
cms/plugin_base.py:CMSPluginBase.get_fieldsets
cms/plugin_base.py:CMSPluginBase.icon_alt
cms/utils/helpers.py:is_editable_model
menus/templatetags/menu_tags.py:PageLanguageUrl
menus/templatetags/menu_tags.py:PageLanguageUrl.get_context
cms/admin/forms.py:PluginAddValidationForm
cms/admin/forms.py:PageUserGroupForm.save
cms/admin/forms.py:PageUserGroupForm
cms/admin/forms.py:PluginAddValidationForm.clean_plugin_type
cms/admin/forms.py:PageUserGroupForm.Meta
cms/management/commands/subcommands/list.py:plugin_report
cms/admin/pageadmin.py:PageAdmin.get_copy_dialog
cms/models/placeholdermodel.py:Placeholder.move_plugin
cms/models/placeholdermodel.py:Placeholder.get_first_plugin_position
cms/models/placeholdermodel.py:Placeholder.get_last_plugin_position
cms/models/placeholdermodel.py:Placeholder._shift_plugin_positions
cms/plugin_base.py:CMSPluginBase.render_close_frame
cms/models/pagemodel.py:Page._clear_placeholders
cms/models/pagemodel.py:Page.move_page
cms/admin/placeholderadmin.py:PlaceholderAdmin._paste_plugin
cms/models/placeholdermodel.py:Placeholder.add_plugin
cms/toolbar/utils.py:get_plugin_tree
cms/management/commands/subcommands/tree.py:FixTreeCommand._update_url_path_recursive
cms/admin/placeholderadmin.py:PlaceholderAdmin.move_plugin
cms/models/placeholdermodel.py:Placeholder._move_plugin_to_placeholder
cms/models/placeholdermodel.py:Placeholder.move_plugin
cms/models/placeholdermodel.py:Placeholder.get_first_plugin_position
cms/models/placeholdermodel.py:Placeholder.get_last_plugin_position
cms/models/placeholdermodel.py:Placeholder._shift_plugin_positions
cms/plugin_base.py:CMSPluginBase.render_close_frame
cms/models/pagemodel.py:Page._clear_placeholders
cms/models/pagemodel.py:Page.move_page
cms/utils/plugins.py:get_plugin_restrictions
cms/admin/placeholderadmin.py:PlaceholderAdmin._paste_plugin
cms/utils/plugins.py:copy_plugins_to_placeholder
cms/models/placeholdermodel.py:Placeholder.add_plugin
cms/toolbar/utils.py:get_plugin_tree
cms/management/commands/subcommands/tree.py:FixTreeCommand._update_url_path_recursive
##Searching for term "KeyError"...
### Search Result:
Found class `cms/exceptions.py:LanguageError`.
Source: Retrieved entity using keyword search (bm25).
```
76 | class LanguageError(Exception):
77 |     pass
```

Found function `cms/toolbar/items.py:Button.__repr__`.
Source: Retrieved entity using keyword search (bm25).
```
521 | def __repr__(self):
522 |         return '<Button:%s>' % force_str(self.name)
```

Found function `cms/utils/plugins.py:get_plugin_restrictions`.
Source: Retrieved code content using keyword search (bm25).
```
176 | def get_plugin_restrictions(plugin, page=None, restrictions_cache=None):
177 |     if restrictions_cache is None:
178 |         restrictions_cache = {}
179 | 
180 |     cache = plugin_pool.get_restrictions_cache(restrictions_cache, plugin, page=page)
181 |     plugin_type = plugin.plugin_type
182 |     plugin_class = get_plugin_class(plugin.plugin_type)
183 |     parents_cache = cache.setdefault("plugin_parents", {})
184 |     children_cache = cache.setdefault("plugin_children", {})
185 | 
186 |     try:
187 |         parent_classes = parents_cache[plugin_type]
188 |     except KeyError:
189 |         parent_classes = plugin_class.get_parent_classes(
190 |             slot=plugin.placeholder.slot,
191 |             page=page,
192 |             instance=plugin,
193 |         )
194 | 
195 |     if plugin_class.cache_parent_classes:
196 |         parents_cache[plugin_type] = parent_classes or []
197 | 
198 |     child_classes = []
199 |     if plugin_class.allow_children:
200 |         # Only check for children if children are allowed
201 |         try:
202 |             child_classes = children_cache[plugin_type]
203 |             # Still check child classes that did not cache their parent classes
204 |             uncached_child_classes = plugin_class.get_child_classes(
205 |                 slot=plugin.placeholder.slot,
206 |                 page=page,
207 |                 instance=plugin,
208 |                 only_uncached=True,
209 |             )
210 |             child_classes = child_classes + uncached_child_classes  # Creates a new list to not change the cache
211 | 
212 |         except KeyError:
213 |             child_classes = plugin_class.get_child_classes(
214 |                 slot=plugin.placeholder.slot,
215 |                 page=page,
216 |                 instance=plugin,
217 |             )
218 |             if plugin_class.cache_child_classes:  # Check if child classes should be cached
219 |                 # Only add plugins to the cache that have the cache_parent_class attribute set
220 |                 children_cache[plugin_type] = [plugin for plugin in (child_classes or [])
221 |                                             if plugin_pool.get_plugin(plugin).cache_parent_classes]
222 |                 if not children_cache[plugin_type] and child_classes:
223 |                     # Edge case:
224 |                     children_cache[plugin_type] = [""]
225 | 
226 |     return child_classes, parent_classes
```

Found function `cms/utils/permissions.py:has_plugin_permission`.
Source: Retrieved code content using keyword search (bm25).
```
385 | def has_plugin_permission(user, plugin_type, permission_type):
386 |     """
387 |     Checks that a user has permissions for the plugin-type given to perform
388 |     the action defined in permission_type
389 |     permission_type should be 'add', 'change' or 'delete'.
390 |     """
391 |     from cms.plugin_pool import plugin_pool
392 |     try:
393 |         plugin_class = plugin_pool.get_plugin(plugin_type)
394 |         codename = get_model_permission_codename(
395 |             plugin_class.model,
396 |             action=permission_type,
397 |         )
398 |         return user.has_perm(codename)
399 |     except KeyError:
400 |         # Grant all permissions for uninstalled plugins, so they do not block
401 |         # emptying placeholders.
402 |         return True
```

Found function `cms/api.py:_verify_plugin_type`.
Source: Retrieved code content using keyword search (bm25).
```
102 | def _verify_plugin_type(plugin_type):
103 |     """
104 |     Verifies the given plugin_type is valid and returns a tuple of
105 |     (plugin_model, plugin_type)
106 |     """
107 |     if hasattr(plugin_type, '__module__') and issubclass(plugin_type, CMSPluginBase):
108 |         plugin_model = plugin_type.model
109 |         assert plugin_type in plugin_pool.plugins.values()
110 |         plugin_type = plugin_type.__name__
111 |     elif isinstance(plugin_type, str):
112 |         try:
113 |             plugin_model = plugin_pool.get_plugin(plugin_type).model
114 |         except KeyError:
115 |             raise TypeError(
116 |                 'plugin_type must be CMSPluginBase subclass or string'
117 |             )
118 |     else:
119 |         raise TypeError('plugin_type must be CMSPluginBase subclass or string')
120 |     return plugin_model, plugin_type
```

Found function `cms/plugin_base.py:CMSPluginBase.icon_alt`.
Source: Retrieved code content using keyword search (bm25).
```
659 | def icon_alt(self, instance):
660 |         """
661 |         Overwrite this if necessary if ``text_enabled = True``
662 |         Return the 'alt' text to be used for an icon representing
663 |         the plugin object in a text editor.
664 | 
665 |         :param instance: The instance of the plugin model to provide specific information
666 |             for the 'alt' text.
667 |         :type instance: :class:`cms.models.pluginmodel.CMSPlugin` instance
668 | 
669 |         By default, :meth:`icon_alt` will return a string of the form: "[plugin type] -
670 |         [instance]", but can be modified to return anything you like.
671 | 
672 |         This function accepts the ``instance`` as a parameter and returns a string to be
673 |         used as the ``alt`` text for the plugin's preview or icon.
674 | 
675 |         Authors of text-enabled plugins should consider overriding this function as
676 |         it will be rendered as a tooltip in most browser. This is useful, because if
677 |         the same plugin is used multiple times, this tooltip can provide information about
678 |         its configuration.
679 | 
680 |         See also: :attr:`text_enabled`, :meth:`icon_src`.
681 | 
682 | 
683 |         """
684 |         return f"{force_str(self.name)} - {force_str(instance)}"
```

Found function `cms/plugin_base.py:CMSPluginBase.get_fieldsets`.
Source: Retrieved code content using keyword search (bm25).
```
686 | def get_fieldsets(self, request, obj=None):
687 |         """
688 |         Same as from base class except if there are no fields, show an info message.
689 |         """
690 |         fieldsets = super().get_fieldsets(request, obj)
691 | 
692 |         for name, data in fieldsets:
693 |             if data.get('fields'):  # if fieldset with non-empty fields is found, return fieldsets
694 |                 return fieldsets
695 | 
696 |         if self.inlines:
697 |             return []  # if plugin has inlines but no own fields return empty fieldsets to remove empty white fieldset
698 | 
699 |         try:  # if all fieldsets are empty (assuming there is only one fieldset then) add description
700 |             fieldsets[0][1]['description'] = self.get_empty_change_form_text(obj=obj)
701 |         except KeyError:
702 |             pass
703 |         return fieldsets
```

Found file `cms/toolbar_base.py`.
Source: Retrieved entity using keyword search (bm25).
Hint: Search `cms/toolbar_base.py` for the full content if needed.



##Searching for term "plugin tree update incomplete", "KeyError plugin tree update incomplete"...
### Search Result:
Found function `cms/models/pluginmodel.py:CMSPlugin.update`.
Source: Retrieved entity using keyword search (bm25).
```
327 | def update(self, refresh=False, **fields):
328 |         CMSPlugin.objects.filter(pk=self.pk).update(**fields)
329 |         if refresh:
330 |             return self.reload()
331 |         return
```

Found function `cms/models/contentmodels.py:PageContent.update`.
Source: Retrieved entity using keyword search (bm25).
```
163 | def update(self, **data):
164 |         for field, value in data.items():
165 |             setattr(self, field, value)
166 |         self.save(update_fields=data.keys())
```

Found function `cms/models/pagemodel.py:Page.update`.
Source: Retrieved entity using keyword search (bm25).
```
627 | def update(self, refresh=False, **data):
628 |         cls = self.__class__
629 |         cls.objects.filter(pk=self.pk).update(**data)
630 | 
631 |         if refresh:
632 |             return self.reload()
633 |         else:
634 |             for field, value in data.items():
635 |                 setattr(self, field, value)
636 |         return
```

Found function `cms/models/placeholdermodel.py:Placeholder.move_plugin`.
Source: Retrieved code content using keyword search (bm25).
```
496 | def move_plugin(self, plugin, target_position, target_placeholder=None, target_plugin=None):
497 |         """
498 |         .. versionadded:: 4.0
499 | 
500 |         Moves a plugin within the placeholder (``target_placeholder=None``) or to another placeholder.
501 | 
502 |         :param plugin: Plugin to move
503 |         :type plugin: :class:`cms.models.pluginmodel.CMSPlugin` instance
504 |         :param int target_position: The plugin's new position
505 |         :param  target_placeholder: Placeholder to move plugin to (or ``None``)
506 |         :type target_placeholder: :class:`cms.models.placeholdermodel.Placeholder` instance
507 |         :param target_plugin: New parent plugin (or ``None``). The target plugin must be in the same placeholder
508 |            or in the ``target_placeholder`` if one is given.
509 |         :type target_plugin: :class:`cms.models.pluginmodel.CMSPlugin` instance
510 | 
511 |         The ``target_position`` is enumerated from the start of the palceholder's plugin tree (1) to
512 |         the last plugin (*n*, where *n* is the number of plugins in the placeholder).
513 |         """
514 | 
515 |         if target_placeholder:
516 |             return self._move_plugin_to_placeholder(
517 |                 plugin=plugin,
518 |                 target_position=target_position,
519 |                 target_placeholder=target_placeholder,
520 |                 target_plugin=target_plugin,
521 |             )
522 | 
523 |         target_tree = self.get_plugins(plugin.language)
524 |         last_plugin = self.get_last_plugin(plugin.language)
525 |         source_plugin_desc_count = plugin._get_descendants_count()
526 |         # Attn: The following line assumes that all children and grand-children have consecutive positions!
527 |         source_plugin_range = (plugin.position, plugin.position + source_plugin_desc_count)
528 | 
529 |         if target_position < plugin.position:
530 |             # Moving left
531 |             # Make a big hole on the right side of the current plugin's position
532 |             # by shifting all right nodes further to the right, excluding the current plugin
533 |             # but including the target plugin and its descendants.
534 |             (target_tree.filter(position__gte=target_position).exclude(position__range=source_plugin_range)).update(
535 |                 position=(models.F("position") + last_plugin.position)
536 |             )
537 | 
538 |             # Make a big hole on the left side of the current plugin's position
539 |             # by shifting all right nodes further the right, including the current plugin
540 |             # and its descendants.
541 |             target_tree.filter(position__lte=source_plugin_range[1]).update(
542 |                 position=models.F("position") - last_plugin.position
543 |             )
544 |         else:
545 |             # Moving right
546 |             # Make a big hole on the left side of the target position,
547 |             # by shifting all left nodes further to the left, excluding the current plugin
548 |             # but including the target plugin and its descendants.
549 |             # Left node in the common case is target_position but if the current plugin
550 |             # has descendants then left node is the closest node to the right side of the
551 |             # last descendant.
552 |             (
553 |                 target_tree.filter(position__lte=target_position + source_plugin_desc_count).exclude(
554 |                     position__range=source_plugin_range
555 |                 )
556 |             ).update(position=(models.F("position") - last_plugin.position))
557 | 
558 |             # Make a big hole on the right side of the current plugin's position
559 |             # by shifting all right nodes further the right, including the current plugin
560 |             # and its descendants.
561 |             target_tree.filter(position__gte=plugin.position).update(
562 |                 position=models.F("position") + last_plugin.position
563 |             )
564 | 
565 |         if plugin.parent != target_plugin:
566 |             # Plugin is being moved to another tree (under another parent)
567 |             # OR plugin is being moved to the root (no parent)
568 |             plugin.update(parent=target_plugin)
569 |         # The plugin tree was shifted to the right to make space,
570 |         # Squash all plugin positions in the tree to close any holes.
571 |         self._recalculate_plugin_positions(plugin.language)
```

Found function `cms/models/placeholdermodel.py:Placeholder.get_first_plugin_position`.
Source: Retrieved code content using keyword search (bm25).
```
679 | def get_first_plugin_position(self, language, parent=None):
680 |         tree = self.get_plugins(language)
681 | 
682 |         if parent:
683 |             tree = tree.filter(parent=parent)
684 |         return tree.values_list("position", flat=True).first()
```

Found function `cms/models/placeholdermodel.py:Placeholder.get_last_plugin_position`.
Source: Retrieved code content using keyword search (bm25).
```
686 | def get_last_plugin_position(self, language, parent=None):
687 |         if parent is None:
688 |             tree = self.get_plugins(language)
689 |         elif parent.placeholder == self:
690 |             tree = parent.get_descendants()
691 |         else:  # No last plugin if parent is not in this placeholder's plugin tree
692 |             return None
693 |         return tree.values_list("position", flat=True).last()
```

Found function `cms/models/placeholdermodel.py:Placeholder._shift_plugin_positions`.
Source: Retrieved code content using keyword search (bm25).
```
695 | def _shift_plugin_positions(self, language, start, offset=None):
696 |         if offset is None:
697 |             offset = self.get_last_plugin_position(language) or 0
698 | 
699 |         self.get_plugins(language).filter(position__gte=start).update(position=models.F("position") + offset)
```

Found function `cms/plugin_base.py:CMSPluginBase.render_close_frame`.
Source: Retrieved code content using keyword search (bm25).
```
476 | def render_close_frame(
477 |         self,
478 |         request: HttpRequest,
479 |         obj: Optional[CMSPlugin],
480 |         action: Optional[str] = "edit",
481 |         extra_data: Optional[Context] = None,
482 |         extra_context: Optional[Context] = None,
483 |     ) -> HttpResponse:
484 |         """
485 |         Renders the close frame for a CMS plugin in the Django admin interface.
486 | 
487 |         This method is used to send information to the javascript frontend
488 |         after an edit action has taken place. It allows the javascript frontend
489 |         to update the structure and content on the edit endpoints.
490 | 
491 |         Args:
492 |             request (HttpRequest): The HTTP request object.
493 |             obj (CMSPlugin): The CMS plugin instance being rendered.
494 |             action (Optional[str]): The action being performed on the plugin.
495 |                 Defaults to "edit". Possible values are "add", "edit", "move", and "delete".
496 |             extra_data (Optional[Context]): Additional data to include in
497 |                 the data bridge to the frontend. Defaults to None.
498 |             extra_context (Optional[Context]): Additional context to include in
499 |                 the rendering. Defaults to None.
500 | 
501 |         Returns:
502 |             HttpResponse: The rendered confirmation form as an HTTP response.
503 | 
504 |         Raises:
505 |             ObjectDoesNotExist: If the parent plugin is a ghost plugin and the
506 |                 plugin tree cannot be fetched.
507 | 
508 |         Notes:
509 |             - Handles edge cases where the parent plugin is a ghost plugin.
510 |             - Constructs the plugin tree structure and gathers plugin-specific
511 |               data for rendering.
512 |             - Includes messages from the request in the context.
513 |         """
514 | 
515 |         dj_messages = [{
516 |                     'level': message.level,
517 |                     'message': message.message,
518 |                     'tags': message.tags,
519 |                     } for message in messages.get_messages(request)]
520 | 
521 |         if not obj:
522 |             # No object specified - just close the modal frame
523 |             context = {
524 |                 "is_popup": True,
525 |                 "data_bridge": {
526 |                     "action": action,
527 |                     "messages": dj_messages,
528 |                     **(extra_data or {}),
529 |                 },
530 |                 **(extra_context or {}),
531 |             }
532 |             return TemplateResponse(
533 |                 request, 'admin/cms/page/plugin/confirm_form.html', context
534 |             )
535 | 
536 |         try:
537 |             root = obj.parent.get_bound_plugin() if obj.parent else obj
538 |         except ObjectDoesNotExist:
539 |             # This is a nasty edge-case.
540 |             # If the parent plugin is a ghost plugin, fetching the plugin tree
541 |             # will fail because the downcasting function filters out all ghost plugins.
542 |             # Currently, this case is only present in the djangocms-text app
543 |             # which uses ghost plugins to create inline plugins on the text.
544 |             root = obj
545 | 
546 |         plugins = [root] + list(root.get_descendants())
547 | 
548 |         target_plugin = plugins[0] if action in ("add", "delete") else next(
549 |             (plugin for plugin in plugins if plugin.pk == obj.pk), None
550 |         )
551 |         structure = get_plugin_tree(request, plugins, target_plugin=target_plugin)
552 |         plugin_data = next((plugin_data for plugin_data in structure['plugins'] if plugin_data["plugin_id"] == obj.pk), {})
553 | 
554 |         context = {
555 |             'plugin': obj,
556 |             'is_popup': True,
557 |             'data_bridge': {
558 |                 **plugin_data,
559 |                 "action": action,
560 |                 "plugin_desc": escapejs(force_str(obj.get_short_description())),
561 |                 "structure": structure,
562 |                 "messages": dj_messages,
563 |                 **(extra_data or {}),
564 |             },
565 |             **(extra_context or {}),
566 |         }
567 | 
568 |         return TemplateResponse(
569 |             request, 'admin/cms/page/plugin/confirm_form.html', context
570 |         )
```

Found file `cms/utils/plugins.py`.
Found file `cms/management/commands/subcommands/tree.py`.
Source: Retrieved entity using keyword search (bm25).
Hint: Use more detailed query to get the full content of some if needed.

2026-09-14 22:39:07 utils.py INFO 
LiteLLM completion() model= qwen/qwen3-coder; provider = openrouter
2026-09-14 22:39:11 utils.py INFO Wrapper: Completed Call, calling success_handler
2026-09-14 22:39:11 auto_search_main.py INFO Executing code:
```
print(search_code_snippets(**{'search_terms': ['plugin_data', 'structure[plugins]'], 'file_path_or_pattern': 'cms/plugin_base.py'}))
```
2026-09-14 22:39:12 __init__.py DEBUG Building index from IDs objects
2026-09-14 22:39:12 __init__.py DEBUG Building index from IDs objects
2026-09-14 22:39:12 __init__.py DEBUG Building index from IDs objects
2026-09-14 22:39:12 __init__.py DEBUG Building index from IDs objects
2026-09-14 22:39:12 auto_search_main.py INFO OBSERVATION:
cms/plugin_base.py:CMSPluginBase.render_close_frame
cms/plugin_base.py:CMSPluginBase.render_close_frame
cms/plugin_base.py:CMSPluginBase
cms/plugin_base.py:CMSPluginBase.render_close_frame
cms/plugin_base.py:CMSPluginBase.get_extra_placeholder_menu_items
cms/plugin_base.py:CMSPluginBase.get_plugin_urls
cms/plugin_base.py:CMSPluginBase.plugin_urls
cms/plugin_base.py:CMSPluginBase.__repr__
cms/plugin_base.py:CMSPluginBase.get_extra_plugin_menu_items
cms/plugin_base.py:CMSPluginBase.__str__
cms/plugin_base.py:CMSPluginBase:54
cms/plugin_base.py:CMSPluginBase.get_parent_classes
cms/plugin_base.py:CMSPluginBase.render_close_frame
cms/plugin_base.py:CMSPluginBase
cms/plugin_base.py:CMSPluginBase.render_close_frame
cms/plugin_base.py:CMSPluginBase.get_extra_placeholder_menu_items
cms/plugin_base.py:CMSPluginBase.get_plugin_urls
cms/plugin_base.py:CMSPluginBase.plugin_urls
cms/plugin_base.py:CMSPluginBase.__repr__
cms/plugin_base.py:CMSPluginBase.get_extra_plugin_menu_items
cms/plugin_base.py:CMSPluginBase.__str__
cms/plugin_base.py:CMSPluginBase:54
cms/plugin_base.py:CMSPluginBase.get_parent_classes
##Searching for term "plugin_data"...
### Search Result:
Found class `cms/plugin_pool.py:PluginPool`.
Source: Retrieved entity using keyword search (bm25).
Just show the structure of this class due to response length limitations:
```
class PluginPool:
    def __init__(self):
...
    def _clear_cached(self):
...
    def discover_plugins(self):
...
    def clear(self):
...
    def validate_templates(self, plugin=None):
...
    def register_plugin(self, plugin):
...
    def unregister_plugin(self, plugin):
...
    def get_all_plugins(self, placeholder=None, page=None, setting_key="plugins", include_page_only=True):
...
    def get_text_enabled_plugins(self, placeholder, page) -> list[type[CMSPluginBase]]:
...
    def get_plugin(self, name) -> type[CMSPluginBase]:
...
    def get_patterns(self) -> list[URLResolver]:
...
    def get_system_plugins(self) -> list[str]:
...
    @cached_property
    def registered_plugins(self) -> list[type[CMSPluginBase]]:
...
    @cached_property
    def plugins_with_extra_menu(self) -> list[type[CMSPluginBase]]:
...
    @cached_property
    def plugins_with_extra_placeholder_menu(self) -> list[type[CMSPluginBase]]:
...
    def get_restrictions_cache(self, request_cache: dict, instance: CMSPluginBase, page: Optional[Page] = None):
...
    restriction_methods = ("get_require_parent", "get_child_class_overrides", "get_parent_classes")

    def can_cache_globally(self, plugin_class: CMSPluginBase) -> bool:

```
Hint: Search `cms/plugin_pool.py:PluginPool` to get the full content if needed.

Found function `cms/toolbar/utils.py:get_plugin_tree.collect_plugin_data`.
Source: Retrieved entity using keyword search (bm25).
```
126 | def collect_plugin_data(plugin):
127 |         child_classes, parent_classes = get_plugin_restrictions(
128 |             plugin=plugin,
129 |             restrictions_cache=restrictions,
130 |         )
131 |         plugin_info = get_plugin_info(
132 |             plugin,
133 |             children=child_classes,
134 |             parents=parent_classes,
135 |         )
136 | 
137 |         tree_data.append(plugin_info)
138 | 
139 |         for plugin_instance in plugin.child_plugin_instances:
140 |             collect_plugin_data(plugin_instance)
```

Found file `cms/plugin_pool.py`.
Source: Retrieved entity using keyword search (bm25).
Hint: Search `cms/plugin_pool.py` for the full content if needed.



##Searching for term "plugin_data", "structure[plugins]", "plugin_data structure[plugins]"...
### Search Result:
Found function `cms/plugin_base.py:CMSPluginBase.render_close_frame`.
Source: Retrieved code content using keyword search (bm25).
```
476 | def render_close_frame(
477 |         self,
478 |         request: HttpRequest,
479 |         obj: Optional[CMSPlugin],
480 |         action: Optional[str] = "edit",
481 |         extra_data: Optional[Context] = None,
482 |         extra_context: Optional[Context] = None,
483 |     ) -> HttpResponse:
484 |         """
485 |         Renders the close frame for a CMS plugin in the Django admin interface.
486 | 
487 |         This method is used to send information to the javascript frontend
488 |         after an edit action has taken place. It allows the javascript frontend
489 |         to update the structure and content on the edit endpoints.
490 | 
491 |         Args:
492 |             request (HttpRequest): The HTTP request object.
493 |             obj (CMSPlugin): The CMS plugin instance being rendered.
494 |             action (Optional[str]): The action being performed on the plugin.
495 |                 Defaults to "edit". Possible values are "add", "edit", "move", and "delete".
496 |             extra_data (Optional[Context]): Additional data to include in
497 |                 the data bridge to the frontend. Defaults to None.
498 |             extra_context (Optional[Context]): Additional context to include in
499 |                 the rendering. Defaults to None.
500 | 
501 |         Returns:
502 |             HttpResponse: The rendered confirmation form as an HTTP response.
503 | 
504 |         Raises:
505 |             ObjectDoesNotExist: If the parent plugin is a ghost plugin and the
506 |                 plugin tree cannot be fetched.
507 | 
508 |         Notes:
509 |             - Handles edge cases where the parent plugin is a ghost plugin.
510 |             - Constructs the plugin tree structure and gathers plugin-specific
511 |               data for rendering.
512 |             - Includes messages from the request in the context.
513 |         """
514 | 
515 |         dj_messages = [{
516 |                     'level': message.level,
517 |                     'message': message.message,
518 |                     'tags': message.tags,
519 |                     } for message in messages.get_messages(request)]
520 | 
521 |         if not obj:
522 |             # No object specified - just close the modal frame
523 |             context = {
524 |                 "is_popup": True,
525 |                 "data_bridge": {
526 |                     "action": action,
527 |                     "messages": dj_messages,
528 |                     **(extra_data or {}),
529 |                 },
530 |                 **(extra_context or {}),
531 |             }
532 |             return TemplateResponse(
533 |                 request, 'admin/cms/page/plugin/confirm_form.html', context
534 |             )
535 | 
536 |         try:
537 |             root = obj.parent.get_bound_plugin() if obj.parent else obj
538 |         except ObjectDoesNotExist:
539 |             # This is a nasty edge-case.
540 |             # If the parent plugin is a ghost plugin, fetching the plugin tree
541 |             # will fail because the downcasting function filters out all ghost plugins.
542 |             # Currently, this case is only present in the djangocms-text app
543 |             # which uses ghost plugins to create inline plugins on the text.
544 |             root = obj
545 | 
546 |         plugins = [root] + list(root.get_descendants())
547 | 
548 |         target_plugin = plugins[0] if action in ("add", "delete") else next(
549 |             (plugin for plugin in plugins if plugin.pk == obj.pk), None
550 |         )
551 |         structure = get_plugin_tree(request, plugins, target_plugin=target_plugin)
552 |         plugin_data = next((plugin_data for plugin_data in structure['plugins'] if plugin_data["plugin_id"] == obj.pk), {})
553 | 
554 |         context = {
555 |             'plugin': obj,
556 |             'is_popup': True,
557 |             'data_bridge': {
558 |                 **plugin_data,
559 |                 "action": action,
560 |                 "plugin_desc": escapejs(force_str(obj.get_short_description())),
561 |                 "structure": structure,
562 |                 "messages": dj_messages,
563 |                 **(extra_data or {}),
564 |             },
565 |             **(extra_context or {}),
566 |         }
567 | 
568 |         return TemplateResponse(
569 |             request, 'admin/cms/page/plugin/confirm_form.html', context
570 |         )
```



##Searching for term "structure[plugins]", "plugin_data structure[plugins]"...
### Search Result:
Found class `cms/plugin_base.py:CMSPluginBase`.
Source: Retrieved code content using keyword search (bm25).
Just show the structure of this class due to response length limitations:
```
class CMSPluginBase(admin.ModelAdmin, metaclass=CMSPluginBaseMetaclass):

    #: Name of the plugin needs to be set in child classes
    name = ""

    #: Modules collect plugins of similar type
    module = _("Generic")  # To be overridden in child classes

    #: Custom form class to be used to edit this plugin.
    form = None

    change_form_template = "admin/cms/page/plugin/change_form.html"
    # If True, displays a preview in the admin. Not used any more.
    admin_preview = False

    #:  The path to the template used to render the template. If ``render_plugin`` is ``True`` either this or
    #: ``get_render_template`` **must** be defined. See also: :attr:`render_plugin` , :meth:`get_render_template`.
    render_template = None

    #: If set to ``False``, this plugin will not be rendered at all. If ``True``, :meth:`render_template` must also
    #: be defined. See also: :attr:`render_template`, :meth:`get_render_template`.
    render_plugin = True

    #: If the plugin requires per-instance settings, then this setting must be set to a model that inherits from
    #: :class:`~cms.models.pluginmodel.CMSPlugin`. See also: :ref:`storing configuration`.
    model = CMSPlugin

    text_enabled = False

    #: Set to ``True`` if this plugin should only be used in a placeholder that is attached to a django CMS page,
    #: and not other models with ``PlaceholderRelationFields``. See also: :attr:`child_classes`, :attr:`parent_classes`,
    #: :attr:`require_parent`.
    page_only = False

    allow_children = False

    #: A list of Plugin Class Names. If this is set, only plugins listed here can be added to this plugin.
    #: See also: :attr:`parent_classes`.
    child_classes = None

    #: Is it required that this plugin is a child of another plugin? Or can it be added to any placeholder, even one
    #: attached to a page. See also: :attr:`child_classes`, :attr:`parent_classes`.
    require_parent = False

    #: A list of the names of permissible parent classes for this plugin. See also: :attr:`child_classes`,
    #: :attr:`require_parent`.
    parent_classes = None

    #: Disables *dragging* of child plugins in structure mode.
    disable_child_plugins = False

    #: Disables *editing* of this plugin in structure mode. Useful for plugins which, for example, are managed by
    #: their parent plugins.
    #:
    #: If editing is disabled, the plugin will be rendered in structure mode normally, but double-clicking on it will
    #: not open the plugin edit dialog. The user will not have a direct way to change the plugin instance.
    #:
    #: Moving or adding child plugins are not affected.
    disable_edit = False

    #: Determines if the add plugin modal is shown for this plugin (default: yes). Useful for plugins which have no
    #: fields to fill, or which have valid default values for *all* fields.
    #: If the plugin's form will not validate with the default values the add plugin modal is shown with the form
    #: errors.
    show_add_form = True

    #: The plugin does not modify the context or request and its rendering is not influenced by its parent
    #: plugins. Defaults to ``True`` unless :setting:`CMS_ALWAYS_REFRESH_CONTENT` is set to ``True``.
    is_local = not get_cms_setting("ALWAYS_REFRESH_CONTENT")

    # Warning: setting these to False, may have a serious performance impact, because their child-parent-relation must
    # be recomputed each time the plugin tree is rendered. If a parent with cache_child_classes is True but has
    # children with cache_parent_classes set to False, the child classes will not be cached.
    cache_child_classes = True
    cache_parent_classes = True

    _has_extra_placeholder_menu_items = False
    _has_extra_plugin_menu_items = False

    cache = get_cms_setting('PLUGIN_CACHE')

    system = False

    opts = {}

    def __init__(self, model=None, admin_site=None):
...
    def _get_render_template(self, context, instance, placeholder):
...
    if DJANGO_5_1:
        # Avoid a bug in Django's template engine that is incompatible with Python 3.9+
        # type hinting. By default, the parent class has no __class_getitem__ method.
        # There exist third-party packages, however, that inject type hinting into Django.
        # This ensures, that any type hinting is ignore for CMSPlugin (below Django 5.2)
        # See https://github.com/django-cms/django-cms/issues/7948
        def __class_getitem__(cls, item):
...
    @classmethod
    def get_render_queryset(cls):
...
    def render(self, context, instance, placeholder):
...
    @classmethod
    def requires_parent_plugin(cls, slot, page):
...
    @classmethod
    @lru_cache
    def _get_template_for_conf(cls, page: Optional[Page], instance: Optional[CMSPlugin]):
...
    @classmethod
    @template_slot_caching
    def get_require_parent(cls, slot: str, page: Optional[Page] = None, instance: Optional[CMSPlugin] = None) -> bool:
...
    def get_cache_expiration(self, request, instance, placeholder):
...
    def get_vary_cache_on(self, request, instance, placeholder):
...
    def render_change_form(self, request, context, add=False, change=False, form_url='', obj=None):
...
    def render_close_frame(
        self,
        request: HttpRequest,
        obj: Optional[CMSPlugin],
        action: Optional[str] = "edit",
        extra_data: Optional[Context] = None,
        extra_context: Optional[Context] = None,
    ) -> HttpResponse:
...
    def save_model(self, request, obj, form, change):
...
    def save_form(self, request, form, change):
...
    def response_add(self, request, obj, **kwargs):
...
    def response_change(self, request, obj):
...
    def log_addition(self, request, obj, bypass=None):
...
    def log_change(self, request, obj, message, bypass=None):
...
    def log_deletion(self, request, obj, object_repr, bypass=None):
...
    def icon_src(self, instance):
...
    def icon_alt(self, instance):
...
    def get_fieldsets(self, request, obj=None):
...
    @classmethod
    def get_empty_change_form_text(cls, obj=None):
...
    @classmethod
    @template_slot_caching
    def get_child_class_overrides(cls, slot: str, page: Optional[Page] = None, instance: Optional[CMSPlugin] = None):
...
    @classmethod
    def get_child_plugin_candidates(cls, slot: str, page: Optional[Page] = None) -> list:
...
    @classmethod
    @template_slot_caching
    def get_child_classes(cls, slot, page: Optional[Page] = None, instance: Optional[CMSPlugin] = None, only_uncached: bool = False) -> list:
...
    @classmethod
    @template_slot_caching
    def get_parent_classes(cls, slot: str, page: Optional[Page] = None, instance: Optional[CMSPlugin] = None):
...
    def get_plugin_urls(self):
...
    def plugin_urls(self):
...
    plugin_urls = property(plugin_urls)

    @classmethod
    def get_extra_placeholder_menu_items(self, request, placeholder):
...
    @classmethod
    def get_extra_plugin_menu_items(cls, request, plugin):
...
    def __repr__(self):
...
    def __str__(self):

```
Hint: Search `cms/plugin_base.py:CMSPluginBase` to get the full content if needed.

Found function `cms/utils/plugins.py:get_plugin_class`.
Source: Retrieved entity using keyword search (bm25).
```
27 | def get_plugin_class(plugin_type: str) -> type[CMSPluginBase]:
28 |     """Returns the plugin class for a given plugin_type (str)"""
29 |     return plugin_pool.get_plugin(plugin_type)
```

Found function `cms/utils/plugins.py:get_plugin_model`.
Source: Retrieved entity using keyword search (bm25).
```
32 | def get_plugin_model(plugin_type: str) -> CMSPlugin:
33 |     """Returns the plugin model class for a given plugin_type (str)"""
34 |     return get_plugin_class(plugin_type).model
```

Found function `cms/utils/plugins.py:get_plugins_as_layered_tree`.
Source: Retrieved entity using keyword search (bm25).
```
157 | def get_plugins_as_layered_tree(plugins):
158 |     """
159 |     Given an iterable of plugins ordered by position,
160 |     returns a deque of root plugins with their respective
161 |     children set in the child_plugin_instances attribute.
162 |     """
163 |     delayed = defaultdict(deque)
164 |     root_plugins = deque()
165 | 
166 |     for plugin in reversed(plugins):
167 |         plugin.child_plugin_instances = delayed[plugin.pk]
168 | 
169 |         if plugin.parent_id:
170 |             delayed[plugin.parent_id].appendleft(plugin)
171 |         else:
172 |             root_plugins.appendleft(plugin)
173 |     return root_plugins
```

Found function `cms/plugin_base.py:CMSPluginBase.get_plugin_urls`.
Source: Retrieved code content using keyword search (bm25).
```
792 | def get_plugin_urls(self):
793 |         """
794 |         Returns the URL patterns the plugin wants to register views for.
795 |         They are included under django CMS's page admin URLS in the plugin path
796 |         (e.g.: ``/admin/cms/page/plugin/<plugin-name>/`` in the default case).
797 | 
798 | 
799 |         ``get_plugin_urls()`` is useful if your plugin needs to talk asynchronously to the admin.
800 |         """
801 |         return []
```

Found function `cms/plugin_base.py:CMSPluginBase.get_extra_placeholder_menu_items`.
Source: Retrieved code content using keyword search (bm25).
```
808 | def get_extra_placeholder_menu_items(self, request, placeholder):
809 |         """Extends the placeholder context menu for all placeholders.
810 | 
811 |         To add one or more custom context menu items that are displayed in the context menu for all placeholders when
812 |         in structure mode, override this method in a related plugin to return a list of
813 |         :class:`cms.plugin_base.PluginMenuItem` instances.
814 |         """
815 |         pass
```

Found file `cms/utils/plugins.py`.
Source: Retrieved entity using keyword search (bm25).
Hint: Search `cms/utils/plugins.py` for the full content if needed.

2026-09-14 22:39:12 utils.py INFO 
LiteLLM completion() model= qwen/qwen3-coder; provider = openrouter
2026-09-14 22:39:17 utils.py INFO Wrapper: Completed Call, calling success_handler
2026-09-14 22:39:17 auto_search_main.py INFO Executing code:
```
print(get_entity_contents(**{'entity_names': ['cms/toolbar/utils.py:get_plugin_tree.collect_plugin_data']}))
```
2026-09-14 22:39:17 auto_search_main.py INFO OBSERVATION:
##Searching for entity `cms/toolbar/utils.py:get_plugin_tree.collect_plugin_data`...
### Search Result:
Found function `cms/toolbar/utils.py:get_plugin_tree.collect_plugin_data`.
Source: Exact match found for entity name `cms/toolbar/utils.py:get_plugin_tree.collect_plugin_data`.
```
126 | def collect_plugin_data(plugin):
127 |         child_classes, parent_classes = get_plugin_restrictions(
128 |             plugin=plugin,
129 |             restrictions_cache=restrictions,
130 |         )
131 |         plugin_info = get_plugin_info(
132 |             plugin,
133 |             children=child_classes,
134 |             parents=parent_classes,
135 |         )
136 | 
137 |         tree_data.append(plugin_info)
138 | 
139 |         for plugin_instance in plugin.child_plugin_instances:
140 |             collect_plugin_data(plugin_instance)
```

2026-09-14 22:39:17 utils.py INFO 
LiteLLM completion() model= qwen/qwen3-coder; provider = openrouter
2026-09-14 22:39:25 utils.py INFO Wrapper: Completed Call, calling success_handler
2026-09-14 22:39:26 auto_search_main.py INFO Executing code:
```
print(search_code_snippets(**{'search_terms': ['return.*html.*plugins', 'structure plugins'], 'file_path_or_pattern': 'cms/toolbar/utils.py'}))
```
2026-09-14 22:39:26 __init__.py DEBUG Building index from IDs objects
2026-09-14 22:39:26 __init__.py DEBUG Building index from IDs objects
2026-09-14 22:39:26 __init__.py DEBUG Building index from IDs objects
2026-09-14 22:39:26 auto_search_main.py INFO OBSERVATION:
cms/toolbar/utils.py:get_plugin_tree
cms/toolbar/utils.py:get_plugin_content
cms/toolbar/utils.py:get_plugin_tree
cms/toolbar/utils.py:get_plugin_tree
cms/toolbar/utils.py:get_plugin_tree
##Searching for term "return.*html.*plugins", "structure plugins", "return.*html.*plugins structure plugins"...
### Search Result:
Found function `cms/utils/plugins.py:get_plugin_class`.
Source: Retrieved entity using keyword search (bm25).
```
27 | def get_plugin_class(plugin_type: str) -> type[CMSPluginBase]:
28 |     """Returns the plugin class for a given plugin_type (str)"""
29 |     return plugin_pool.get_plugin(plugin_type)
```

Found function `cms/utils/plugins.py:get_plugin_model`.
Source: Retrieved entity using keyword search (bm25).
```
32 | def get_plugin_model(plugin_type: str) -> CMSPlugin:
33 |     """Returns the plugin model class for a given plugin_type (str)"""
34 |     return get_plugin_class(plugin_type).model
```

Found function `cms/utils/plugins.py:get_plugins_as_layered_tree`.
Source: Retrieved entity using keyword search (bm25).
```
157 | def get_plugins_as_layered_tree(plugins):
158 |     """
159 |     Given an iterable of plugins ordered by position,
160 |     returns a deque of root plugins with their respective
161 |     children set in the child_plugin_instances attribute.
162 |     """
163 |     delayed = defaultdict(deque)
164 |     root_plugins = deque()
165 | 
166 |     for plugin in reversed(plugins):
167 |         plugin.child_plugin_instances = delayed[plugin.pk]
168 | 
169 |         if plugin.parent_id:
170 |             delayed[plugin.parent_id].appendleft(plugin)
171 |         else:
172 |             root_plugins.appendleft(plugin)
173 |     return root_plugins
```

Found function `cms/toolbar/utils.py:get_plugin_tree`.
Source: Retrieved code content using keyword search (bm25).
```
 79 | def get_plugin_tree(
 80 |     request: HttpRequest,
 81 |     plugins: list[CMSPlugin],
 82 |     restrictions: Optional[dict] = None,
 83 |     target_plugin: Optional[CMSPlugin] = None,
 84 | ) -> dict[str, Any]:
 85 |     """
 86 |     Constructs a tree structure of CMS plugins for the toolbar.
 87 | 
 88 |     Args:
 89 |         request (HttpRequest): The HTTP request object.
 90 |         plugins (list[CMSPlugin]): A list of CMSPlugin instances to be organized into a tree.
 91 |         restrictions (Optional[dict], optional): A dictionary of plugin restrictions. Defaults to None.
 92 |         target_plugin (Optional[CMSPlugin], optional): The target plugin to render.
 93 |             Content will only be rendered if given. Defaults to None.
 94 | 
 95 |     Returns:
 96 |         tuple[dict[str, Any]]: A dictionary with up to five keys:
 97 |             - 'html': A string of rendered HTML for the plugin tree.
 98 |             - 'plugins': A flat list of plugin information dictionaries.
 99 |             - 'content': The rendered content of target_plugin (if given) including its children
100 |             - 'target_position': The position of the target_plugin (if given)
101 |             - 'target_placeholder_id': The placeholder id of the target_plugin (if given)
102 |     """
103 |     from cms.utils.plugins import downcast_plugins, get_plugin_restrictions
104 | 
105 |     tree_data = []
106 |     tree_structure = []
107 |     restrictions = restrictions or {}
108 |     root_plugins = deque()
109 |     plugin_children = defaultdict(deque)
110 |     toolbar = get_toolbar_from_request(request)
111 |     template = toolbar.templates.drag_item_template
112 |     get_plugin_info = get_plugin_toolbar_info
113 |     placeholder = plugins[0].placeholder
114 |     copy_to_clipboard = placeholder.pk == toolbar.clipboard.pk
115 |     plugins = list(downcast_plugins(plugins, select_placeholder=True))
116 |     plugin_ids = frozenset(plugin.pk for plugin in plugins)
117 | 
118 |     for plugin in reversed(plugins):
119 |         plugin.child_plugin_instances = plugin_children[plugin.pk]
120 | 
121 |         if plugin.parent_id in plugin_ids:
122 |             plugin_children[plugin.parent_id].appendleft(plugin)
123 |         else:
124 |             root_plugins.appendleft(plugin)
125 | 
126 |     def collect_plugin_data(plugin):
127 |         child_classes, parent_classes = get_plugin_restrictions(
128 |             plugin=plugin,
129 |             restrictions_cache=restrictions,
130 |         )
131 |         plugin_info = get_plugin_info(
132 |             plugin,
133 |             children=child_classes,
134 |             parents=parent_classes,
135 |         )
136 | 
137 |         tree_data.append(plugin_info)
138 | 
139 |         for plugin_instance in plugin.child_plugin_instances:
140 |             collect_plugin_data(plugin_instance)
141 | 
142 |     with force_language(toolbar.toolbar_language):
143 |         for root_plugin in root_plugins:
144 |             collect_plugin_data(root_plugin)
145 |             context = {
146 |                 'plugin': root_plugin,
147 |                 'request': request,
148 |                 'clipboard': copy_to_clipboard,
149 |                 'cms_toolbar': toolbar,
150 |             }
151 |             tree_structure.append(template.render(context))
152 |     tree_data.reverse()
153 | 
154 |     content = {}
155 |     # Render the target plugin if given and all plugins are local
156 |     if target_plugin and all(plugin.get_plugin_class().is_local for plugin in plugins):
157 |         # Also provide the parent plugin to the context (if available)
158 |         downcasted = next(
159 |             (plugin for plugin in plugins if plugin.pk == target_plugin.pk), None
160 |         )
161 |         parent = next(
162 |             (plugin for plugin in plugins if plugin.pk == target_plugin.parent_id), None
163 |         ) if target_plugin.parent_id else None
164 |         content["content"] = get_plugin_content(request, downcasted, {"parent": parent})
165 | 
166 |     return {'html': '\n'.join(tree_structure), 'plugins': tree_data, **content}
```

Found file `cms/utils/plugins.py`.
Source: Retrieved entity using keyword search (bm25).
Hint: Search `cms/utils/plugins.py` for the full content if needed.



##Searching for term "return.*html.*plugins"...
### Search Result:
Found function `cms/toolbar/utils.py:get_plugin_content`.
Source: Retrieved code content using keyword search (bm25).
```
169 | def get_plugin_content(request: HttpRequest, plugin: CMSPlugin | list[CMSPlugin], context: dict = None) -> dict[str, Any]:
170 |     if context is None:
171 |         context = {}
172 |     plugin_list = plugin if isinstance(plugin, list) else [plugin]
173 |     toolbar = get_toolbar_from_request(request)
174 |     renderer = toolbar.content_renderer
175 |     # Switch to edit mode despite the request originally coming from the admin
176 |     toolbar.edit_mode_active = True
177 |     renderer._placeholders_are_editable = True
178 |     context = SekizaiContext({'request': request, **context})
179 |     try:
180 |         return [{
181 |             "html": renderer.render_plugin(plugin, context, placeholder=plugin.placeholder, editable=True),
182 |             "js": "".join(context[get_varname()].get("js", [])),
183 |             "css": "".join(context[get_varname()].get("css", [])),
184 |             "position": plugin.position,
185 |             "placeholder_id": plugin.placeholder_id,
186 |             "pluginIds": get_plugin_tree_ids(plugin),
187 |         } for plugin in plugin_list]
188 |     except Exception:
189 |         return []
```

2026-09-14 22:39:26 utils.py INFO 
LiteLLM completion() model= qwen/qwen3-coder; provider = openrouter
2026-09-14 22:39:33 utils.py INFO Wrapper: Completed Call, calling success_handler
2026-09-14 22:39:33 auto_search_main.py INFO Executing code:
```
print(search_code_snippets(**{'search_terms': ['move plugin action', 'plugin tree update']}))
```
2026-09-14 22:39:33 __init__.py DEBUG Building index from IDs objects
2026-09-14 22:39:33 __init__.py DEBUG Building index from IDs objects
2026-09-14 22:39:34 __init__.py DEBUG Building index from IDs objects
2026-09-14 22:39:34 auto_search_main.py INFO OBSERVATION:
cms/plugin_base.py:CMSPluginBase.render_close_frame
cms/utils/permissions.py:has_page_permission
cms/models/placeholdermodel.py:Placeholder._move_plugin_to_placeholder
cms/admin/placeholderadmin.py:PlaceholderAdmin._move_plugin
cms/models/placeholdermodel.py:Placeholder.move_plugin
cms/models/placeholdermodel.py:Placeholder.move_plugin
cms/plugin_base.py:CMSPluginBase.render_close_frame
cms/models/pagemodel.py:Page._clear_placeholders
cms/models/pagemodel.py:Page.move_page
cms/admin/placeholderadmin.py:PlaceholderAdmin.get_urls
cms/utils/permissions.py:has_plugin_permission
cms/models/placeholdermodel.py:Placeholder.move_plugin
cms/models/placeholdermodel.py:Placeholder.get_first_plugin_position
cms/models/placeholdermodel.py:Placeholder.get_last_plugin_position
cms/models/placeholdermodel.py:Placeholder._shift_plugin_positions
cms/plugin_base.py:CMSPluginBase.render_close_frame
cms/models/pagemodel.py:Page._clear_placeholders
cms/models/pagemodel.py:Page.move_page
cms/admin/placeholderadmin.py:PlaceholderAdmin._paste_plugin
cms/models/placeholdermodel.py:Placeholder.add_plugin
cms/toolbar/utils.py:get_plugin_tree
cms/management/commands/subcommands/tree.py:FixTreeCommand._update_url_path_recursive
cms/admin/placeholderadmin.py:PlaceholderAdmin.move_plugin
cms/models/placeholdermodel.py:Placeholder._move_plugin_to_placeholder
cms/models/placeholdermodel.py:Placeholder.move_plugin
cms/plugin_base.py:CMSPluginBase.render_close_frame
cms/models/placeholdermodel.py:Placeholder._move_plugin_to_placeholder
cms/models/pagemodel.py:Page._clear_placeholders
cms/models/pagemodel.py:Page.move_page
cms/models/placeholdermodel.py:Placeholder.move_plugin
cms/plugin_base.py:CMSPluginBase.render_close_frame
cms/models/placeholdermodel.py:Placeholder.get_first_plugin_position
cms/models/placeholdermodel.py:Placeholder.get_last_plugin_position
cms/models/placeholdermodel.py:Placeholder._shift_plugin_positions
cms/admin/placeholderadmin.py:PlaceholderAdmin._move_plugin
cms/plugin_base.py:CMSPluginBase
cms/admin/placeholderadmin.py:PlaceholderAdmin._paste_plugin
##Searching for term "move plugin action"...
### Search Result:
Found function `cms/models/placeholdermodel.py:Placeholder.actions`.
Source: Retrieved entity using keyword search (bm25).
```
265 | def actions(self):
266 |         import warnings
267 | 
268 |         from cms.utils.placeholder import PlaceholderNoAction
269 | 
270 |         warnings.warn(
271 |             "The actions property is deprecated. Use placeholder admin instead.",
272 |             RemovedInDjangoCMS51Warning,
273 |             stacklevel=2,
274 |         )
275 |         return PlaceholderNoAction()
```

Found function `cms/utils/plugins.py:get_plugins_as_layered_tree`.
Source: Retrieved entity using keyword search (bm25).
```
157 | def get_plugins_as_layered_tree(plugins):
158 |     """
159 |     Given an iterable of plugins ordered by position,
160 |     returns a deque of root plugins with their respective
161 |     children set in the child_plugin_instances attribute.
162 |     """
163 |     delayed = defaultdict(deque)
164 |     root_plugins = deque()
165 | 
166 |     for plugin in reversed(plugins):
167 |         plugin.child_plugin_instances = delayed[plugin.pk]
168 | 
169 |         if plugin.parent_id:
170 |             delayed[plugin.parent_id].appendleft(plugin)
171 |         else:
172 |             root_plugins.appendleft(plugin)
173 |     return root_plugins
```

Found function `cms/utils/plugins.py:has_reached_plugin_limit`.
Source: Retrieved entity using keyword search (bm25).
```
479 | def has_reached_plugin_limit(placeholder, plugin_type, language, template=None):
480 |     """
481 |     Checks if the global maximum limit for plugins in a placeholder has been reached.
482 |     If not then it checks if it has reached its maximum plugin_type limit.
483 | 
484 |     Parameters:
485 |     - placeholder: The placeholder object to check the limit for.
486 |     - plugin_type: The type of plugin to check the limit for.
487 |     - language: The language code for the plugins.
488 |     - template: The template object for the placeholder. Optional.
489 | 
490 |     Returns:
491 |     - False if the limit has not been reached.
492 | 
493 |     Raises:
494 |     - PluginLimitReached: If the limit has been reached for the placeholder.
495 | 
496 |     """
497 |     limits = get_placeholder_conf("limits", placeholder.slot, template)
498 |     if limits:
499 |         global_limit = limits.get("global")
500 |         type_limit = limits.get(plugin_type)
501 |         # total plugin count
502 |         count = placeholder.get_plugins(language=language).count()
503 |         if global_limit and count >= global_limit:
504 |             raise PluginLimitReached(_("This placeholder already has the maximum number of plugins (%s)." % count))
505 |         elif type_limit:
506 |             # total plugin type count
507 |             type_count = placeholder.get_plugins(language=language).filter(plugin_type=plugin_type).count()
508 |             if type_count >= type_limit:
509 |                 plugin_name = force_str(plugin_pool.get_plugin(plugin_type).name)
510 |                 raise PluginLimitReached(
511 |                     _(
512 |                         "This placeholder already has the maximum number (%(limit)s) of allowed %(plugin_name)s plugins."
513 |                     )
514 |                     % {"limit": type_limit, "plugin_name": plugin_name}
515 |                 )
516 |     return False
```

Found function `cms/utils/permissions.py:has_page_permission`.
Source: Retrieved code content using keyword search (bm25).
```
216 | def has_page_permission(user, page, action, use_cache=True):
217 |     import warnings
218 | 
219 |     from cms.utils.compat.warnings import RemovedInDjangoCMS51Warning
220 |     from cms.utils.page_permissions import has_generic_permission
221 | 
222 |     warnings.warn("has_page_permission is deprecated. "
223 |                   "Use cms.utils.page_permissions.has_generic_permission instead.",
224 |                   RemovedInDjangoCMS51Warning, stacklevel=2)
225 | 
226 |     action_map = {
227 |         "change": "change_page",
228 |         "add": "add_page",
229 |         "move": "move_page",
230 |         "publish": "publish_page",
231 |         "delete": "delete_page",
232 |         "view": "view_page",
233 |     }
234 |     if action in action_map:
235 |         action = action_map[action]
236 | 
237 |     return has_generic_permission(page, user, action, site=page.site, check_global=False, use_cache=use_cache)
```

Found function `cms/admin/placeholderadmin.py:PlaceholderAdmin._move_plugin`.
Source: Retrieved code content using keyword search (bm25).
```
934 | def _move_plugin(self, request, plugin, target_position, target_placeholder=None, target_parent=None):
935 |         language = plugin.language
936 |         source_placeholder = plugin.placeholder
937 | 
938 |         if not self.has_move_plugin_permission(request, plugin, source_placeholder):
939 |             message = _("You have no permission to move this plugin")
940 |             raise PermissionDenied(message)
941 | 
942 |         if target_placeholder and not self.has_move_plugin_permission(request, plugin, target_placeholder):
943 |             message = _("You have no permission to move this plugin")
944 |             raise PermissionDenied(message)
945 | 
946 |         if not source_placeholder.check_source(request.user):
947 |             message = _("You have no permission to move this plugin")
948 |             raise PermissionDenied(message)
949 | 
950 |         if target_placeholder and not target_placeholder.check_source(request.user):
951 |             message = _("You have no permission to move this plugin")
952 |             raise PermissionDenied(message)
953 | 
954 |         if target_parent:
955 |             target_parent_id = target_parent.pk
956 |         else:
957 |             target_parent_id = None
958 | 
959 |         action_token = self._send_pre_placeholder_operation(
960 |             request,
961 |             operation=operations.MOVE_PLUGIN,
962 |             plugin=plugin,
963 |             source_language=plugin.language,
964 |             source_placeholder=source_placeholder,
965 |             source_parent_id=plugin.parent_id,
966 |             target_language=language,
967 |             target_placeholder=(target_placeholder or source_placeholder),
968 |             target_parent_id=target_parent_id,
969 |         )
970 | 
971 |         source_placeholder.move_plugin(
972 |             plugin=plugin,
973 |             target_position=target_position,
974 |             target_placeholder=target_placeholder,
975 |             target_plugin=target_parent,
976 |         )
977 | 
978 |         # Refresh plugin to get new position values
979 |         updated_plugin = plugin.reload()
980 |         if target_placeholder:
981 |             target_placeholder.clear_cache(language)
982 |         source_placeholder.clear_cache(language)
983 | 
984 |         self._send_post_placeholder_operation(
985 |             request,
986 |             operation=operations.MOVE_PLUGIN,
987 |             plugin=updated_plugin.get_bound_plugin(),
988 |             token=action_token,
989 |             source_language=language,
990 |             source_placeholder=source_placeholder,
991 |             source_parent_id=updated_plugin.parent_id,
992 |             target_language=language,
993 |             target_placeholder=(target_placeholder or source_placeholder),
994 |             target_parent_id=target_parent_id,
995 |         )
996 |         return updated_plugin
```



##Searching for term "move plugin action", "plugin tree update", "move plugin action plugin tree update"...
### Search Result:
Found function `cms/plugin_base.py:CMSPluginBase.render_close_frame`.
Source: Retrieved code content using keyword search (bm25).
```
476 | def render_close_frame(
477 |         self,
478 |         request: HttpRequest,
479 |         obj: Optional[CMSPlugin],
480 |         action: Optional[str] = "edit",
481 |         extra_data: Optional[Context] = None,
482 |         extra_context: Optional[Context] = None,
483 |     ) -> HttpResponse:
484 |         """
485 |         Renders the close frame for a CMS plugin in the Django admin interface.
486 | 
487 |         This method is used to send information to the javascript frontend
488 |         after an edit action has taken place. It allows the javascript frontend
489 |         to update the structure and content on the edit endpoints.
490 | 
491 |         Args:
492 |             request (HttpRequest): The HTTP request object.
493 |             obj (CMSPlugin): The CMS plugin instance being rendered.
494 |             action (Optional[str]): The action being performed on the plugin.
495 |                 Defaults to "edit". Possible values are "add", "edit", "move", and "delete".
496 |             extra_data (Optional[Context]): Additional data to include in
497 |                 the data bridge to the frontend. Defaults to None.
498 |             extra_context (Optional[Context]): Additional context to include in
499 |                 the rendering. Defaults to None.
500 | 
501 |         Returns:
502 |             HttpResponse: The rendered confirmation form as an HTTP response.
503 | 
504 |         Raises:
505 |             ObjectDoesNotExist: If the parent plugin is a ghost plugin and the
506 |                 plugin tree cannot be fetched.
507 | 
508 |         Notes:
509 |             - Handles edge cases where the parent plugin is a ghost plugin.
510 |             - Constructs the plugin tree structure and gathers plugin-specific
511 |               data for rendering.
512 |             - Includes messages from the request in the context.
513 |         """
514 | 
515 |         dj_messages = [{
516 |                     'level': message.level,
517 |                     'message': message.message,
518 |                     'tags': message.tags,
519 |                     } for message in messages.get_messages(request)]
520 | 
521 |         if not obj:
522 |             # No object specified - just close the modal frame
523 |             context = {
524 |                 "is_popup": True,
525 |                 "data_bridge": {
526 |                     "action": action,
527 |                     "messages": dj_messages,
528 |                     **(extra_data or {}),
529 |                 },
530 |                 **(extra_context or {}),
531 |             }
532 |             return TemplateResponse(
533 |                 request, 'admin/cms/page/plugin/confirm_form.html', context
534 |             )
535 | 
536 |         try:
537 |             root = obj.parent.get_bound_plugin() if obj.parent else obj
538 |         except ObjectDoesNotExist:
539 |             # This is a nasty edge-case.
540 |             # If the parent plugin is a ghost plugin, fetching the plugin tree
541 |             # will fail because the downcasting function filters out all ghost plugins.
542 |             # Currently, this case is only present in the djangocms-text app
543 |             # which uses ghost plugins to create inline plugins on the text.
544 |             root = obj
545 | 
546 |         plugins = [root] + list(root.get_descendants())
547 | 
548 |         target_plugin = plugins[0] if action in ("add", "delete") else next(
549 |             (plugin for plugin in plugins if plugin.pk == obj.pk), None
550 |         )
551 |         structure = get_plugin_tree(request, plugins, target_plugin=target_plugin)
552 |         plugin_data = next((plugin_data for plugin_data in structure['plugins'] if plugin_data["plugin_id"] == obj.pk), {})
553 | 
554 |         context = {
555 |             'plugin': obj,
556 |             'is_popup': True,
557 |             'data_bridge': {
558 |                 **plugin_data,
559 |                 "action": action,
560 |                 "plugin_desc": escapejs(force_str(obj.get_short_description())),
561 |                 "structure": structure,
562 |                 "messages": dj_messages,
563 |                 **(extra_data or {}),
564 |             },
565 |             **(extra_context or {}),
566 |         }
567 | 
568 |         return TemplateResponse(
569 |             request, 'admin/cms/page/plugin/confirm_form.html', context
570 |         )
```

Found function `cms/models/placeholdermodel.py:Placeholder.move_plugin`.
Source: Retrieved code content using keyword search (bm25).
```
496 | def move_plugin(self, plugin, target_position, target_placeholder=None, target_plugin=None):
497 |         """
498 |         .. versionadded:: 4.0
499 | 
500 |         Moves a plugin within the placeholder (``target_placeholder=None``) or to another placeholder.
501 | 
502 |         :param plugin: Plugin to move
503 |         :type plugin: :class:`cms.models.pluginmodel.CMSPlugin` instance
504 |         :param int target_position: The plugin's new position
505 |         :param  target_placeholder: Placeholder to move plugin to (or ``None``)
506 |         :type target_placeholder: :class:`cms.models.placeholdermodel.Placeholder` instance
507 |         :param target_plugin: New parent plugin (or ``None``). The target plugin must be in the same placeholder
508 |            or in the ``target_placeholder`` if one is given.
509 |         :type target_plugin: :class:`cms.models.pluginmodel.CMSPlugin` instance
510 | 
511 |         The ``target_position`` is enumerated from the start of the palceholder's plugin tree (1) to
512 |         the last plugin (*n*, where *n* is the number of plugins in the placeholder).
513 |         """
514 | 
515 |         if target_placeholder:
516 |             return self._move_plugin_to_placeholder(
517 |                 plugin=plugin,
518 |                 target_position=target_position,
519 |                 target_placeholder=target_placeholder,
520 |                 target_plugin=target_plugin,
521 |             )
522 | 
523 |         target_tree = self.get_plugins(plugin.language)
524 |         last_plugin = self.get_last_plugin(plugin.language)
525 |         source_plugin_desc_count = plugin._get_descendants_count()
526 |         # Attn: The following line assumes that all children and grand-children have consecutive positions!
527 |         source_plugin_range = (plugin.position, plugin.position + source_plugin_desc_count)
528 | 
529 |         if target_position < plugin.position:
530 |             # Moving left
531 |             # Make a big hole on the right side of the current plugin's position
532 |             # by shifting all right nodes further to the right, excluding the current plugin
533 |             # but including the target plugin and its descendants.
534 |             (target_tree.filter(position__gte=target_position).exclude(position__range=source_plugin_range)).update(
535 |                 position=(models.F("position") + last_plugin.position)
536 |             )
537 | 
538 |             # Make a big hole on the left side of the current plugin's position
539 |             # by shifting all right nodes further the right, including the current plugin
540 |             # and its descendants.
541 |             target_tree.filter(position__lte=source_plugin_range[1]).update(
542 |                 position=models.F("position") - last_plugin.position
543 |             )
544 |         else:
545 |             # Moving right
546 |             # Make a big hole on the left side of the target position,
547 |             # by shifting all left nodes further to the left, excluding the current plugin
548 |             # but including the target plugin and its descendants.
549 |             # Left node in the common case is target_position but if the current plugin
550 |             # has descendants then left node is the closest node to the right side of the
551 |             # last descendant.
552 |             (
553 |                 target_tree.filter(position__lte=target_position + source_plugin_desc_count).exclude(
554 |                     position__range=source_plugin_range
555 |                 )
556 |             ).update(position=(models.F("position") - last_plugin.position))
557 | 
558 |             # Make a big hole on the right side of the current plugin's position
559 |             # by shifting all right nodes further the right, including the current plugin
560 |             # and its descendants.
561 |             target_tree.filter(position__gte=plugin.position).update(
562 |                 position=models.F("position") + last_plugin.position
563 |             )
564 | 
565 |         if plugin.parent != target_plugin:
566 |             # Plugin is being moved to another tree (under another parent)
567 |             # OR plugin is being moved to the root (no parent)
568 |             plugin.update(parent=target_plugin)
569 |         # The plugin tree was shifted to the right to make space,
570 |         # Squash all plugin positions in the tree to close any holes.
571 |         self._recalculate_plugin_positions(plugin.language)
```

Found file `cms/utils/plugins.py`.
Source: Retrieved entity using keyword search (bm25).
Hint: Search `cms/utils/plugins.py` for the full content if needed.



##Searching for term "move plugin action", "move plugin action plugin tree update"...
### Search Result:
Found function `cms/models/placeholdermodel.py:Placeholder._move_plugin_to_placeholder`.
Source: Retrieved code content using keyword search (bm25).
```
573 | def _move_plugin_to_placeholder(self, plugin, target_position, target_placeholder, target_plugin=None):
574 |         source_last_plugin = self.get_last_plugin(plugin.language)
575 |         target_last_plugin = target_placeholder.get_last_plugin(plugin.language)
576 | 
577 |         plugin_descendants = plugin.get_descendants()
578 |         if target_last_plugin:
579 |             source_length = source_last_plugin.position
580 |             target_length = target_last_plugin.position
581 |             plugins_to_move_count = 1 + len(plugin_descendants)  # parent plus descendants
582 | 
583 |             source_offset = (
584 |                 max(
585 |                     # far enough to shift behind current last source position
586 |                     source_length,
587 |                     # far enough to be shifted behind last target position plus no. of moved plugins
588 |                     target_length + plugins_to_move_count,
589 |                 )
590 |                 - plugin.position
591 |                 + 1
592 |             )
593 | 
594 |             # move target position counter to at least behind
595 |             target_offset = max(
596 |                 # far enough to shift behind current last target position
597 |                 target_length - target_position + 1,
598 |                 # far enough to leave enough space to move back
599 |                 plugin.position + source_offset - target_position + plugins_to_move_count + 1,
600 |             )
601 |             target_placeholder._shift_plugin_positions(
602 |                 plugin.language,
603 |                 start=target_position,
604 |                 offset=target_offset,
605 |             )
606 |         else:
607 |             # moving to empty placeholder:
608 |             # Move out (remaining) plugins right behind last source position to be able to recalculate
609 |             source_offset = source_last_plugin.position
610 | 
611 |         # Shift all plugins whose position is greater than or equal to
612 |         # the plugin being moved. This includes the plugin itself.
613 |         # This is to create enough space in-between for the squashing
614 |         # to work without conflicts.
615 |         self._shift_plugin_positions(
616 |             plugin.language,
617 |             start=plugin.position,
618 |             offset=source_offset,
619 |         )
620 | 
621 |         plugin.update(parent=target_plugin, placeholder=target_placeholder)
622 |         # TODO: More efficient is to do raw sql update
623 |         plugin_descendants.update(placeholder=target_placeholder)
624 |         self._recalculate_plugin_positions(plugin.language)
625 |         target_placeholder._recalculate_plugin_positions(plugin.language)
```



##Searching for term "plugin tree update"...
### Search Result:
Found function `cms/models/pluginmodel.py:CMSPlugin.update`.
Source: Retrieved entity using keyword search (bm25).
```
327 | def update(self, refresh=False, **fields):
328 |         CMSPlugin.objects.filter(pk=self.pk).update(**fields)
329 |         if refresh:
330 |             return self.reload()
331 |         return
```

Found function `cms/models/contentmodels.py:PageContent.update`.
Source: Retrieved entity using keyword search (bm25).
```
163 | def update(self, **data):
164 |         for field, value in data.items():
165 |             setattr(self, field, value)
166 |         self.save(update_fields=data.keys())
```

Found function `cms/models/pagemodel.py:Page.update`.
Source: Retrieved entity using keyword search (bm25).
```
627 | def update(self, refresh=False, **data):
628 |         cls = self.__class__
629 |         cls.objects.filter(pk=self.pk).update(**data)
630 | 
631 |         if refresh:
632 |             return self.reload()
633 |         else:
634 |             for field, value in data.items():
635 |                 setattr(self, field, value)
636 |         return
```

Found function `cms/models/placeholdermodel.py:Placeholder.get_first_plugin_position`.
Source: Retrieved code content using keyword search (bm25).
```
679 | def get_first_plugin_position(self, language, parent=None):
680 |         tree = self.get_plugins(language)
681 | 
682 |         if parent:
683 |             tree = tree.filter(parent=parent)
684 |         return tree.values_list("position", flat=True).first()
```

Found function `cms/models/placeholdermodel.py:Placeholder.get_last_plugin_position`.
Source: Retrieved code content using keyword search (bm25).
```
686 | def get_last_plugin_position(self, language, parent=None):
687 |         if parent is None:
688 |             tree = self.get_plugins(language)
689 |         elif parent.placeholder == self:
690 |             tree = parent.get_descendants()
691 |         else:  # No last plugin if parent is not in this placeholder's plugin tree
692 |             return None
693 |         return tree.values_list("position", flat=True).last()
```

Found function `cms/models/placeholdermodel.py:Placeholder._shift_plugin_positions`.
Source: Retrieved code content using keyword search (bm25).
```
695 | def _shift_plugin_positions(self, language, start, offset=None):
696 |         if offset is None:
697 |             offset = self.get_last_plugin_position(language) or 0
698 | 
699 |         self.get_plugins(language).filter(position__gte=start).update(position=models.F("position") + offset)
```

Found file `cms/management/commands/subcommands/tree.py`.
Source: Retrieved entity using keyword search (bm25).
Hint: Search `cms/management/commands/subcommands/tree.py` for the full content if needed.



##Searching for term "move plugin action plugin tree update"...
### Search Result:
Found function `cms/utils/plugins.py:get_plugin_class`.
Source: Retrieved entity using keyword search (bm25).
```
27 | def get_plugin_class(plugin_type: str) -> type[CMSPluginBase]:
28 |     """Returns the plugin class for a given plugin_type (str)"""
29 |     return plugin_pool.get_plugin(plugin_type)
```

Found function `cms/utils/plugins.py:get_plugin_model`.
Source: Retrieved entity using keyword search (bm25).
```
32 | def get_plugin_model(plugin_type: str) -> CMSPlugin:
33 |     """Returns the plugin model class for a given plugin_type (str)"""
34 |     return get_plugin_class(plugin_type).model
```

Found function `cms/utils/plugins.py:assign_plugins`.
Source: Retrieved entity using keyword search (bm25).
```
 67 | def assign_plugins(request, placeholders, template=None, lang=None):
 68 |     """
 69 |     Fetch all plugins for the given ``placeholders`` and
 70 |     cast them down to the concrete instances in one query
 71 |     per type.
 72 | 
 73 |     :param request: The current request.
 74 |     :param placeholders: An iterable of placeholder objects.
 75 |     :param template: (optional) The template object.
 76 |     :param lang: (optional) The language code.
 77 | 
 78 |     This method assigns plugins to the given placeholders. It retrieves the plugins from the database based on the
 79 |     placeholders and the language. The plugins are then downcasted to their specific plugin types.
 80 | 
 81 |     The plugins are split up by placeholder and stored in a dictionary where the key is the placeholder ID and the
 82 |     value is a list of plugins.
 83 | 
 84 |     For each placeholder, if there are plugins assigned to it, the plugins are organized as a layered tree structure.
 85 |     Otherwise, an empty list is assigned.
 86 | 
 87 |     The list of all plugins for each placeholder is stored in the `_all_plugins_cache` attribute of the placeholder,
 88 |     while the list of root plugins is stored in the `_plugins_cache` attribute
 89 |     """
 90 |     if not placeholders:
 91 |         return
 92 |     placeholders = tuple(placeholders)  # Trigger db hit
 93 |     lang = lang or get_language_from_request(request)
 94 |     plugins = list(CMSPlugin.objects.filter(placeholder__in=placeholders, language=lang))
 95 |     if not plugins:
 96 |         # Create default plugins if enabled
 97 |         plugins = create_default_plugins(request, placeholders, template, lang)
 98 |     else:
 99 |         plugins = downcast_plugins(plugins, placeholders, request=request)
100 | 
101 |     # split the plugins up by placeholder
102 |     plugins_by_placeholder = defaultdict(list)
103 | 
104 |     for plugin in plugins:
105 |         plugins_by_placeholder[plugin.placeholder_id].append(plugin)
106 | 
107 |     for placeholder in placeholders:
108 |         all_plugins = plugins_by_placeholder[placeholder.pk]
109 | 
110 |         if all_plugins:
111 |             layered_plugins = get_plugins_as_layered_tree(all_plugins)
112 |         else:
113 |             layered_plugins = []
114 |         # This is all the plugins.
115 |         placeholder._all_plugins_cache = all_plugins
116 |         # This is only the root plugins.
117 |         placeholder._plugins_cache = layered_plugins
```

Found function `cms/models/pagemodel.py:Page.move_page`.
Source: Retrieved code content using keyword search (bm25).
```
398 | def move_page(self, target_page, position='first-child'):
399 |         """
400 |         Called from admin interface when page is moved. Should be used on
401 |         all the places which are changing page position. Used like an interface
402 |         to django-treebeard, but after move is done page_moved signal is fired.
403 |         """
404 |         assert isinstance(target_page, Page), f"{target_page} is not an instance of Page."
405 |         inherited_template = self.template == constants.TEMPLATE_INHERITANCE_MAGIC
406 | 
407 |         if inherited_template and target_page.is_root() and position in ('left', 'right'):
408 |             # The page is being moved to a root position.
409 |             # Explicitly set the inherited template on the titles
410 |             # to keep all plugins / placeholders.
411 |             template = self.get_template()
412 |             self.update_translations(template=template)
413 | 
414 |         # Don't use a cached node. Always get a fresh one.
415 |         self._clear_internal_cache()
416 | 
417 |         # Runs the SQL updates on the treebeard fields
418 |         self.move(target_page, position)
419 | 
420 |         if position in ('first-child', 'last-child'):
421 |             self.parent = target_page
422 |         else:
423 |             # moving relative to sibling
424 |             # or to the root of the tree
425 |             self.parent = target_page.parent
426 |         # Runs the SQL updates on the parent field
427 |         self.update(parent=self.parent)
428 |         self.refresh_from_db(fields=('path', 'depth'))
429 | 
430 |         # Update the urls for the page being moved
431 |         # and is descendants.
432 |         languages = (
433 |             self
434 |             .urls
435 |             .values_list('language', flat=True)
436 |         )
437 | 
438 |         for language in languages:
439 |             if not self.is_home:
440 |                 self._update_url_path(language)
441 |             self._update_url_path_recursive(language)
442 |         self.clear_cache(menu=True)
443 |         return self
```

Found function `cms/models/pagemodel.py:Page._clear_placeholders`.
Source: Retrieved code content using keyword search (bm25).
```
445 | def _clear_placeholders(self, language):
446 |         from cms.models import CMSPlugin
447 | 
448 |         placeholders = self.get_placeholders(language)
449 |         placeholder_ids = (placeholder.pk for placeholder in placeholders)
450 |         plugins = CMSPlugin.objects.filter(placeholder__in=placeholder_ids, language=language)
451 |         models.query.QuerySet.delete(plugins)
452 |         return placeholders
```

2026-09-14 22:39:34 utils.py INFO 
LiteLLM completion() model= qwen/qwen3-coder; provider = openrouter
2026-09-14 22:39:42 utils.py INFO Wrapper: Completed Call, calling success_handler
2026-09-14 22:39:42 utils.py INFO 
LiteLLM completion() model= qwen/qwen3-coder; provider = openrouter
2026-09-14 22:39:50 utils.py INFO Wrapper: Completed Call, calling success_handler
2026-09-14 22:39:50 utils.py INFO 
LiteLLM completion() model= qwen/qwen3-coder; provider = openrouter
2026-09-14 22:39:58 utils.py INFO Wrapper: Completed Call, calling success_handler
2026-09-14 22:39:58 auto_search_main.py INFO ===============
2026-09-14 22:39:58 auto_search_main.py INFO 
Final Response:=

2026-09-14 22:39:58 auto_search_main.py INFO ============================================================
2026-09-14 22:39:58 auto_search_main.py INFO ==== djangocms-rc-110d4c740927 Count down: attempt 1 ====
2026-09-14 22:39:58 auto_search_main.py INFO ==== djangocms-rc-110d4c740927 start auto search ====
2026-09-14 22:39:58 utils.py INFO 
LiteLLM completion() model= qwen/qwen3-coder; provider = openrouter
2026-09-14 22:40:00 utils.py INFO Wrapper: Completed Call, calling success_handler
2026-09-14 22:40:00 auto_search_main.py INFO Executing code:
```
print(explore_tree_structure(**{'start_entities': ['/'], 'traversal_depth': 2, 'dependency_type_filter': '["contains"]'}))
```
2026-09-14 22:40:00 auto_search_main.py INFO OBSERVATION:
/
├── contains ── manage.py
│               ├── contains ── manage.py:install_auth_user_model
│               ├── contains ── manage.py:TempDirs
│               └── contains ── manage.py:main
├── contains ── setup.py
├── contains ── docs
│               ├── contains ── docs/conf.py
│               ├── contains ── docs/django_settings.py
│               └── contains ── docs/_ext
├── contains ── cms
│               ├── contains ── cms/toolbar_base.py
│               ├── contains ── cms/context_processors.py
│               ├── contains ── cms/app_base.py
│               ├── contains ── cms/apphook_pool.py
│               ├── contains ── cms/menu_bases.py
│               ├── contains ── cms/__main__.py
│               ├── contains ── cms/plugin_pool.py
│               ├── contains ── cms/app_registration.py
│               ├── contains ── cms/plugin_processors.py
│               ├── contains ── cms/page_rendering.py
│               ├── contains ── cms/cms_menus.py
│               ├── contains ── cms/api.py
│               ├── contains ── cms/constants.py
│               ├── contains ── cms/apps.py
│               ├── contains ── cms/cms_toolbars.py
│               ├── contains ── cms/urls.py
│               ├── contains ── cms/cms_config.py
│               ├── contains ── cms/__init__.py
│               ├── contains ── cms/views.py
│               ├── contains ── cms/appresolver.py
│               ├── contains ── cms/plugin_rendering.py
│               ├── contains ── cms/cms_plugins.py
│               ├── contains ── cms/toolbar_pool.py
│               ├── contains ── cms/exceptions.py
│               ├── contains ── cms/cms_wizards.py
│               ├── contains ── cms/templates.py
│               ├── contains ── cms/plugin_base.py
│               ├── contains ── cms/migrations
│               ├── contains ── cms/middleware
│               ├── contains ── cms/signals
│               ├── contains ── cms/toolbar
│               ├── contains ── cms/models
│               ├── contains ── cms/forms
│               ├── contains ── cms/extensions
│               ├── contains ── cms/wizards
│               ├── contains ── cms/admin
│               ├── contains ── cms/utils
│               ├── contains ── cms/sitemaps
│               ├── contains ── cms/operations
│               ├── contains ── cms/cache
│               ├── contains ── cms/management
│               └── contains ── cms/templatetags
└── contains ── menus
                ├── contains ── menus/models.py
                ├── contains ── menus/modifiers.py
                ├── contains ── menus/base.py
                ├── contains ── menus/utils.py
                ├── contains ── menus/apps.py
                ├── contains ── menus/menu_pool.py
                ├── contains ── menus/__init__.py
                ├── contains ── menus/exceptions.py
                ├── contains ── menus/migrations
                └── contains ── menus/templatetags

2026-09-14 22:40:00 utils.py INFO 
LiteLLM completion() model= qwen/qwen3-coder; provider = openrouter
2026-09-14 22:40:03 utils.py INFO Wrapper: Completed Call, calling success_handler
2026-09-14 22:40:03 auto_search_main.py INFO Executing code:
```
print(explore_tree_structure(**{'start_entities': ['cms/plugin_base.py', 'cms/plugin_pool.py', 'cms/plugin_rendering.py'], 'direction': 'both', 'traversal_depth': 1}))
```
2026-09-14 22:40:03 auto_search_main.py INFO OBSERVATION:
cms/plugin_base.py
├── contains ── cms/plugin_base.py:CMSPluginBaseMetaclass
├── contains ── cms/plugin_base.py:template_slot_caching
├── contains ── cms/plugin_base.py:CMSPluginBase
├── contains ── cms/plugin_base.py:PluginMenuItem
├── imports ── cms/operations/__init__.py
├── imports ── cms/exceptions.py:SubClassNeededError
├── imports ── cms/models/__init__.py
├── imports ── cms/toolbar/utils.py:get_plugin_tree
├── imports ── cms/utils/compat/__init__.py
├── imports ── cms/utils/conf.py:get_cms_setting
├── imports ── cms/utils/placeholder.py:get_placeholder_conf
├── imports ── cms/plugin_pool.py
└── contains-by ── cms

cms/plugin_pool.py
├── contains ── cms/plugin_pool.py:PluginPool
├── imports ── cms/exceptions.py:PluginAlreadyRegistered
├── imports ── cms/exceptions.py:PluginNotRegistered
├── imports ── cms/models/pagemodel.py:Page
├── imports ── cms/plugin_base.py:CMSPluginBase
├── imports ── cms/utils/conf.py:get_cms_setting
├── imports ── cms/utils/helpers.py:normalize_name
├── imports ── cms/cache/__init__.py:invalidate_cms_page_cache
├── imports ── cms/utils/placeholder.py:get_placeholder_conf
├── contains-by ── cms
├── imports-by ── cms/api.py
├── imports-by ── cms/plugin_rendering.py
├── imports-by ── cms/cms_plugins.py
├── imports-by ── cms/plugin_base.py
├── imports-by ── cms/models/placeholdermodel.py
├── imports-by ── cms/models/managers.py
├── imports-by ── cms/models/pluginmodel.py
├── imports-by ── cms/forms/wizards.py
├── imports-by ── cms/admin/pageadmin.py
├── imports-by ── cms/admin/placeholderadmin.py
├── imports-by ── cms/admin/forms.py
├── imports-by ── cms/admin/__init__.py
├── imports-by ── cms/utils/plugins.py
├── imports-by ── cms/utils/permissions.py
├── imports-by ── cms/utils/check.py
├── imports-by ── cms/utils/setup.py
├── imports-by ── cms/management/commands/subcommands/list.py
├── imports-by ── cms/templatetags/cms_tags.py
├── imports-by ── cms/plugin_rendering.py:BaseRenderer.plugin_pool
├── imports-by ── cms/plugin_base.py:CMSPluginBase.get_child_plugin_candidates
├── imports-by ── cms/models/placeholdermodel.py:Placeholder.get_extra_menu_items
├── imports-by ── cms/models/managers.py:PageManager.search
├── imports-by ── cms/models/pluginmodel.py:CMSPlugin.get_plugin_name
├── imports-by ── cms/models/pluginmodel.py:CMSPlugin.get_plugin_class
├── imports-by ── cms/utils/permissions.py:has_plugin_permission
├── imports-by ── cms/utils/check.py:check_copy_relations
├── imports-by ── cms/utils/check.py:check_plugin_parent_child_relations
└── imports-by ── cms/utils/setup.py:setup

cms/plugin_rendering.py
├── contains ── cms/plugin_rendering.py:_unpack_plugins
├── contains ── cms/plugin_rendering.py:RenderedPlaceholder
├── contains ── cms/plugin_rendering.py:BaseRenderer
├── contains ── cms/plugin_rendering.py:ContentRenderer
├── contains ── cms/plugin_rendering.py:StructureRenderer
├── contains ── cms/plugin_rendering.py:LegacyRenderer
├── contains ── cms/plugin_rendering.py:PluginContext
├── imports ── cms/cache/placeholder.py:get_placeholder_cache
├── imports ── cms/cache/placeholder.py:set_placeholder_cache
├── imports ── cms/exceptions.py:PlaceholderNotFound
├── imports ── cms/models/__init__.py
├── imports ── cms/plugin_pool.py:PluginPool
├── imports ── cms/toolbar/utils.py:get_placeholder_toolbar_js
├── imports ── cms/toolbar/utils.py:get_plugin_toolbar_js
├── imports ── cms/toolbar/utils.py:get_toolbar_from_request
├── imports ── cms/utils/__init__.py:get_language_from_request
├── imports ── cms/utils/conf.py:get_cms_setting
├── imports ── cms/utils/permissions.py:has_plugin_permission
├── imports ── cms/utils/placeholder.py:get_toolbar_plugin_struct
├── imports ── cms/utils/placeholder.py:rescan_placeholders_for_obj
├── imports ── cms/utils/placeholder.py:restore_sekizai_context
├── imports ── cms/utils/plugins.py:get_plugin_restrictions
├── imports ── cms/plugin_pool.py
├── imports ── cms/utils/plugins.py:get_plugins
├── imports ── cms/utils/plugins.py:assign_plugins
└── contains-by ── cms

2026-09-14 22:40:03 utils.py INFO 
LiteLLM completion() model= qwen/qwen3-coder; provider = openrouter
2026-09-14 22:40:04 utils.py INFO Wrapper: Completed Call, calling success_handler
2026-09-14 22:40:04 auto_search_main.py INFO Executing code:
```
print(explore_tree_structure(**{'start_entities': ['cms/models/pluginmodel.py', 'cms/admin/placeholderadmin.py'], 'direction': 'both', 'traversal_depth': 1}))
```
2026-09-14 22:40:04 auto_search_main.py INFO OBSERVATION:
cms/models/pluginmodel.py
├── contains ── cms/models/pluginmodel.py:_get_descendants_cte
├── contains ── cms/models/pluginmodel.py:_get_ancestors_cte
├── contains ── cms/models/pluginmodel.py:_get_database_connection
├── contains ── cms/models/pluginmodel.py:_get_database_vendor
├── contains ── cms/models/pluginmodel.py:_get_database_cursor
├── contains ── cms/models/pluginmodel.py:BoundRenderMeta
├── contains ── cms/models/pluginmodel.py:PluginModelBase
├── contains ── cms/models/pluginmodel.py:CMSPlugin
├── contains ── cms/models/pluginmodel.py:get_plugin_media_path
├── imports ── cms/exceptions.py:DontUsePageAttributeWarning
├── imports ── cms/models/placeholdermodel.py:Placeholder
├── imports ── cms/utils/conf.py:get_cms_setting
├── imports ── cms/utils/urlutils.py:admin_reverse
├── imports ── cms/plugin_pool.py
├── contains-by ── cms/models
└── imports-by ── cms/models/__init__.py

cms/admin/placeholderadmin.py
├── contains ── cms/admin/placeholderadmin.py:get_int
├── contains ── cms/admin/placeholderadmin.py:_instance_overrides_method
├── contains ── cms/admin/placeholderadmin.py:BaseEditableAdminMixin
├── contains ── cms/admin/placeholderadmin.py:FrontendEditableAdminMixin
├── contains ── cms/admin/placeholderadmin.py:PlaceholderAdminMixinBase
├── contains ── cms/admin/placeholderadmin.py:PlaceholderAdminMixin
├── contains ── cms/admin/placeholderadmin.py:PlaceholderAdmin
├── imports ── cms/operations/__init__.py
├── imports ── cms/admin/forms.py:PluginAddValidationForm
├── imports ── cms/constants.py
├── imports ── cms/exceptions.py:PluginLimitReached
├── imports ── cms/models/placeholdermodel.py:Placeholder
├── imports ── cms/models/placeholderpluginmodel.py:PlaceholderReference
├── imports ── cms/models/pluginmodel.py:CMSPlugin
├── imports ── cms/plugin_base.py:CMSPluginBase
├── imports ── cms/plugin_pool.py
├── imports ── cms/signals/__init__.py
├── imports ── cms/toolbar/utils.py:get_plugin_content
├── imports ── cms/toolbar/utils.py:get_plugin_tree
├── imports ── cms/utils/__init__.py:get_current_site
├── imports ── cms/utils/compat/warnings.py:RemovedInDjangoCMS51Warning
├── imports ── cms/utils/conf.py:get_cms_setting
├── imports ── cms/utils/i18n.py:get_language_code
├── imports ── cms/utils/i18n.py:get_language_list
├── imports ── cms/utils/plugins.py:copy_plugins_to_placeholder
├── imports ── cms/utils/plugins.py:downcast_plugins
├── imports ── cms/utils/plugins.py:has_reached_plugin_limit
├── imports ── cms/views.py:render_object_edit
├── imports ── cms/views.py:render_object_preview
├── imports ── cms/views.py:render_object_structure
├── contains-by ── cms/admin
└── imports-by ── cms/admin/__init__.py

2026-09-14 22:40:04 utils.py INFO 
LiteLLM completion() model= qwen/qwen3-coder; provider = openrouter
2026-09-14 22:40:06 utils.py INFO Wrapper: Completed Call, calling success_handler
2026-09-14 22:40:06 auto_search_main.py INFO Executing code:
```
print(explore_tree_structure(**{'start_entities': ['cms/operations'], 'traversal_depth': 2, 'dependency_type_filter': '["contains"]'}))
```
2026-09-14 22:40:06 auto_search_main.py INFO OBSERVATION:
cms/operations
├── contains ── cms/operations/helpers.py
│               ├── contains ── cms/operations/helpers.py:send_pre_page_operation
│               └── contains ── cms/operations/helpers.py:send_post_page_operation
└── contains ── cms/operations/__init__.py

2026-09-14 22:40:06 utils.py INFO 
LiteLLM completion() model= qwen/qwen3-coder; provider = openrouter
2026-09-14 22:40:10 utils.py INFO Wrapper: Completed Call, calling success_handler
2026-09-14 22:40:10 auto_search_main.py INFO Executing code:
```
print(explore_tree_structure(**{'start_entities': ['cms/toolbar/utils.py'], 'direction': 'both', 'traversal_depth': 1}))
```
2026-09-14 22:40:10 auto_search_main.py INFO OBSERVATION:
cms/toolbar/utils.py
├── contains ── cms/toolbar/utils.py:get_placeholder_toolbar_js
├── contains ── cms/toolbar/utils.py:get_plugin_toolbar_info
├── contains ── cms/toolbar/utils.py:get_plugin_toolbar_js
├── contains ── cms/toolbar/utils.py:get_plugin_tree_as_json
├── contains ── cms/toolbar/utils.py:get_plugin_tree
├── contains ── cms/toolbar/utils.py:get_plugin_content
├── contains ── cms/toolbar/utils.py:get_plugin_tree_ids
├── contains ── cms/toolbar/utils.py:get_toolbar_from_request
├── contains ── cms/toolbar/utils.py:add_live_url_querystring_param
├── contains ── cms/toolbar/utils.py:get_object_edit_url
├── contains ── cms/toolbar/utils.py:get_object_preview_url
├── contains ── cms/toolbar/utils.py:get_object_structure_url
├── contains ── cms/toolbar/utils.py:get_object_for_language
├── imports ── cms/constants.py
├── imports ── cms/models/__init__.py
├── imports ── cms/utils/compat/warnings.py:RemovedInDjangoCMS51Warning
├── imports ── cms/utils/conf.py:get_cms_setting
├── imports ── cms/utils/urlutils.py:admin_reverse
├── imports ── cms/utils/plugins.py:downcast_plugins
├── imports ── cms/utils/plugins.py:get_plugin_restrictions
├── imports ── cms/toolbar/toolbar.py:EmptyToolbar
└── contains-by ── cms/toolbar

2026-09-14 22:40:10 utils.py INFO 
LiteLLM completion() model= qwen/qwen3-coder; provider = openrouter
2026-09-14 22:40:12 utils.py INFO Wrapper: Completed Call, calling success_handler
2026-09-14 22:40:12 auto_search_main.py INFO Executing code:
```
print(search_code_snippets(**{'search_terms': ['move plugin', 'plugin tree', 'update plugin']}))
```
2026-09-14 22:40:12 __init__.py DEBUG Building index from IDs objects
2026-09-14 22:40:12 __init__.py DEBUG Building index from IDs objects
2026-09-14 22:40:12 __init__.py DEBUG Building index from IDs objects
2026-09-14 22:40:12 __init__.py DEBUG Building index from IDs objects
2026-09-14 22:40:12 auto_search_main.py INFO OBSERVATION:
cms/models/placeholdermodel.py:Placeholder._move_plugin_to_placeholder
cms/admin/placeholderadmin.py:PlaceholderAdmin._move_plugin
cms/models/placeholdermodel.py:Placeholder.move_plugin
cms/models/placeholdermodel.py:Placeholder.move_plugin
cms/models/pagemodel.py:Page._clear_placeholders
cms/models/pagemodel.py:Page.move_page
cms/admin/placeholderadmin.py:PlaceholderAdmin.get_urls
cms/admin/forms.py:MovePageForm.get_tree_options
cms/admin/forms.py:MovePageForm.move_page
cms/admin/forms.py:MovePageForm.clean
cms/admin/forms.py:MovePageForm
cms/admin/placeholderadmin.py:PlaceholderAdmin.move_plugin
cms/plugin_base.py:CMSPluginBase
cms/models/placeholdermodel.py:Placeholder.get_first_plugin_position
cms/models/placeholdermodel.py:Placeholder.get_last_plugin_position
cms/models/placeholdermodel.py:Placeholder._shift_plugin_positions
cms/models/placeholdermodel.py:Placeholder.add_plugin
cms/toolbar/utils.py:get_plugin_tree
cms/models/placeholdermodel.py:Placeholder.move_plugin
cms/plugin_base.py:CMSPluginBase.render_close_frame
cms/models/placeholdermodel.py:Placeholder.move_plugin
cms/models/placeholdermodel.py:Placeholder.delete_plugin
cms/plugin_base.py:CMSPluginBase.render_close_frame
cms/admin/placeholderadmin.py:PlaceholderAdmin._paste_plugin
cms/utils/plugins.py:create_default_plugins
cms/models/placeholdermodel.py:Placeholder.move_plugin
cms/admin/placeholderadmin.py:PlaceholderAdmin.move_plugin
cms/models/placeholdermodel.py:Placeholder._move_plugin_to_placeholder
cms/migrations/0024_set_plugin_absolute_position.py:Migration
cms/migrations/0024_set_plugin_absolute_position.py:set_plugin_absolute_position
cms/plugin_pool.py:PluginPool.get_plugin
cms/plugin_pool.py:PluginPool.get_text_enabled_plugins
cms/toolbar/utils.py:get_plugin_toolbar_info
cms/models/pagemodel.py:Page._clear_placeholders
cms/models/pagemodel.py:Page.move_page
cms/utils/plugins.py:copy_plugins_to_placeholder
cms/admin/placeholderadmin.py:PlaceholderAdmin._paste_plugin
cms/models/pluginmodel.py:CMSPlugin.get_instance_icon_alt
cms/models/pluginmodel.py:CMSPlugin.get_instance_icon_src
cms/models/pluginmodel.py:CMSPlugin.reload
cms/models/pluginmodel.py:CMSPlugin.get_children
cms/models/pluginmodel.py:CMSPlugin.get_media_path
cms/models/pluginmodel.py:CMSPlugin._get_descendants_count
cms/models/pluginmodel.py:CMSPlugin.page
cms/models/pluginmodel.py:CMSPlugin.update
cms/models/pluginmodel.py:CMSPlugin.refresh_from_db
cms/models/pluginmodel.py:CMSPlugin._get_descendants_ids
cms/models/placeholdermodel.py:Placeholder.move_plugin
cms/models/placeholdermodel.py:Placeholder._move_plugin_to_placeholder
cms/models/pagemodel.py:Page._clear_placeholders
cms/models/pagemodel.py:Page.move_page
cms/models/placeholdermodel.py:Placeholder.move_plugin
cms/plugin_base.py:CMSPluginBase.render_close_frame
cms/admin/placeholderadmin.py:PlaceholderAdmin._move_plugin
cms/models/placeholdermodel.py:Placeholder.get_first_plugin_position
cms/models/placeholdermodel.py:Placeholder.get_last_plugin_position
cms/models/placeholdermodel.py:Placeholder._shift_plugin_positions
cms/plugin_base.py:CMSPluginBase
cms/admin/placeholderadmin.py:PlaceholderAdmin._paste_plugin
cms/toolbar/utils.py:get_plugin_tree
##Searching for term "move plugin", "plugin tree", "update plugin", "move plugin plugin tree update plugin"...
### Search Result:
Found file `cms/utils/plugins.py`.
Source: Retrieved entity using keyword search (bm25).
Hint: Search `cms/utils/plugins.py` for the full content if needed.



##Searching for term "move plugin"...
### Search Result:
Found function `cms/utils/plugins.py:get_plugins_as_layered_tree`.
Source: Retrieved entity using keyword search (bm25).
```
157 | def get_plugins_as_layered_tree(plugins):
158 |     """
159 |     Given an iterable of plugins ordered by position,
160 |     returns a deque of root plugins with their respective
161 |     children set in the child_plugin_instances attribute.
162 |     """
163 |     delayed = defaultdict(deque)
164 |     root_plugins = deque()
165 | 
166 |     for plugin in reversed(plugins):
167 |         plugin.child_plugin_instances = delayed[plugin.pk]
168 | 
169 |         if plugin.parent_id:
170 |             delayed[plugin.parent_id].appendleft(plugin)
171 |         else:
172 |             root_plugins.appendleft(plugin)
173 |     return root_plugins
```

Found function `cms/admin/placeholderadmin.py:PlaceholderAdmin._move_plugin`.
Source: Retrieved code content using keyword search (bm25).
```
934 | def _move_plugin(self, request, plugin, target_position, target_placeholder=None, target_parent=None):
935 |         language = plugin.language
936 |         source_placeholder = plugin.placeholder
937 | 
938 |         if not self.has_move_plugin_permission(request, plugin, source_placeholder):
939 |             message = _("You have no permission to move this plugin")
940 |             raise PermissionDenied(message)
941 | 
942 |         if target_placeholder and not self.has_move_plugin_permission(request, plugin, target_placeholder):
943 |             message = _("You have no permission to move this plugin")
944 |             raise PermissionDenied(message)
945 | 
946 |         if not source_placeholder.check_source(request.user):
947 |             message = _("You have no permission to move this plugin")
948 |             raise PermissionDenied(message)
949 | 
950 |         if target_placeholder and not target_placeholder.check_source(request.user):
951 |             message = _("You have no permission to move this plugin")
952 |             raise PermissionDenied(message)
953 | 
954 |         if target_parent:
955 |             target_parent_id = target_parent.pk
956 |         else:
957 |             target_parent_id = None
958 | 
959 |         action_token = self._send_pre_placeholder_operation(
960 |             request,
961 |             operation=operations.MOVE_PLUGIN,
962 |             plugin=plugin,
963 |             source_language=plugin.language,
964 |             source_placeholder=source_placeholder,
965 |             source_parent_id=plugin.parent_id,
966 |             target_language=language,
967 |             target_placeholder=(target_placeholder or source_placeholder),
968 |             target_parent_id=target_parent_id,
969 |         )
970 | 
971 |         source_placeholder.move_plugin(
972 |             plugin=plugin,
973 |             target_position=target_position,
974 |             target_placeholder=target_placeholder,
975 |             target_plugin=target_parent,
976 |         )
977 | 
978 |         # Refresh plugin to get new position values
979 |         updated_plugin = plugin.reload()
980 |         if target_placeholder:
981 |             target_placeholder.clear_cache(language)
982 |         source_placeholder.clear_cache(language)
983 | 
984 |         self._send_post_placeholder_operation(
985 |             request,
986 |             operation=operations.MOVE_PLUGIN,
987 |             plugin=updated_plugin.get_bound_plugin(),
988 |             token=action_token,
989 |             source_language=language,
990 |             source_placeholder=source_placeholder,
991 |             source_parent_id=updated_plugin.parent_id,
992 |             target_language=language,
993 |             target_placeholder=(target_placeholder or source_placeholder),
994 |             target_parent_id=target_parent_id,
995 |         )
996 |         return updated_plugin
```



##Searching for term "move plugin", "plugin tree", "move plugin plugin tree update plugin"...
### Search Result:
Found function `cms/utils/plugins.py:get_plugin_class`.
Source: Retrieved entity using keyword search (bm25).
```
27 | def get_plugin_class(plugin_type: str) -> type[CMSPluginBase]:
28 |     """Returns the plugin class for a given plugin_type (str)"""
29 |     return plugin_pool.get_plugin(plugin_type)
```



##Searching for term "move plugin", "move plugin plugin tree update plugin"...
### Search Result:
Found function `cms/utils/plugins.py:get_plugin_model`.
Source: Retrieved entity using keyword search (bm25).
```
32 | def get_plugin_model(plugin_type: str) -> CMSPlugin:
33 |     """Returns the plugin model class for a given plugin_type (str)"""
34 |     return get_plugin_class(plugin_type).model
```

Found function `cms/models/pagemodel.py:Page._clear_placeholders`.
Source: Retrieved code content using keyword search (bm25).
```
445 | def _clear_placeholders(self, language):
446 |         from cms.models import CMSPlugin
447 | 
448 |         placeholders = self.get_placeholders(language)
449 |         placeholder_ids = (placeholder.pk for placeholder in placeholders)
450 |         plugins = CMSPlugin.objects.filter(placeholder__in=placeholder_ids, language=language)
451 |         models.query.QuerySet.delete(plugins)
452 |         return placeholders
```



##Searching for term "move plugin", "update plugin", "move plugin plugin tree update plugin"...
### Search Result:
Found function `cms/models/placeholdermodel.py:Placeholder.move_plugin`.
Source: Retrieved code content using keyword search (bm25).
```
496 | def move_plugin(self, plugin, target_position, target_placeholder=None, target_plugin=None):
497 |         """
498 |         .. versionadded:: 4.0
499 | 
500 |         Moves a plugin within the placeholder (``target_placeholder=None``) or to another placeholder.
501 | 
502 |         :param plugin: Plugin to move
503 |         :type plugin: :class:`cms.models.pluginmodel.CMSPlugin` instance
504 |         :param int target_position: The plugin's new position
505 |         :param  target_placeholder: Placeholder to move plugin to (or ``None``)
506 |         :type target_placeholder: :class:`cms.models.placeholdermodel.Placeholder` instance
507 |         :param target_plugin: New parent plugin (or ``None``). The target plugin must be in the same placeholder
508 |            or in the ``target_placeholder`` if one is given.
509 |         :type target_plugin: :class:`cms.models.pluginmodel.CMSPlugin` instance
510 | 
511 |         The ``target_position`` is enumerated from the start of the palceholder's plugin tree (1) to
512 |         the last plugin (*n*, where *n* is the number of plugins in the placeholder).
513 |         """
514 | 
515 |         if target_placeholder:
516 |             return self._move_plugin_to_placeholder(
517 |                 plugin=plugin,
518 |                 target_position=target_position,
519 |                 target_placeholder=target_placeholder,
520 |                 target_plugin=target_plugin,
521 |             )
522 | 
523 |         target_tree = self.get_plugins(plugin.language)
524 |         last_plugin = self.get_last_plugin(plugin.language)
525 |         source_plugin_desc_count = plugin._get_descendants_count()
526 |         # Attn: The following line assumes that all children and grand-children have consecutive positions!
527 |         source_plugin_range = (plugin.position, plugin.position + source_plugin_desc_count)
528 | 
529 |         if target_position < plugin.position:
530 |             # Moving left
531 |             # Make a big hole on the right side of the current plugin's position
532 |             # by shifting all right nodes further to the right, excluding the current plugin
533 |             # but including the target plugin and its descendants.
534 |             (target_tree.filter(position__gte=target_position).exclude(position__range=source_plugin_range)).update(
535 |                 position=(models.F("position") + last_plugin.position)
536 |             )
537 | 
538 |             # Make a big hole on the left side of the current plugin's position
539 |             # by shifting all right nodes further the right, including the current plugin
540 |             # and its descendants.
541 |             target_tree.filter(position__lte=source_plugin_range[1]).update(
542 |                 position=models.F("position") - last_plugin.position
543 |             )
544 |         else:
545 |             # Moving right
546 |             # Make a big hole on the left side of the target position,
547 |             # by shifting all left nodes further to the left, excluding the current plugin
548 |             # but including the target plugin and its descendants.
549 |             # Left node in the common case is target_position but if the current plugin
550 |             # has descendants then left node is the closest node to the right side of the
551 |             # last descendant.
552 |             (
553 |                 target_tree.filter(position__lte=target_position + source_plugin_desc_count).exclude(
554 |                     position__range=source_plugin_range
555 |                 )
556 |             ).update(position=(models.F("position") - last_plugin.position))
557 | 
558 |             # Make a big hole on the right side of the current plugin's position
559 |             # by shifting all right nodes further the right, including the current plugin
560 |             # and its descendants.
561 |             target_tree.filter(position__gte=plugin.position).update(
562 |                 position=models.F("position") + last_plugin.position
563 |             )
564 | 
565 |         if plugin.parent != target_plugin:
566 |             # Plugin is being moved to another tree (under another parent)
567 |             # OR plugin is being moved to the root (no parent)
568 |             plugin.update(parent=target_plugin)
569 |         # The plugin tree was shifted to the right to make space,
570 |         # Squash all plugin positions in the tree to close any holes.
571 |         self._recalculate_plugin_positions(plugin.language)
```

Found function `cms/models/placeholdermodel.py:Placeholder._move_plugin_to_placeholder`.
Source: Retrieved code content using keyword search (bm25).
```
573 | def _move_plugin_to_placeholder(self, plugin, target_position, target_placeholder, target_plugin=None):
574 |         source_last_plugin = self.get_last_plugin(plugin.language)
575 |         target_last_plugin = target_placeholder.get_last_plugin(plugin.language)
576 | 
577 |         plugin_descendants = plugin.get_descendants()
578 |         if target_last_plugin:
579 |             source_length = source_last_plugin.position
580 |             target_length = target_last_plugin.position
581 |             plugins_to_move_count = 1 + len(plugin_descendants)  # parent plus descendants
582 | 
583 |             source_offset = (
584 |                 max(
585 |                     # far enough to shift behind current last source position
586 |                     source_length,
587 |                     # far enough to be shifted behind last target position plus no. of moved plugins
588 |                     target_length + plugins_to_move_count,
589 |                 )
590 |                 - plugin.position
591 |                 + 1
592 |             )
593 | 
594 |             # move target position counter to at least behind
595 |             target_offset = max(
596 |                 # far enough to shift behind current last target position
597 |                 target_length - target_position + 1,
598 |                 # far enough to leave enough space to move back
599 |                 plugin.position + source_offset - target_position + plugins_to_move_count + 1,
600 |             )
601 |             target_placeholder._shift_plugin_positions(
602 |                 plugin.language,
603 |                 start=target_position,
604 |                 offset=target_offset,
605 |             )
606 |         else:
607 |             # moving to empty placeholder:
608 |             # Move out (remaining) plugins right behind last source position to be able to recalculate
609 |             source_offset = source_last_plugin.position
610 | 
611 |         # Shift all plugins whose position is greater than or equal to
612 |         # the plugin being moved. This includes the plugin itself.
613 |         # This is to create enough space in-between for the squashing
614 |         # to work without conflicts.
615 |         self._shift_plugin_positions(
616 |             plugin.language,
617 |             start=plugin.position,
618 |             offset=source_offset,
619 |         )
620 | 
621 |         plugin.update(parent=target_plugin, placeholder=target_placeholder)
622 |         # TODO: More efficient is to do raw sql update
623 |         plugin_descendants.update(placeholder=target_placeholder)
624 |         self._recalculate_plugin_positions(plugin.language)
625 |         target_placeholder._recalculate_plugin_positions(plugin.language)
```



##Searching for term "plugin tree"...
### Search Result:
Found function `cms/utils/plugins.py:has_reached_plugin_limit`.
Source: Retrieved entity using keyword search (bm25).
```
479 | def has_reached_plugin_limit(placeholder, plugin_type, language, template=None):
480 |     """
481 |     Checks if the global maximum limit for plugins in a placeholder has been reached.
482 |     If not then it checks if it has reached its maximum plugin_type limit.
483 | 
484 |     Parameters:
485 |     - placeholder: The placeholder object to check the limit for.
486 |     - plugin_type: The type of plugin to check the limit for.
487 |     - language: The language code for the plugins.
488 |     - template: The template object for the placeholder. Optional.
489 | 
490 |     Returns:
491 |     - False if the limit has not been reached.
492 | 
493 |     Raises:
494 |     - PluginLimitReached: If the limit has been reached for the placeholder.
495 | 
496 |     """
497 |     limits = get_placeholder_conf("limits", placeholder.slot, template)
498 |     if limits:
499 |         global_limit = limits.get("global")
500 |         type_limit = limits.get(plugin_type)
501 |         # total plugin count
502 |         count = placeholder.get_plugins(language=language).count()
503 |         if global_limit and count >= global_limit:
504 |             raise PluginLimitReached(_("This placeholder already has the maximum number of plugins (%s)." % count))
505 |         elif type_limit:
506 |             # total plugin type count
507 |             type_count = placeholder.get_plugins(language=language).filter(plugin_type=plugin_type).count()
508 |             if type_count >= type_limit:
509 |                 plugin_name = force_str(plugin_pool.get_plugin(plugin_type).name)
510 |                 raise PluginLimitReached(
511 |                     _(
512 |                         "This placeholder already has the maximum number (%(limit)s) of allowed %(plugin_name)s plugins."
513 |                     )
514 |                     % {"limit": type_limit, "plugin_name": plugin_name}
515 |                 )
516 |     return False
```

Found function `cms/models/placeholdermodel.py:Placeholder.add_plugin`.
Source: Retrieved code content using keyword search (bm25).
```
451 | def add_plugin(self, instance):
452 |         """
453 |         .. versionadded:: 4.0
454 | 
455 |         Adds a plugin to the placeholder. The plugin's position field must be set to the target
456 |         position. Positions are enumerated from the start of the palceholder's plugin tree (1) to
457 |         the last plugin (*n*, where *n* is the number of plugins in the placeholder).
458 | 
459 |         :param instance: Plugin to add. It's position parameter needs to be set.
460 |         :type instance: :class:`cms.models.pluginmodel.CMSPlugin` instance
461 | 
462 |         .. note::
463 |             As of version 4 of django CMS the position counter does not re-start at 1 for the first
464 |             child plugin. The ``position`` field  and ``language`` field are unique for a placeholder.
465 | 
466 |         Example::
467 | 
468 |             new_child = MyCoolPlugin()
469 |             new_child.position = (
470 |                 parent_plugin.position + 1
471 |             )  # add as first child: directly after parent
472 |             parent_plugin.placeholder.add(new_child)
473 | 
474 |         """
475 |         last_position = self.get_last_plugin_position(instance.language) or 0
476 |         # A shift is only needed if the distance between the new plugin
477 |         # and the last plugin is greater than 1 position.
478 |         needs_shift = (instance.position - last_position) < 1
479 | 
480 |         if needs_shift:
481 |             # shift to the right
482 |             self._shift_plugin_positions(
483 |                 instance.language,
484 |                 start=instance.position,
485 |                 offset=last_position - instance.position + 2,  # behind last_position plus one to shift back
486 |             )
487 | 
488 |         instance.save()
489 | 
490 |         if needs_shift:
491 |             # The plugin tree was shifted to the right to make space,
492 |             # now squash all plugins in the tree to close any holes.
493 |             self._recalculate_plugin_positions(instance.language)
494 |         return instance
```

Found function `cms/models/placeholdermodel.py:Placeholder.get_first_plugin_position`.
Source: Retrieved code content using keyword search (bm25).
```
679 | def get_first_plugin_position(self, language, parent=None):
680 |         tree = self.get_plugins(language)
681 | 
682 |         if parent:
683 |             tree = tree.filter(parent=parent)
684 |         return tree.values_list("position", flat=True).first()
```

Found function `cms/models/placeholdermodel.py:Placeholder.get_last_plugin_position`.
Source: Retrieved code content using keyword search (bm25).
```
686 | def get_last_plugin_position(self, language, parent=None):
687 |         if parent is None:
688 |             tree = self.get_plugins(language)
689 |         elif parent.placeholder == self:
690 |             tree = parent.get_descendants()
691 |         else:  # No last plugin if parent is not in this placeholder's plugin tree
692 |             return None
693 |         return tree.values_list("position", flat=True).last()
```

Found function `cms/models/placeholdermodel.py:Placeholder._shift_plugin_positions`.
Source: Retrieved code content using keyword search (bm25).
```
695 | def _shift_plugin_positions(self, language, start, offset=None):
696 |         if offset is None:
697 |             offset = self.get_last_plugin_position(language) or 0
698 | 
699 |         self.get_plugins(language).filter(position__gte=start).update(position=models.F("position") + offset)
```

Found function `cms/toolbar/utils.py:get_plugin_tree`.
Source: Retrieved code content using keyword search (bm25).
```
 79 | def get_plugin_tree(
 80 |     request: HttpRequest,
 81 |     plugins: list[CMSPlugin],
 82 |     restrictions: Optional[dict] = None,
 83 |     target_plugin: Optional[CMSPlugin] = None,
 84 | ) -> dict[str, Any]:
 85 |     """
 86 |     Constructs a tree structure of CMS plugins for the toolbar.
 87 | 
 88 |     Args:
 89 |         request (HttpRequest): The HTTP request object.
 90 |         plugins (list[CMSPlugin]): A list of CMSPlugin instances to be organized into a tree.
 91 |         restrictions (Optional[dict], optional): A dictionary of plugin restrictions. Defaults to None.
 92 |         target_plugin (Optional[CMSPlugin], optional): The target plugin to render.
 93 |             Content will only be rendered if given. Defaults to None.
 94 | 
 95 |     Returns:
 96 |         tuple[dict[str, Any]]: A dictionary with up to five keys:
 97 |             - 'html': A string of rendered HTML for the plugin tree.
 98 |             - 'plugins': A flat list of plugin information dictionaries.
 99 |             - 'content': The rendered content of target_plugin (if given) including its children
100 |             - 'target_position': The position of the target_plugin (if given)
101 |             - 'target_placeholder_id': The placeholder id of the target_plugin (if given)
102 |     """
103 |     from cms.utils.plugins import downcast_plugins, get_plugin_restrictions
104 | 
105 |     tree_data = []
106 |     tree_structure = []
107 |     restrictions = restrictions or {}
108 |     root_plugins = deque()
109 |     plugin_children = defaultdict(deque)
110 |     toolbar = get_toolbar_from_request(request)
111 |     template = toolbar.templates.drag_item_template
112 |     get_plugin_info = get_plugin_toolbar_info
113 |     placeholder = plugins[0].placeholder
114 |     copy_to_clipboard = placeholder.pk == toolbar.clipboard.pk
115 |     plugins = list(downcast_plugins(plugins, select_placeholder=True))
116 |     plugin_ids = frozenset(plugin.pk for plugin in plugins)
117 | 
118 |     for plugin in reversed(plugins):
119 |         plugin.child_plugin_instances = plugin_children[plugin.pk]
120 | 
121 |         if plugin.parent_id in plugin_ids:
122 |             plugin_children[plugin.parent_id].appendleft(plugin)
123 |         else:
124 |             root_plugins.appendleft(plugin)
125 | 
126 |     def collect_plugin_data(plugin):
127 |         child_classes, parent_classes = get_plugin_restrictions(
128 |             plugin=plugin,
129 |             restrictions_cache=restrictions,
130 |         )
131 |         plugin_info = get_plugin_info(
132 |             plugin,
133 |             children=child_classes,
134 |             parents=parent_classes,
135 |         )
136 | 
137 |         tree_data.append(plugin_info)
138 | 
139 |         for plugin_instance in plugin.child_plugin_instances:
140 |             collect_plugin_data(plugin_instance)
141 | 
142 |     with force_language(toolbar.toolbar_language):
143 |         for root_plugin in root_plugins:
144 |             collect_plugin_data(root_plugin)
145 |             context = {
146 |                 'plugin': root_plugin,
147 |                 'request': request,
148 |                 'clipboard': copy_to_clipboard,
149 |                 'cms_toolbar': toolbar,
150 |             }
151 |             tree_structure.append(template.render(context))
152 |     tree_data.reverse()
153 | 
154 |     content = {}
155 |     # Render the target plugin if given and all plugins are local
156 |     if target_plugin and all(plugin.get_plugin_class().is_local for plugin in plugins):
157 |         # Also provide the parent plugin to the context (if available)
158 |         downcasted = next(
159 |             (plugin for plugin in plugins if plugin.pk == target_plugin.pk), None
160 |         )
161 |         parent = next(
162 |             (plugin for plugin in plugins if plugin.pk == target_plugin.parent_id), None
163 |         ) if target_plugin.parent_id else None
164 |         content["content"] = get_plugin_content(request, downcasted, {"parent": parent})
165 | 
166 |     return {'html': '\n'.join(tree_structure), 'plugins': tree_data, **content}
```

Found file `cms/management/commands/subcommands/tree.py`.
Source: Retrieved entity using keyword search (bm25).
Hint: Search `cms/management/commands/subcommands/tree.py` for the full content if needed.



##Searching for term "plugin tree", "move plugin plugin tree update plugin"...
### Search Result:
Found function `cms/utils/plugins.py:assign_plugins`.
Source: Retrieved entity using keyword search (bm25).
```
 67 | def assign_plugins(request, placeholders, template=None, lang=None):
 68 |     """
 69 |     Fetch all plugins for the given ``placeholders`` and
 70 |     cast them down to the concrete instances in one query
 71 |     per type.
 72 | 
 73 |     :param request: The current request.
 74 |     :param placeholders: An iterable of placeholder objects.
 75 |     :param template: (optional) The template object.
 76 |     :param lang: (optional) The language code.
 77 | 
 78 |     This method assigns plugins to the given placeholders. It retrieves the plugins from the database based on the
 79 |     placeholders and the language. The plugins are then downcasted to their specific plugin types.
 80 | 
 81 |     The plugins are split up by placeholder and stored in a dictionary where the key is the placeholder ID and the
 82 |     value is a list of plugins.
 83 | 
 84 |     For each placeholder, if there are plugins assigned to it, the plugins are organized as a layered tree structure.
 85 |     Otherwise, an empty list is assigned.
 86 | 
 87 |     The list of all plugins for each placeholder is stored in the `_all_plugins_cache` attribute of the placeholder,
 88 |     while the list of root plugins is stored in the `_plugins_cache` attribute
 89 |     """
 90 |     if not placeholders:
 91 |         return
 92 |     placeholders = tuple(placeholders)  # Trigger db hit
 93 |     lang = lang or get_language_from_request(request)
 94 |     plugins = list(CMSPlugin.objects.filter(placeholder__in=placeholders, language=lang))
 95 |     if not plugins:
 96 |         # Create default plugins if enabled
 97 |         plugins = create_default_plugins(request, placeholders, template, lang)
 98 |     else:
 99 |         plugins = downcast_plugins(plugins, placeholders, request=request)
100 | 
101 |     # split the plugins up by placeholder
102 |     plugins_by_placeholder = defaultdict(list)
103 | 
104 |     for plugin in plugins:
105 |         plugins_by_placeholder[plugin.placeholder_id].append(plugin)
106 | 
107 |     for placeholder in placeholders:
108 |         all_plugins = plugins_by_placeholder[placeholder.pk]
109 | 
110 |         if all_plugins:
111 |             layered_plugins = get_plugins_as_layered_tree(all_plugins)
112 |         else:
113 |             layered_plugins = []
114 |         # This is all the plugins.
115 |         placeholder._all_plugins_cache = all_plugins
116 |         # This is only the root plugins.
117 |         placeholder._plugins_cache = layered_plugins
```



##Searching for term "update plugin"...
### Search Result:
Found function `cms/admin/placeholderadmin.py:PlaceholderAdmin.move_plugin`.
Source: Retrieved code content using keyword search (bm25).
```
688 | def move_plugin(self, request):
689 |         """
690 |         Performs a move or a "paste" operation (when «move_a_copy» is set)
691 | 
692 |         POST request with following parameters:
693 |         - plugin_id
694 |         - placeholder_id
695 |         - target_position (optional)
696 |         - plugin_language (optional)
697 |         - plugin_parent (optional)
698 |         - plugin_order (array, optional)
699 |         - move_a_copy (Boolean, optional) (anything supplied here except a case-
700 |                                         insensitive "false" is True)
701 |         NOTE: If move_a_copy is set, the plugin_order should contain an item
702 |               '__COPY__' with the desired destination of the copied plugin.
703 |         """
704 |         # plugin_id and placeholder_id are required, so, if nothing is supplied,
705 |         # an ValueError exception will be raised by get_int().
706 |         try:
707 |             plugin_id = get_int(request.POST.get('plugin_id'))
708 |         except TypeError:
709 |             raise RuntimeError("'plugin_id' is a required parameter.")
710 | 
711 |         plugin = self._get_plugin_from_id(plugin_id)
712 | 
713 |         if request.POST.get('placeholder_id'):
714 |             placeholder_id = get_int(request.POST.get('placeholder_id'))
715 |             placeholder = Placeholder.objects.get(pk=placeholder_id)
716 |             assert plugin.placeholder_id != placeholder_id
717 |         else:
718 |             placeholder = None
719 | 
720 |         # The rest are optional
721 |         target_position = int(request.POST.get('target_position', "0"))
722 |         parent_id = get_int(request.POST.get('plugin_parent', ""), None)
723 |         target_language = request.POST['target_language']
724 |         move_a_copy = request.POST.get('move_a_copy')
725 |         move_a_copy = (
726 |             move_a_copy and move_a_copy != "0" and move_a_copy.lower() != "false"
727 |         )
728 |         move_to_clipboard = placeholder == request.toolbar.clipboard
729 |         source_placeholder = plugin.placeholder
730 | 
731 |         if placeholder and placeholder != source_placeholder:
732 |             try:
733 |                 template = self.get_placeholder_template(request, placeholder)
734 |                 has_reached_plugin_limit(placeholder, plugin.plugin_type,
735 |                                          target_language, template=template)
736 |             except PluginLimitReached as er:
737 |                 return HttpResponseBadRequest(er)
738 | 
739 |         # True if the plugin is not being moved from the clipboard
740 |         # to a placeholder or from a placeholder to the clipboard.
741 |         move_a_plugin = not move_a_copy and not move_to_clipboard
742 | 
743 |         if parent_id and plugin.parent_id != parent_id:
744 |             target_pl = placeholder or plugin.placeholder
745 | 
746 |             if move_a_plugin:
747 |                 target_parent = get_object_or_404(
748 |                     CMSPlugin,
749 |                     pk=parent_id,
750 |                     language=target_language,
751 |                     placeholder=target_pl,
752 |                 )
753 |             else:
754 |                 target_parent = get_object_or_404(CMSPlugin, pk=parent_id)
755 |         elif parent_id:
756 |             target_parent = plugin.parent
757 |         else:
758 |             target_parent = None
759 | 
760 |         old_parent = None
761 |         fetch_tree = True
762 | 
763 |         if move_a_copy and plugin.plugin_type == "PlaceholderPlugin":
764 |             fetch_tree = False
765 |             new_plugin = None
766 |             new_plugins = self._paste_placeholder(
767 |                 request,
768 |                 plugin=plugin,
769 |                 target_language=target_language,
770 |                 target_placeholder=placeholder,
771 |                 target_position=target_position,
772 |             )
773 |         elif move_a_copy:
774 |             new_plugin = self._paste_plugin(
775 |                 request,
776 |                 plugin=plugin,
777 |                 target_parent=target_parent,
778 |                 target_language=target_language,
779 |                 target_placeholder=placeholder,
780 |                 target_position=target_position,
781 |             )
782 |         elif move_to_clipboard:
783 |             old_parent = plugin.parent  # Previous parent needs content update, too
784 |             new_plugin = self._cut_plugin(
785 |                 request,
786 |                 plugin=plugin,
787 |                 target_language=target_language,
788 |                 target_placeholder=placeholder,
789 |             )
790 |             new_plugins = [plugin]
791 |         else:
792 |             old_parent = plugin.parent  # Previous parent needs content update, too
793 |             new_plugin = self._move_plugin(
794 |                 request,
795 |                 plugin=plugin,
796 |                 target_parent=target_parent,
797 |                 target_position=target_position,
798 |                 target_placeholder=placeholder,
799 |             )
800 | 
801 |         if new_plugin and fetch_tree:
802 |             root = (new_plugin.parent or new_plugin)
803 |             new_plugins = [root] + list(root.get_descendants())
804 |         data = get_plugin_tree(request, new_plugins, target_plugin=new_plugins[0])
805 |         if old_parent and old_parent not in new_plugins:
806 |             # Update previous parent and its children
807 |             old_parent_plugins = downcast_plugins([old_parent] + list(old_parent.get_descendants()), select_placeholder=True)
808 |             data["content"] += get_plugin_content(request, next(old_parent_plugins, None))
809 |         # Pass the target_position
810 |         if len(data["content"]) > 0:
811 |             data["content"][0]["insert"] = new_plugins[0].pk == plugin.pk  # Insert the content (old_parent is always only updated)
812 |             if move_to_clipboard:
813 |                 data["content"].pop(0)
814 |         data["source_placeholder_id"] = source_placeholder.pk
815 |         return HttpResponse(json.dumps(data), content_type='application/json')
```

Found function `cms/models/pluginmodel.py:CMSPlugin.update`.
Source: Retrieved entity using keyword search (bm25).
```
327 | def update(self, refresh=False, **fields):
328 |         CMSPlugin.objects.filter(pk=self.pk).update(**fields)
329 |         if refresh:
330 |             return self.reload()
331 |         return
```

Found function `cms/models/contentmodels.py:PageContent.update`.
Source: Retrieved entity using keyword search (bm25).
```
163 | def update(self, **data):
164 |         for field, value in data.items():
165 |             setattr(self, field, value)
166 |         self.save(update_fields=data.keys())
```

Found function `cms/models/pagemodel.py:Page.update`.
Source: Retrieved entity using keyword search (bm25).
```
627 | def update(self, refresh=False, **data):
628 |         cls = self.__class__
629 |         cls.objects.filter(pk=self.pk).update(**data)
630 | 
631 |         if refresh:
632 |             return self.reload()
633 |         else:
634 |             for field, value in data.items():
635 |                 setattr(self, field, value)
636 |         return
```

Found function `cms/migrations/0024_set_plugin_absolute_position.py:set_plugin_absolute_position`.
Source: Retrieved code content using keyword search (bm25).
```
27 | def set_plugin_absolute_position(apps, schema_editor):
28 |     db_alias = schema_editor.connection.alias
29 |     CMSPlugin = apps.get_model('cms', 'CMSPlugin')
30 |     Placeholder = apps.get_model('cms', 'Placeholder')
31 |     placeholders = Placeholder.objects.using(db_alias).all()
32 |     all_languages = (
33 |         CMSPlugin
34 |         .objects
35 |         .using(db_alias)
36 |         .values_list('language', flat=True)
37 |         .distinct()
38 |     )
39 | 
40 |     for placeholder in placeholders:
41 |         for language in all_languages:
42 |             position = 1
43 |             plugins = placeholder.cmsplugin_set.filter(language=language)
44 |             root_plugin_ids = (
45 |                 plugins
46 |                 .filter(parent__isnull=True)
47 |                 .order_by('position')
48 |                 .values_list('pk', flat=True)
49 |             )
50 |             for root_id in root_plugin_ids:
51 |                 plugins.filter(pk=root_id).update(position=position)
52 |                 position +=1
53 | 
54 |                 for desc_id in get_descendant_ids(CMSPlugin, root_id=root_id):
55 |                     plugins.filter(pk=desc_id).update(position=position)
56 |                     position += 1
```

Found class `cms/migrations/0024_set_plugin_absolute_position.py:Migration`.
Source: Retrieved code content using keyword search (bm25).
```
59 | class Migration(migrations.Migration):
60 | 
61 |     dependencies = [
62 |         ('cms', '0023_placeholder_source_field'),
63 |     ]
64 | 
65 |     operations = [
66 |         migrations.RunPython(set_plugin_absolute_position),
67 |     ]
```



##Searching for term "move plugin plugin tree update plugin"...
### Search Result:
Found function `cms/models/pagemodel.py:Page.move_page`.
Source: Retrieved code content using keyword search (bm25).
```
398 | def move_page(self, target_page, position='first-child'):
399 |         """
400 |         Called from admin interface when page is moved. Should be used on
401 |         all the places which are changing page position. Used like an interface
402 |         to django-treebeard, but after move is done page_moved signal is fired.
403 |         """
404 |         assert isinstance(target_page, Page), f"{target_page} is not an instance of Page."
405 |         inherited_template = self.template == constants.TEMPLATE_INHERITANCE_MAGIC
406 | 
407 |         if inherited_template and target_page.is_root() and position in ('left', 'right'):
408 |             # The page is being moved to a root position.
409 |             # Explicitly set the inherited template on the titles
410 |             # to keep all plugins / placeholders.
411 |             template = self.get_template()
412 |             self.update_translations(template=template)
413 | 
414 |         # Don't use a cached node. Always get a fresh one.
415 |         self._clear_internal_cache()
416 | 
417 |         # Runs the SQL updates on the treebeard fields
418 |         self.move(target_page, position)
419 | 
420 |         if position in ('first-child', 'last-child'):
421 |             self.parent = target_page
422 |         else:
423 |             # moving relative to sibling
424 |             # or to the root of the tree
425 |             self.parent = target_page.parent
426 |         # Runs the SQL updates on the parent field
427 |         self.update(parent=self.parent)
428 |         self.refresh_from_db(fields=('path', 'depth'))
429 | 
430 |         # Update the urls for the page being moved
431 |         # and is descendants.
432 |         languages = (
433 |             self
434 |             .urls
435 |             .values_list('language', flat=True)
436 |         )
437 | 
438 |         for language in languages:
439 |             if not self.is_home:
440 |                 self._update_url_path(language)
441 |             self._update_url_path_recursive(language)
442 |         self.clear_cache(menu=True)
443 |         return self
```

2026-09-14 22:40:12 utils.py INFO 
LiteLLM completion() model= qwen/qwen3-coder; provider = openrouter
2026-09-14 22:40:15 utils.py INFO Wrapper: Completed Call, calling success_handler
2026-09-14 22:40:15 auto_search_main.py INFO Executing code:
```
print(search_code_snippets(**{'search_terms': ['render_close_frame', 'close frame']}))
```
2026-09-14 22:40:15 __init__.py DEBUG Building index from IDs objects
2026-09-14 22:40:16 __init__.py DEBUG Building index from IDs objects
2026-09-14 22:40:16 auto_search_main.py INFO OBSERVATION:
cms/plugin_base.py:CMSPluginBase.render_close_frame
cms/admin/utils.py:ChangeListActionsMixin.admin_action_button
cms/toolbar/items.py:FrameItem.__repr__
cms/toolbar/items.py:FrameItem.__init__
cms/toolbar/items.py:FrameItem.get_context
cms/toolbar/items.py:FrameItem
cms/models/contentmodels.py:PageContent
cms/models/contentmodels.py:PageContent.Meta
cms/models/placeholdermodel.py:Placeholder.delete_plugin
cms/models/placeholdermodel.py:Placeholder.add_plugin
cms/admin/forms.py:ChangePageForm
cms/models/placeholdermodel.py:Placeholder.move_plugin
##Searching for term "render_close_frame", "close frame"...
### Search Result:
Found function `cms/plugin_base.py:CMSPluginBase.render_close_frame`.
Source: Match found for entity name `render_close_frame`.
```
476 | def render_close_frame(
477 |         self,
478 |         request: HttpRequest,
479 |         obj: Optional[CMSPlugin],
480 |         action: Optional[str] = "edit",
481 |         extra_data: Optional[Context] = None,
482 |         extra_context: Optional[Context] = None,
483 |     ) -> HttpResponse:
484 |         """
485 |         Renders the close frame for a CMS plugin in the Django admin interface.
486 | 
487 |         This method is used to send information to the javascript frontend
488 |         after an edit action has taken place. It allows the javascript frontend
489 |         to update the structure and content on the edit endpoints.
490 | 
491 |         Args:
492 |             request (HttpRequest): The HTTP request object.
493 |             obj (CMSPlugin): The CMS plugin instance being rendered.
494 |             action (Optional[str]): The action being performed on the plugin.
495 |                 Defaults to "edit". Possible values are "add", "edit", "move", and "delete".
496 |             extra_data (Optional[Context]): Additional data to include in
497 |                 the data bridge to the frontend. Defaults to None.
498 |             extra_context (Optional[Context]): Additional context to include in
499 |                 the rendering. Defaults to None.
500 | 
501 |         Returns:
502 |             HttpResponse: The rendered confirmation form as an HTTP response.
503 | 
504 |         Raises:
505 |             ObjectDoesNotExist: If the parent plugin is a ghost plugin and the
506 |                 plugin tree cannot be fetched.
507 | 
508 |         Notes:
509 |             - Handles edge cases where the parent plugin is a ghost plugin.
510 |             - Constructs the plugin tree structure and gathers plugin-specific
511 |               data for rendering.
512 |             - Includes messages from the request in the context.
513 |         """
514 | 
515 |         dj_messages = [{
516 |                     'level': message.level,
517 |                     'message': message.message,
518 |                     'tags': message.tags,
519 |                     } for message in messages.get_messages(request)]
520 | 
521 |         if not obj:
522 |             # No object specified - just close the modal frame
523 |             context = {
524 |                 "is_popup": True,
525 |                 "data_bridge": {
526 |                     "action": action,
527 |                     "messages": dj_messages,
528 |                     **(extra_data or {}),
529 |                 },
530 |                 **(extra_context or {}),
531 |             }
532 |             return TemplateResponse(
533 |                 request, 'admin/cms/page/plugin/confirm_form.html', context
534 |             )
535 | 
536 |         try:
537 |             root = obj.parent.get_bound_plugin() if obj.parent else obj
538 |         except ObjectDoesNotExist:
539 |             # This is a nasty edge-case.
540 |             # If the parent plugin is a ghost plugin, fetching the plugin tree
541 |             # will fail because the downcasting function filters out all ghost plugins.
542 |             # Currently, this case is only present in the djangocms-text app
543 |             # which uses ghost plugins to create inline plugins on the text.
544 |             root = obj
545 | 
546 |         plugins = [root] + list(root.get_descendants())
547 | 
548 |         target_plugin = plugins[0] if action in ("add", "delete") else next(
549 |             (plugin for plugin in plugins if plugin.pk == obj.pk), None
550 |         )
551 |         structure = get_plugin_tree(request, plugins, target_plugin=target_plugin)
552 |         plugin_data = next((plugin_data for plugin_data in structure['plugins'] if plugin_data["plugin_id"] == obj.pk), {})
553 | 
554 |         context = {
555 |             'plugin': obj,
556 |             'is_popup': True,
557 |             'data_bridge': {
558 |                 **plugin_data,
559 |                 "action": action,
560 |                 "plugin_desc": escapejs(force_str(obj.get_short_description())),
561 |                 "structure": structure,
562 |                 "messages": dj_messages,
563 |                 **(extra_data or {}),
564 |             },
565 |             **(extra_context or {}),
566 |         }
567 | 
568 |         return TemplateResponse(
569 |             request, 'admin/cms/page/plugin/confirm_form.html', context
570 |         )
```



##Searching for term "close frame"...
### Search Result:
Found code snippet in file `cms/constants.py`.
Source: Retrieved code content using keyword search (bm25).
```
 1 | """
 2 | Collection of important constants used throughout django CMS.
 3 | """
 4 | 
 5 | 
 6 | #: The token used to identify when a user selects "inherit" as template for a page.
 7 | TEMPLATE_INHERITANCE_MAGIC = 'INHERIT'
 8 | 
 9 | REFRESH_PAGE = 'REFRESH_PAGE'
10 | """
11 | Supplied to ``on_close`` arguments to refresh the current page when the frame is closed, for
12 | example:
13 | 
14 | ..  code-block:: python
15 | 
16 |     from cms.constants import REFRESH_PAGE
17 | 
18 |     self.toolbar.add_modal_item(
19 |         'Modal item',
20 |         url=modal_url,
21 |         on_close=REFRESH_PAGE
22 |         )
23 | """
24 | 
25 | FOLLOW_REDIRECT = 'FOLLOW_REDIRECT'
26 | URL_CHANGE = 'URL_CHANGE'
27 | 
28 | #: Used as a position indicator in the toolbar: On the right side.
29 | RIGHT = object()  # this is a trick so "foo is RIGHT" will only ever work for this, same goes for LEFT.
30 | 
31 | #: Used as a position indicator in the toolbar: On the left side.
32 | LEFT = object()
33 | 
34 | PAGE_TYPES_ID = "page_types"
35 | PAGE_TREE_POSITIONS = ('last-child', 'first-child', 'left', 'right')
36 | 
37 | #: Used for the ``limit_visibility_in_menu`` keyword argument to
38 | #: :func: `create_page`.Does not limit menu visibility.
39 | VISIBILITY_ALL = None
40 | 
41 | #: Used for the ``limit_visibility_in_menu`` keyword argument to :func: `create_page`.
42 | #: Limits menu visibility to authenticated users.
43 | VISIBILITY_USERS = 1
44 | 
45 | #: Used for the ``limit_visibility_in_menu`` keyword argument to :func: `create_page`.
46 | #: Limits menu visibility to anonymous(not authenticated) users.
47 | VISIBILITY_ANONYMOUS = 2
48 | 
49 | X_FRAME_OPTIONS_INHERIT = 0
50 | X_FRAME_OPTIONS_DENY = 1
51 | X_FRAME_OPTIONS_SAMEORIGIN = 2
52 | X_FRAME_OPTIONS_ALLOW = 3
53 | 
54 | PAGE_USERNAME_MAX_LENGTH = 255
55 | 
56 | SLUG_REGEXP = '[0-9A-Za-z-_.//]+'
57 | 
58 | #: Used for cache control headers: 0 seconds, i.e. now.
59 | EXPIRE_NOW = 0
60 | 
61 | #: Used for cache control headers: 365 * 24 * 3600 seconds, i.e. one year. HTTP specification says
62 | #: max caching should only be up to one year.
63 | MAX_EXPIRATION_TTL = 365 * 24 * 3600
```

Found function `cms/cache/page.py:get_xframe_cache`.
Source: Retrieved entity using keyword search (bm25).
```
112 | def get_xframe_cache(page):
113 |     from django.core.cache import cache
114 | 
115 |     return cache.get("cms:xframe_options:%s" % page.pk)
```

Found function `cms/admin/utils.py:ChangeListActionsMixin.admin_action_button`.
Source: Retrieved code content using keyword search (bm25).
```
112 | def admin_action_button(
113 |         url: str,
114 |         icon: str,
115 |         title: str,
116 |         burger_menu: bool = False,
117 |         action: str = "get",
118 |         disabled: bool = False,
119 |         keepsideframe: bool = True,
120 |         name: str = "",
121 |     ) -> str:
122 |         """Returns a generic button supported by the ChangeListActionsMixin.
123 | 
124 |         :param str url:  Url of the action as string, typically generated by :func:`~cms.utils.urlutils.admin_reverse`_
125 |         :param str icon: Name of the icon shown in the button or before the title in the burger menu.
126 |         :param str title: Human-readable string describing the action.
127 |         :param bool burger_menu: If ``True`` the action item will be part of a burger menu right og all buttons.
128 |         :param str action: Either ``"get"`` or ``"post"`` defining the html method used for the url. Some urls
129 |                            require a post method.
130 |         :param bool disabled: If ``True`` the item is grayed out and cannot be selected.
131 |         :param bool keepsideframe:  If ``False`` the side frame (if open) will be closed before executing the action.
132 |         :param str name: A string that will be added to the class list of the button/menu item:
133 |                          ``cms-action-{{ name }}``
134 | 
135 |         To add an action button to the change list use the following pattern in your admin class::
136 | 
137 |                  def my_custom_button(self, obj, request, disabled=False):
138 |                     # do preparations, e.g., check permissions, get url, ...
139 |                     url = admin_reverse("...", args=[obj.pk])
140 |                     if permissions_ok:
141 |                         return self.admin_action_button(url, "info",  _("View usage"), disabled=disabled)
142 |                     return ""  # No button
143 | 
144 |         """
145 |         return render_to_string(
146 |             "admin/cms/icons/base.html",
147 |             {
148 |                 "url": url or "",
149 |                 "icon": icon,
150 |                 "method": action,
151 |                 "disabled": disabled,
152 |                 "keepsideframe": keepsideframe,
153 |                 "title": title,
154 |                 "burger_menu": burger_menu,
155 |                 "name": name,
156 |             },
157 |         )
```

Found function `cms/toolbar/items.py:FrameItem.__repr__`.
Source: Retrieved code content using keyword search (bm25).
```
389 | def __repr__(self):
390 |         # Should be overridden
391 |         return '<FrameItem:%s>' % force_str(self.name)
```

Found function `cms/toolbar/items.py:FrameItem.get_context`.
Source: Retrieved code content using keyword search (bm25).
```
393 | def get_context(self):
394 |         return {
395 |             'url': self.url,
396 |             'name': self.name,
397 |             'active': self.active,
398 |             'disabled': self.disabled,
399 |             'extra_classes': self.extra_classes,
400 |             'on_close': self.on_close,
401 |         }
```

Found file `cms/forms/fields.py`.
Source: Retrieved entity using keyword search (bm25).
Hint: Search `cms/forms/fields.py` for the full content if needed.

2026-09-14 22:40:16 utils.py INFO 
LiteLLM completion() model= qwen/qwen3-coder; provider = openrouter
2026-09-14 22:40:18 utils.py INFO Wrapper: Completed Call, calling success_handler
2026-09-14 22:40:18 auto_search_main.py INFO Executing code:
```
print(get_entity_contents(**{'entity_names': ['cms/admin/placeholderadmin.py:PlaceholderAdmin.move_plugin', 'cms/models/placeholdermodel.py:Placeholder.move_plugin', 'cms/plugin_base.py:CMSPluginBase.render_close_frame']}))
```
2026-09-14 22:40:18 auto_search_main.py INFO OBSERVATION:
##Searching for entity `cms/admin/placeholderadmin.py:PlaceholderAdmin.move_plugin`...
### Search Result:
Found function `cms/admin/placeholderadmin.py:PlaceholderAdmin.move_plugin`.
Source: Exact match found for entity name `cms/admin/placeholderadmin.py:PlaceholderAdmin.move_plugin`.
```
688 | def move_plugin(self, request):
689 |         """
690 |         Performs a move or a "paste" operation (when «move_a_copy» is set)
691 | 
692 |         POST request with following parameters:
693 |         - plugin_id
694 |         - placeholder_id
695 |         - target_position (optional)
696 |         - plugin_language (optional)
697 |         - plugin_parent (optional)
698 |         - plugin_order (array, optional)
699 |         - move_a_copy (Boolean, optional) (anything supplied here except a case-
700 |                                         insensitive "false" is True)
701 |         NOTE: If move_a_copy is set, the plugin_order should contain an item
702 |               '__COPY__' with the desired destination of the copied plugin.
703 |         """
704 |         # plugin_id and placeholder_id are required, so, if nothing is supplied,
705 |         # an ValueError exception will be raised by get_int().
706 |         try:
707 |             plugin_id = get_int(request.POST.get('plugin_id'))
708 |         except TypeError:
709 |             raise RuntimeError("'plugin_id' is a required parameter.")
710 | 
711 |         plugin = self._get_plugin_from_id(plugin_id)
712 | 
713 |         if request.POST.get('placeholder_id'):
714 |             placeholder_id = get_int(request.POST.get('placeholder_id'))
715 |             placeholder = Placeholder.objects.get(pk=placeholder_id)
716 |             assert plugin.placeholder_id != placeholder_id
717 |         else:
718 |             placeholder = None
719 | 
720 |         # The rest are optional
721 |         target_position = int(request.POST.get('target_position', "0"))
722 |         parent_id = get_int(request.POST.get('plugin_parent', ""), None)
723 |         target_language = request.POST['target_language']
724 |         move_a_copy = request.POST.get('move_a_copy')
725 |         move_a_copy = (
726 |             move_a_copy and move_a_copy != "0" and move_a_copy.lower() != "false"
727 |         )
728 |         move_to_clipboard = placeholder == request.toolbar.clipboard
729 |         source_placeholder = plugin.placeholder
730 | 
731 |         if placeholder and placeholder != source_placeholder:
732 |             try:
733 |                 template = self.get_placeholder_template(request, placeholder)
734 |                 has_reached_plugin_limit(placeholder, plugin.plugin_type,
735 |                                          target_language, template=template)
736 |             except PluginLimitReached as er:
737 |                 return HttpResponseBadRequest(er)
738 | 
739 |         # True if the plugin is not being moved from the clipboard
740 |         # to a placeholder or from a placeholder to the clipboard.
741 |         move_a_plugin = not move_a_copy and not move_to_clipboard
742 | 
743 |         if parent_id and plugin.parent_id != parent_id:
744 |             target_pl = placeholder or plugin.placeholder
745 | 
746 |             if move_a_plugin:
747 |                 target_parent = get_object_or_404(
748 |                     CMSPlugin,
749 |                     pk=parent_id,
750 |                     language=target_language,
751 |                     placeholder=target_pl,
752 |                 )
753 |             else:
754 |                 target_parent = get_object_or_404(CMSPlugin, pk=parent_id)
755 |         elif parent_id:
756 |             target_parent = plugin.parent
757 |         else:
758 |             target_parent = None
759 | 
760 |         old_parent = None
761 |         fetch_tree = True
762 | 
763 |         if move_a_copy and plugin.plugin_type == "PlaceholderPlugin":
764 |             fetch_tree = False
765 |             new_plugin = None
766 |             new_plugins = self._paste_placeholder(
767 |                 request,
768 |                 plugin=plugin,
769 |                 target_language=target_language,
770 |                 target_placeholder=placeholder,
771 |                 target_position=target_position,
772 |             )
773 |         elif move_a_copy:
774 |             new_plugin = self._paste_plugin(
775 |                 request,
776 |                 plugin=plugin,
777 |                 target_parent=target_parent,
778 |                 target_language=target_language,
779 |                 target_placeholder=placeholder,
780 |                 target_position=target_position,
781 |             )
782 |         elif move_to_clipboard:
783 |             old_parent = plugin.parent  # Previous parent needs content update, too
784 |             new_plugin = self._cut_plugin(
785 |                 request,
786 |                 plugin=plugin,
787 |                 target_language=target_language,
788 |                 target_placeholder=placeholder,
789 |             )
790 |             new_plugins = [plugin]
791 |         else:
792 |             old_parent = plugin.parent  # Previous parent needs content update, too
793 |             new_plugin = self._move_plugin(
794 |                 request,
795 |                 plugin=plugin,
796 |                 target_parent=target_parent,
797 |                 target_position=target_position,
798 |                 target_placeholder=placeholder,
799 |             )
800 | 
801 |         if new_plugin and fetch_tree:
802 |             root = (new_plugin.parent or new_plugin)
803 |             new_plugins = [root] + list(root.get_descendants())
804 |         data = get_plugin_tree(request, new_plugins, target_plugin=new_plugins[0])
805 |         if old_parent and old_parent not in new_plugins:
806 |             # Update previous parent and its children
807 |             old_parent_plugins = downcast_plugins([old_parent] + list(old_parent.get_descendants()), select_placeholder=True)
808 |             data["content"] += get_plugin_content(request, next(old_parent_plugins, None))
809 |         # Pass the target_position
810 |         if len(data["content"]) > 0:
811 |             data["content"][0]["insert"] = new_plugins[0].pk == plugin.pk  # Insert the content (old_parent is always only updated)
812 |             if move_to_clipboard:
813 |                 data["content"].pop(0)
814 |         data["source_placeholder_id"] = source_placeholder.pk
815 |         return HttpResponse(json.dumps(data), content_type='application/json')
```


##Searching for entity `cms/models/placeholdermodel.py:Placeholder.move_plugin`...
### Search Result:
Found function `cms/models/placeholdermodel.py:Placeholder.move_plugin`.
Source: Exact match found for entity name `cms/models/placeholdermodel.py:Placeholder.move_plugin`.
```
496 | def move_plugin(self, plugin, target_position, target_placeholder=None, target_plugin=None):
497 |         """
498 |         .. versionadded:: 4.0
499 | 
500 |         Moves a plugin within the placeholder (``target_placeholder=None``) or to another placeholder.
501 | 
502 |         :param plugin: Plugin to move
503 |         :type plugin: :class:`cms.models.pluginmodel.CMSPlugin` instance
504 |         :param int target_position: The plugin's new position
505 |         :param  target_placeholder: Placeholder to move plugin to (or ``None``)
506 |         :type target_placeholder: :class:`cms.models.placeholdermodel.Placeholder` instance
507 |         :param target_plugin: New parent plugin (or ``None``). The target plugin must be in the same placeholder
508 |            or in the ``target_placeholder`` if one is given.
509 |         :type target_plugin: :class:`cms.models.pluginmodel.CMSPlugin` instance
510 | 
511 |         The ``target_position`` is enumerated from the start of the palceholder's plugin tree (1) to
512 |         the last plugin (*n*, where *n* is the number of plugins in the placeholder).
513 |         """
514 | 
515 |         if target_placeholder:
516 |             return self._move_plugin_to_placeholder(
517 |                 plugin=plugin,
518 |                 target_position=target_position,
519 |                 target_placeholder=target_placeholder,
520 |                 target_plugin=target_plugin,
521 |             )
522 | 
523 |         target_tree = self.get_plugins(plugin.language)
524 |         last_plugin = self.get_last_plugin(plugin.language)
525 |         source_plugin_desc_count = plugin._get_descendants_count()
526 |         # Attn: The following line assumes that all children and grand-children have consecutive positions!
527 |         source_plugin_range = (plugin.position, plugin.position + source_plugin_desc_count)
528 | 
529 |         if target_position < plugin.position:
530 |             # Moving left
531 |             # Make a big hole on the right side of the current plugin's position
532 |             # by shifting all right nodes further to the right, excluding the current plugin
533 |             # but including the target plugin and its descendants.
534 |             (target_tree.filter(position__gte=target_position).exclude(position__range=source_plugin_range)).update(
535 |                 position=(models.F("position") + last_plugin.position)
536 |             )
537 | 
538 |             # Make a big hole on the left side of the current plugin's position
539 |             # by shifting all right nodes further the right, including the current plugin
540 |             # and its descendants.
541 |             target_tree.filter(position__lte=source_plugin_range[1]).update(
542 |                 position=models.F("position") - last_plugin.position
543 |             )
544 |         else:
545 |             # Moving right
546 |             # Make a big hole on the left side of the target position,
547 |             # by shifting all left nodes further to the left, excluding the current plugin
548 |             # but including the target plugin and its descendants.
549 |             # Left node in the common case is target_position but if the current plugin
550 |             # has descendants then left node is the closest node to the right side of the
551 |             # last descendant.
552 |             (
553 |                 target_tree.filter(position__lte=target_position + source_plugin_desc_count).exclude(
554 |                     position__range=source_plugin_range
555 |                 )
556 |             ).update(position=(models.F("position") - last_plugin.position))
557 | 
558 |             # Make a big hole on the right side of the current plugin's position
559 |             # by shifting all right nodes further the right, including the current plugin
560 |             # and its descendants.
561 |             target_tree.filter(position__gte=plugin.position).update(
562 |                 position=models.F("position") + last_plugin.position
563 |             )
564 | 
565 |         if plugin.parent != target_plugin:
566 |             # Plugin is being moved to another tree (under another parent)
567 |             # OR plugin is being moved to the root (no parent)
568 |             plugin.update(parent=target_plugin)
569 |         # The plugin tree was shifted to the right to make space,
570 |         # Squash all plugin positions in the tree to close any holes.
571 |         self._recalculate_plugin_positions(plugin.language)
```


##Searching for entity `cms/plugin_base.py:CMSPluginBase.render_close_frame`...
### Search Result:
Found function `cms/plugin_base.py:CMSPluginBase.render_close_frame`.
Source: Exact match found for entity name `cms/plugin_base.py:CMSPluginBase.render_close_frame`.
```
476 | def render_close_frame(
477 |         self,
478 |         request: HttpRequest,
479 |         obj: Optional[CMSPlugin],
480 |         action: Optional[str] = "edit",
481 |         extra_data: Optional[Context] = None,
482 |         extra_context: Optional[Context] = None,
483 |     ) -> HttpResponse:
484 |         """
485 |         Renders the close frame for a CMS plugin in the Django admin interface.
486 | 
487 |         This method is used to send information to the javascript frontend
488 |         after an edit action has taken place. It allows the javascript frontend
489 |         to update the structure and content on the edit endpoints.
490 | 
491 |         Args:
492 |             request (HttpRequest): The HTTP request object.
493 |             obj (CMSPlugin): The CMS plugin instance being rendered.
494 |             action (Optional[str]): The action being performed on the plugin.
495 |                 Defaults to "edit". Possible values are "add", "edit", "move", and "delete".
496 |             extra_data (Optional[Context]): Additional data to include in
497 |                 the data bridge to the frontend. Defaults to None.
498 |             extra_context (Optional[Context]): Additional context to include in
499 |                 the rendering. Defaults to None.
500 | 
501 |         Returns:
502 |             HttpResponse: The rendered confirmation form as an HTTP response.
503 | 
504 |         Raises:
505 |             ObjectDoesNotExist: If the parent plugin is a ghost plugin and the
506 |                 plugin tree cannot be fetched.
507 | 
508 |         Notes:
509 |             - Handles edge cases where the parent plugin is a ghost plugin.
510 |             - Constructs the plugin tree structure and gathers plugin-specific
511 |               data for rendering.
512 |             - Includes messages from the request in the context.
513 |         """
514 | 
515 |         dj_messages = [{
516 |                     'level': message.level,
517 |                     'message': message.message,
518 |                     'tags': message.tags,
519 |                     } for message in messages.get_messages(request)]
520 | 
521 |         if not obj:
522 |             # No object specified - just close the modal frame
523 |             context = {
524 |                 "is_popup": True,
525 |                 "data_bridge": {
526 |                     "action": action,
527 |                     "messages": dj_messages,
528 |                     **(extra_data or {}),
529 |                 },
530 |                 **(extra_context or {}),
531 |             }
532 |             return TemplateResponse(
533 |                 request, 'admin/cms/page/plugin/confirm_form.html', context
534 |             )
535 | 
536 |         try:
537 |             root = obj.parent.get_bound_plugin() if obj.parent else obj
538 |         except ObjectDoesNotExist:
539 |             # This is a nasty edge-case.
540 |             # If the parent plugin is a ghost plugin, fetching the plugin tree
541 |             # will fail because the downcasting function filters out all ghost plugins.
542 |             # Currently, this case is only present in the djangocms-text app
543 |             # which uses ghost plugins to create inline plugins on the text.
544 |             root = obj
545 | 
546 |         plugins = [root] + list(root.get_descendants())
547 | 
548 |         target_plugin = plugins[0] if action in ("add", "delete") else next(
549 |             (plugin for plugin in plugins if plugin.pk == obj.pk), None
550 |         )
551 |         structure = get_plugin_tree(request, plugins, target_plugin=target_plugin)
552 |         plugin_data = next((plugin_data for plugin_data in structure['plugins'] if plugin_data["plugin_id"] == obj.pk), {})
553 | 
554 |         context = {
555 |             'plugin': obj,
556 |             'is_popup': True,
557 |             'data_bridge': {
558 |                 **plugin_data,
559 |                 "action": action,
560 |                 "plugin_desc": escapejs(force_str(obj.get_short_description())),
561 |                 "structure": structure,
562 |                 "messages": dj_messages,
563 |                 **(extra_data or {}),
564 |             },
565 |             **(extra_context or {}),
566 |         }
567 | 
568 |         return TemplateResponse(
569 |             request, 'admin/cms/page/plugin/confirm_form.html', context
570 |         )
```

2026-09-14 22:40:18 utils.py INFO 
LiteLLM completion() model= qwen/qwen3-coder; provider = openrouter
2026-09-14 22:40:21 utils.py INFO Wrapper: Completed Call, calling success_handler
2026-09-14 22:40:21 auto_search_main.py INFO Executing code:
```
print(get_entity_contents(**{'entity_names': ['cms/admin/placeholderadmin.py:PlaceholderAdmin._move_plugin']}))
```
2026-09-14 22:40:21 auto_search_main.py INFO OBSERVATION:
##Searching for entity `cms/admin/placeholderadmin.py:PlaceholderAdmin._move_plugin`...
### Search Result:
Found function `cms/admin/placeholderadmin.py:PlaceholderAdmin._move_plugin`.
Source: Exact match found for entity name `cms/admin/placeholderadmin.py:PlaceholderAdmin._move_plugin`.
```
934 | def _move_plugin(self, request, plugin, target_position, target_placeholder=None, target_parent=None):
935 |         language = plugin.language
936 |         source_placeholder = plugin.placeholder
937 | 
938 |         if not self.has_move_plugin_permission(request, plugin, source_placeholder):
939 |             message = _("You have no permission to move this plugin")
940 |             raise PermissionDenied(message)
941 | 
942 |         if target_placeholder and not self.has_move_plugin_permission(request, plugin, target_placeholder):
943 |             message = _("You have no permission to move this plugin")
944 |             raise PermissionDenied(message)
945 | 
946 |         if not source_placeholder.check_source(request.user):
947 |             message = _("You have no permission to move this plugin")
948 |             raise PermissionDenied(message)
949 | 
950 |         if target_placeholder and not target_placeholder.check_source(request.user):
951 |             message = _("You have no permission to move this plugin")
952 |             raise PermissionDenied(message)
953 | 
954 |         if target_parent:
955 |             target_parent_id = target_parent.pk
956 |         else:
957 |             target_parent_id = None
958 | 
959 |         action_token = self._send_pre_placeholder_operation(
960 |             request,
961 |             operation=operations.MOVE_PLUGIN,
962 |             plugin=plugin,
963 |             source_language=plugin.language,
964 |             source_placeholder=source_placeholder,
965 |             source_parent_id=plugin.parent_id,
966 |             target_language=language,
967 |             target_placeholder=(target_placeholder or source_placeholder),
968 |             target_parent_id=target_parent_id,
969 |         )
970 | 
971 |         source_placeholder.move_plugin(
972 |             plugin=plugin,
973 |             target_position=target_position,
974 |             target_placeholder=target_placeholder,
975 |             target_plugin=target_parent,
976 |         )
977 | 
978 |         # Refresh plugin to get new position values
979 |         updated_plugin = plugin.reload()
980 |         if target_placeholder:
981 |             target_placeholder.clear_cache(language)
982 |         source_placeholder.clear_cache(language)
983 | 
984 |         self._send_post_placeholder_operation(
985 |             request,
986 |             operation=operations.MOVE_PLUGIN,
987 |             plugin=updated_plugin.get_bound_plugin(),
988 |             token=action_token,
989 |             source_language=language,
990 |             source_placeholder=source_placeholder,
991 |             source_parent_id=updated_plugin.parent_id,
992 |             target_language=language,
993 |             target_placeholder=(target_placeholder or source_placeholder),
994 |             target_parent_id=target_parent_id,
995 |         )
996 |         return updated_plugin
```

2026-09-14 22:40:21 utils.py INFO 
LiteLLM completion() model= qwen/qwen3-coder; provider = openrouter
2026-09-14 22:40:24 utils.py INFO Wrapper: Completed Call, calling success_handler
2026-09-14 22:40:24 auto_search_main.py INFO Executing code:
```
print(get_entity_contents(**{'entity_names': ['cms/toolbar/utils.py:get_plugin_tree']}))
```
2026-09-14 22:40:24 auto_search_main.py INFO OBSERVATION:
##Searching for entity `cms/toolbar/utils.py:get_plugin_tree`...
### Search Result:
Found function `cms/toolbar/utils.py:get_plugin_tree`.
Source: Exact match found for entity name `cms/toolbar/utils.py:get_plugin_tree`.
```
 79 | def get_plugin_tree(
 80 |     request: HttpRequest,
 81 |     plugins: list[CMSPlugin],
 82 |     restrictions: Optional[dict] = None,
 83 |     target_plugin: Optional[CMSPlugin] = None,
 84 | ) -> dict[str, Any]:
 85 |     """
 86 |     Constructs a tree structure of CMS plugins for the toolbar.
 87 | 
 88 |     Args:
 89 |         request (HttpRequest): The HTTP request object.
 90 |         plugins (list[CMSPlugin]): A list of CMSPlugin instances to be organized into a tree.
 91 |         restrictions (Optional[dict], optional): A dictionary of plugin restrictions. Defaults to None.
 92 |         target_plugin (Optional[CMSPlugin], optional): The target plugin to render.
 93 |             Content will only be rendered if given. Defaults to None.
 94 | 
 95 |     Returns:
 96 |         tuple[dict[str, Any]]: A dictionary with up to five keys:
 97 |             - 'html': A string of rendered HTML for the plugin tree.
 98 |             - 'plugins': A flat list of plugin information dictionaries.
 99 |             - 'content': The rendered content of target_plugin (if given) including its children
100 |             - 'target_position': The position of the target_plugin (if given)
101 |             - 'target_placeholder_id': The placeholder id of the target_plugin (if given)
102 |     """
103 |     from cms.utils.plugins import downcast_plugins, get_plugin_restrictions
104 | 
105 |     tree_data = []
106 |     tree_structure = []
107 |     restrictions = restrictions or {}
108 |     root_plugins = deque()
109 |     plugin_children = defaultdict(deque)
110 |     toolbar = get_toolbar_from_request(request)
111 |     template = toolbar.templates.drag_item_template
112 |     get_plugin_info = get_plugin_toolbar_info
113 |     placeholder = plugins[0].placeholder
114 |     copy_to_clipboard = placeholder.pk == toolbar.clipboard.pk
115 |     plugins = list(downcast_plugins(plugins, select_placeholder=True))
116 |     plugin_ids = frozenset(plugin.pk for plugin in plugins)
117 | 
118 |     for plugin in reversed(plugins):
119 |         plugin.child_plugin_instances = plugin_children[plugin.pk]
120 | 
121 |         if plugin.parent_id in plugin_ids:
122 |             plugin_children[plugin.parent_id].appendleft(plugin)
123 |         else:
124 |             root_plugins.appendleft(plugin)
125 | 
126 |     def collect_plugin_data(plugin):
127 |         child_classes, parent_classes = get_plugin_restrictions(
128 |             plugin=plugin,
129 |             restrictions_cache=restrictions,
130 |         )
131 |         plugin_info = get_plugin_info(
132 |             plugin,
133 |             children=child_classes,
134 |             parents=parent_classes,
135 |         )
136 | 
137 |         tree_data.append(plugin_info)
138 | 
139 |         for plugin_instance in plugin.child_plugin_instances:
140 |             collect_plugin_data(plugin_instance)
141 | 
142 |     with force_language(toolbar.toolbar_language):
143 |         for root_plugin in root_plugins:
144 |             collect_plugin_data(root_plugin)
145 |             context = {
146 |                 'plugin': root_plugin,
147 |                 'request': request,
148 |                 'clipboard': copy_to_clipboard,
149 |                 'cms_toolbar': toolbar,
150 |             }
151 |             tree_structure.append(template.render(context))
152 |     tree_data.reverse()
153 | 
154 |     content = {}
155 |     # Render the target plugin if given and all plugins are local
156 |     if target_plugin and all(plugin.get_plugin_class().is_local for plugin in plugins):
157 |         # Also provide the parent plugin to the context (if available)
158 |         downcasted = next(
159 |             (plugin for plugin in plugins if plugin.pk == target_plugin.pk), None
160 |         )
161 |         parent = next(
162 |             (plugin for plugin in plugins if plugin.pk == target_plugin.parent_id), None
163 |         ) if target_plugin.parent_id else None
164 |         content["content"] = get_plugin_content(request, downcasted, {"parent": parent})
165 | 
166 |     return {'html': '\n'.join(tree_structure), 'plugins': tree_data, **content}
```

2026-09-14 22:40:24 utils.py INFO 
LiteLLM completion() model= qwen/qwen3-coder; provider = openrouter
2026-09-14 22:40:27 utils.py INFO Wrapper: Completed Call, calling success_handler
2026-09-14 22:40:27 auto_search_main.py INFO Executing code:
```
print(search_code_snippets(**{'search_terms': ['KeyError', 'fix key', 'key error']}))
```
2026-09-14 22:40:27 __init__.py DEBUG Building index from IDs objects
2026-09-14 22:40:28 __init__.py DEBUG Building index from IDs objects
2026-09-14 22:40:28 __init__.py DEBUG Building index from IDs objects
2026-09-14 22:40:28 __init__.py DEBUG Building index from IDs objects
2026-09-14 22:40:28 __init__.py DEBUG Building index from IDs objects
2026-09-14 22:40:28 __init__.py DEBUG Building index from IDs objects
2026-09-14 22:40:28 auto_search_main.py INFO OBSERVATION:
cms/utils/plugins.py:get_plugin_restrictions
cms/utils/permissions.py:has_plugin_permission
cms/api.py:_verify_plugin_type
cms/plugin_base.py:CMSPluginBase.get_fieldsets
cms/plugin_base.py:CMSPluginBase.icon_alt
cms/utils/helpers.py:is_editable_model
menus/templatetags/menu_tags.py:PageLanguageUrl
menus/templatetags/menu_tags.py:PageLanguageUrl.get_context
cms/admin/forms.py:PluginAddValidationForm
cms/admin/forms.py:PageUserGroupForm.save
cms/admin/forms.py:PageUserGroupForm
cms/admin/forms.py:PluginAddValidationForm.clean_plugin_type
cms/admin/forms.py:PageUserGroupForm.Meta
cms/management/commands/subcommands/list.py:plugin_report
cms/admin/pageadmin.py:PageAdmin.get_copy_dialog
cms/management/commands/subcommands/tree.py:FixTreeCommand
cms/management/commands/subcommands/tree.py:FixTreeCommand.handle
cms/app_base.py:CMSApp.__new__
cms/utils/conf.py:_ensure_languages_settings
cms/utils/placeholder.py:get_placeholder_conf
cms/cache/placeholder.py:_get_placeholder_cache_version_key
cms/migrations/0005_auto_20140924_1039.py:_inc_path
cms/toolbar/toolbar.py:CMSToolbarBase.get_or_create_menu
cms/cache/placeholder.py:_get_placeholder_cache_version_key
cms/utils/helpers.py:get_timezone_name
menus/menu_pool.py:MenuRenderer._build_nodes
cms/cache/placeholder.py:_get_placeholder_cache_key
cms/utils/check.py:check_template_conf
cms/utils/check.py:FileOutputWrapper.successful
cms/utils/check.py:FileOutputWrapper.section
cms/utils/check.py:check
cms/utils/conf.py:_ensure_languages_settings
cms/admin/placeholderadmin.py:PlaceholderAdmin.add_plugin
cms/admin/placeholderadmin.py:PlaceholderAdmin.get_placeholder_template
cms/utils/placeholder.py:get_placeholder_conf
cms/cache/placeholder.py:_get_placeholder_cache_version_key
cms/utils/helpers.py:get_timezone_name
cms/cache/placeholder.py:_get_placeholder_cache_key
menus/menu_pool.py:MenuRenderer._build_nodes
cms/utils/conf.py:_ensure_languages_settings
cms/migrations/0005_auto_20140924_1039.py:_inc_path
cms/toolbar/toolbar.py:CMSToolbarBase.get_or_create_menu
##Searching for term "KeyError"...
### Search Result:
Found class `cms/exceptions.py:LanguageError`.
Source: Retrieved entity using keyword search (bm25).
```
76 | class LanguageError(Exception):
77 |     pass
```

Found function `cms/toolbar/items.py:Button.__repr__`.
Source: Retrieved entity using keyword search (bm25).
```
521 | def __repr__(self):
522 |         return '<Button:%s>' % force_str(self.name)
```

Found function `cms/utils/plugins.py:get_plugin_restrictions`.
Source: Retrieved code content using keyword search (bm25).
```
176 | def get_plugin_restrictions(plugin, page=None, restrictions_cache=None):
177 |     if restrictions_cache is None:
178 |         restrictions_cache = {}
179 | 
180 |     cache = plugin_pool.get_restrictions_cache(restrictions_cache, plugin, page=page)
181 |     plugin_type = plugin.plugin_type
182 |     plugin_class = get_plugin_class(plugin.plugin_type)
183 |     parents_cache = cache.setdefault("plugin_parents", {})
184 |     children_cache = cache.setdefault("plugin_children", {})
185 | 
186 |     try:
187 |         parent_classes = parents_cache[plugin_type]
188 |     except KeyError:
189 |         parent_classes = plugin_class.get_parent_classes(
190 |             slot=plugin.placeholder.slot,
191 |             page=page,
192 |             instance=plugin,
193 |         )
194 | 
195 |     if plugin_class.cache_parent_classes:
196 |         parents_cache[plugin_type] = parent_classes or []
197 | 
198 |     child_classes = []
199 |     if plugin_class.allow_children:
200 |         # Only check for children if children are allowed
201 |         try:
202 |             child_classes = children_cache[plugin_type]
203 |             # Still check child classes that did not cache their parent classes
204 |             uncached_child_classes = plugin_class.get_child_classes(
205 |                 slot=plugin.placeholder.slot,
206 |                 page=page,
207 |                 instance=plugin,
208 |                 only_uncached=True,
209 |             )
210 |             child_classes = child_classes + uncached_child_classes  # Creates a new list to not change the cache
211 | 
212 |         except KeyError:
213 |             child_classes = plugin_class.get_child_classes(
214 |                 slot=plugin.placeholder.slot,
215 |                 page=page,
216 |                 instance=plugin,
217 |             )
218 |             if plugin_class.cache_child_classes:  # Check if child classes should be cached
219 |                 # Only add plugins to the cache that have the cache_parent_class attribute set
220 |                 children_cache[plugin_type] = [plugin for plugin in (child_classes or [])
221 |                                             if plugin_pool.get_plugin(plugin).cache_parent_classes]
222 |                 if not children_cache[plugin_type] and child_classes:
223 |                     # Edge case:
224 |                     children_cache[plugin_type] = [""]
225 | 
226 |     return child_classes, parent_classes
```

Found function `cms/utils/permissions.py:has_plugin_permission`.
Source: Retrieved code content using keyword search (bm25).
```
385 | def has_plugin_permission(user, plugin_type, permission_type):
386 |     """
387 |     Checks that a user has permissions for the plugin-type given to perform
388 |     the action defined in permission_type
389 |     permission_type should be 'add', 'change' or 'delete'.
390 |     """
391 |     from cms.plugin_pool import plugin_pool
392 |     try:
393 |         plugin_class = plugin_pool.get_plugin(plugin_type)
394 |         codename = get_model_permission_codename(
395 |             plugin_class.model,
396 |             action=permission_type,
397 |         )
398 |         return user.has_perm(codename)
399 |     except KeyError:
400 |         # Grant all permissions for uninstalled plugins, so they do not block
401 |         # emptying placeholders.
402 |         return True
```

Found function `cms/api.py:_verify_plugin_type`.
Source: Retrieved code content using keyword search (bm25).
```
102 | def _verify_plugin_type(plugin_type):
103 |     """
104 |     Verifies the given plugin_type is valid and returns a tuple of
105 |     (plugin_model, plugin_type)
106 |     """
107 |     if hasattr(plugin_type, '__module__') and issubclass(plugin_type, CMSPluginBase):
108 |         plugin_model = plugin_type.model
109 |         assert plugin_type in plugin_pool.plugins.values()
110 |         plugin_type = plugin_type.__name__
111 |     elif isinstance(plugin_type, str):
112 |         try:
113 |             plugin_model = plugin_pool.get_plugin(plugin_type).model
114 |         except KeyError:
115 |             raise TypeError(
116 |                 'plugin_type must be CMSPluginBase subclass or string'
117 |             )
118 |     else:
119 |         raise TypeError('plugin_type must be CMSPluginBase subclass or string')
120 |     return plugin_model, plugin_type
```

Found function `cms/plugin_base.py:CMSPluginBase.icon_alt`.
Source: Retrieved code content using keyword search (bm25).
```
659 | def icon_alt(self, instance):
660 |         """
661 |         Overwrite this if necessary if ``text_enabled = True``
662 |         Return the 'alt' text to be used for an icon representing
663 |         the plugin object in a text editor.
664 | 
665 |         :param instance: The instance of the plugin model to provide specific information
666 |             for the 'alt' text.
667 |         :type instance: :class:`cms.models.pluginmodel.CMSPlugin` instance
668 | 
669 |         By default, :meth:`icon_alt` will return a string of the form: "[plugin type] -
670 |         [instance]", but can be modified to return anything you like.
671 | 
672 |         This function accepts the ``instance`` as a parameter and returns a string to be
673 |         used as the ``alt`` text for the plugin's preview or icon.
674 | 
675 |         Authors of text-enabled plugins should consider overriding this function as
676 |         it will be rendered as a tooltip in most browser. This is useful, because if
677 |         the same plugin is used multiple times, this tooltip can provide information about
678 |         its configuration.
679 | 
680 |         See also: :attr:`text_enabled`, :meth:`icon_src`.
681 | 
682 | 
683 |         """
684 |         return f"{force_str(self.name)} - {force_str(instance)}"
```

Found function `cms/plugin_base.py:CMSPluginBase.get_fieldsets`.
Source: Retrieved code content using keyword search (bm25).
```
686 | def get_fieldsets(self, request, obj=None):
687 |         """
688 |         Same as from base class except if there are no fields, show an info message.
689 |         """
690 |         fieldsets = super().get_fieldsets(request, obj)
691 | 
692 |         for name, data in fieldsets:
693 |             if data.get('fields'):  # if fieldset with non-empty fields is found, return fieldsets
694 |                 return fieldsets
695 | 
696 |         if self.inlines:
697 |             return []  # if plugin has inlines but no own fields return empty fieldsets to remove empty white fieldset
698 | 
699 |         try:  # if all fieldsets are empty (assuming there is only one fieldset then) add description
700 |             fieldsets[0][1]['description'] = self.get_empty_change_form_text(obj=obj)
701 |         except KeyError:
702 |             pass
703 |         return fieldsets
```

Found file `cms/toolbar_base.py`.
Source: Retrieved entity using keyword search (bm25).
Hint: Search `cms/toolbar_base.py` for the full content if needed.



##Searching for term "fix key", "key error", "KeyError fix key key error"...
### Search Result:
Found function `cms/cache/placeholder.py:_get_placeholder_cache_version_key`.
Source: Retrieved entity using keyword search (bm25).
```
28 | def _get_placeholder_cache_version_key(placeholder, lang, site_id):
29 |     """
30 |     Returns the version key for the given «placeholder», «lang» and «site_id».
31 | 
32 |     Invalidating this (via clear_placeholder_cache by replacing the stored
33 |     value with a new value) will effectively make all "sub-caches" relating to
34 |     this (placeholder x lang) inaccessible. Sub-caches include caches per TZ
35 |     and per VARY header.
36 |     """
37 |     prefix = get_cms_setting("CACHE_PREFIX")
38 |     key = f"{prefix}|placeholder_cache_version|id:{placeholder.pk}|lang:{str(lang)}|site:{site_id}"
39 |     # django itself adds "version" add the end of cache-keys, e.g. "<key>:1".
40 |     # -> If `cache.set()` is for example called with `version=""`, it still adds
41 |     #    `:` at the end. So if we check the length for `> 250`, a length of 249
42 |     #    or even 250 ends up in an InvalidCacheKey-exception.
43 |     # In order to avoid these errors, we hash the keys at a lower length to also
44 |     # have a little buffer.
45 |     if len(key) > 200:
46 |         key = "{prefix}|{hash}".format(
47 |             prefix=prefix,
48 |             hash=hashlib.sha1(key.encode("utf-8")).hexdigest(),
49 |         )
50 |     return key
```

Found function `cms/cache/placeholder.py:_get_placeholder_cache_key`.
Source: Retrieved entity using keyword search (bm25).
```
 88 | def _get_placeholder_cache_key(placeholder, lang, site_id, request, soft=False):
 89 |     """
 90 |     Returns the fully-addressed cache key for the given placeholder and
 91 |     the request.
 92 | 
 93 |     The kwarg «soft» should be set to True if getting the cache key to then
 94 |     read from the cache. If instead the key retrieval is to support a cache
 95 |     write, let «soft» be False.
 96 |     """
 97 |     prefix = get_cms_setting("CACHE_PREFIX")
 98 |     version, vary_on_list = _get_placeholder_cache_version(placeholder, lang, site_id)
 99 |     tz = get_timezone_name()
100 |     main_key = f"{prefix}|render_placeholder|id:{placeholder.pk}|lang:{lang}|site:{site_id}|tz:{tz}|v:{version}"
101 | 
102 |     if not soft:
103 |         # We are about to write to the cache, so we want to get the latest
104 |         # vary_cache_on headers and the correct cache expiration, ignoring any
105 |         # we already have. If the placeholder has already been rendered, this
106 |         # will be very efficient (zero-additional queries) due to the caching
107 |         # of all its plugins during the rendering process anyway.
108 |         vary_on_list = placeholder.get_vary_cache_on(request)
109 |         duration = placeholder.get_cache_expiration(request, now())
110 |         # Update the main placeholder cache version
111 |         _set_placeholder_cache_version(placeholder, lang, site_id, version, vary_on_list, duration)
112 | 
113 |     sub_key_list = []
114 |     for key in vary_on_list:
115 |         value = request.META.get(get_header_name(key)) or "_"
116 |         sub_key_list.append(key + ":" + value)
117 | 
118 |     cache_key = main_key
119 |     if sub_key_list:
120 |         cache_key += "|" + "|".join(sub_key_list)
121 | 
122 |     # django itself adds "version" add the end of cache-keys, e.g. "<key>:1".
123 |     # -> If `cache.set()` is for example called with `version=""`, it still adds
124 |     #    `:` at the end. So if we check the length for `> 250`, a length of 249
125 |     #    or even 250 ends up in an InvalidCacheKey-exception.
126 |     # In order to avoid these errors, we hash the keys at a lower length to also
127 |     # have a little buffer.
128 |     if len(cache_key) > 200:
129 |         cache_key = "{prefix}|{hash}".format(
130 |             prefix=prefix,
131 |             hash=hashlib.sha1(cache_key.encode("utf-8")).hexdigest(),
132 |         )
133 | 
134 |     return cache_key
```



##Searching for term "fix key"...
### Search Result:
Found function `cms/cache/choices.py:_site_cache_key`.
Source: Retrieved entity using keyword search (bm25).
```
6 | def _site_cache_key(lang):
7 |     return "{}-{}".format(get_cms_setting('SITE_CHOICES_CACHE_KEY'), lang)
```

Found class `cms/management/commands/subcommands/tree.py:FixTreeCommand`.
Source: Retrieved code content using keyword search (bm25).
```
 25 | class FixTreeCommand(SubcommandsCommand):
 26 |     help_string = 'Repairing Materialized Path Tree for Pages'
 27 |     command_name = 'fix-tree'
 28 | 
 29 |     def handle(self, *args, **options):
 30 |         """
 31 |         Repairs the tree
 32 |         """
 33 |         self.stdout.write('fixing page tree')
 34 |         Page.fix_tree()
 35 | 
 36 |         root_pages = Page.objects.filter(parent__isnull=True)
 37 | 
 38 |         last = None
 39 | 
 40 |         try:
 41 |             first = root_pages.order_by('path').first()
 42 |         except IndexError:
 43 |             first = None
 44 | 
 45 |         for page in root_pages.order_by('site__pk', 'path'):
 46 |             if last:
 47 |                 last.refresh_from_db()
 48 |                 page.refresh_from_db()
 49 |                 page.move(target=last, pos='right')
 50 |             elif first and first.pk != page.pk:
 51 |                 page.move(target=first, pos='left')
 52 |             last = page
 53 | 
 54 |         for root in root_pages.order_by('site__pk', 'path'):
 55 |             self._update_descendants_tree(root)
 56 | 
 57 |         self.stdout.write('fixing page URLs')
 58 |         for page in root_pages:
 59 |             for language in page.get_languages():
 60 |                 if not page.is_home:
 61 |                     page._update_url_path(language)
 62 |                 self._update_url_path_recursive(page, language)
 63 | 
 64 |         self.stdout.write('all done')
 65 | 
 66 |     def _update_descendants_tree(self, root):
 67 |         pages = Page.objects.all()
 68 |         descendants_by_parent = OrderedDict()
 69 | 
 70 |         for descendant in get_descendants(root):
 71 |             parent_id = descendant.parent_id
 72 |             descendants_by_parent.setdefault(parent_id, []).append(descendant)
 73 | 
 74 |         for tree in descendants_by_parent.values():
 75 |             last_page = None
 76 | 
 77 |             for page in tree:
 78 |                 page.refresh_from_db()
 79 | 
 80 |                 if last_page:
 81 |                     # This is not the first loop so this is not the first draft
 82 |                     # child. Set this page a sibling of the last processed
 83 |                     # draft page.
 84 |                     last_page.refresh_from_db()
 85 |                     page.move(target=last_page, pos='right')
 86 |                 else:
 87 |                     # This is the first time through the loop so this is the first
 88 |                     # draft child for this parent.
 89 |                     page.move(target=pages.get(pk=tree[0].parent_id), pos='first-child')
 90 |                 last_page = page
 91 | 
 92 |     def _update_url_path_recursive(self, page, language):
 93 |         if page.node.is_leaf() or language not in page.get_languages():
 94 |             return
 95 | 
 96 |         pages = page.get_child_pages()
 97 |         base_path = page.get_path(language)
 98 |         new_path = page._get_path_sql_value(base_path)
 99 | 
100 |         try:
101 |             (PageUrl
102 |              .objects
103 |              .filter(language=language, page__in=pages)
104 |              .exclude(managed=False)
105 |              .update(path=new_path))
106 |         except IntegrityError as exc:
107 |             self.stdout.write(f"{exc} while updating path for page: /{language}/{new_path}")
108 | 
109 |         for child in pages.filter(urls__language=language).iterator():
110 |             self._update_url_path_recursive(child, language)
```

Found function `cms/app_base.py:CMSApp.__new__`.
Source: Retrieved code content using keyword search (bm25).
```
28 | def __new__(cls):
29 |         """
30 |         We want to bind the CMSapp class to a specific AppHookConfig, but only one at a time
31 |         Checking for the runtime attribute should be a sane fix
32 |         """
33 |         if cls.app_config:
34 |             if getattr(cls.app_config, 'cmsapp', None) and cls.app_config.cmsapp != cls:
35 |                 raise RuntimeError(
36 |                     'Only one AppHook per AppHookConfiguration must exists.\n'
37 |                     'AppHook %s already defined for %s AppHookConfig' % (
38 |                         cls.app_config.cmsapp.__name__, cls.app_config.__name__
39 |                     )
40 |                 )
41 |             cls.app_config.cmsapp = cls
42 |         return super().__new__(cls)
```

Found function `cms/utils/conf.py:_ensure_languages_settings`.
Source: Retrieved code content using keyword search (bm25).
```
189 | def _ensure_languages_settings(languages):
190 |     valid_language_keys = ['code', 'name', 'fallbacks', 'hide_untranslated', 'redirect_on_fallback', 'public']
191 |     required_language_keys = ['code', 'name']
192 |     simple_defaults = ['public', 'redirect_on_fallback', 'hide_untranslated']
193 | 
194 |     if not isinstance(languages, dict):
195 |         raise ImproperlyConfigured(
196 |             "CMS_LANGUAGES must be a dictionary with site IDs and 'default'"
197 |             " as keys. Please check the format.")
198 | 
199 |     defaults = languages.pop('default', {})
200 |     default_fallbacks = defaults.get('fallbacks')
201 |     needs_fallbacks = []
202 | 
203 |     for key in defaults:
204 |         if key not in valid_language_keys:
205 |             raise ImproperlyConfigured("CMS_LANGUAGES has an invalid property in the default properties: %s" % key)
206 | 
207 |     for key in simple_defaults:
208 |         if key not in defaults:
209 |             defaults[key] = True
210 | 
211 |     for site, language_list in languages.items():
212 |         if site != hash(site):
213 |             raise ImproperlyConfigured(
214 |                 "CMS_LANGUAGES can only be filled with integers (site IDs) and 'default'"
215 |                 " for default values. %s is not a valid key." % site)
216 | 
217 |         for language_object in language_list:
218 |             for required_key in required_language_keys:
219 |                 if required_key not in language_object:
220 |                     raise ImproperlyConfigured("CMS_LANGUAGES has a language which is missing the required key %r "
221 |                                                "in site %r" % (key, site))
222 |             language_code = language_object['code']
223 |             for key in language_object:
224 |                 if key not in valid_language_keys:
225 |                     raise ImproperlyConfigured(
226 |                         f"CMS_LANGUAGES has invalid key {key!r} in language {language_code!r} in site {site!r}"
227 |                     )
228 | 
229 |             if 'fallbacks' not in language_object:
230 |                 if default_fallbacks:
231 |                     language_object['fallbacks'] = default_fallbacks
232 |                 else:
233 |                     needs_fallbacks.append((site, language_object))
234 |             for key in simple_defaults:
235 |                 if key not in language_object:
236 |                     language_object[key] = defaults[key]
237 | 
238 |     site_fallbacks = {}
239 |     for site, language_object in needs_fallbacks:
240 |         if site not in site_fallbacks:
241 |             site_fallbacks[site] = [lang['code'] for lang in languages[site] if lang['public']]
242 |         language_object['fallbacks'] = [
243 |             lang_code for lang_code in site_fallbacks[site] if lang_code != language_object['code']
244 |         ]
245 | 
246 |     languages['default'] = defaults
247 |     languages[VERIFIED] = True  # this will be busted by @override_settings and cause a re-check
248 | 
249 |     return languages
```



##Searching for term "fix key", "KeyError fix key key error"...
### Search Result:
Found function `cms/utils/placeholder.py:get_placeholder_conf`.
Source: Retrieved code content using keyword search (bm25).
```
46 | def get_placeholder_conf(setting: str, placeholder: str, template: Optional[str] = None, default=None):
47 |     """
48 |     Returns the placeholder configuration for a given setting. The key would for
49 |     example be 'plugins' or 'name'.
50 | 
51 |     Resulting value will be the last from:
52 | 
53 |     CMS_PLACEHOLDER_CONF[None] (global)
54 |     CMS_PLACEHOLDER_CONF['template'] (if template is given)
55 |     CMS_PLACEHOLDER_CONF['placeholder'] (where placeholder denotes a slot)
56 |     CMS_PLACEHOLDER_CONF['template placeholder'] (if template is given)
57 | 
58 |     Template is only evaluated if the placeholder configuration contains key with ".html" or ".htm"
59 |     """
60 | 
61 |     if placeholder:
62 |         keys = []
63 |         placeholder_conf = get_cms_setting("PLACEHOLDER_CONF")
64 |         template_in_conf = any(".htm" in (key or "") for key in placeholder_conf) and template
65 |         # 1st level
66 |         if template_in_conf:
67 |             keys.append(f"{template} {placeholder}")
68 |         # 2nd level
69 |         keys.append(placeholder)
70 |         # 3rd level
71 |         if template_in_conf:
72 |             keys.append(str(template))
73 |         # 4th level
74 |         keys.append(None)
75 |         for key in keys:
76 |             try:
77 |                 conf = placeholder_conf[key]
78 |                 value = conf.get(setting, None)
79 |                 if value is not None:
80 |                     return value
81 |                 inherit = conf.get("inherit")
82 |                 if inherit:
83 |                     if " " in inherit:
84 |                         inherit = inherit.split(" ")
85 |                     else:
86 |                         inherit = (None, inherit)
87 |                     value = get_placeholder_conf(
88 |                         setting, inherit[1], inherit[0], default
89 |                     )
90 |                     if value is not None:
91 |                         return value
92 |             except KeyError:
93 |                 continue
94 |     return default
```



##Searching for term "key error", "KeyError fix key key error"...
### Search Result:
Found function `cms/utils/check.py:FileOutputWrapper.error`.
Source: Retrieved entity using keyword search (bm25).
```
77 | def error(self, message):
78 |         self.errors += 1
79 |         self.write_stderr_line("{} {}".format(message, self.colorize("[ERROR]", fg="red", opts=["bold"])))
```

Found function `cms/utils/helpers.py:get_timezone_name`.
Source: Retrieved code content using keyword search (bm25).
```
69 | def get_timezone_name():
70 |     """
71 |     This returns a cross-platform compatible timezone name suitable for
72 |     embedding into cache-keys. Its inclusion into cache-keys enables, but does
73 |     not guarantee by itself, that dates are display correctly for the client's
74 |     timezone. In order to complete this the project should use middleware or
75 |     some other mechanism to affect's Django's get_current_timezone_name().
76 |     """
77 |     # The datetime module doesn't restrict the output of tzname().
78 |     # Windows is known to use non-standard, locale-dependant names.
79 |     # User-defined tzinfo classes may return absolutely anything.
80 |     # Hence this paranoid conversion to create a valid cache key.
81 |     tz_name = force_str(get_current_timezone_name(), errors='ignore')
82 |     return tz_name.encode('ascii', 'ignore').decode('ascii').replace(' ', '_')
```

Found function `menus/menu_pool.py:MenuRenderer._build_nodes`.
Source: Retrieved code content using keyword search (bm25).
```
144 | def _build_nodes(self):
145 |         """
146 |         This is slow. Caching must be used.
147 |         One menu is built per language and per site.
148 | 
149 |         Namespaces: they are ID prefixes to avoid node ID clashes when plugging
150 |         multiple trees together.
151 | 
152 |         - We iterate on the list of nodes.
153 |         - We store encountered nodes in a dict (with namespaces):
154 |             done_nodes[<namespace>][<node's id>] = node
155 |         - When a node has a parent defined, we lookup that parent in done_nodes
156 |             if it's found:
157 |                 set the node as the node's parent's child (re-read this)
158 |             else:
159 |                 the node is put at the bottom of the list
160 |         """
161 |         key = self.cache_key
162 | 
163 |         cached_nodes = cache.get(key, None)
164 | 
165 |         if cached_nodes and self.is_cached:
166 |             # Only use the cache if the key is present in the database.
167 |             # This prevents a condition where keys which have been removed
168 |             # from the database due to a change in content, are still used.
169 |             return cached_nodes
170 | 
171 |         final_nodes = []
172 |         toolbar = getattr(self.request, 'toolbar', None)
173 | 
174 |         for menu_class_name in self.menus:
175 |             menu = self.get_menu(menu_class_name)
176 | 
177 |             try:
178 |                 nodes = menu.get_nodes(self.request)
179 |             except NoReverseMatch:
180 |                 # Apps might raise NoReverseMatch if an apphook does not yet
181 |                 # exist, skip them instead of crashing
182 |                 nodes = []
183 |                 if toolbar and toolbar.is_staff:
184 |                     messages.error(
185 |                         self.request,
186 |                         _('Menu %s cannot be loaded. Please, make sure all its urls exist and can be resolved.') %
187 |                         menu_class_name
188 |                     )
189 |                 logger.error("Menu %s could not be loaded." % menu_class_name, exc_info=True)
190 |             # nodes is a list of navigation nodes (page tree in cms + others)
191 |             final_nodes += _build_nodes_inner_for_one_menu(nodes, menu_class_name)
192 | 
193 |         cache.set(key, final_nodes, get_cms_setting('CACHE_DURATIONS')['menus'])
194 | 
195 |         if not self.is_cached:
196 |             # No need to invalidate the internal lookup cache,
197 |             # just set the value directly.
198 |             self.__dict__['is_cached'] = True
199 |             # We need to have a list of the cache keys for languages and sites that
200 |             # span several processes - so we follow the Django way and share through
201 |             # the database. It's still cheaper than recomputing every time!
202 |             # This way we can selectively invalidate per-site and per-language,
203 |             # since the cache is shared but the keys aren't
204 |             CacheKey.objects.create(key=key, language=self.request_language, site=self.site.pk)
205 |         return final_nodes
```



##Searching for term "key error"...
### Search Result:
Found function `cms/utils/check.py:check_template_conf`.
Source: Retrieved code content using keyword search (bm25).
```
367 | def check_template_conf(output):
368 |     with output.section("Template configuration") as section:
369 |         if get_cms_setting("TEMPLATES"):
370 |             if isinstance(get_cms_setting("TEMPLATES"), (list, tuple)):
371 |                 for template in get_cms_setting("TEMPLATES"):
372 |                     if not isinstance(template, (list, tuple)):
373 |                         section.error("CMS_TEMPLATES setting contains a non-list/tuple entry")
374 |                     elif len(template) != 2:
375 |                         section.error("CMS_TEMPLATES setting contains a list/tuple with != 2 entries")
376 |                     elif not isinstance(template[0], str):
377 |                         section.error("CMS_TEMPLATES contains a non-string entry")
378 |                     else:
379 |                         section.success("CMS_TEMPLATES_DIR or CMS_TEMPLATES setting  found")
380 |             else:
381 |                 section.error("CMS_TEMPLATES setting is not a list or tuple")
382 |             if hasattr(settings, "CMS_PLACEHOLDERS"):
383 |                 section.warn("CMS_PLACEHOLDERS setting is also present but will be ignored.")
384 |         elif get_cms_setting("PLACEHOLDERS"):
385 |             if isinstance(get_cms_setting("PLACEHOLDERS"), (list, tuple)):
386 |                 for placeholder in get_cms_setting("PLACEHOLDERS"):
387 |                     if not isinstance(placeholder, (list, tuple)):
388 |                         section.error("CMS_PLACEHOLDERS setting contains a non-list/tuple entry")
389 |                     elif not isinstance(placeholder[0], str):
390 |                         section.error(
391 |                             f"CMS_PLACEHOLDERS contains an entry with a non-string identifier: {placeholder[0]}"
392 |                         )
393 |                     else:
394 |                         section.success("CMS_PLACEHOLDERS setting entry found - CMS will run in headless mode")
395 |             else:
396 |                 section.error("CMS_PLACEHOLDERS setting is not a list or tuple")
397 |         else:
398 |             section.warn(
399 |                 "Both CMS_TEMPLATES and CMS_PLACEHOLDERS settings are missing. "
400 |                 'Will run in headless mode with one placeholder called "content"'
401 |             )
```

2026-09-14 22:40:28 utils.py INFO 
LiteLLM completion() model= qwen/qwen3-coder; provider = openrouter
2026-09-14 22:40:35 utils.py INFO Wrapper: Completed Call, calling success_handler
2026-09-14 22:40:35 utils.py INFO 
LiteLLM completion() model= qwen/qwen3-coder; provider = openrouter
2026-09-14 22:40:41 utils.py INFO Wrapper: Completed Call, calling success_handler
2026-09-14 22:40:41 auto_search_main.py INFO Executing code:
```
print(search_code_snippets(**{'search_terms': ['get_descendants', '_recalculate_plugin_positions', '_get_descendants_count']}))
```
2026-09-14 22:40:41 auto_search_main.py INFO OBSERVATION:
##Searching for term "get_descendants"...
### Search Result:
Found function `cms/migrations/0018_create_pagenode.py:get_descendants`.
Found function `cms/models/query.py:PageQuerySet.get_descendants`.
Found function `cms/models/pluginmodel.py:CMSPlugin.get_descendants`.
Found function `cms/management/commands/subcommands/tree.py:get_descendants`.
Found function `menus/base.py:NavigationNode.get_descendants`.
Source: Match found for entity name `get_descendants`.
Hint: Use more detailed query to get the full content of some if needed.



##Searching for term "_recalculate_plugin_positions"...
### Search Result:
Found function `cms/models/placeholdermodel.py:Placeholder._recalculate_plugin_positions`.
Source: Match found for entity name `_recalculate_plugin_positions`.
```
701 | def _recalculate_plugin_positions(self, language):
702 |         from cms.models.pluginmodel import (
703 |             CMSPlugin,
704 |             _get_database_cursor,
705 |             _get_database_vendor,
706 |         )
707 | 
708 |         cursor = _get_database_cursor("write")
709 |         db_vendor = _get_database_vendor("write")
710 | 
711 |         if db_vendor in ("sqlite", "postgresql"):
712 |             sql = (
713 |                 "UPDATE {0} "
714 |                 "SET position = subquery.new_pos "
715 |                 "FROM ("
716 |                 "  SELECT  ID, ROW_NUMBER() OVER (ORDER BY position, id) AS new_pos "
717 |                 "  FROM {0} WHERE placeholder_id=%s AND language=%s "
718 |                 ") subquery "
719 |                 "WHERE {0}.id=subquery.id"
720 |             )
721 |             sql = sql.format(connection.ops.quote_name(CMSPlugin._meta.db_table))
722 |             cursor.execute(sql, [self.pk, language])
723 |         elif db_vendor == "mysql":
724 |             sql = (
725 |                 "UPDATE {0} "
726 |                 "SET position = ("
727 |                 "SELECT COUNT(*)+1 FROM (SELECT * FROM {0}) t "
728 |                 "WHERE placeholder_id={0}.placeholder_id AND language={0}.language "
729 |                 "AND {0}.position > t.position"
730 |                 ") WHERE placeholder_id=%s AND language=%s"
731 |             )
732 |             sql = sql.format(connection.ops.quote_name(CMSPlugin._meta.db_table))
733 |             cursor.execute(sql, [self.pk, language])
734 |         elif db_vendor == "oracle":
735 |             sql = (
736 |                 "UPDATE {0} "
737 |                 "SET position = ("
738 |                 "SELECT COUNT(*)+1 FROM (SELECT * FROM {0}) t "
739 |                 "WHERE placeholder_id={0}.placeholder_id AND language={0}.language "
740 |                 "AND {0}.position > t.position"
741 |                 ") WHERE placeholder_id=%s AND language=%s"
742 |             )
743 |             sql = sql.format(connection.ops.quote_name(CMSPlugin._meta.db_table))
744 |             cursor.execute(sql, [self.pk, language])
745 |         else:
746 |             raise RuntimeError(f"{connection.vendor} is not supported by django-cms")
```



##Searching for term "_get_descendants_count"...
### Search Result:
Found function `cms/models/pluginmodel.py:CMSPlugin._get_descendants_count`.
Source: Match found for entity name `_get_descendants_count`.
```
336 | def _get_descendants_count(self):
337 |         cursor = _get_database_cursor('write')
338 |         sql = _get_descendants_cte() + '\n'
339 |         sql += 'SELECT COUNT(*) FROM descendants;'
340 |         sql = sql.format(connection.ops.quote_name(CMSPlugin._meta.db_table))
341 |         cursor.execute(sql, [self.pk])
342 |         return cursor.fetchall()[0][0]
```

2026-09-14 22:40:41 utils.py INFO 
LiteLLM completion() model= qwen/qwen3-coder; provider = openrouter
2026-09-14 22:40:47 utils.py INFO Wrapper: Completed Call, calling success_handler
2026-09-14 22:40:47 auto_search_main.py INFO Executing code:
```
print(get_entity_contents(**{'entity_names': ['cms/models/placeholdermodel.py:Placeholder._recalculate_plugin_positions', 'cms/models/pluginmodel.py:CMSPlugin.get_descendants', 'cms/models/pluginmodel.py:CMSPlugin._get_descendants_count']}))
```
2026-09-14 22:40:47 auto_search_main.py INFO OBSERVATION:
##Searching for entity `cms/models/placeholdermodel.py:Placeholder._recalculate_plugin_positions`...
### Search Result:
Found function `cms/models/placeholdermodel.py:Placeholder._recalculate_plugin_positions`.
Source: Exact match found for entity name `cms/models/placeholdermodel.py:Placeholder._recalculate_plugin_positions`.
```
701 | def _recalculate_plugin_positions(self, language):
702 |         from cms.models.pluginmodel import (
703 |             CMSPlugin,
704 |             _get_database_cursor,
705 |             _get_database_vendor,
706 |         )
707 | 
708 |         cursor = _get_database_cursor("write")
709 |         db_vendor = _get_database_vendor("write")
710 | 
711 |         if db_vendor in ("sqlite", "postgresql"):
712 |             sql = (
713 |                 "UPDATE {0} "
714 |                 "SET position = subquery.new_pos "
715 |                 "FROM ("
716 |                 "  SELECT  ID, ROW_NUMBER() OVER (ORDER BY position, id) AS new_pos "
717 |                 "  FROM {0} WHERE placeholder_id=%s AND language=%s "
718 |                 ") subquery "
719 |                 "WHERE {0}.id=subquery.id"
720 |             )
721 |             sql = sql.format(connection.ops.quote_name(CMSPlugin._meta.db_table))
722 |             cursor.execute(sql, [self.pk, language])
723 |         elif db_vendor == "mysql":
724 |             sql = (
725 |                 "UPDATE {0} "
726 |                 "SET position = ("
727 |                 "SELECT COUNT(*)+1 FROM (SELECT * FROM {0}) t "
728 |                 "WHERE placeholder_id={0}.placeholder_id AND language={0}.language "
729 |                 "AND {0}.position > t.position"
730 |                 ") WHERE placeholder_id=%s AND language=%s"
731 |             )
732 |             sql = sql.format(connection.ops.quote_name(CMSPlugin._meta.db_table))
733 |             cursor.execute(sql, [self.pk, language])
734 |         elif db_vendor == "oracle":
735 |             sql = (
736 |                 "UPDATE {0} "
737 |                 "SET position = ("
738 |                 "SELECT COUNT(*)+1 FROM (SELECT * FROM {0}) t "
739 |                 "WHERE placeholder_id={0}.placeholder_id AND language={0}.language "
740 |                 "AND {0}.position > t.position"
741 |                 ") WHERE placeholder_id=%s AND language=%s"
742 |             )
743 |             sql = sql.format(connection.ops.quote_name(CMSPlugin._meta.db_table))
744 |             cursor.execute(sql, [self.pk, language])
745 |         else:
746 |             raise RuntimeError(f"{connection.vendor} is not supported by django-cms")
```


##Searching for entity `cms/models/pluginmodel.py:CMSPlugin.get_descendants`...
### Search Result:
Found function `cms/models/pluginmodel.py:CMSPlugin.get_descendants`.
Source: Exact match found for entity name `cms/models/pluginmodel.py:CMSPlugin.get_descendants`.
```
355 | def get_descendants(self) -> QuerySet:
356 |         return CMSPlugin.objects.filter(pk__in=self._get_descendants_ids())
```


##Searching for entity `cms/models/pluginmodel.py:CMSPlugin._get_descendants_count`...
### Search Result:
Found function `cms/models/pluginmodel.py:CMSPlugin._get_descendants_count`.
Source: Exact match found for entity name `cms/models/pluginmodel.py:CMSPlugin._get_descendants_count`.
```
336 | def _get_descendants_count(self):
337 |         cursor = _get_database_cursor('write')
338 |         sql = _get_descendants_cte() + '\n'
339 |         sql += 'SELECT COUNT(*) FROM descendants;'
340 |         sql = sql.format(connection.ops.quote_name(CMSPlugin._meta.db_table))
341 |         cursor.execute(sql, [self.pk])
342 |         return cursor.fetchall()[0][0]
```

2026-09-14 22:40:47 utils.py INFO 
LiteLLM completion() model= qwen/qwen3-coder; provider = openrouter
2026-09-14 22:40:56 utils.py INFO Wrapper: Completed Call, calling success_handler
2026-09-14 22:40:56 auto_search_main.py INFO Executing code:
```
print(search_code_snippets(**{'search_terms': ['clear_cache', 'plugin_tree', '_plugins_cache']}))
```
2026-09-14 22:40:56 __init__.py DEBUG Building index from IDs objects
2026-09-14 22:40:56 __init__.py DEBUG Building index from IDs objects
2026-09-14 22:40:56 __init__.py DEBUG Building index from IDs objects
2026-09-14 22:40:56 __init__.py DEBUG Building index from IDs objects
2026-09-14 22:40:57 __init__.py DEBUG Building index from IDs objects
2026-09-14 22:40:57 __init__.py DEBUG Building index from IDs objects
2026-09-14 22:40:57 auto_search_main.py INFO OBSERVATION:
cms/migrations/0005_auto_20140924_1039.py:Migration
cms/migrations/0005_auto_20140924_1039.py:move_to_mp
cms/migrations/0005_auto_20140924_1039.py:MP_AddChildHandler.__init__
cms/migrations/0005_auto_20140924_1039.py:MP_AddChildHandler.process
cms/migrations/0005_auto_20140924_1039.py:MP_AddChildHandler
cms/migrations/0010_migrate_use_structure.py:backwards
cms/migrations/0010_migrate_use_structure.py:Migration
cms/utils/plugins.py:get_plugins
cms/utils/plugins.py:assign_plugins
cms/plugin_rendering.py:ContentRenderer._preload_placeholders_for_page
cms/models/placeholdermodel.py:Placeholder._get_source_remote_field
cms/models/placeholdermodel.py:Placeholder._get_attached_model
cms/models/placeholdermodel.py:Placeholder.check_source
cms/models/placeholdermodel.py:Placeholder.get_filled_languages
cms/models/placeholdermodel.py:Placeholder:21
cms/models/placeholdermodel.py:Placeholder.get_cached_plugins
cms/models/placeholdermodel.py:Placeholder.get_plugins
cms/models/placeholdermodel.py:Placeholder.page_getter
cms/models/placeholdermodel.py:Placeholder.page_setter
cms/models/placeholdermodel.py:Placeholder.has_plugins
cms/models/placeholdermodel.py:Placeholder.get_plugins_list
cms/utils/plugins.py:get_plugins
cms/utils/plugins.py:assign_plugins
cms/plugin_rendering.py:ContentRenderer._preload_placeholders_for_page
cms/models/placeholdermodel.py:Placeholder._get_source_remote_field
cms/models/placeholdermodel.py:Placeholder._get_attached_model
cms/models/placeholdermodel.py:Placeholder.check_source
cms/models/placeholdermodel.py:Placeholder.get_filled_languages
cms/models/placeholdermodel.py:Placeholder:21
cms/models/placeholdermodel.py:Placeholder.get_cached_plugins
cms/models/placeholdermodel.py:Placeholder.get_plugins
cms/models/placeholdermodel.py:Placeholder.page_getter
cms/models/placeholdermodel.py:Placeholder.page_setter
cms/models/placeholdermodel.py:Placeholder.has_plugins
cms/models/placeholdermodel.py:Placeholder.get_plugins_list
##Searching for term "clear_cache"...
### Search Result:
Found function `cms/models/placeholdermodel.py:Placeholder.clear_cache`.
Source: Match found for entity name `clear_cache`.
```
372 | def clear_cache(self, language, site_id=None):
373 |         if get_cms_setting("PAGE_CACHE"):
374 |             # Clears all the page caches
375 |             invalidate_cms_page_cache()
376 | 
377 |         if not site_id and self.page:
378 |             site_id = self.page.site_id
379 |         clear_placeholder_cache(self, language, get_site_id(site_id))
```

Found function `cms/models/pagemodel.py:Page.clear_cache`.
Source: Match found for entity name `clear_cache`.
```
648 | def clear_cache(self, language=None, menu=False, placeholder=False):
649 |         from cms.cache import invalidate_cms_page_cache
650 | 
651 |         if get_cms_setting('PAGE_CACHE'):
652 |             # Clears all the page caches
653 |             invalidate_cms_page_cache()
654 | 
655 |         if placeholder and get_cms_setting('PLACEHOLDER_CACHE'):
656 |             assert language, 'language is required when clearing placeholder cache'
657 | 
658 |             placeholders = self.get_placeholders(language)
659 | 
660 |             for placeholder_instance in placeholders:
661 |                 placeholder_instance.clear_cache(language, site_id=self.site_id)
662 | 
663 |         if menu:
664 |             # Clears all menu caches for this page's site
665 |             menu_pool.clear(site_id=self.site_id)
```



##Searching for term "plugin_tree"...
### Search Result:
Found `cms/migrations/0006_auto_20140924_1110.py:Migration`.
Source: Retrieved code content using keyword search (bm25).
```
 1 | from __future__ import unicode_literals
 2 | 
 3 | from django.db import models, migrations
 4 | 
 5 | 
 6 | class Migration(migrations.Migration):
 7 | 
 8 |     dependencies = [
 9 |         ('cms', '0005_auto_20140924_1039'),
10 |     ]
11 | 
12 |     operations = [
13 |         migrations.AlterModelOptions(
14 |             name='page',
15 |             options={'ordering': ('path',), 'verbose_name': 'page', 'verbose_name_plural': 'pages', 'permissions': (('view_page', 'Can view page'), ('publish_page', 'Can publish page'), ('edit_static_placeholder', 'Can edit static placeholders'))},
16 |         ),
17 |         migrations.RemoveField(
18 |             model_name='cmsplugin',
19 |             name='level',
20 |         ),
21 |         migrations.RemoveField(
22 |             model_name='cmsplugin',
23 |             name='lft',
24 |         ),
25 |         migrations.RemoveField(
26 |             model_name='cmsplugin',
27 |             name='rght',
28 |         ),
29 |         migrations.RemoveField(
30 |             model_name='cmsplugin',
31 |             name='tree_id',
32 |         ),
33 |         migrations.RemoveField(
34 |             model_name='page',
35 |             name='level',
36 |         ),
37 |         migrations.RemoveField(
38 |             model_name='page',
39 |             name='lft',
40 |         ),
41 |         migrations.RemoveField(
42 |             model_name='page',
43 |             name='rght',
44 |         ),
45 |         migrations.RemoveField(
46 |             model_name='page',
47 |             name='tree_id',
48 |         ),
49 |         migrations.AlterField(
50 |             model_name='cmsplugin',
51 |             name='depth',
52 |             field=models.PositiveIntegerField(editable=False),
53 |         ),
54 |         migrations.AlterField(
55 |             model_name='cmsplugin',
56 |             name='numchild',
57 |             field=models.PositiveIntegerField(default=0, editable=False),
58 |         ),
59 |         migrations.AlterField(
60 |             model_name='cmsplugin',
61 |             name='path',
62 |             field=models.CharField(unique=True, max_length=255, editable=False),
63 |         ),
64 |     ]
65 | 
```

Found `cms/migrations/0007_auto_20141028_1559.py:Migration`.
Source: Retrieved code content using keyword search (bm25).
```
 1 | from __future__ import unicode_literals
 2 | 
 3 | from django.db import models, migrations
 4 | 
 5 | 
 6 | class Migration(migrations.Migration):
 7 | 
 8 |     dependencies = [
 9 |         ('cms', '0006_auto_20140924_1110'),
10 |     ]
11 | 
12 |     operations = [
13 |         migrations.AlterField(
14 |             model_name='page',
15 |             name='path',
16 |             field=models.CharField(max_length=255, unique=True),
17 |             preserve_default=True,
18 |         ),
19 |     ]
20 | 
```

Found `cms/migrations/0008_auto_20150121_0059.py:Migration`.
Source: Retrieved code content using keyword search (bm25).
```
 1 | from __future__ import unicode_literals
 2 | 
 3 | from django.db import models, migrations
 4 | 
 5 | 
 6 | class Migration(migrations.Migration):
 7 | 
 8 |     dependencies = [
 9 |         ('cms', '0007_auto_20141028_1559'),
10 |     ]
11 | 
12 |     operations = [
13 |         migrations.AlterUniqueTogether(
14 |             name='page',
15 |             unique_together=set([('reverse_id', 'site', 'publisher_is_draft'), ('publisher_is_draft', 'site', 'application_namespace')]),
16 |         ),
17 |     ]
18 | 
```

Found class `cms/migrations/0025_remove_plugin_tree_fields.py:Migration`.
Source: Retrieved entity using keyword search (bm25).
```
 7 | class Migration(migrations.Migration):
 8 | 
 9 |     dependencies = [
10 |         ('cms', '0024_set_plugin_absolute_position'),
11 |     ]
12 | 
13 |     operations = [
14 |         migrations.AlterModelOptions(
15 |             name='cmsplugin',
16 |             options={'ordering': ('position',), 'verbose_name': 'plugin', 'verbose_name_plural': 'plugins'},
17 |         ),
18 |         migrations.AlterField(
19 |             model_name='cmsplugin',
20 |             name='position',
21 |             field=models.SmallIntegerField(default=1, editable=False, verbose_name='position'),
22 |         ),
23 |         migrations.AlterUniqueTogether(
24 |             name='cmsplugin',
25 |             unique_together=set([('placeholder', 'language', 'position')]),
26 |         ),
27 |         migrations.AddIndex(
28 |             model_name='cmsplugin',
29 |             index=models.Index(fields=['placeholder', 'language', 'position'], name='cms_cmsplug_placeho_3f2b0f_idx'),
30 |         ),
31 |         migrations.RemoveField(
32 |             model_name='cmsplugin',
33 |             name='depth',
34 |         ),
35 |         migrations.RemoveField(
36 |             model_name='cmsplugin',
37 |             name='numchild',
38 |         ),
39 |         migrations.RemoveField(
40 |             model_name='cmsplugin',
41 |             name='path',
42 |         ),
43 |     ]
```

Found function `cms/toolbar/utils.py:get_plugin_tree_as_json`.
Source: Retrieved entity using keyword search (bm25).
```
71 | def get_plugin_tree_as_json(request: HttpRequest, plugins: list[CMSPlugin]) -> str:
72 |     import warnings
73 | 
74 |     warnings.warn("get_plugin_tree_as_json is deprecated. Use get_plugin_tree instead.",
75 |                   RemovedInDjangoCMS51Warning, stacklevel=2)
76 |     return json.dumps(get_plugin_tree(request, plugins)[0])
```

Found function `cms/migrations/0005_auto_20140924_1039.py:move_to_mp`.
Source: Retrieved code content using keyword search (bm25).
```
128 | def move_to_mp(apps, schema_editor):
129 |     db_alias = schema_editor.connection.alias
130 | 
131 |     Page = apps.get_model("cms", "Page")
132 |     CMSPlugin = apps.get_model("cms", "CMSPlugin")
133 | 
134 |     pages = Page.objects.using(db_alias).order_by('tree_id', 'level', 'lft')
135 | 
136 |     cache = {}
137 |     last_root = None
138 |     for page in pages:
139 |         if not page.parent_id:
140 |             handler = MP_AddRootHandler(instance=page, last_root=last_root)
141 |             handler.process()
142 |             last_root = page
143 |             page.last_child = None
144 |         else:
145 |             parent = cache[page.parent_id]
146 |             handler = MP_AddChildHandler(parent, Page, instance=page)
147 |             handler.process()
148 |             parent.last_child = page
149 |         cache[page.pk] = page
150 | 
151 | 
152 |     plugins = CMSPlugin.objects.using(db_alias).order_by('tree_id', 'level', 'lft')
153 | 
154 |     cache = {}
155 |     last_root = None
156 |     for plugin in plugins:
157 |         if not plugin.parent_id:
158 |             handler = MP_AddRootHandler(instance=plugin, last_root=last_root)
159 |             handler.process()
160 |             last_root = plugin
161 |             plugin.last_child = None
162 |         else:
163 |             parent = cache[plugin.parent_id]
164 |             handler = MP_AddChildHandler(parent, CMSPlugin, instance=plugin)
165 |             handler.process()
166 |             parent.last_child = plugin
167 |         cache[plugin.pk] = plugin
```

Found class `cms/migrations/0005_auto_20140924_1039.py:Migration`.
Source: Retrieved code content using keyword search (bm25).
```
170 | class Migration(migrations.Migration):
171 |     dependencies = [
172 |         ('cms', '0004_auto_20140924_1038'),
173 |     ]
174 | 
175 |     operations = [
176 |         migrations.RunPython(move_to_mp),
177 |     ]
```

Found file `cms/migrations/0025_remove_plugin_tree_fields.py`.
Source: Retrieved entity using keyword search (bm25).
Hint: Search `cms/migrations/0025_remove_plugin_tree_fields.py` for the full content if needed.



##Searching for term "_plugins_cache", "plugin_tree _plugins_cache"...
### Search Result:
Found function `cms/plugin_rendering.py:BaseRenderer.get_rendered_plugins_cache`.
Source: Retrieved entity using keyword search (bm25).
```
200 | def get_rendered_plugins_cache(self, placeholder: Placeholder):
201 |         blank: dict[str, Any] = {
202 |             "plugins": [],
203 |             "plugin_parents": {},
204 |             "plugin_children": {},
205 |         }
206 |         return self._rendered_plugins_by_placeholder.get(placeholder.pk, blank)
```

Found function `cms/plugin_rendering.py:ContentRenderer._preload_placeholders_for_page`.
Source: Retrieved code content using keyword search (bm25).
```
690 | def _preload_placeholders_for_page(self, page, slots=None, inherit=False):
691 |         """
692 |         Populates the internal plugin cache of each placeholder
693 |         in the given page if the placeholder has not been
694 |         previously cached.
695 |         """
696 |         from cms.utils.plugins import assign_plugins
697 | 
698 |         placeholders = self._get_content_object(page, slots=slots)
699 | 
700 |         if inherit:
701 |             # When the inherit flag is True,
702 |             # assume all placeholders found are inherited and thus prefetch them.
703 |             slots_w_inheritance = [pl.slot for pl in placeholders]
704 |         elif not self.toolbar.edit_mode_active:
705 |             # Scan through the page template to find all placeholders
706 |             # that have inheritance turned on.
707 |             slots_w_inheritance = [
708 |                 pl.slot for pl in page.get_declared_placeholders() if pl.inherit
709 |             ]
710 |         else:
711 |             # Inheritance is turned off on edit-mode
712 |             slots_w_inheritance = []
713 | 
714 |         if self.placeholder_cache_is_enabled():
715 |             _cached_content = self._get_cached_placeholder_content
716 |             # Only prefetch plugins if the placeholder
717 |             # has not been cached.
718 |             placeholders_to_fetch = [
719 |                 placeholder
720 |                 for placeholder in placeholders
721 |                 if _cached_content(placeholder, self.request_language) is None
722 |             ]
723 |         else:
724 |             # cache is disabled, prefetch plugins for all
725 |             # placeholders in the page.
726 |             placeholders_to_fetch = placeholders
727 | 
728 |         if placeholders_to_fetch:
729 |             assign_plugins(
730 |                 request=self.request,
731 |                 placeholders=placeholders_to_fetch,
732 |                 template=page.get_template(),
733 |                 lang=self.request_language,
734 |             )
735 | 
736 |         # Inherit only placeholders that have no plugins
737 |         # or are not cached.
738 |         placeholders_to_inherit = [
739 |             pl.slot
740 |             for pl in placeholders
741 |             if not getattr(pl, "_plugins_cache", None)
742 |             and pl.slot in slots_w_inheritance
743 |         ]
744 | 
745 |         if page.parent and placeholders_to_inherit:
746 |             self._preload_placeholders_for_page(
747 |                 page=page.parent,
748 |                 slots=placeholders_to_inherit,
749 |                 inherit=True,
750 |             )
751 | 
752 |         # Internal cache mapping placeholder slots
753 |         # to placeholder instances.
754 |         page_placeholder_cache = {}
755 | 
756 |         for placeholder in placeholders:
757 |             # Save a query when the placeholder toolbar is rendered.
758 |             placeholder.page = page
759 |             page_placeholder_cache[placeholder.slot] = placeholder
760 | 
761 |         self._placeholders_by_page_cache[page.pk] = page_placeholder_cache
```

Found function `cms/plugin_pool.py:PluginPool.discover_plugins`.
Source: Retrieved entity using keyword search (bm25).
```
38 | def discover_plugins(self):
39 |         if self.discovered:
40 |             return
41 |         from cms.cache import invalidate_cms_page_cache
42 | 
43 |         if get_cms_setting("PAGE_CACHE"):
44 |             invalidate_cms_page_cache()
45 | 
46 |         autodiscover_modules("cms_plugins")
47 |         self.discovered = True
```

Found function `cms/plugin_pool.py:PluginPool.get_all_plugins`.
Source: Retrieved entity using keyword search (bm25).
```
137 | def get_all_plugins(self, placeholder=None, page=None, setting_key="plugins", include_page_only=True):
138 |         from cms.utils.placeholder import get_placeholder_conf
139 | 
140 |         self.discover_plugins()
141 |         plugins = self.plugins.values()
142 |         template = (
143 |             lazy(page.get_template, str)() if page else None
144 |         )  # Make template lazy to avoid unnecessary db access
145 | 
146 |         allowed_plugins = (
147 |             get_placeholder_conf(
148 |                 setting_key,
149 |                 placeholder,
150 |                 template,
151 |             )
152 |             or ()
153 |         )
154 |         excluded_plugins = (
155 |             get_placeholder_conf(
156 |                 "excluded_plugins",
157 |                 placeholder,
158 |                 template,
159 |             )
160 |             or ()
161 |         )
162 | 
163 |         if not include_page_only:
164 |             # Filters out any plugin marked as page only because
165 |             # the include_page_only flag has been set to False
166 |             plugins = (plugin for plugin in plugins if not plugin.page_only)
167 | 
168 |         if allowed_plugins:
169 |             # Check that plugins are in the list of the allowed ones
170 |             plugins = (plugin for plugin in plugins if plugin.__name__ in allowed_plugins)
171 | 
172 |         if excluded_plugins:
173 |             # Check that plugins are not in the list of the excluded ones
174 |             plugins = (plugin for plugin in plugins if plugin.__name__ not in excluded_plugins)
175 | 
176 |         if placeholder:
177 |             # Filters out any plugin that requires a parent or has set parent classes
178 |             plugins = (plugin for plugin in plugins if not plugin.requires_parent_plugin(placeholder, page))
179 |         return plugins
```

Found function `cms/utils/plugins.py:get_plugins`.
Source: Retrieved code content using keyword search (bm25).
```
37 | def get_plugins(request, placeholder, template, lang=None):
38 |     """
39 |     Get a list of plugins for a placeholder in a specified template. Respects the placeholder's cache.
40 | 
41 |     :param request: (HttpRequest) The HTTP request object.
42 |     :param placeholder: (Placeholder) The placeholder object for which to retrieve plugins.
43 |     :param template: (Template) The template object in which the placeholder resides (not used).
44 |     :param lang: (str, optional) The language code for localization. Defaults to None.
45 | 
46 |     Returns:
47 |         list: A list of plugins for the specified placeholder in the template.
48 | 
49 |     Raises:
50 |         None.
51 | 
52 |     Examples::
53 | 
54 |         # Get plugins for a placeholder in a template
55 |         plugins = get_plugins(request, placeholder, template)
56 | 
57 |         # Get plugins for a placeholder in a template with specific language
58 |         plugins = get_plugins(request, placeholder, template, lang="en")
59 |     """
60 |     if not placeholder:
61 |         return []
62 |     if not hasattr(placeholder, "_plugins_cache"):
63 |         assign_plugins(request, [placeholder], template, lang)
64 |     return placeholder._plugins_cache
```

Found function `cms/utils/plugins.py:assign_plugins`.
Source: Retrieved code content using keyword search (bm25).
```
 67 | def assign_plugins(request, placeholders, template=None, lang=None):
 68 |     """
 69 |     Fetch all plugins for the given ``placeholders`` and
 70 |     cast them down to the concrete instances in one query
 71 |     per type.
 72 | 
 73 |     :param request: The current request.
 74 |     :param placeholders: An iterable of placeholder objects.
 75 |     :param template: (optional) The template object.
 76 |     :param lang: (optional) The language code.
 77 | 
 78 |     This method assigns plugins to the given placeholders. It retrieves the plugins from the database based on the
 79 |     placeholders and the language. The plugins are then downcasted to their specific plugin types.
 80 | 
 81 |     The plugins are split up by placeholder and stored in a dictionary where the key is the placeholder ID and the
 82 |     value is a list of plugins.
 83 | 
 84 |     For each placeholder, if there are plugins assigned to it, the plugins are organized as a layered tree structure.
 85 |     Otherwise, an empty list is assigned.
 86 | 
 87 |     The list of all plugins for each placeholder is stored in the `_all_plugins_cache` attribute of the placeholder,
 88 |     while the list of root plugins is stored in the `_plugins_cache` attribute
 89 |     """
 90 |     if not placeholders:
 91 |         return
 92 |     placeholders = tuple(placeholders)  # Trigger db hit
 93 |     lang = lang or get_language_from_request(request)
 94 |     plugins = list(CMSPlugin.objects.filter(placeholder__in=placeholders, language=lang))
 95 |     if not plugins:
 96 |         # Create default plugins if enabled
 97 |         plugins = create_default_plugins(request, placeholders, template, lang)
 98 |     else:
 99 |         plugins = downcast_plugins(plugins, placeholders, request=request)
100 | 
101 |     # split the plugins up by placeholder
102 |     plugins_by_placeholder = defaultdict(list)
103 | 
104 |     for plugin in plugins:
105 |         plugins_by_placeholder[plugin.placeholder_id].append(plugin)
106 | 
107 |     for placeholder in placeholders:
108 |         all_plugins = plugins_by_placeholder[placeholder.pk]
109 | 
110 |         if all_plugins:
111 |             layered_plugins = get_plugins_as_layered_tree(all_plugins)
112 |         else:
113 |             layered_plugins = []
114 |         # This is all the plugins.
115 |         placeholder._all_plugins_cache = all_plugins
116 |         # This is only the root plugins.
117 |         placeholder._plugins_cache = layered_plugins
```

Found function `cms/models/placeholdermodel.py:Placeholder._get_source_remote_field`.
Source: Retrieved code content using keyword search (bm25).
```
195 | def _get_source_remote_field(self):
196 |         if self.object_id is None:
197 |             return
198 |         return next(f for f in self.source._meta.get_fields() if f.related_model == Placeholder)
```

Found function `cms/models/placeholdermodel.py:Placeholder._get_attached_model`.
Source: Retrieved code content using keyword search (bm25).
```
206 | def _get_attached_model(self):
207 |         if self.source:
208 |             return self.source._meta.model
209 |         return None
```

2026-09-14 22:40:57 utils.py INFO 
LiteLLM completion() model= qwen/qwen3-coder; provider = openrouter
2026-09-14 22:41:03 utils.py INFO Wrapper: Completed Call, calling success_handler
2026-09-14 22:41:03 auto_search_main.py INFO Executing code:
```
print(get_entity_contents(**{'entity_names': ['cms/models/placeholdermodel.py:Placeholder.clear_cache']}))
```
2026-09-14 22:41:03 auto_search_main.py INFO OBSERVATION:
##Searching for entity `cms/models/placeholdermodel.py:Placeholder.clear_cache`...
### Search Result:
Found function `cms/models/placeholdermodel.py:Placeholder.clear_cache`.
Source: Exact match found for entity name `cms/models/placeholdermodel.py:Placeholder.clear_cache`.
```
372 | def clear_cache(self, language, site_id=None):
373 |         if get_cms_setting("PAGE_CACHE"):
374 |             # Clears all the page caches
375 |             invalidate_cms_page_cache()
376 | 
377 |         if not site_id and self.page:
378 |             site_id = self.page.site_id
379 |         clear_placeholder_cache(self, language, get_site_id(site_id))
```

2026-09-14 22:41:03 utils.py INFO 
LiteLLM completion() model= qwen/qwen3-coder; provider = openrouter
2026-09-14 22:41:08 utils.py INFO Wrapper: Completed Call, calling success_handler
2026-09-14 22:41:08 auto_search_main.py INFO Executing code:
```
print(get_entity_contents(**{'entity_names': ['cms/utils/plugins.py:get_plugins_as_layered_tree']}))
```
2026-09-14 22:41:08 auto_search_main.py INFO OBSERVATION:
##Searching for entity `cms/utils/plugins.py:get_plugins_as_layered_tree`...
### Search Result:
Found function `cms/utils/plugins.py:get_plugins_as_layered_tree`.
Source: Exact match found for entity name `cms/utils/plugins.py:get_plugins_as_layered_tree`.
```
157 | def get_plugins_as_layered_tree(plugins):
158 |     """
159 |     Given an iterable of plugins ordered by position,
160 |     returns a deque of root plugins with their respective
161 |     children set in the child_plugin_instances attribute.
162 |     """
163 |     delayed = defaultdict(deque)
164 |     root_plugins = deque()
165 | 
166 |     for plugin in reversed(plugins):
167 |         plugin.child_plugin_instances = delayed[plugin.pk]
168 | 
169 |         if plugin.parent_id:
170 |             delayed[plugin.parent_id].appendleft(plugin)
171 |         else:
172 |             root_plugins.appendleft(plugin)
173 |     return root_plugins
```

2026-09-14 22:41:08 utils.py INFO 
LiteLLM completion() model= qwen/qwen3-coder; provider = openrouter
2026-09-14 22:41:14 utils.py INFO Wrapper: Completed Call, calling success_handler
2026-09-14 22:41:14 auto_search_main.py INFO Executing code:
```
print(search_code_snippets(**{'search_terms': ['downcast_plugins']}))
```
2026-09-14 22:41:14 auto_search_main.py INFO OBSERVATION:
##Searching for term "downcast_plugins"...
### Search Result:
Found function `cms/utils/plugins.py:downcast_plugins`.
Source: Match found for entity name `downcast_plugins`.
```
402 | def downcast_plugins(
403 |     plugins: Iterable[CMSPlugin],
404 |     placeholders: Optional[list] = None,
405 |     select_placeholder: bool = False,
406 |     request: Optional[HttpRequest] = None,
407 | ) -> Iterable[CMSPlugin]:
408 |     """
409 |     Downcasts the given list of plugins to their respective classes. Ignores any plugins
410 |     that are not available.
411 | 
412 |     :param plugins: List of plugins to downcast.
413 |     :type plugins: List[CMSPlugin]
414 |     :param placeholders: List of placeholders associated with the plugins.
415 |     :type placeholders: Optional[List[Placeholder]]
416 |     :param select_placeholder: If True, select_related the plugin queryset with placeholder.
417 |     :type select_placeholder: bool
418 |     :param request: The current request.
419 |     :type request: Optional[HttpRequest]
420 |     :return: Generator that yields the downcasted plugins.
421 |     :rtype: Generator[CMSPlugin, None, None]
422 |     """
423 |     plugin_types_map = defaultdict(list)
424 |     plugin_lookup = {}
425 |     plugin_ids = []
426 | 
427 |     # make a map of plugin types, needed later for downcasting
428 |     for plugin in plugins:
429 |         # Keep track of the plugin ids we've received
430 |         try:
431 |             base_model = get_plugin_model(plugin.plugin_type)._meta.concrete_model  # Collect all base models
432 |         except KeyError:
433 |             # Plugin not available
434 |             logger.error(f"Plugin not installed: {plugin.plugin_type} (pk={plugin.pk})", exc_info=sys.exc_info())
435 |             continue
436 |         plugin_ids.append(plugin.pk)
437 |         if base_model is CMSPlugin:
438 |             plugin_lookup[plugin.pk] = plugin  # No downcast needed
439 |         else:
440 |             plugin_types_map[base_model].append(plugin.pk)
441 | 
442 |     placeholders = placeholders or []
443 |     placeholders_by_id = {placeholder.pk: placeholder for placeholder in placeholders}
444 | 
445 |     for plugin_model, pks in plugin_types_map.items():
446 |         # get all the plugins of type cls.model
447 |         plugin_qs = plugin_model.objects.filter(pk__in=pks)
448 | 
449 |         if select_placeholder:
450 |             plugin_qs = plugin_qs.select_related("placeholder")
451 | 
452 |         # put them in a map, so we can replace the base CMSPlugins with their
453 |         # downcasted versions
454 |         for instance in plugin_qs.iterator():
455 |             cls = get_plugin_class(instance.plugin_type)  # Plugin class
456 |             instance.__class__ = cls.model  # Cast to original model (including proxies)
457 |             plugin_lookup[instance.pk] = instance
458 | 
459 |     for plugin in plugins:
460 |         parent_not_available = not plugin.parent_id or plugin.parent_id not in plugin_ids
461 |         # The plugin either has no parent or needs to have a non-ghost parent
462 |         valid_parent = parent_not_available or plugin.parent_id in plugin_lookup
463 | 
464 |         if valid_parent and plugin.pk in plugin_lookup:
465 |             instance = plugin_lookup[plugin.pk]
466 |             if instance.parent_id in plugin_lookup:
467 |                 instance._state.fields_cache["parent"] = plugin_lookup[instance.parent_id]
468 |             placeholder = placeholders_by_id.get(instance.placeholder_id)
469 |             if placeholder:
470 |                 instance.placeholder = placeholder
471 |                 cls = get_plugin_class(instance.plugin_type)
472 |                 if not cls.cache and not cls().get_cache_expiration(request, instance, placeholder):
473 |                     placeholder.cache_placeholder = False
474 | 
475 |             plugin._inst = instance  # Populate bound plugin cache for plugin
476 |             yield instance
```

2026-09-14 22:41:14 utils.py INFO 
LiteLLM completion() model= qwen/qwen3-coder; provider = openrouter
2026-09-14 22:41:20 utils.py INFO Wrapper: Completed Call, calling success_handler
2026-09-14 22:41:20 auto_search_main.py INFO Executing code:
```
print(get_entity_contents(**{'entity_names': ['cms/toolbar/utils.py:get_plugin_content']}))
```
2026-09-14 22:41:20 auto_search_main.py INFO OBSERVATION:
##Searching for entity `cms/toolbar/utils.py:get_plugin_content`...
### Search Result:
Found function `cms/toolbar/utils.py:get_plugin_content`.
Source: Exact match found for entity name `cms/toolbar/utils.py:get_plugin_content`.
```
169 | def get_plugin_content(request: HttpRequest, plugin: CMSPlugin | list[CMSPlugin], context: dict = None) -> dict[str, Any]:
170 |     if context is None:
171 |         context = {}
172 |     plugin_list = plugin if isinstance(plugin, list) else [plugin]
173 |     toolbar = get_toolbar_from_request(request)
174 |     renderer = toolbar.content_renderer
175 |     # Switch to edit mode despite the request originally coming from the admin
176 |     toolbar.edit_mode_active = True
177 |     renderer._placeholders_are_editable = True
178 |     context = SekizaiContext({'request': request, **context})
179 |     try:
180 |         return [{
181 |             "html": renderer.render_plugin(plugin, context, placeholder=plugin.placeholder, editable=True),
182 |             "js": "".join(context[get_varname()].get("js", [])),
183 |             "css": "".join(context[get_varname()].get("css", [])),
184 |             "position": plugin.position,
185 |             "placeholder_id": plugin.placeholder_id,
186 |             "pluginIds": get_plugin_tree_ids(plugin),
187 |         } for plugin in plugin_list]
188 |     except Exception:
189 |         return []
```

2026-09-14 22:41:20 utils.py INFO 
LiteLLM completion() model= qwen/qwen3-coder; provider = openrouter
2026-09-14 22:41:28 utils.py INFO Wrapper: Completed Call, calling success_handler
2026-09-14 22:41:28 utils.py INFO 
LiteLLM completion() model= qwen/qwen3-coder; provider = openrouter
2026-09-14 22:41:35 utils.py INFO Wrapper: Completed Call, calling success_handler
2026-09-14 22:41:35 auto_search_main.py INFO Executing code:
```
print(explore_tree_structure(**{'start_entities': ['cms/admin/placeholderadmin.py:PlaceholderAdmin.move_plugin'], 'direction': 'downstream', 'traversal_depth': 2, 'dependency_type_filter': '["invokes", "imports"]'}))
```
2026-09-14 22:41:35 auto_search_main.py INFO OBSERVATION:
cms/admin/placeholderadmin.py:PlaceholderAdmin.move_plugin
├── invokes ── cms/models/managers.py:PlaceholderForObjQS.get
│              └── invokes ── cms/models/managers.py:PlaceholderForObjQS.get
├── invokes ── cms/admin/placeholderadmin.py:PlaceholderAdmin.get_placeholder_template
├── invokes ── cms/admin/placeholderadmin.py:PlaceholderAdmin._get_plugin_from_id
│              ├── invokes ── cms/models/query.py:PageQuerySet.select_related
│              ├── invokes ── cms/plugin_pool.py:PluginPool.get_plugin
│              └── invokes ── cms/plugin_base.py:CMSPluginBase.get_render_queryset
├── invokes ── cms/admin/placeholderadmin.py:get_int
├── invokes ── cms/admin/placeholderadmin.py:PlaceholderAdmin._move_plugin
│              ├── invokes ── cms/models/pagemodel.py:Page.clear_cache
│              ├── invokes ── cms/models/placeholdermodel.py:Placeholder.clear_cache
│              ├── invokes ── cms/admin/placeholderadmin.py:PlaceholderAdmin._send_post_placeholder_operation
│              ├── invokes ── cms/models/pluginmodel.py:CMSPlugin.get_bound_plugin
│              ├── invokes ── cms/admin/placeholderadmin.py:PlaceholderAdmin._send_pre_placeholder_operation
│              ├── invokes ── cms/admin/placeholderadmin.py:PlaceholderAdmin.has_move_plugin_permission
│              ├── invokes ── cms/models/placeholdermodel.py:Placeholder.has_move_plugin_permission
│              ├── invokes ── cms/models/pagemodel.py:Page.reload
│              ├── invokes ── cms/models/pluginmodel.py:CMSPlugin.reload
│              ├── invokes ── cms/admin/placeholderadmin.py:PlaceholderAdmin.move_plugin
│              ├── invokes ── cms/models/placeholdermodel.py:Placeholder.move_plugin
│              └── invokes ── cms/models/placeholdermodel.py:Placeholder.check_source
├── invokes ── cms/admin/placeholderadmin.py:PlaceholderAdmin._cut_plugin
│              ├── invokes ── cms/models/pagemodel.py:Page.clear_cache
│              ├── invokes ── cms/models/placeholdermodel.py:Placeholder.clear_cache
│              ├── invokes ── cms/admin/placeholderadmin.py:PlaceholderAdmin._send_post_placeholder_operation
│              ├── invokes ── cms/models/pluginmodel.py:CMSPlugin.get_bound_plugin
│              ├── invokes ── cms/admin/placeholderadmin.py:PlaceholderAdmin._send_pre_placeholder_operation
│              ├── invokes ── cms/admin/placeholderadmin.py:PlaceholderAdmin.has_move_plugin_permission
│              ├── invokes ── cms/models/placeholdermodel.py:Placeholder.has_move_plugin_permission
│              ├── invokes ── cms/plugin_pool.py:PluginPool.clear
│              ├── invokes ── cms/models/placeholdermodel.py:Placeholder.clear
│              ├── invokes ── cms/models/pagemodel.py:Page.reload
│              ├── invokes ── cms/models/pluginmodel.py:CMSPlugin.reload
│              ├── invokes ── cms/admin/placeholderadmin.py:PlaceholderAdmin.move_plugin
│              ├── invokes ── cms/models/placeholdermodel.py:Placeholder.move_plugin
│              └── invokes ── cms/models/placeholdermodel.py:Placeholder.check_source
├── invokes ── cms/toolbar/utils.py:get_plugin_content
│              ├── invokes ── cms/plugin_rendering.py:ContentRenderer.render_plugin
│              ├── invokes ── cms/plugin_rendering.py:StructureRenderer.render_plugin
│              ├── invokes ── cms/templatetags/cms_tags.py:render_plugin
│              ├── invokes ── cms/toolbar/utils.py:get_plugin_tree_ids
│              ├── invokes ── cms/models/managers.py:PlaceholderForObjQS.get
│              └── invokes ── cms/toolbar/utils.py:get_toolbar_from_request
├── invokes ── cms/toolbar/utils.py:get_plugin_tree
│              ├── invokes ── cms/toolbar/utils.py:get_plugin_tree.collect_plugin_data
│              ├── imports ── cms/utils/plugins.py:downcast_plugins
│              ├── invokes ── cms/utils/plugins.py:downcast_plugins
│              ├── imports ── cms/utils/plugins.py:get_plugin_restrictions
│              ├── invokes ── cms/plugin_base.py:CMSPluginBase.render
│              ├── invokes ── cms/toolbar/toolbar.py:CMSToolbarBase.render
│              ├── invokes ── cms/toolbar/items.py:BaseItem.render
│              ├── invokes ── cms/toolbar/items.py:BaseButton.render
│              ├── invokes ── cms/forms/widgets.py:UserSelectAdminWidget.render
│              ├── invokes ── cms/models/pluginmodel.py:CMSPlugin.get_plugin_class
│              ├── invokes ── cms/toolbar/utils.py:get_plugin_content
│              ├── invokes ── cms/utils/i18n.py:force_language
│              └── invokes ── cms/toolbar/utils.py:get_toolbar_from_request
├── invokes ── cms/models/pluginmodel.py:CMSPlugin.get_descendants
│              ├── invokes ── cms/models/query.py:PageQuerySet.filter
│              └── invokes ── cms/models/pluginmodel.py:CMSPlugin._get_descendants_ids
├── invokes ── cms/utils/plugins.py:has_reached_plugin_limit
│              ├── invokes ── cms/utils/placeholder.py:get_placeholder_conf
│              ├── invokes ── cms/models/managers.py:PlaceholderForObjQS.get
│              ├── invokes ── cms/models/query.py:PageQuerySet.filter
│              ├── invokes ── cms/exceptions.py:PluginLimitReached
│              ├── invokes ── cms/utils/plugins.py:get_plugins
│              └── invokes ── cms/plugin_pool.py:PluginPool.get_plugin
├── invokes ── cms/admin/placeholderadmin.py:PlaceholderAdmin._paste_placeholder
│              ├── invokes ── cms/utils/plugins.py:copy_plugins_to_placeholder
│              ├── invokes ── cms/models/pagemodel.py:Page.clear_cache
│              ├── invokes ── cms/models/placeholdermodel.py:Placeholder.clear_cache
│              ├── invokes ── cms/admin/placeholderadmin.py:PlaceholderAdmin.has_copy_from_clipboard_permission
│              ├── invokes ── cms/admin/placeholderadmin.py:PlaceholderAdmin._send_post_placeholder_operation
│              ├── invokes ── cms/models/placeholdermodel.py:Placeholder.get_plugins_list
│              ├── invokes ── cms/admin/placeholderadmin.py:PlaceholderAdmin._send_pre_placeholder_operation
│              ├── invokes ── cms/models/query.py:PageQuerySet.filter
│              ├── invokes ── cms/models/placeholdermodel.py:Placeholder._shift_plugin_positions
│              ├── invokes ── cms/models/placeholdermodel.py:Placeholder.get_last_plugin
│              ├── invokes ── cms/models/query.py:PageQuerySet.select_related
│              └── invokes ── cms/models/placeholdermodel.py:Placeholder.check_source
├── invokes ── cms/utils/plugins.py:downcast_plugins
└── invokes ── cms/admin/placeholderadmin.py:PlaceholderAdmin._paste_plugin
               ├── invokes ── cms/utils/plugins.py:copy_plugins_to_placeholder
               ├── invokes ── cms/models/pagemodel.py:Page.clear_cache
               ├── invokes ── cms/models/placeholdermodel.py:Placeholder.clear_cache
               ├── invokes ── cms/admin/placeholderadmin.py:PlaceholderAdmin.has_copy_from_clipboard_permission
               ├── invokes ── cms/admin/placeholderadmin.py:PlaceholderAdmin._send_post_placeholder_operation
               ├── invokes ── cms/models/pluginmodel.py:CMSPlugin.get_descendants
               ├── invokes ── cms/models/pluginmodel.py:CMSPlugin.get_bound_plugin
               ├── invokes ── cms/admin/placeholderadmin.py:PlaceholderAdmin._send_pre_placeholder_operation
               ├── invokes ── cms/models/placeholdermodel.py:Placeholder._shift_plugin_positions
               ├── invokes ── cms/models/placeholdermodel.py:Placeholder.get_last_plugin
               ├── invokes ── cms/models/placeholdermodel.py:Placeholder.check_source
               └── invokes ── cms/models/pluginmodel.py:CMSPlugin.refresh_from_db

2026-09-14 22:41:35 utils.py INFO 
LiteLLM completion() model= qwen/qwen3-coder; provider = openrouter
2026-09-14 22:41:42 utils.py INFO Wrapper: Completed Call, calling success_handler
2026-09-14 22:41:42 auto_search_main.py INFO Executing code:
```
print(explore_tree_structure(**{'start_entities': ['cms/admin/placeholderadmin.py:PlaceholderAdmin.move_plugin'], 'direction': 'upstream', 'traversal_depth': 2}))
```
2026-09-14 22:41:42 auto_search_main.py INFO OBSERVATION:
cms/admin/placeholderadmin.py:PlaceholderAdmin.move_plugin
├── contains-by ── cms/admin/placeholderadmin.py:PlaceholderAdmin
│                  └── contains-by ── cms/admin/placeholderadmin.py
├── invokes-by ── cms/admin/placeholderadmin.py:PlaceholderAdmin._move_plugin
│                 ├── contains-by ── cms/admin/placeholderadmin.py:PlaceholderAdmin
│                 └── invokes-by ── cms/admin/placeholderadmin.py:PlaceholderAdmin.move_plugin
└── invokes-by ── cms/admin/placeholderadmin.py:PlaceholderAdmin._cut_plugin
                  ├── contains-by ── cms/admin/placeholderadmin.py:PlaceholderAdmin
                  └── invokes-by ── cms/admin/placeholderadmin.py:PlaceholderAdmin.move_plugin

2026-09-14 22:41:42 utils.py INFO 
LiteLLM completion() model= qwen/qwen3-coder; provider = openrouter
2026-09-14 22:41:49 utils.py INFO Wrapper: Completed Call, calling success_handler
2026-09-14 22:41:49 auto_search_main.py INFO Executing code:
```
print(search_code_snippets(**{'search_terms': ['move_plugin', 'url']}))
```
2026-09-14 22:41:49 auto_search_main.py INFO OBSERVATION:
##Searching for term "move_plugin"...
### Search Result:
Found function `cms/admin/placeholderadmin.py:PlaceholderAdmin.move_plugin`.
Source: Match found for entity name `move_plugin`.
```
688 | def move_plugin(self, request):
689 |         """
690 |         Performs a move or a "paste" operation (when «move_a_copy» is set)
691 | 
692 |         POST request with following parameters:
693 |         - plugin_id
694 |         - placeholder_id
695 |         - target_position (optional)
696 |         - plugin_language (optional)
697 |         - plugin_parent (optional)
698 |         - plugin_order (array, optional)
699 |         - move_a_copy (Boolean, optional) (anything supplied here except a case-
700 |                                         insensitive "false" is True)
701 |         NOTE: If move_a_copy is set, the plugin_order should contain an item
702 |               '__COPY__' with the desired destination of the copied plugin.
703 |         """
704 |         # plugin_id and placeholder_id are required, so, if nothing is supplied,
705 |         # an ValueError exception will be raised by get_int().
706 |         try:
707 |             plugin_id = get_int(request.POST.get('plugin_id'))
708 |         except TypeError:
709 |             raise RuntimeError("'plugin_id' is a required parameter.")
710 | 
711 |         plugin = self._get_plugin_from_id(plugin_id)
712 | 
713 |         if request.POST.get('placeholder_id'):
714 |             placeholder_id = get_int(request.POST.get('placeholder_id'))
715 |             placeholder = Placeholder.objects.get(pk=placeholder_id)
716 |             assert plugin.placeholder_id != placeholder_id
717 |         else:
718 |             placeholder = None
719 | 
720 |         # The rest are optional
721 |         target_position = int(request.POST.get('target_position', "0"))
722 |         parent_id = get_int(request.POST.get('plugin_parent', ""), None)
723 |         target_language = request.POST['target_language']
724 |         move_a_copy = request.POST.get('move_a_copy')
725 |         move_a_copy = (
726 |             move_a_copy and move_a_copy != "0" and move_a_copy.lower() != "false"
727 |         )
728 |         move_to_clipboard = placeholder == request.toolbar.clipboard
729 |         source_placeholder = plugin.placeholder
730 | 
731 |         if placeholder and placeholder != source_placeholder:
732 |             try:
733 |                 template = self.get_placeholder_template(request, placeholder)
734 |                 has_reached_plugin_limit(placeholder, plugin.plugin_type,
735 |                                          target_language, template=template)
736 |             except PluginLimitReached as er:
737 |                 return HttpResponseBadRequest(er)
738 | 
739 |         # True if the plugin is not being moved from the clipboard
740 |         # to a placeholder or from a placeholder to the clipboard.
741 |         move_a_plugin = not move_a_copy and not move_to_clipboard
742 | 
743 |         if parent_id and plugin.parent_id != parent_id:
744 |             target_pl = placeholder or plugin.placeholder
745 | 
746 |             if move_a_plugin:
747 |                 target_parent = get_object_or_404(
748 |                     CMSPlugin,
749 |                     pk=parent_id,
750 |                     language=target_language,
751 |                     placeholder=target_pl,
752 |                 )
753 |             else:
754 |                 target_parent = get_object_or_404(CMSPlugin, pk=parent_id)
755 |         elif parent_id:
756 |             target_parent = plugin.parent
757 |         else:
758 |             target_parent = None
759 | 
760 |         old_parent = None
761 |         fetch_tree = True
762 | 
763 |         if move_a_copy and plugin.plugin_type == "PlaceholderPlugin":
764 |             fetch_tree = False
765 |             new_plugin = None
766 |             new_plugins = self._paste_placeholder(
767 |                 request,
768 |                 plugin=plugin,
769 |                 target_language=target_language,
770 |                 target_placeholder=placeholder,
771 |                 target_position=target_position,
772 |             )
773 |         elif move_a_copy:
774 |             new_plugin = self._paste_plugin(
775 |                 request,
776 |                 plugin=plugin,
777 |                 target_parent=target_parent,
778 |                 target_language=target_language,
779 |                 target_placeholder=placeholder,
780 |                 target_position=target_position,
781 |             )
782 |         elif move_to_clipboard:
783 |             old_parent = plugin.parent  # Previous parent needs content update, too
784 |             new_plugin = self._cut_plugin(
785 |                 request,
786 |                 plugin=plugin,
787 |                 target_language=target_language,
788 |                 target_placeholder=placeholder,
789 |             )
790 |             new_plugins = [plugin]
791 |         else:
792 |             old_parent = plugin.parent  # Previous parent needs content update, too
793 |             new_plugin = self._move_plugin(
794 |                 request,
795 |                 plugin=plugin,
796 |                 target_parent=target_parent,
797 |                 target_position=target_position,
798 |                 target_placeholder=placeholder,
799 |             )
800 | 
801 |         if new_plugin and fetch_tree:
802 |             root = (new_plugin.parent or new_plugin)
803 |             new_plugins = [root] + list(root.get_descendants())
804 |         data = get_plugin_tree(request, new_plugins, target_plugin=new_plugins[0])
805 |         if old_parent and old_parent not in new_plugins:
806 |             # Update previous parent and its children
807 |             old_parent_plugins = downcast_plugins([old_parent] + list(old_parent.get_descendants()), select_placeholder=True)
808 |             data["content"] += get_plugin_content(request, next(old_parent_plugins, None))
809 |         # Pass the target_position
810 |         if len(data["content"]) > 0:
811 |             data["content"][0]["insert"] = new_plugins[0].pk == plugin.pk  # Insert the content (old_parent is always only updated)
812 |             if move_to_clipboard:
813 |                 data["content"].pop(0)
814 |         data["source_placeholder_id"] = source_placeholder.pk
815 |         return HttpResponse(json.dumps(data), content_type='application/json')
```

Found function `cms/models/placeholdermodel.py:Placeholder.move_plugin`.
Source: Match found for entity name `move_plugin`.
```
496 | def move_plugin(self, plugin, target_position, target_placeholder=None, target_plugin=None):
497 |         """
498 |         .. versionadded:: 4.0
499 | 
500 |         Moves a plugin within the placeholder (``target_placeholder=None``) or to another placeholder.
501 | 
502 |         :param plugin: Plugin to move
503 |         :type plugin: :class:`cms.models.pluginmodel.CMSPlugin` instance
504 |         :param int target_position: The plugin's new position
505 |         :param  target_placeholder: Placeholder to move plugin to (or ``None``)
506 |         :type target_placeholder: :class:`cms.models.placeholdermodel.Placeholder` instance
507 |         :param target_plugin: New parent plugin (or ``None``). The target plugin must be in the same placeholder
508 |            or in the ``target_placeholder`` if one is given.
509 |         :type target_plugin: :class:`cms.models.pluginmodel.CMSPlugin` instance
510 | 
511 |         The ``target_position`` is enumerated from the start of the palceholder's plugin tree (1) to
512 |         the last plugin (*n*, where *n* is the number of plugins in the placeholder).
513 |         """
514 | 
515 |         if target_placeholder:
516 |             return self._move_plugin_to_placeholder(
517 |                 plugin=plugin,
518 |                 target_position=target_position,
519 |                 target_placeholder=target_placeholder,
520 |                 target_plugin=target_plugin,
521 |             )
522 | 
523 |         target_tree = self.get_plugins(plugin.language)
524 |         last_plugin = self.get_last_plugin(plugin.language)
525 |         source_plugin_desc_count = plugin._get_descendants_count()
526 |         # Attn: The following line assumes that all children and grand-children have consecutive positions!
527 |         source_plugin_range = (plugin.position, plugin.position + source_plugin_desc_count)
528 | 
529 |         if target_position < plugin.position:
530 |             # Moving left
531 |             # Make a big hole on the right side of the current plugin's position
532 |             # by shifting all right nodes further to the right, excluding the current plugin
533 |             # but including the target plugin and its descendants.
534 |             (target_tree.filter(position__gte=target_position).exclude(position__range=source_plugin_range)).update(
535 |                 position=(models.F("position") + last_plugin.position)
536 |             )
537 | 
538 |             # Make a big hole on the left side of the current plugin's position
539 |             # by shifting all right nodes further the right, including the current plugin
540 |             # and its descendants.
541 |             target_tree.filter(position__lte=source_plugin_range[1]).update(
542 |                 position=models.F("position") - last_plugin.position
543 |             )
544 |         else:
545 |             # Moving right
546 |             # Make a big hole on the left side of the target position,
547 |             # by shifting all left nodes further to the left, excluding the current plugin
548 |             # but including the target plugin and its descendants.
549 |             # Left node in the common case is target_position but if the current plugin
550 |             # has descendants then left node is the closest node to the right side of the
551 |             # last descendant.
552 |             (
553 |                 target_tree.filter(position__lte=target_position + source_plugin_desc_count).exclude(
554 |                     position__range=source_plugin_range
555 |                 )
556 |             ).update(position=(models.F("position") - last_plugin.position))
557 | 
558 |             # Make a big hole on the right side of the current plugin's position
559 |             # by shifting all right nodes further the right, including the current plugin
560 |             # and its descendants.
561 |             target_tree.filter(position__gte=plugin.position).update(
562 |                 position=models.F("position") + last_plugin.position
563 |             )
564 | 
565 |         if plugin.parent != target_plugin:
566 |             # Plugin is being moved to another tree (under another parent)
567 |             # OR plugin is being moved to the root (no parent)
568 |             plugin.update(parent=target_plugin)
569 |         # The plugin tree was shifted to the right to make space,
570 |         # Squash all plugin positions in the tree to close any holes.
571 |         self._recalculate_plugin_positions(plugin.language)
```



##Searching for term "url"...
### Search Result:
Found function `cms/templatetags/cms_static.py:StaticWithVersionNode.url`.
Source: Match found for entity name `url`.
```
28 | def url(self, context):
29 |         path = self.path.resolve(context)
30 |         path_with_version = static_with_version(path)
31 | 
32 |         return self.handle_simple(path_with_version)
```

2026-09-14 22:41:49 utils.py INFO 
LiteLLM completion() model= qwen/qwen3-coder; provider = openrouter
2026-09-14 22:41:55 utils.py INFO Wrapper: Completed Call, calling success_handler
2026-09-14 22:41:55 auto_search_main.py INFO Executing code:
```
print(get_entity_contents(**{'entity_names': ['cms/admin/placeholderadmin.py:PlaceholderAdmin.get_urls']}))
```
2026-09-14 22:41:55 auto_search_main.py INFO OBSERVATION:
##Searching for entity `cms/admin/placeholderadmin.py:PlaceholderAdmin.get_urls`...
### Search Result:
Found function `cms/admin/placeholderadmin.py:PlaceholderAdmin.get_urls`.
Source: Exact match found for entity name `cms/admin/placeholderadmin.py:PlaceholderAdmin.get_urls`.
```
241 | def get_urls(self) -> list[str]:
242 |         """
243 |         Register the plugin specific urls (add/edit/copy/remove/move)
244 |         """
245 |         info = f"{self.model._meta.app_label}_{self.model._meta.model_name}"
246 | 
247 |         def pat(regex, fn):
248 |             return re_path(regex, self.admin_site.admin_view(fn), name=f"{info}_{fn.__name__}")
249 |         url_patterns = [
250 |             re_path(r'^cms_wizard/', include('cms.wizards.urls')),
251 |             pat(r'^copy-plugins/$', self.copy_plugins),
252 |             pat(r'^add-plugin/$', self.add_plugin),
253 |             pat(r'^edit-plugin/([0-9]+)/$', self.edit_plugin),
254 |             pat(r'^edit-plugin/([0-9]+)/([a-z\-]+)/$', self.edit_field),
255 |             pat(r'^delete-plugin/([0-9]+)/$', self.delete_plugin),
256 |             pat(r'^clear-placeholder/([0-9]+)/$', self.clear_placeholder),
257 |             pat(r'^move-plugin/$', self.move_plugin),
258 |             # Register object edit/structure/preview endpoints.
259 |             # pat(r'^object/(?P<content_type_id>\d+)/structure/(?P<object_id>.+)$', render_object_structure),
260 |             pat(r'^object/([0-9]+)/edit/([0-9]+)/$', render_object_edit),
261 |             pat(r'^object/([0-9]+)/structure/([0-9]+)/$', render_object_structure),
262 |             pat(r'^object/([0-9]+)/preview/([0-9]+)/$', render_object_preview),
263 |         ]
264 |         return url_patterns
```

2026-09-14 22:41:55 utils.py INFO 
LiteLLM completion() model= qwen/qwen3-coder; provider = openrouter
2026-09-14 22:42:09 utils.py INFO Wrapper: Completed Call, calling success_handler
2026-09-14 22:42:09 auto_search_main.py INFO ===============
2026-09-14 22:42:09 auto_search_main.py INFO 
Final Response:=
Now I have a comprehensive understanding of the issue. Based on my analysis, here are the final locations that need to be examined and potentially modified to fix the "Plugin tree update incomplete after move plugin action" issue:

```
cms/admin/placeholderadmin.py
function: PlaceholderAdmin.move_plugin
function: PlaceholderAdmin._move_plugin
line: 804

cms/models/placeholdermodel.py
function: Placeholder.move_plugin
function: Placeholder._move_plugin_to_placeholder
function: Placeholder._recalculate_plugin_positions

cms/plugin_base.py
function: CMSPluginBase.render_close_frame

cms/toolbar/utils.py
function: get_plugin_tree
function: get_plugin_content
line: 804

cms/utils/plugins.py
function: downcast_plugins
function: get_plugins_as_layered_tree
function: assign_plugins

cms/models/pluginmodel.py
function: CMSPlugin.get_descendants
function: CMSPlugin._get_descendants_count
```

The issue appears to be in the move_plugin function in cms/admin/placeholderadmin.py at line 804 where get_plugin_tree is called. The problem seems to be that after moving a plugin, the plugin tree is not being completely or correctly updated, leading to incomplete information being sent back to the frontend. This could be due to:

1. Incomplete descendant handling when rebuilding the plugin tree
2. Caching issues not properly clearing or updating
3. KeyError exceptions when trying to access plugin data that doesn't exist in the expected structure
4. Issues with the render_close_frame call signature not matching expected parameters

The fix likely involves ensuring that all descendants are properly included in the plugin tree reconstruction after a move operation, and that any cached data is properly invalidated and refreshed.
2026-09-14 22:42:09 auto_search_main.py INFO ==== localizing djangocms-rc-110d4c740927 succeed, process multiple loc outputs ====
