2026-09-16 22:16:10 auto_search_main.py INFO Limiting evaluation to first 1 instances.
2026-09-16 22:16:17 auto_search_main.py INFO ============================================================
2026-09-16 22:16:17 auto_search_main.py INFO ==== rank 0 setup localize djangocms-rc-66c70394c9e1 ====
2026-09-16 22:16:17 auto_search_main.py INFO ============================================================
2026-09-16 22:16:17 auto_search_main.py INFO ==== rank 0 begin localizing djangocms-rc-66c70394c9e1 ====
2026-09-16 22:16:17 auto_search_main.py INFO ============================================================
2026-09-16 22:16:17 auto_search_main.py INFO ==== djangocms-rc-66c70394c9e1 Count down: attempt 1 ====
2026-09-16 22:16:17 auto_search_main.py INFO ==== djangocms-rc-66c70394c9e1 start auto search ====
2026-09-16 22:16:17 utils.py INFO 
LiteLLM completion() model= qwen/qwen3-coder; provider = openrouter
2026-09-16 22:16:21 utils.py INFO Wrapper: Completed Call, calling success_handler
2026-09-16 22:16:21 auto_search_main.py INFO convert none fncall messages failed.
2026-09-16 22:16:21 utils.py INFO 
LiteLLM completion() model= qwen/qwen3-coder; provider = openrouter
2026-09-16 22:16:24 utils.py INFO Wrapper: Completed Call, calling success_handler
2026-09-16 22:16:24 auto_search_main.py INFO Executing code:
```
print(explore_tree_structure(**{'start_entities': ['/'], 'traversal_depth': 2, 'dependency_type_filter': "['contains']"}))
```
2026-09-16 22:16:24 auto_search_main.py INFO OBSERVATION:
/
├── contains ── manage.py
│               ├── contains ── manage.py:install_auth_user_model
│               └── contains ── manage.py:DisableMigrations
├── contains ── setup.py
├── contains ── docs
│               ├── contains ── docs/conf.py
│               └── contains ── docs/_ext
├── contains ── cms
│               ├── contains ── cms/toolbar_base.py
│               ├── contains ── cms/context_processors.py
│               ├── contains ── cms/app_base.py
│               ├── contains ── cms/apphook_pool.py
│               ├── contains ── cms/menu_bases.py
│               ├── contains ── cms/plugin_pool.py
│               ├── contains ── cms/app_registration.py
│               ├── contains ── cms/plugin_processors.py
│               ├── contains ── cms/page_rendering.py
│               ├── contains ── cms/cms_menus.py
│               ├── contains ── cms/api.py
│               ├── contains ── cms/constants.py
│               ├── contains ── cms/apps.py
│               ├── contains ── cms/cms_toolbars.py
│               ├── contains ── cms/urls.py
│               ├── contains ── cms/cms_config.py
│               ├── contains ── cms/__init__.py
│               ├── contains ── cms/views.py
│               ├── contains ── cms/appresolver.py
│               ├── contains ── cms/plugin_rendering.py
│               ├── contains ── cms/cms_plugins.py
│               ├── contains ── cms/toolbar_pool.py
│               ├── contains ── cms/exceptions.py
│               ├── contains ── cms/cms_wizards.py
│               ├── contains ── cms/templates.py
│               ├── contains ── cms/plugin_base.py
│               ├── contains ── cms/migrations
│               ├── contains ── cms/middleware
│               ├── contains ── cms/signals
│               ├── contains ── cms/toolbar
│               ├── contains ── cms/models
│               ├── contains ── cms/forms
│               ├── contains ── cms/extensions
│               ├── contains ── cms/wizards
│               ├── contains ── cms/admin
│               ├── contains ── cms/utils
│               ├── contains ── cms/sitemaps
│               ├── contains ── cms/operations
│               ├── contains ── cms/cache
│               ├── contains ── cms/management
│               └── contains ── cms/templatetags
└── contains ── menus
                ├── contains ── menus/models.py
                ├── contains ── menus/modifiers.py
                ├── contains ── menus/base.py
                ├── contains ── menus/utils.py
                ├── contains ── menus/apps.py
                ├── contains ── menus/menu_pool.py
                ├── contains ── menus/__init__.py
                ├── contains ── menus/exceptions.py
                ├── contains ── menus/migrations
                └── contains ── menus/templatetags

2026-09-16 22:16:24 utils.py INFO 
LiteLLM completion() model= qwen/qwen3-coder; provider = openrouter
2026-09-16 22:16:26 utils.py INFO Wrapper: Completed Call, calling success_handler
2026-09-16 22:16:26 auto_search_main.py INFO Executing code:
```
print(explore_tree_structure(**{'start_entities': ['cms/models'], 'traversal_depth': 1, 'dependency_type_filter': "['contains']"}))
```
2026-09-16 22:16:26 auto_search_main.py INFO OBSERVATION:
cms/models
├── contains ── cms/models/aliaspluginmodel.py
├── contains ── cms/models/placeholdermodel.py
├── contains ── cms/models/query.py
├── contains ── cms/models/pagemodel.py
├── contains ── cms/models/fields.py
├── contains ── cms/models/managers.py
├── contains ── cms/models/static_placeholder.py
├── contains ── cms/models/titlemodels.py
├── contains ── cms/models/settingmodels.py
├── contains ── cms/models/permissionmodels.py
├── contains ── cms/models/__init__.py
├── contains ── cms/models/apphooks_reload.py
├── contains ── cms/models/placeholderpluginmodel.py
└── contains ── cms/models/pluginmodel.py

2026-09-16 22:16:26 utils.py INFO 
LiteLLM completion() model= qwen/qwen3-coder; provider = openrouter
2026-09-16 22:16:29 utils.py INFO Wrapper: Completed Call, calling success_handler
2026-09-16 22:16:29 auto_search_main.py INFO Executing code:
```
print(explore_tree_structure(**{'start_entities': ['cms/admin'], 'traversal_depth': 1, 'dependency_type_filter': "['contains']"}))
```
2026-09-16 22:16:29 auto_search_main.py INFO OBSERVATION:
cms/admin
├── contains ── cms/admin/pageadmin.py
├── contains ── cms/admin/placeholderadmin.py
├── contains ── cms/admin/permissionadmin.py
├── contains ── cms/admin/useradmin.py
├── contains ── cms/admin/forms.py
├── contains ── cms/admin/static_placeholder.py
├── contains ── cms/admin/__init__.py
└── contains ── cms/admin/settingsadmin.py

2026-09-16 22:16:29 utils.py INFO 
LiteLLM completion() model= qwen/qwen3-coder; provider = openrouter
2026-09-16 22:16:30 utils.py INFO Wrapper: Completed Call, calling success_handler
2026-09-16 22:16:30 auto_search_main.py INFO Executing code:
```
print(search_code_snippets(**{'search_terms': ['PageContent', 'limit_visibility_in_menu']}))
```
2026-09-16 22:16:30 __init__.py DEBUG Building index from IDs objects
2026-09-16 22:16:30 __init__.py DEBUG Building index from IDs objects
2026-09-16 22:16:30 auto_search_main.py INFO OBSERVATION:
cms/admin/forms.py:ChangePageForm.__init__
cms/admin/forms.py:ChangePageForm
cms/admin/forms.py:ChangePageForm._language
cms/cms_menus.py:get_menu_node_for_page
cms/api.py:create_page
cms/api.py:create_title
cms/api.py:create_page
cms/api.py:_verify_plugin_type
cms/models/pagemodel.py:Page.rescan_placeholders
cms/models/pagemodel.py:Page.get_soft_root
cms/models/pagemodel.py:Page.get_in_navigation
cms/models/pagemodel.py:Page.get_xframe_options
cms/models/pagemodel.py:Page.reload
cms/models/pagemodel.py:Page.get_declared_placeholders
cms/models/pagemodel.py:Page.get_limit_visibility_in_menu
cms/models/titlemodels.py:PageContent.has_placeholder_change_permission
cms/models/titlemodels.py:PageContent.update
cms/models/titlemodels.py:PageContent.toggle_in_navigation
cms/models/titlemodels.py:PageContent.__str__
cms/models/titlemodels.py:PageContent.save
cms/models/titlemodels.py:PageContent.Meta
cms/models/titlemodels.py:PageContent.__repr__
cms/models/titlemodels.py:PageContent
cms/models/titlemodels.py:PageContent.rescan_placeholders
##Searching for term "PageContent"...
### Search Result:
Found class `cms/models/titlemodels.py:PageContent`.
Source: Match found for entity name `PageContent`.
Just show the structure of this class due to response length limitations:
```
class PageContent(models.Model):
    LIMIT_VISIBILITY_IN_MENU_CHOICES = (
        (constants.VISIBILITY_USERS, _('for logged in users only')),
        (constants.VISIBILITY_ANONYMOUS, _('for anonymous users only')),
    )
    TEMPLATE_DEFAULT = constants.TEMPLATE_INHERITANCE_MAGIC if get_cms_setting('TEMPLATE_INHERITANCE') else get_cms_setting('TEMPLATES')[0][0]

    X_FRAME_OPTIONS_CHOICES = (
        (constants.X_FRAME_OPTIONS_INHERIT, _('Inherit from parent page')),
        (constants.X_FRAME_OPTIONS_DENY, _('Deny')),
        (constants.X_FRAME_OPTIONS_SAMEORIGIN, _('Only this website')),
        (constants.X_FRAME_OPTIONS_ALLOW, _('Allow'))
    )

    template_choices = [(x, _(y)) for x, y in get_cms_setting('TEMPLATES')]

    # These are the fields whose values are compared when saving
    # a PageContent object to know if it has changed.
    editable_fields = [
        'title',
        'redirect',
        'page_title',
        'menu_title',
        'meta_description',
    ]

    language = models.CharField(_("language"), max_length=15, db_index=True)
    title = models.CharField(_("title"), max_length=255)
    page_title = models.CharField(_("title"), max_length=255, blank=True, null=True,
                                  help_text=_("overwrite the title (html title tag)"))
    menu_title = models.CharField(_("title"), max_length=255, blank=True, null=True,
                                  help_text=_("overwrite the title in the menu"))
    meta_description = models.TextField(_("description"), blank=True, null=True,
                                        help_text=_("The text displayed in search engines."))
    redirect = models.CharField(_("redirect"), max_length=2048, blank=True, null=True)
    page = models.ForeignKey(Page, on_delete=models.CASCADE, verbose_name=_("page"), related_name="pagecontent_set")
    creation_date = models.DateTimeField(_("creation date"), editable=False, default=timezone.now)
    # Placeholders (plugins)
    placeholders = PlaceholderRelationField()

    created_by = models.CharField(
        _("created by"), max_length=constants.PAGE_USERNAME_MAX_LENGTH,
        editable=False)
    changed_by = models.CharField(
        _("changed by"), max_length=constants.PAGE_USERNAME_MAX_LENGTH,
        editable=False)
    changed_date = models.DateTimeField(auto_now=True)

    in_navigation = models.BooleanField(_("in navigation"), default=True, db_index=True)
    soft_root = models.BooleanField(_("soft root"), db_index=True, default=False,
                                    help_text=_("All ancestors will not be displayed in the navigation"))
    template = models.CharField(_("template"), max_length=100, choices=template_choices,
                                help_text=_('The template used to render the content.'),
                                default=TEMPLATE_DEFAULT)
    limit_visibility_in_menu = models.SmallIntegerField(_("menu visibility"), default=None, null=True, blank=True,
                                                        choices=LIMIT_VISIBILITY_IN_MENU_CHOICES, db_index=True,
                                                        help_text=_("limit when this page is visible in the menu"))

    # X Frame Options for clickjacking protection
    xframe_options = models.IntegerField(
        choices=X_FRAME_OPTIONS_CHOICES,
        default=get_cms_setting('DEFAULT_X_FRAME_OPTIONS'),
    )

    objects = PageContentManager()

    class Meta:
        default_permissions = []
        unique_together = (('language', 'page'),)
        app_label = 'cms'

    def __str__(self):
...
    def __repr__(self):
...
    def update(self, **data):
...
    def save(self, **kwargs):
...
    def toggle_in_navigation(self, set_to=None):
...
    def has_placeholder_change_permission(self, user):
...
    def rescan_placeholders(self):
...
    def get_placeholders(self):
...
    def get_ancestor_titles(self):
...
    def get_template(self):
...
    def get_template_name(self):
...
    def get_xframe_options(self):
...
    def get_absolute_url(self, language=None):

```
Hint: Search `cms/models/titlemodels.py:PageContent` to get the full content if needed.



##Searching for term "limit_visibility_in_menu"...
### Search Result:
Found `cms/migrations/0030_auto_20180810_0629.py:update_titles`.
Source: Retrieved code content using keyword search (bm25).
```
 1 | # -*- coding: utf-8 -*-
 2 | # Generated by Django 1.11.13 on 2018-08-10 10:29
 3 | from __future__ import unicode_literals
 4 | 
 5 | from django.db import migrations
 6 | 
 7 | 
 8 | def update_titles(apps, schema_editor):
 9 |     db_alias = schema_editor.connection.alias
10 |     Page = apps.get_model('cms', 'Page')
11 |     for page in Page.objects.using(db_alias):
12 |         page.title_set.update(
13 |             created_by=page.created_by,
14 |             changed_by=page.changed_by,
15 |             changed_date=page.changed_date,
16 |             in_navigation=page.in_navigation,
17 |             soft_root=page.soft_root,
18 |             limit_visibility_in_menu=page.limit_visibility_in_menu,
19 |             template=page.template,
20 |             xframe_options=page.xframe_options,
21 |         )
```

Found class `cms/admin/forms.py:ChangePageForm`.
Source: Retrieved code content using keyword search (bm25).
Just show the structure of this class due to response length limitations:
```
class ChangePageForm(BasePageContentForm):
    overwrite_url = forms.CharField(
        label=_('Overwrite URL'),
        max_length=255,
        required=False,
        help_text=_('Keep this field empty if standard path should be used.'),
    )
    soft_root = forms.BooleanField(
        label=_('Soft root'),
        required=False,
        help_text=_("All ancestors will not be displayed in the navigation"),
    )
    redirect = PageSmartLinkField(
        label=_('Redirect'),
        required=False,
        help_text=_('Redirects to this URL.'),
        placeholder_text=_('Start typing...'),
        ajax_view='admin:cms_page_get_list',
    )
    limit_visibility_in_menu = forms.TypedChoiceField(
        choices=PageContent._meta.get_field('limit_visibility_in_menu').choices,
        label=_("menu visibility"),
        help_text=_("limit when this page is visible in the menu"),
        initial=PageContent._meta.get_field('limit_visibility_in_menu').default,
        required=False,
        coerce=int,
        empty_value=None,
    )

    fieldsets = (
        (None, {
            'fields': ('title', 'slug', 'template', 'page_title', 'meta_description'),
        }),
        (_('URL options'), {
            'fields': ('overwrite_url', 'redirect'),
            'classes': ['collapse'],
        }),
        (_('Menu options'), {
            'fields': ('soft_root', 'menu_title', 'limit_visibility_in_menu'),
            'classes': ['collapse'],
        })
    )

    def __init__(self, *args, **kwargs):
...
    @cached_property
    def _language(self):
...
    def clean(self):
...
    def clean_xframe_options(self):
...
    def save(self, commit=True):

```
Hint: Search `cms/admin/forms.py:ChangePageForm` to get the full content if needed.

Found function `cms/models/pagemodel.py:Page.get_limit_visibility_in_menu`.
Source: Retrieved entity using keyword search (bm25).
```
1060 | def get_limit_visibility_in_menu(self, language=None, fallback=True, force_reload=False):
1061 |         return self.get_page_content_obj_attribute("limit_visibility_in_menu", language, fallback, force_reload)
```

Found function `cms/admin/forms.py:ChangePageForm._language`.
Source: Retrieved code content using keyword search (bm25).
```
492 | def _language(self):
493 |         return self.instance.language
```

Found function `cms/cms_menus.py:get_menu_node_for_page`.
Source: Retrieved code content using keyword search (bm25).
```
 73 | def get_menu_node_for_page(renderer, page, language, fallbacks=None):
 74 |     """
 75 |     Transform a CMS page into a navigation node.
 76 | 
 77 |     :param renderer: MenuRenderer instance bound to the request
 78 |     :param page: the page you wish to transform
 79 |     :param language: The current language used to render the menu
 80 |     """
 81 |     if fallbacks is None:
 82 |         fallbacks = []
 83 | 
 84 |     # Theses are simple to port over, since they are not calculated.
 85 |     # Other attributes will be added conditionally later.
 86 |     attr = {
 87 |         'is_page': True,
 88 |         'soft_root': page.get_soft_root(language),
 89 |         'auth_required': page.login_required,
 90 |         'reverse_id': page.reverse_id,
 91 |     }
 92 | 
 93 |     limit_visibility_in_menu = page.get_limit_visibility_in_menu(language)
 94 | 
 95 |     if limit_visibility_in_menu is constants.VISIBILITY_ALL:
 96 |         attr['visible_for_authenticated'] = True
 97 |         attr['visible_for_anonymous'] = True
 98 |     else:
 99 |         attr['visible_for_authenticated'] = limit_visibility_in_menu == constants.VISIBILITY_USERS
100 |         attr['visible_for_anonymous'] = limit_visibility_in_menu == constants.VISIBILITY_ANONYMOUS
101 |     attr['is_home'] = page.is_home
102 |     # Extenders can be either navigation extenders or from apphooks.
103 |     extenders = []
104 |     if page.navigation_extenders:
105 |         if page.navigation_extenders in renderer.menus:
106 |             extenders.append(page.navigation_extenders)
107 |         elif "{0}:{1}".format(page.navigation_extenders, page.pk) in renderer.menus:
108 |             extenders.append("{0}:{1}".format(page.navigation_extenders, page.pk))
109 |     # Is this page an apphook? If so, we need to handle the apphooks's nodes
110 |     # Only run this if we have a translation in the requested language for this
111 |     # object. The title cache should have been prepopulated in CMSMenu.get_nodes
112 |     # but otherwise, just request the title normally
113 |     if page.title_cache.get(language) and page.application_urls:
114 |         # it means it is an apphook
115 |         app = apphook_pool.get_apphook(page.application_urls)
116 | 
117 |         if app:
118 |             extenders += app.get_menus(page, language)
119 |     exts = []
120 |     for ext in extenders:
121 |         if hasattr(ext, "get_instances"):
122 |             # CMSAttachMenus are treated a bit differently to allow them to be
123 |             # able to be attached to multiple points in the navigation.
124 |             exts.append("{0}:{1}".format(ext.__name__, page.pk))
125 |         elif hasattr(ext, '__name__'):
126 |             exts.append(ext.__name__)
127 |         else:
128 |             exts.append(ext)
129 |     if exts:
130 |         attr['navigation_extenders'] = exts
131 | 
132 |     for lang in [language] + fallbacks:
133 |         translation = page.title_cache[lang]
134 | 
135 |         if translation:
136 |             page_url = page.urls_cache[lang]
137 |             # Do we have a redirectURL?
138 |             attr['redirect_url'] = translation.redirect  # save redirect URL if any
139 | 
140 |             # Now finally, build the NavigationNode object and return it.
141 |             # The parent_id is manually set by the menu get_nodes method.
142 |             ret_node = CMSNavigationNode(
143 |                 title=translation.menu_title or translation.title,
144 |                 url='',
145 |                 id=page.pk,
146 |                 attr=attr,
147 |                 visible=page.get_in_navigation(translation.language),
148 |                 path=page_url.path or page_url.slug,
149 |                 language=(translation.language if translation.language != language else None),
150 |             )
151 |             return ret_node
152 |     else:
153 |         raise RuntimeError('Unable to render cms menu. There is a language misconfiguration.')
```

Found function `cms/api.py:create_page`.
Source: Retrieved code content using keyword search (bm25).
```
101 | def create_page(title, template, language, menu_title=None, slug=None,
102 |                 apphook=None, apphook_namespace=None, redirect=None, meta_description=None,
103 |                 created_by='python-api', parent=None,
104 |                 publication_date=None, publication_end_date=None,
105 |                 in_navigation=False, soft_root=False, reverse_id=None,
106 |                 navigation_extenders=None, published=None, site=None,
107 |                 login_required=False, limit_visibility_in_menu=constants.VISIBILITY_ALL,
108 |                 position="last-child", overwrite_url=None,
109 |                 xframe_options=constants.X_FRAME_OPTIONS_INHERIT):
110 |     """
111 |     Create a CMS Page and it's title for the given language
112 | 
113 |     See docs/extending_cms/api_reference.rst for more info
114 |     """
115 |     if published != None:
116 |         warnings.warn('This API function no longer accepts a published argument', UserWarning)
117 | 
118 |     # validate template
119 |     if not template == TEMPLATE_INHERITANCE_MAGIC:
120 |         assert template in [tpl[0] for tpl in get_cms_setting('TEMPLATES')]
121 |         get_template(template)
122 | 
123 |     # validate site
124 |     if not site:
125 |         site = get_current_site()
126 |     else:
127 |         assert isinstance(site, Site)
128 | 
129 |     # validate language:
130 |     assert language in get_language_list(site), get_cms_setting('LANGUAGES').get(site.pk)
131 | 
132 |     # validate parent
133 |     if parent:
134 |         assert isinstance(parent, Page)
135 | 
136 |     if navigation_extenders:
137 |         raw_menus = menu_pool.get_menus_by_attribute("cms_enabled", True)
138 |         menus = [menu[0] for menu in raw_menus]
139 |         assert navigation_extenders in menus
140 | 
141 |     # validate menu visibility
142 |     accepted_limitations = (constants.VISIBILITY_ALL, constants.VISIBILITY_USERS, constants.VISIBILITY_ANONYMOUS)
143 |     assert limit_visibility_in_menu in accepted_limitations
144 | 
145 |     # validate position
146 |     assert position in ('last-child', 'first-child', 'left', 'right')
147 |     target_node = parent.node if parent else None
148 | 
149 |     # validate and normalize apphook
150 |     if apphook:
151 |         application_urls = _verify_apphook(apphook, apphook_namespace)
152 |     else:
153 |         application_urls = None
154 | 
155 |     # ugly permissions hack
156 |     if created_by and isinstance(created_by, get_user_model()):
157 |         _thread_locals.user = created_by
158 |         created_by = get_clean_username(created_by)
159 |     else:
160 |         _thread_locals.user = None
161 | 
162 |     if reverse_id:
163 |         if Page.objects.filter(reverse_id=reverse_id, node__site=site).exists():
164 |             raise FieldError('A page with the reverse_id="%s" already exist.' % reverse_id)
165 | 
166 |     page = Page(
167 |         created_by=created_by,
168 |         changed_by=created_by,
169 |         reverse_id=reverse_id,
170 |         navigation_extenders=navigation_extenders,
171 |         application_urls=application_urls,
172 |         application_namespace=apphook_namespace,
173 |         login_required=login_required,
174 |     )
175 |     page.set_tree_node(site=site, target=target_node, position=position)
176 |     page.save()
177 | 
178 |     create_title(
179 |         language=language,
180 |         title=title,
181 |         menu_title=menu_title,
182 |         slug=slug,
183 |         created_by=created_by,
184 |         redirect=redirect,
185 |         meta_description=meta_description,
186 |         page=page,
187 |         overwrite_url=overwrite_url,
188 |         soft_root=soft_root,
189 |         in_navigation=in_navigation,
190 |         template=template,
191 |         limit_visibility_in_menu=limit_visibility_in_menu,
192 |         xframe_options=xframe_options,
193 |     )
194 | 
195 |     if parent and position in ('last-child', 'first-child'):
196 |         parent._clear_node_cache()
197 | 
198 |     del _thread_locals.user
199 |     return page
```

Found file `menus/__init__.py`.
Found file `menus/migrations/__init__.py`.
Source: Retrieved entity using keyword search (bm25).
Hint: Use more detailed query to get the full content of some if needed.

2026-09-16 22:16:30 utils.py INFO 
LiteLLM completion() model= qwen/qwen3-coder; provider = openrouter
2026-09-16 22:16:32 utils.py INFO Wrapper: Completed Call, calling success_handler
2026-09-16 22:16:32 auto_search_main.py INFO Executing code:
```
print(search_code_snippets(**{'search_terms': ['VISIBILITY', 'constants'], 'file_path_or_pattern': 'cms/constants.py'}))
```
2026-09-16 22:16:32 __init__.py DEBUG Building index from IDs objects
2026-09-16 22:16:32 __init__.py DEBUG Building index from IDs objects
2026-09-16 22:16:32 auto_search_main.py INFO OBSERVATION:
##Searching for term "VISIBILITY"...
### Search Result:
Found class `cms/utils/conf.py:VERIFIED`.
Source: Retrieved entity using keyword search (bm25).
```
17 | class VERIFIED: pass
```

Found class `cms/forms/fields.py:SuperLazyIterator`.
Source: Retrieved entity using keyword search (bm25).
```
13 | class SuperLazyIterator(object):
14 |     def __init__(self, func):
15 |         self.func = func
16 | 
17 |     def __iter__(self):
18 |         return iter(self.func())
```



##Searching for term "constants"...
### Search Result:
Found file `cms/constants.py`.
Source: Match found for entity name `constants`.
```
 1 | # -*- coding: utf-8 -*-
 2 | 
 3 | TEMPLATE_INHERITANCE_MAGIC = 'INHERIT'
 4 | REFRESH_PAGE = 'REFRESH_PAGE'
 5 | FOLLOW_REDIRECT = 'FOLLOW_REDIRECT'
 6 | URL_CHANGE = 'URL_CHANGE'
 7 | RIGHT = object() # this is a trick so "foo is RIGHT" will only ever work for this, same goes for LEFT.
 8 | LEFT = object()
 9 | 
10 | PAGE_TYPES_ID = "page_types"
11 | PAGE_TREE_POSITIONS = ('last-child', 'first-child', 'left', 'right')
12 | 
13 | VISIBILITY_ALL = None
14 | VISIBILITY_USERS = 1
15 | VISIBILITY_ANONYMOUS = 2
16 | 
17 | X_FRAME_OPTIONS_INHERIT = 0
18 | X_FRAME_OPTIONS_DENY = 1
19 | X_FRAME_OPTIONS_SAMEORIGIN = 2
20 | X_FRAME_OPTIONS_ALLOW = 3
21 | 
22 | PAGE_USERNAME_MAX_LENGTH = 255
23 | 
24 | SLUG_REGEXP = '[0-9A-Za-z-_.//]+'
25 | 
26 | EXPIRE_NOW = 0
27 | # HTTP Specification says max caching should only be up to one year.
28 | MAX_EXPIRATION_TTL = 365 * 24 * 3600
29 | 
30 | PLUGIN_TOOLBAR_JS = "CMS._plugins.push([\"cms-plugin-%(pk)s\", %(config)s]);\n"
31 | 
32 | PLACEHOLDER_TOOLBAR_JS = "CMS._plugins.push([\"cms-placeholder-%(pk)s\", %(config)s]);"
33 | 
34 | # In the permissions system we use user levels to determine
35 | # the depth in which the user has permissions.
36 | # This constant represents a user that can see pages at all depths.
37 | ROOT_USER_LEVEL = -1
38 | 
39 | GRANT_ALL_PERMISSIONS = 'All'
40 | 
41 | PUBLISH_COMMENT = "Publish"
42 | 
43 | SCRIPT_USERNAME = 'script'
44 | 
45 | CMS_CONFIG_NAME = 'cms_config'
46 | 
```

2026-09-16 22:16:32 utils.py INFO 
LiteLLM completion() model= qwen/qwen3-coder; provider = openrouter
2026-09-16 22:16:34 utils.py INFO Wrapper: Completed Call, calling success_handler
2026-09-16 22:16:34 auto_search_main.py INFO Executing code:
```
print(get_entity_contents(**{'entity_names': ['cms/models/titlemodels.py:PageContent']}))
```
2026-09-16 22:16:34 auto_search_main.py INFO OBSERVATION:
##Searching for entity `cms/models/titlemodels.py:PageContent`...
### Search Result:
Found class `cms/models/titlemodels.py:PageContent`.
Source: Exact match found for entity name `cms/models/titlemodels.py:PageContent`.
```
 15 | class PageContent(models.Model):
 16 |     LIMIT_VISIBILITY_IN_MENU_CHOICES = (
 17 |         (constants.VISIBILITY_USERS, _('for logged in users only')),
 18 |         (constants.VISIBILITY_ANONYMOUS, _('for anonymous users only')),
 19 |     )
 20 |     TEMPLATE_DEFAULT = constants.TEMPLATE_INHERITANCE_MAGIC if get_cms_setting('TEMPLATE_INHERITANCE') else get_cms_setting('TEMPLATES')[0][0]
 21 | 
 22 |     X_FRAME_OPTIONS_CHOICES = (
 23 |         (constants.X_FRAME_OPTIONS_INHERIT, _('Inherit from parent page')),
 24 |         (constants.X_FRAME_OPTIONS_DENY, _('Deny')),
 25 |         (constants.X_FRAME_OPTIONS_SAMEORIGIN, _('Only this website')),
 26 |         (constants.X_FRAME_OPTIONS_ALLOW, _('Allow'))
 27 |     )
 28 | 
 29 |     template_choices = [(x, _(y)) for x, y in get_cms_setting('TEMPLATES')]
 30 | 
 31 |     # These are the fields whose values are compared when saving
 32 |     # a PageContent object to know if it has changed.
 33 |     editable_fields = [
 34 |         'title',
 35 |         'redirect',
 36 |         'page_title',
 37 |         'menu_title',
 38 |         'meta_description',
 39 |     ]
 40 | 
 41 |     language = models.CharField(_("language"), max_length=15, db_index=True)
 42 |     title = models.CharField(_("title"), max_length=255)
 43 |     page_title = models.CharField(_("title"), max_length=255, blank=True, null=True,
 44 |                                   help_text=_("overwrite the title (html title tag)"))
 45 |     menu_title = models.CharField(_("title"), max_length=255, blank=True, null=True,
 46 |                                   help_text=_("overwrite the title in the menu"))
 47 |     meta_description = models.TextField(_("description"), blank=True, null=True,
 48 |                                         help_text=_("The text displayed in search engines."))
 49 |     redirect = models.CharField(_("redirect"), max_length=2048, blank=True, null=True)
 50 |     page = models.ForeignKey(Page, on_delete=models.CASCADE, verbose_name=_("page"), related_name="pagecontent_set")
 51 |     creation_date = models.DateTimeField(_("creation date"), editable=False, default=timezone.now)
 52 |     # Placeholders (plugins)
 53 |     placeholders = PlaceholderRelationField()
 54 | 
 55 |     created_by = models.CharField(
 56 |         _("created by"), max_length=constants.PAGE_USERNAME_MAX_LENGTH,
 57 |         editable=False)
 58 |     changed_by = models.CharField(
 59 |         _("changed by"), max_length=constants.PAGE_USERNAME_MAX_LENGTH,
 60 |         editable=False)
 61 |     changed_date = models.DateTimeField(auto_now=True)
 62 | 
 63 |     in_navigation = models.BooleanField(_("in navigation"), default=True, db_index=True)
 64 |     soft_root = models.BooleanField(_("soft root"), db_index=True, default=False,
 65 |                                     help_text=_("All ancestors will not be displayed in the navigation"))
 66 |     template = models.CharField(_("template"), max_length=100, choices=template_choices,
 67 |                                 help_text=_('The template used to render the content.'),
 68 |                                 default=TEMPLATE_DEFAULT)
 69 |     limit_visibility_in_menu = models.SmallIntegerField(_("menu visibility"), default=None, null=True, blank=True,
 70 |                                                         choices=LIMIT_VISIBILITY_IN_MENU_CHOICES, db_index=True,
 71 |                                                         help_text=_("limit when this page is visible in the menu"))
 72 | 
 73 |     # X Frame Options for clickjacking protection
 74 |     xframe_options = models.IntegerField(
 75 |         choices=X_FRAME_OPTIONS_CHOICES,
 76 |         default=get_cms_setting('DEFAULT_X_FRAME_OPTIONS'),
 77 |     )
 78 | 
 79 |     objects = PageContentManager()
 80 | 
 81 |     class Meta:
 82 |         default_permissions = []
 83 |         unique_together = (('language', 'page'),)
 84 |         app_label = 'cms'
 85 | 
 86 |     def __str__(self):
 87 |         return u"%s (%s)" % (self.title, self.language)
 88 | 
 89 |     def __repr__(self):
 90 |         display = '<{module}.{class_name} id={id} object at {location}>'.format(
 91 |             module=self.__module__,
 92 |             class_name=self.__class__.__name__,
 93 |             id=self.pk,
 94 |             location=hex(id(self)),
 95 |         )
 96 |         return display
 97 | 
 98 |     def update(self, **data):
 99 |         cls = self.__class__
100 |         cls.objects.filter(pk=self.pk).update(**data)
101 | 
102 |         for field, value in data.items():
103 |             setattr(self, field, value)
104 |         return
105 | 
106 |     def save(self, **kwargs):
107 |         # delete template cache
108 |         if hasattr(self, '_template_cache'):
109 |             delattr(self, '_template_cache')
110 |         super(PageContent, self).save(**kwargs)
111 | 
112 |     def toggle_in_navigation(self, set_to=None):
113 |         '''
114 |         Toggles (or sets) in_navigation and invalidates the cms page cache
115 |         '''
116 |         old = bool(self.in_navigation)
117 | 
118 |         if set_to in [True, False]:
119 |             new = set_to
120 |         else:
121 |             new = not old
122 | 
123 |         self.update(in_navigation=new)
124 | 
125 |         # If there was a change, invalidate the cms page cache
126 |         if new != old:
127 |             self.page.clear_cache()
128 |         return new
129 | 
130 |     def has_placeholder_change_permission(self, user):
131 |         return self.page.has_change_permission(user)
132 | 
133 |     def rescan_placeholders(self):
134 |         """
135 |         Rescan and if necessary create placeholders in the current template.
136 |         """
137 |         from cms.utils.placeholder import rescan_placeholders_for_obj
138 | 
139 |         return rescan_placeholders_for_obj(self)
140 | 
141 |     def get_placeholders(self):
142 |         if not hasattr(self, '_placeholder_cache'):
143 |             self._placeholder_cache = self.placeholders.all()
144 |         return self._placeholder_cache
145 | 
146 |     def get_ancestor_titles(self):
147 |         return PageContent.objects.filter(
148 |             page__in=self.page.get_ancestor_pages(),
149 |             language=self.language,
150 |         )
151 | 
152 |     def get_template(self):
153 |         """
154 |         get the template of this page if defined or if closer parent if
155 |         defined or DEFAULT_PAGE_TEMPLATE otherwise
156 |         """
157 |         if hasattr(self, '_template_cache'):
158 |             return self._template_cache
159 | 
160 |         if self.template != constants.TEMPLATE_INHERITANCE_MAGIC:
161 |             self._template_cache = self.template or get_cms_setting('TEMPLATES')[0][0]
162 |             return self._template_cache
163 | 
164 |         templates = (
165 |             self
166 |             .get_ancestor_titles()
167 |             .exclude(template=constants.TEMPLATE_INHERITANCE_MAGIC)
168 |             .order_by('-page__node__path')
169 |             .values_list('template', flat=True)
170 |         )
171 | 
172 |         try:
173 |             self._template_cache = templates[0]
174 |         except IndexError:
175 |             self._template_cache = get_cms_setting('TEMPLATES')[0][0]
176 |         return self._template_cache
177 | 
178 |     def get_template_name(self):
179 |         """
180 |         get the textual name (2nd parameter in get_cms_setting('TEMPLATES'))
181 |         of the template of this title. failing to find that, return the
182 |         name of the default template.
183 |         """
184 |         template = self.get_template()
185 |         for t in get_cms_setting('TEMPLATES'):
186 |             if t[0] == template:
187 |                 return t[1]
188 |         return _("default")
189 | 
190 |     def get_xframe_options(self):
191 |         """ Finds X_FRAME_OPTION from tree if inherited """
192 |         xframe_options = self.xframe_options or constants.X_FRAME_OPTIONS_INHERIT
193 | 
194 |         if xframe_options != constants.X_FRAME_OPTIONS_INHERIT:
195 |             return xframe_options
196 | 
197 |         # Ignore those pages which just inherit their value
198 |         ancestors = self.get_ancestor_titles().order_by('-page__node__path')
199 |         ancestors = ancestors.exclude(xframe_options=constants.X_FRAME_OPTIONS_INHERIT)
200 | 
201 |         # Now just give me the clickjacking setting (not anything else)
202 |         xframe_options = ancestors.values_list('xframe_options', flat=True)
203 | 
204 |         try:
205 |             return xframe_options[0]
206 |         except IndexError:
207 |             return None
208 | 
209 |     def get_absolute_url(self, language=None):
210 |         return self.page.get_absolute_url(language=language)
```

2026-09-16 22:16:34 utils.py INFO 
LiteLLM completion() model= qwen/qwen3-coder; provider = openrouter
2026-09-16 22:16:39 utils.py INFO Wrapper: Completed Call, calling success_handler
2026-09-16 22:16:39 auto_search_main.py INFO Executing code:
```
print(get_entity_contents(**{'entity_names': ['cms/admin/forms.py:ChangePageForm']}))
```
2026-09-16 22:16:39 auto_search_main.py INFO OBSERVATION:
##Searching for entity `cms/admin/forms.py:ChangePageForm`...
### Search Result:
Found class `cms/admin/forms.py:ChangePageForm`.
Source: Exact match found for entity name `cms/admin/forms.py:ChangePageForm`.
```
437 | class ChangePageForm(BasePageContentForm):
438 |     overwrite_url = forms.CharField(
439 |         label=_('Overwrite URL'),
440 |         max_length=255,
441 |         required=False,
442 |         help_text=_('Keep this field empty if standard path should be used.'),
443 |     )
444 |     soft_root = forms.BooleanField(
445 |         label=_('Soft root'),
446 |         required=False,
447 |         help_text=_("All ancestors will not be displayed in the navigation"),
448 |     )
449 |     redirect = PageSmartLinkField(
450 |         label=_('Redirect'),
451 |         required=False,
452 |         help_text=_('Redirects to this URL.'),
453 |         placeholder_text=_('Start typing...'),
454 |         ajax_view='admin:cms_page_get_list',
455 |     )
456 |     limit_visibility_in_menu = forms.TypedChoiceField(
457 |         choices=PageContent._meta.get_field('limit_visibility_in_menu').choices,
458 |         label=_("menu visibility"),
459 |         help_text=_("limit when this page is visible in the menu"),
460 |         initial=PageContent._meta.get_field('limit_visibility_in_menu').default,
461 |         required=False,
462 |         coerce=int,
463 |         empty_value=None,
464 |     )
465 | 
466 |     fieldsets = (
467 |         (None, {
468 |             'fields': ('title', 'slug', 'template', 'page_title', 'meta_description'),
469 |         }),
470 |         (_('URL options'), {
471 |             'fields': ('overwrite_url', 'redirect'),
472 |             'classes': ['collapse'],
473 |         }),
474 |         (_('Menu options'), {
475 |             'fields': ('soft_root', 'menu_title', 'limit_visibility_in_menu'),
476 |             'classes': ['collapse'],
477 |         })
478 |     )
479 | 
480 |     def __init__(self, *args, **kwargs):
481 |         super(ChangePageForm, self).__init__(*args, **kwargs)
482 | 
483 |         self.url_obj = self.instance.page.get_url(self._language)
484 |         self.fields['slug'].initial = self.url_obj.slug
485 |         self.fields['redirect'].widget.language = self._language
486 |         self.fields['redirect'].initial = self.instance.redirect
487 | 
488 |         if not self.url_obj.managed:
489 |             self.fields['overwrite_url'].initial = self.url_obj.path
490 | 
491 |     @cached_property
492 |     def _language(self):
493 |         return self.instance.language
494 | 
495 |     def clean(self):
496 |         data = super(ChangePageForm, self).clean()
497 | 
498 |         if self._errors:
499 |             # Form already has errors, best to let those be
500 |             # addressed first.
501 |             return data
502 | 
503 |         page = self.instance.page
504 | 
505 |         if page.is_home:
506 |             data['path'] = ''
507 |             return data
508 | 
509 |         slug = data['slug']
510 |         path_override = self.cleaned_data.get('overwrite_url')
511 |         parent_page = page.parent_page
512 | 
513 |         if path_override:
514 |             path = path_override.strip('/')
515 |         elif parent_page and parent_page.is_home:
516 |             path = slug
517 |         elif parent_page:
518 |             base_path = parent_page.get_path(self._language)
519 |             path = u'%s/%s' % (base_path, slug) if base_path else None
520 |         else:
521 |             path = slug
522 | 
523 |         if path is None:
524 |             data['path'] = None
525 |             return data
526 | 
527 |         user_language = get_site_language_from_request(self._request, site_id=self._site.pk)
528 | 
529 |         try:
530 |             # Validate the url
531 |             validate_url_uniqueness(
532 |                 self._site,
533 |                 path=path,
534 |                 language=self._language,
535 |                 user_language=user_language,
536 |                 exclude_page=page,
537 |             )
538 |         except ValidationError as error:
539 |             field = 'overwrite_url' if path_override else 'slug'
540 |             self.add_error(field, error)
541 |         else:
542 |             data['path'] = path
543 |         return data
544 | 
545 |     def clean_xframe_options(self):
546 |         if 'xframe_options' not in self.fields:
547 |             return  # nothing to do, field isn't present
548 | 
549 |         xframe_options = self.cleaned_data['xframe_options']
550 | 
551 |         if xframe_options == '':
552 |             return PageContent._meta.get_field('xframe_options').default
553 |         return xframe_options
554 | 
555 |     def save(self, commit=True):
556 |         operation_token = send_pre_page_operation(
557 |             request=self._request,
558 |             operation=CHANGE_PAGE_TRANSLATION,
559 |             language=self._language,
560 |         )
561 | 
562 |         data = self.cleaned_data.copy()
563 |         page = self.instance.page
564 |         page_slug = data.pop('slug', None)
565 |         page_path = data.pop('path', None)
566 |         page_overwrite_url = data.pop('overwrite_url', None)
567 |         page_content = super(ChangePageForm, self).save(commit=False)
568 |         page_content.update(
569 |             changed_by=get_clean_username(self._request.user),
570 |             changed_date=timezone.now(),
571 |             **data
572 |         )
573 |         page.update_urls(
574 |             self._language,
575 |             path=page_path,
576 |             slug=page_slug,
577 |             managed=not bool(page_overwrite_url),
578 |         )
579 |         page._update_url_path_recursive(self._language)
580 |         page.clear_cache(menu=True)
581 | 
582 |         if page.application_urls and 'slug' in self.changed_data:
583 |             # Connects the apphook restart handler to the request finished signal
584 |             set_restart_trigger()
585 |         send_post_page_operation(
586 |             request=self._request,
587 |             operation=CHANGE_PAGE_TRANSLATION,
588 |             token=operation_token,
589 |             obj=page,
590 |             language=self._language,
591 |         )
592 |         return page_content
```

2026-09-16 22:16:39 utils.py INFO 
LiteLLM completion() model= qwen/qwen3-coder; provider = openrouter
2026-09-16 22:16:40 utils.py INFO Wrapper: Completed Call, calling success_handler
2026-09-16 22:16:40 auto_search_main.py INFO Executing code:
```
print(get_entity_contents(**{'entity_names': ['cms/models/pagemodel.py:Page.get_limit_visibility_in_menu']}))
```
2026-09-16 22:16:40 auto_search_main.py INFO OBSERVATION:
##Searching for entity `cms/models/pagemodel.py:Page.get_limit_visibility_in_menu`...
### Search Result:
Found function `cms/models/pagemodel.py:Page.get_limit_visibility_in_menu`.
Source: Exact match found for entity name `cms/models/pagemodel.py:Page.get_limit_visibility_in_menu`.
```
1060 | def get_limit_visibility_in_menu(self, language=None, fallback=True, force_reload=False):
1061 |         return self.get_page_content_obj_attribute("limit_visibility_in_menu", language, fallback, force_reload)
```

2026-09-16 22:16:40 utils.py INFO 
LiteLLM completion() model= qwen/qwen3-coder; provider = openrouter
2026-09-16 22:16:45 utils.py INFO Wrapper: Completed Call, calling success_handler
2026-09-16 22:16:45 auto_search_main.py INFO Executing code:
```
print(search_code_snippets(**{'search_terms': ['BasePageContentForm']}))
```
2026-09-16 22:16:45 auto_search_main.py INFO OBSERVATION:
##Searching for term "BasePageContentForm"...
### Search Result:
Found class `cms/admin/forms.py:BasePageContentForm`.
Source: Match found for entity name `BasePageContentForm`.
```
127 | class BasePageContentForm(forms.ModelForm):
128 |     _site = None
129 |     _request = None
130 | 
131 |     title = forms.CharField(label=_("Title"), max_length=255, widget=forms.TextInput(),
132 |                             help_text=_('The default title'))
133 |     slug = forms.CharField(label=_("Slug"), max_length=255, widget=forms.TextInput(),
134 |                            help_text=_('The part of the title that is used in the URL'))
135 |     menu_title = forms.CharField(label=_("Menu Title"), widget=forms.TextInput(),
136 |                                  help_text=_('Overwrite what is displayed in the menu'), required=False)
137 |     page_title = forms.CharField(label=_("Page Title"), widget=forms.TextInput(),
138 |                                  help_text=_('Overwrites what is displayed at the top of your browser or in bookmarks'),
139 |                                  required=False)
140 |     meta_description = forms.CharField(label=_('Description meta tag'), required=False,
141 |                                        widget=forms.Textarea(attrs={'maxlength': '320', 'rows': '4'}),
142 |                                        help_text=_('A description of the page used by search engines.'),
143 |                                        max_length=320)
144 | 
145 |     class Meta:
146 |         model = PageContent
147 |         fields = []
148 | 
149 |     def clean_slug(self):
150 |         slug = slugify(self.cleaned_data['slug'])
151 | 
152 |         if not slug:
153 |             raise ValidationError(_("Slug must not be empty."))
154 |         return slug
155 | 
156 |     @cached_property
157 |     def _language(self):
158 |         return get_site_language_from_request(self._request, site_id=self._site.pk)
159 | 
160 |     @property
161 |     def _user(self):
162 |         return self._request.user
```

2026-09-16 22:16:45 utils.py INFO 
LiteLLM completion() model= qwen/qwen3-coder; provider = openrouter
2026-09-16 22:16:47 utils.py INFO Wrapper: Completed Call, calling success_handler
2026-09-16 22:16:47 auto_search_main.py INFO Executing code:
```
print(get_entity_contents(**{'entity_names': ['cms/cms_menus.py:get_menu_node_for_page']}))
```
2026-09-16 22:16:47 auto_search_main.py INFO OBSERVATION:
##Searching for entity `cms/cms_menus.py:get_menu_node_for_page`...
### Search Result:
Found function `cms/cms_menus.py:get_menu_node_for_page`.
Source: Exact match found for entity name `cms/cms_menus.py:get_menu_node_for_page`.
```
 73 | def get_menu_node_for_page(renderer, page, language, fallbacks=None):
 74 |     """
 75 |     Transform a CMS page into a navigation node.
 76 | 
 77 |     :param renderer: MenuRenderer instance bound to the request
 78 |     :param page: the page you wish to transform
 79 |     :param language: The current language used to render the menu
 80 |     """
 81 |     if fallbacks is None:
 82 |         fallbacks = []
 83 | 
 84 |     # Theses are simple to port over, since they are not calculated.
 85 |     # Other attributes will be added conditionally later.
 86 |     attr = {
 87 |         'is_page': True,
 88 |         'soft_root': page.get_soft_root(language),
 89 |         'auth_required': page.login_required,
 90 |         'reverse_id': page.reverse_id,
 91 |     }
 92 | 
 93 |     limit_visibility_in_menu = page.get_limit_visibility_in_menu(language)
 94 | 
 95 |     if limit_visibility_in_menu is constants.VISIBILITY_ALL:
 96 |         attr['visible_for_authenticated'] = True
 97 |         attr['visible_for_anonymous'] = True
 98 |     else:
 99 |         attr['visible_for_authenticated'] = limit_visibility_in_menu == constants.VISIBILITY_USERS
100 |         attr['visible_for_anonymous'] = limit_visibility_in_menu == constants.VISIBILITY_ANONYMOUS
101 |     attr['is_home'] = page.is_home
102 |     # Extenders can be either navigation extenders or from apphooks.
103 |     extenders = []
104 |     if page.navigation_extenders:
105 |         if page.navigation_extenders in renderer.menus:
106 |             extenders.append(page.navigation_extenders)
107 |         elif "{0}:{1}".format(page.navigation_extenders, page.pk) in renderer.menus:
108 |             extenders.append("{0}:{1}".format(page.navigation_extenders, page.pk))
109 |     # Is this page an apphook? If so, we need to handle the apphooks's nodes
110 |     # Only run this if we have a translation in the requested language for this
111 |     # object. The title cache should have been prepopulated in CMSMenu.get_nodes
112 |     # but otherwise, just request the title normally
113 |     if page.title_cache.get(language) and page.application_urls:
114 |         # it means it is an apphook
115 |         app = apphook_pool.get_apphook(page.application_urls)
116 | 
117 |         if app:
118 |             extenders += app.get_menus(page, language)
119 |     exts = []
120 |     for ext in extenders:
121 |         if hasattr(ext, "get_instances"):
122 |             # CMSAttachMenus are treated a bit differently to allow them to be
123 |             # able to be attached to multiple points in the navigation.
124 |             exts.append("{0}:{1}".format(ext.__name__, page.pk))
125 |         elif hasattr(ext, '__name__'):
126 |             exts.append(ext.__name__)
127 |         else:
128 |             exts.append(ext)
129 |     if exts:
130 |         attr['navigation_extenders'] = exts
131 | 
132 |     for lang in [language] + fallbacks:
133 |         translation = page.title_cache[lang]
134 | 
135 |         if translation:
136 |             page_url = page.urls_cache[lang]
137 |             # Do we have a redirectURL?
138 |             attr['redirect_url'] = translation.redirect  # save redirect URL if any
139 | 
140 |             # Now finally, build the NavigationNode object and return it.
141 |             # The parent_id is manually set by the menu get_nodes method.
142 |             ret_node = CMSNavigationNode(
143 |                 title=translation.menu_title or translation.title,
144 |                 url='',
145 |                 id=page.pk,
146 |                 attr=attr,
147 |                 visible=page.get_in_navigation(translation.language),
148 |                 path=page_url.path or page_url.slug,
149 |                 language=(translation.language if translation.language != language else None),
150 |             )
151 |             return ret_node
152 |     else:
153 |         raise RuntimeError('Unable to render cms menu. There is a language misconfiguration.')
```

2026-09-16 22:16:47 utils.py INFO 
LiteLLM completion() model= qwen/qwen3-coder; provider = openrouter
2026-09-16 22:16:49 utils.py INFO Wrapper: Completed Call, calling success_handler
2026-09-16 22:16:49 auto_search_main.py INFO Executing code:
```
print(search_code_snippets(**{'search_terms': ['limit_visibility_in_menu'], 'file_path_or_pattern': 'cms/migrations/*'}))
```
2026-09-16 22:16:47 __init__.py DEBUG Building index from IDs objects
2026-09-16 22:16:48 __init__.py DEBUG Building index from IDs objects
2026-09-16 22:16:48 auto_search_main.py INFO OBSERVATION:
##Searching for term "limit_visibility_in_menu"...
### Search Result:
Found `cms/migrations/0030_auto_20180810_0629.py:update_titles`.
Source: Retrieved code content using keyword search (bm25).
```
 1 | # -*- coding: utf-8 -*-
 2 | # Generated by Django 1.11.13 on 2018-08-10 10:29
 3 | from __future__ import unicode_literals
 4 | 
 5 | from django.db import migrations
 6 | 
 7 | 
 8 | def update_titles(apps, schema_editor):
 9 |     db_alias = schema_editor.connection.alias
10 |     Page = apps.get_model('cms', 'Page')
11 |     for page in Page.objects.using(db_alias):
12 |         page.title_set.update(
13 |             created_by=page.created_by,
14 |             changed_by=page.changed_by,
15 |             changed_date=page.changed_date,
16 |             in_navigation=page.in_navigation,
17 |             soft_root=page.soft_root,
18 |             limit_visibility_in_menu=page.limit_visibility_in_menu,
19 |             template=page.template,
20 |             xframe_options=page.xframe_options,
21 |         )
```

Found `cms/migrations/0031_remove_fields.py:Migration`.
Source: Retrieved code content using keyword search (bm25).
```
 1 | # -*- coding: utf-8 -*-
 2 | # Generated by Django 1.11.13 on 2018-08-10 15:39
 3 | from __future__ import unicode_literals
 4 | 
 5 | from django.db import migrations
 6 | 
 7 | 
 8 | class Migration(migrations.Migration):
 9 | 
10 |     dependencies = [
11 |         ('cms', '0030_auto_20180810_0629'),
12 |     ]
13 | 
14 |     operations = [
15 |         migrations.AlterUniqueTogether(
16 |             name='page',
17 |             unique_together=set([]),
18 |         ),
19 |         migrations.RemoveField(
20 |             model_name='page',
21 |             name='publisher_public',
22 |         ),
23 |         migrations.RemoveField(
24 |             model_name='page',
25 |             name='publisher_is_draft',
26 |         ),
27 |         migrations.RemoveField(
28 |             model_name='page',
29 |             name='publication_date',
30 |         ),
31 |         migrations.RemoveField(
32 |             model_name='page',
33 |             name='publication_end_date',
34 |         ),
35 |         migrations.RemoveField(
36 |             model_name='page',
37 |             name='template',
38 |         ),
39 |         migrations.RemoveField(
40 |             model_name='page',
41 |             name='xframe_options',
42 |         ),
43 |         migrations.RemoveField(
44 |             model_name='page',
45 |             name='in_navigation',
46 |         ),
47 |         migrations.RemoveField(
48 |             model_name='page',
49 |             name='soft_root',
50 |         ),
51 |         migrations.RemoveField(
52 |             model_name='page',
53 |             name='limit_visibility_in_menu',
54 |         ),
55 |         migrations.RemoveField(
56 |             model_name='title',
57 |             name='publisher_is_draft',
58 |         ),
59 |         migrations.RemoveField(
60 |             model_name='title',
61 |             name='publisher_public',
62 |         ),
63 |         migrations.RemoveField(
64 |             model_name='title',
65 |             name='published',
66 |         ),
67 |         migrations.RemoveField(
68 |             model_name='title',
69 |             name='publisher_state',
70 |         ),
71 |         migrations.RemoveField(
72 |             model_name='title',
73 |             name='slug',
74 |         ),
75 |         migrations.RemoveField(
76 |             model_name='title',
77 |             name='path',
78 |         ),
79 |         migrations.RemoveField(
80 |             model_name='title',
81 |             name='has_url_overwrite',
82 |         ),
83 |     ]
84 | 
```

Found `cms/migrations/0029_create_title_fields_and_url_model.py:Migration`.
Source: Retrieved code content using keyword search (bm25).
```
 1 | # -*- coding: utf-8 -*-
 2 | # Generated by Django 1.11.13 on 2018-08-08 14:26
 3 | from __future__ import unicode_literals
 4 | 
 5 | from cms.models import PageContent
 6 | from cms.utils.conf import get_cms_setting
 7 | from django.db import migrations, models
 8 | import django.db.models.deletion
 9 | 
10 | 
11 | class Migration(migrations.Migration):
12 | 
13 |     dependencies = [
14 |         ('cms', '0028_remove_page_placeholders'),
15 |     ]
16 | 
17 |     operations = [
18 |         migrations.AddField(
19 |             model_name='title',
20 |             name='changed_by',
21 |             field=models.CharField(editable=False, default='', max_length=255, verbose_name='changed by'),
22 |             preserve_default=False,
23 |         ),
24 |         migrations.AddField(
25 |             model_name='title',
26 |             name='changed_date',
27 |             field=models.DateTimeField(auto_now=True),
28 |         ),
29 |         migrations.AddField(
30 |             model_name='title',
31 |             name='created_by',
32 |             field=models.CharField(editable=False, default='', max_length=255, verbose_name='created by'),
33 |             preserve_default=False,
34 |         ),
35 |         migrations.AddField(
36 |             model_name='title',
37 |             name='in_navigation',
38 |             field=models.BooleanField(db_index=True, default=True, verbose_name='in navigation'),
39 |         ),
40 |         migrations.AddField(
41 |             model_name='title',
42 |             name='limit_visibility_in_menu',
43 |             field=models.SmallIntegerField(blank=True, choices=PageContent.LIMIT_VISIBILITY_IN_MENU_CHOICES, db_index=True, default=None, help_text='limit when this page is visible in the menu', null=True, verbose_name='menu visibility'),
44 |         ),
45 |         migrations.AddField(
46 |             model_name='title',
47 |             name='template',
48 |             field=models.CharField(choices=PageContent.template_choices, default=PageContent.TEMPLATE_DEFAULT, help_text='The template used to render the content.', max_length=100, verbose_name='template'),
49 |         ),
50 |         migrations.AddField(
51 |             model_name='title',
52 |             name='xframe_options',
53 |             field=models.IntegerField(choices=PageContent.X_FRAME_OPTIONS_CHOICES, default=get_cms_setting('DEFAULT_X_FRAME_OPTIONS')),
54 |         ),
55 |         migrations.AddField(
56 |             model_name='title',
57 |             name='soft_root',
58 |             field=models.BooleanField(db_index=True, default=False, help_text='All ancestors will not be displayed in the navigation', verbose_name='soft root'),
59 |         ),
60 |         migrations.CreateModel(
61 |             name='PageUrl',
62 |             fields=[
63 |                 ('id', models.AutoField(auto_created=True, primary_key=True, serialize=False, verbose_name='ID')),
64 |                 ('slug', models.SlugField(max_length=255, verbose_name='slug')),
65 |                 ('path', models.CharField(db_index=True, max_length=255, null=True, verbose_name='Path')),
66 |                 ('language', models.CharField(db_index=True, max_length=15, verbose_name='language')),
67 |                 ('managed', models.BooleanField(default=False)),
68 |                 ('page',
69 |                  models.ForeignKey(on_delete=django.db.models.deletion.CASCADE, related_name='urls', to='cms.Page',
70 |                                    verbose_name='page')),
71 |             ],
72 |             options={
73 |                 'default_permissions': [],
74 |             },
75 |         ),
76 |     ]
77 | 
```

Found function `cms/models/pagemodel.py:Page.get_limit_visibility_in_menu`.
Source: Retrieved entity using keyword search (bm25).
```
1060 | def get_limit_visibility_in_menu(self, language=None, fallback=True, force_reload=False):
1061 |         return self.get_page_content_obj_attribute("limit_visibility_in_menu", language, fallback, force_reload)
```

Found file `menus/__init__.py`.
Found file `menus/migrations/__init__.py`.
Source: Retrieved entity using keyword search (bm25).
Hint: Use more detailed query to get the full content of some if needed.

2026-09-16 22:16:48 utils.py INFO 
LiteLLM completion() model= qwen/qwen3-coder; provider = openrouter
2026-09-16 22:16:51 utils.py INFO Wrapper: Completed Call, calling success_handler
2026-09-16 22:16:51 auto_search_main.py INFO Executing code:
```
print(search_code_snippets(**{'search_terms': ['exclude from navigation', 'exclude_from_navigation']}))
```
2026-09-16 22:16:51 __init__.py DEBUG Building index from IDs objects
2026-09-16 22:16:51 __init__.py DEBUG Building index from IDs objects
2026-09-16 22:16:51 __init__.py DEBUG Building index from IDs objects
2026-09-16 22:16:51 __init__.py DEBUG Building index from IDs objects
2026-09-16 22:16:51 __init__.py DEBUG Building index from IDs objects
2026-09-16 22:16:51 __init__.py DEBUG Building index from IDs objects
2026-09-16 22:16:51 auto_search_main.py INFO OBSERVATION:
cms/admin/permissionadmin.py:ViewRestrictionInlineAdmin
cms/admin/permissionadmin.py:PagePermissionInlineAdmin.get_formset
cms/cms_menus.py:SoftRootCutter
cms/utils/permissions.py:get_subordinate_users
cms/models/placeholdermodel.py:Placeholder.has_delete_plugins_permission
cms/migrations/0019_set_pagenode.py:Migration
cms/migrations/0019_set_pagenode.py:Migration.apply
cms/migrations/0020_old_tree_cleanup.py:Migration.apply
cms/migrations/0019_set_pagenode.py:set_page_nodes
cms/admin/permissionadmin.py:ViewRestrictionInlineAdmin
cms/admin/permissionadmin.py:PagePermissionInlineAdmin.get_formset
cms/cms_menus.py:SoftRootCutter
cms/utils/permissions.py:get_subordinate_users
cms/models/placeholdermodel.py:Placeholder.has_delete_plugins_permission
##Searching for term "exclude from navigation"...
### Search Result:
Found `cms/models/query.py:PageQuerySet`, `cms/models/query.py:PageQuerySet.on_site`, `cms/models/query.py:PageQuerySet.get_home`, `cms/models/query.py:PageQuerySet.has_apphooks`.
Source: Retrieved code content using keyword search (bm25).
```
 1 | # -*- coding: utf-8 -*-
 2 | from django.db.models.query import QuerySet
 3 | 
 4 | from treebeard.mp_tree import MP_NodeQuerySet
 5 | 
 6 | from cms.exceptions import NoHomeFound
 7 | 
 8 | 
 9 | class PageQuerySet(QuerySet):
10 | 
11 |     def on_site(self, site=None):
12 |         from cms.utils import get_current_site
13 | 
14 |         if site is None:
15 |             site = get_current_site()
16 |         return self.filter(node__site=site)
17 | 
18 |     def get_home(self, site=None):
19 |         try:
20 |             home = self.on_site(site).distinct().get(is_home=True)
21 |         except self.model.DoesNotExist:
22 |             raise NoHomeFound('No Root page found')
23 |         return home
24 | 
25 |     def has_apphooks(self):
26 |         """
27 |         Returns True if any page on this queryset has an apphook attached.
28 |         """
29 |         return self.exclude(application_urls=None).exclude(application_urls='').exists()
```

Found `cms/management/commands/subcommands/list.py:ListApphooksCommand`, `cms/management/commands/subcommands/list.py:ListApphooksCommand.handle`.
Source: Retrieved code content using keyword search (bm25).
```
  1 | # -*- coding: utf-8 -*-
  2 | from __future__ import absolute_import, print_function, unicode_literals
  3 | 
  4 | from cms.models import Page
  5 | from cms.models.pluginmodel import CMSPlugin
  6 | from cms.plugin_pool import plugin_pool
  7 | 
  8 | from .base import SubcommandsCommand
  9 | 
 10 | 
 11 | class ListApphooksCommand(SubcommandsCommand):
 12 |     help_string = 'Lists all apphooks in pages'
 13 |     command_name = 'apphooks'
 14 | 
 15 |     def handle(self, *args, **options):
 16 |         urls = list(
 17 |             Page.objects.exclude(application_urls='').exclude(
 18 |                 application_urls__isnull=True
 19 |             ).values_list(
 20 |                 'application_urls', 'application_namespace'
 21 |             )
 22 |         )
 23 |         apphooks = {}
 24 |         for apphook, application_namespace in urls:
 25 |             if apphook in apphooks:
 26 |                 apphooks[apphook][0].append('active')
 27 |             else:
 28 |                 apphooks[apphook] = [['active'], application_namespace]
 29 |         for apphook, attributes in apphooks.items():
 30 |             attributes[0].sort()
 31 |             if attributes[1]:
 32 |                 self.stdout.write('{0}[instance: {1}] ({2})\n'.format(
 33 |                     apphook, attributes[1], '/'.join(attributes[0])
 34 |                 ))
 35 |             else:
 36 |                 self.stdout.write('{0} ({1})\n'.format(
 37 |                     apphook, '/'.join(attributes[0])
 38 |                 ))
```



##Searching for term "exclude from navigation", "exclude_from_navigation", "exclude from navigation exclude_from_navigation"...
### Search Result:
Found function `cms/models/pagemodel.py:Page.get_in_navigation`.
Source: Retrieved entity using keyword search (bm25).
```
1057 | def get_in_navigation(self, language=None, fallback=True, force_reload=False):
1058 |         return self.get_page_content_obj_attribute("in_navigation", language, fallback, force_reload)
```

Found function `cms/models/titlemodels.py:PageContent.toggle_in_navigation`.
Source: Retrieved entity using keyword search (bm25).
```
112 | def toggle_in_navigation(self, set_to=None):
113 |         '''
114 |         Toggles (or sets) in_navigation and invalidates the cms page cache
115 |         '''
116 |         old = bool(self.in_navigation)
117 | 
118 |         if set_to in [True, False]:
119 |             new = set_to
120 |         else:
121 |             new = not old
122 | 
123 |         self.update(in_navigation=new)
124 | 
125 |         # If there was a change, invalidate the cms page cache
126 |         if new != old:
127 |             self.page.clear_cache()
128 |         return new
```

Found function `cms/admin/forms.py:AdvancedSettingsForm.get_navigation_extenders`.
Source: Retrieved entity using keyword search (bm25).
```
764 | def get_navigation_extenders(self):
765 |         return menu_pool.get_menus_by_attribute("cms_enabled", True)
```



##Searching for term "exclude from navigation", "exclude from navigation exclude_from_navigation"...
### Search Result:
Found class `cms/cms_menus.py:SoftRootCutter`.
Source: Retrieved code content using keyword search (bm25).
Just show the structure of this class due to response length limitations:
```
class SoftRootCutter(Modifier):

    def modify(self, request, nodes, namespace, root_id, post_cut, breadcrumb):
...
    def find_and_remove_children(self, node, nodes):
...
    def remove_children(self, node, nodes):
...
    def find_ancestors_and_remove_children(self, node, nodes):

```
Hint: Search `cms/cms_menus.py:SoftRootCutter` to get the full content if needed.

Found function `cms/admin/permissionadmin.py:PagePermissionInlineAdmin.get_formset`.
Source: Retrieved code content using keyword search (bm25).
```
 90 | def get_formset(self, request, obj=None, **kwargs):
 91 |         """
 92 |         Some fields may be excluded here. User can change only
 93 |         permissions which are available for him. E.g. if user does not haves
 94 |         can_publish flag, he can't change assign can_publish permissions.
 95 |         """
 96 |         exclude = self.exclude or []
 97 |         if obj:
 98 |             user = request.user
 99 |             if not obj.has_add_permission(user):
100 |                 exclude.append('can_add')
101 |             if not obj.has_delete_permission(user):
102 |                 exclude.append('can_delete')
103 |             if not obj.has_publish_permission(user):
104 |                 exclude.append('can_publish')
105 |             if not obj.has_advanced_settings_permission(user):
106 |                 exclude.append('can_change_advanced_settings')
107 |             if not obj.has_move_page_permission(user):
108 |                 exclude.append('can_move_page')
109 | 
110 |         kwargs['exclude'] = exclude
111 |         formset_cls = super(PagePermissionInlineAdmin, self).get_formset(request, obj=obj, **kwargs)
112 |         qs = self.get_queryset(request)
113 |         if obj is not None:
114 |             qs = qs.filter(page=obj)
115 |         formset_cls._queryset = qs
116 |         return formset_cls
```

Found class `cms/admin/permissionadmin.py:ViewRestrictionInlineAdmin`.
Source: Retrieved code content using keyword search (bm25).
```
119 | class ViewRestrictionInlineAdmin(PagePermissionInlineAdmin):
120 |     extra = 0  # edit page load time boost
121 |     form = ViewRestrictionInlineAdminForm
122 |     verbose_name = _("View restriction")
123 |     verbose_name_plural = _("View restrictions")
124 |     show_with_view_permissions = True
```



##Searching for term "exclude_from_navigation"...
### Search Result:
Found `cms/migrations/0020_old_tree_cleanup.py:Migration`.
Source: Retrieved code content using keyword search (bm25).
```
 1 | # -*- coding: utf-8 -*-
 2 | # Generated by Django 1.10.8 on 2018-01-03 19:50
 3 | from __future__ import unicode_literals
 4 | 
 5 | import django
 6 | import django.contrib.auth.models
 7 | from django.db import migrations, models
 8 | import django.db.models.deletion
 9 | 
10 | from . import IrreversibleMigration
11 | 
12 | 
13 | class Migration(IrreversibleMigration):
14 | 
15 |     dependencies = [
16 |         ('cms', '0019_set_pagenode'),
17 |     ]
18 | 
19 |     operations = [
20 |         migrations.AlterModelOptions(
21 |             name='page',
22 |             options={'verbose_name': 'page', 'verbose_name_plural': 'pages', 'permissions': (
23 |             ('view_page', 'Can view page'), ('publish_page', 'Can publish page'),
24 |             ('edit_static_placeholder', 'Can edit static placeholders'))},
25 |         ),
26 |         migrations.AlterField(
27 |             model_name='page',
28 |             name='node',
29 |             field=models.ForeignKey(on_delete=django.db.models.deletion.CASCADE, related_name='cms_pages',
30 |                                     to='cms.TreeNode'),
31 |         ),
32 |         migrations.RemoveField(
33 |             model_name='page',
34 |             name='migration_0018_control',
35 |         ),
36 |         migrations.RemoveField(
37 |             model_name='page',
38 |             name='site',
39 |         ),
40 |         migrations.RemoveField(
41 |             model_name='page',
42 |             name='parent',
43 |         ),
44 |         migrations.RemoveField(
45 |             model_name='page',
46 |             name='revision_id',
47 |         ),
48 |         migrations.RemoveField(
49 |             model_name='page',
50 |             name='depth',
51 |         ),
52 |         migrations.RemoveField(
53 |             model_name='page',
54 |             name='numchild',
55 |         ),
56 |         migrations.RemoveField(
57 |             model_name='page',
58 |             name='path',
59 |         ),
60 |     ]
```
Hint: 
The code for class `cms/migrations/0020_old_tree_cleanup.py:Migration` is incomplete; search `cms/migrations/0020_old_tree_cleanup.py:Migration` for the full content if needed.

Found `cms/migrations/0021_auto_20180507_1432.py:Migration`.
Source: Retrieved code content using keyword search (bm25).
```
 1 | # -*- coding: utf-8 -*-
 2 | # Generated by Django 1.11.13 on 2018-05-07 14:32
 3 | from __future__ import unicode_literals
 4 | 
 5 | from django.db import migrations, models
 6 | 
 7 | 
 8 | class Migration(migrations.Migration):
 9 | 
10 |     dependencies = [
11 |         ('cms', '0020_old_tree_cleanup'),
12 |     ]
13 | 
14 |     operations = [
15 |         migrations.AlterField(
16 |             model_name='title',
17 |             name='meta_description',
18 |             field=models.TextField(blank=True, help_text='The text displayed in search engines.', null=True, verbose_name='description'),
19 |         ),
20 |     ]
21 | 
```

Found class `cms/migrations/0019_set_pagenode.py:Migration`.
Source: Retrieved code content using keyword search (bm25).
```
53 | class Migration(IrreversibleMigration):
54 | 
55 |     dependencies = [
56 |         ('cms', '0018_create_pagenode'),
57 |     ]
58 | 
59 |     operations = [
60 |         migrations.RunPython(unpublish_never_published_pages),
61 |         migrations.RunPython(set_page_nodes),
62 |     ]
63 | 
64 |     def apply(self, project_state, schema_editor, collect_sql=False):
65 |         connection = schema_editor.connection
66 |         column_names = [
67 |             column.name for column in
68 |             connection.introspection.get_table_description(connection.cursor(), 'cms_page')
69 |         ]
70 | 
71 |         if 'migration_0018_control' in column_names:
72 |             # The new 0018 migration has been applied
73 |             return super(Migration, self).apply(project_state, schema_editor, collect_sql)
74 | 
75 |         # The old 0018 migration was applied
76 |         # Move the project state forward without actually running
77 |         # any of the operations against the database.
78 |         for operation in self.operations:
79 |             operation.state_forwards(self.app_label, project_state)
80 |         return project_state
```

Found function `cms/migrations/0020_old_tree_cleanup.py:Migration.apply`.
Source: Retrieved code content using keyword search (bm25).
```
62 | def apply(self, project_state, schema_editor, collect_sql=False):
63 |         connection = schema_editor.connection
64 |         column_names = [
65 |             column.name for column in
66 |             connection.introspection.get_table_description(connection.cursor(), 'cms_page')
67 |         ]
68 | 
69 |         if 'migration_0018_control' in column_names:
70 |             # The new 0018 migration has been applied
71 |             return super(Migration, self).apply(project_state, schema_editor, collect_sql)
72 | 
73 |         # The old 0018 migration was applied
74 |         # Move the project state forward without actually running
75 |         # any of the operations against the database.
76 |         for operation in self.operations:
77 |             operation.state_forwards(self.app_label, project_state)
78 |         return project_state
```



##Searching for term "exclude from navigation exclude_from_navigation"...
### Search Result:
Found `cms/models/query.py:PageQuerySet`, `cms/models/query.py:PageQuerySet.on_site`, `cms/models/query.py:PageQuerySet.get_home`, `cms/models/query.py:PageQuerySet.has_apphooks`.
Source: Retrieved code content using keyword search (bm25).
```
 1 | # -*- coding: utf-8 -*-
 2 | from django.db.models.query import QuerySet
 3 | 
 4 | from treebeard.mp_tree import MP_NodeQuerySet
 5 | 
 6 | from cms.exceptions import NoHomeFound
 7 | 
 8 | 
 9 | class PageQuerySet(QuerySet):
10 | 
11 |     def on_site(self, site=None):
12 |         from cms.utils import get_current_site
13 | 
14 |         if site is None:
15 |             site = get_current_site()
16 |         return self.filter(node__site=site)
17 | 
18 |     def get_home(self, site=None):
19 |         try:
20 |             home = self.on_site(site).distinct().get(is_home=True)
21 |         except self.model.DoesNotExist:
22 |             raise NoHomeFound('No Root page found')
23 |         return home
24 | 
25 |     def has_apphooks(self):
26 |         """
27 |         Returns True if any page on this queryset has an apphook attached.
28 |         """
29 |         return self.exclude(application_urls=None).exclude(application_urls='').exists()
```

Found `cms/management/commands/subcommands/list.py:ListApphooksCommand`, `cms/management/commands/subcommands/list.py:ListApphooksCommand.handle`.
Source: Retrieved code content using keyword search (bm25).
```
  1 | # -*- coding: utf-8 -*-
  2 | from __future__ import absolute_import, print_function, unicode_literals
  3 | 
  4 | from cms.models import Page
  5 | from cms.models.pluginmodel import CMSPlugin
  6 | from cms.plugin_pool import plugin_pool
  7 | 
  8 | from .base import SubcommandsCommand
  9 | 
 10 | 
 11 | class ListApphooksCommand(SubcommandsCommand):
 12 |     help_string = 'Lists all apphooks in pages'
 13 |     command_name = 'apphooks'
 14 | 
 15 |     def handle(self, *args, **options):
 16 |         urls = list(
 17 |             Page.objects.exclude(application_urls='').exclude(
 18 |                 application_urls__isnull=True
 19 |             ).values_list(
 20 |                 'application_urls', 'application_namespace'
 21 |             )
 22 |         )
 23 |         apphooks = {}
 24 |         for apphook, application_namespace in urls:
 25 |             if apphook in apphooks:
 26 |                 apphooks[apphook][0].append('active')
 27 |             else:
 28 |                 apphooks[apphook] = [['active'], application_namespace]
 29 |         for apphook, attributes in apphooks.items():
 30 |             attributes[0].sort()
 31 |             if attributes[1]:
 32 |                 self.stdout.write('{0}[instance: {1}] ({2})\n'.format(
 33 |                     apphook, attributes[1], '/'.join(attributes[0])
 34 |                 ))
 35 |             else:
 36 |                 self.stdout.write('{0} ({1})\n'.format(
 37 |                     apphook, '/'.join(attributes[0])
 38 |                 ))
```

2026-09-16 22:16:51 utils.py INFO 
LiteLLM completion() model= qwen/qwen3-coder; provider = openrouter
2026-09-16 22:16:54 utils.py INFO Wrapper: Completed Call, calling success_handler
2026-09-16 22:16:54 auto_search_main.py INFO Executing code:
```
print(get_entity_contents(**{'entity_names': ['cms/cms_menus.py:SoftRootCutter']}))
```
2026-09-16 22:16:54 auto_search_main.py INFO OBSERVATION:
##Searching for entity `cms/cms_menus.py:SoftRootCutter`...
### Search Result:
Found class `cms/cms_menus.py:SoftRootCutter`.
Source: Exact match found for entity name `cms/cms_menus.py:SoftRootCutter`.
```
349 | class SoftRootCutter(Modifier):
350 |     """
351 |     Ask evildmp/superdmp if you don't understand softroots!
352 | 
353 |     Softroot description from the docs:
354 | 
355 |         A soft root is a page that acts as the root for a menu navigation tree.
356 | 
357 |         Typically, this will be a page that is the root of a significant new
358 |         section on your site.
359 | 
360 |         When the soft root feature is enabled, the navigation menu for any page
361 |         will start at the nearest soft root, rather than at the real root of
362 |         the site’s page hierarchy.
363 | 
364 |         This feature is useful when your site has deep page hierarchies (and
365 |         therefore multiple levels in its navigation trees). In such a case, you
366 |         usually don’t want to present site visitors with deep menus of nested
367 |         items.
368 | 
369 |         For example, you’re on the page -Introduction to Bleeding-?, so the menu
370 |         might look like this:
371 | 
372 |             School of Medicine
373 |                 Medical Education
374 |                 Departments
375 |                     Department of Lorem Ipsum
376 |                     Department of Donec Imperdiet
377 |                     Department of Cras Eros
378 |                     Department of Mediaeval Surgery
379 |                         Theory
380 |                         Cures
381 |                         Bleeding
382 |                             Introduction to Bleeding <this is the current page>
383 |                             Bleeding - the scientific evidence
384 |                             Cleaning up the mess
385 |                             Cupping
386 |                             Leaches
387 |                             Maggots
388 |                         Techniques
389 |                         Instruments
390 |                     Department of Curabitur a Purus
391 |                     Department of Sed Accumsan
392 |                     Department of Etiam
393 |                 Research
394 |                 Administration
395 |                 Contact us
396 |                 Impressum
397 | 
398 |         which is frankly overwhelming.
399 | 
400 |         By making -Department of Mediaeval Surgery-? a soft root, the menu
401 |         becomes much more manageable:
402 | 
403 |             Department of Mediaeval Surgery
404 |                 Theory
405 |                 Cures
406 |                     Bleeding
407 |                         Introduction to Bleeding <current page>
408 |                         Bleeding - the scientific evidence
409 |                         Cleaning up the mess
410 |                     Cupping
411 |                     Leaches
412 |                     Maggots
413 |                 Techniques
414 |                 Instruments
415 |     """
416 | 
417 |     def modify(self, request, nodes, namespace, root_id, post_cut, breadcrumb):
418 |         # only apply this modifier if we're pre-cut (since what we do is cut)
419 |         # or if no id argument is provided, indicating {% show_menu_below_id %}
420 |         if post_cut or root_id:
421 |             return nodes
422 |         selected = None
423 |         root_nodes = []
424 |         # find the selected node as well as all the root nodes
425 |         for node in nodes:
426 |             if node.selected:
427 |                 selected = node
428 |             if not node.parent:
429 |                 root_nodes.append(node)
430 | 
431 |         # if we found a selected ...
432 |         if selected:
433 |             # and the selected is a softroot
434 |             if selected.attr.get("soft_root", False):
435 |                 # get it's descendants
436 |                 nodes = selected.get_descendants()
437 |                 # remove the link to parent
438 |                 selected.parent = None
439 |                 # make the selected page the root in the menu
440 |                 nodes = [selected] + nodes
441 |             else:
442 |                 # if it's not a soft root, walk ancestors (upwards!)
443 |                 nodes = self.find_ancestors_and_remove_children(selected, nodes)
444 |         return nodes
445 | 
446 |     def find_and_remove_children(self, node, nodes):
447 |         for child in node.children:
448 |             if child.attr.get("soft_root", False):
449 |                 self.remove_children(child, nodes)
450 |         return nodes
451 | 
452 |     def remove_children(self, node, nodes):
453 |         for child in node.children:
454 |             nodes.remove(child)
455 |             self.remove_children(child, nodes)
456 |         node.children = []
457 | 
458 |     def find_ancestors_and_remove_children(self, node, nodes):
459 |         """
460 |         Check ancestors of node for soft roots
461 |         """
462 |         if node.parent:
463 |             if node.parent.attr.get("soft_root", False):
464 |                 nodes = node.parent.get_descendants()
465 |                 node.parent.parent = None
466 |                 nodes = [node.parent] + nodes
467 |             else:
468 |                 nodes = self.find_ancestors_and_remove_children(
469 |                     node.parent, nodes)
470 |         else:
471 |             for newnode in nodes:
472 |                 if newnode != node and not newnode.parent:
473 |                     self.find_and_remove_children(newnode, nodes)
474 |         for child in node.children:
475 |             if child != node:
476 |                 self.find_and_remove_children(child, nodes)
477 |         return nodes
```

2026-09-16 22:16:54 utils.py INFO 
LiteLLM completion() model= qwen/qwen3-coder; provider = openrouter
2026-09-16 22:16:57 utils.py INFO Wrapper: Completed Call, calling success_handler
2026-09-16 22:16:57 auto_search_main.py INFO Executing code:
```
print(search_code_snippets(**{'search_terms': ['visible', 'navigation'], 'file_path_or_pattern': 'cms/cms_menus.py'}))
```
2026-09-16 22:16:57 __init__.py DEBUG Building index from IDs objects
2026-09-16 22:16:57 __init__.py DEBUG Building index from IDs objects
2026-09-16 22:16:57 __init__.py DEBUG Building index from IDs objects
2026-09-16 22:16:57 __init__.py DEBUG Building index from IDs objects
2026-09-16 22:16:58 __init__.py DEBUG Building index from IDs objects
2026-09-16 22:16:58 __init__.py DEBUG Building index from IDs objects
2026-09-16 22:16:58 auto_search_main.py INFO OBSERVATION:
cms/cms_menus.py:NavExtender
cms/cms_menus.py:NavExtender.modify
cms/cms_menus.py:impl:2
cms/cms_menus.py:get_menu_node_for_page
cms/cms_menus.py:SoftRootCutter
cms/cms_menus.py:get_menu_node_for_page
cms/cms_menus.py:impl
cms/cms_menus.py:CMSMenu.get_nodes
cms/cms_menus.py:get_menu_node_for_page
cms/cms_menus.py:NavExtender
cms/cms_menus.py:NavExtender.modify
cms/cms_menus.py:impl:2
cms/cms_menus.py:get_menu_node_for_page
cms/cms_menus.py:SoftRootCutter
cms/cms_menus.py:get_menu_node_for_page
##Searching for term "visible"...
### Search Result:
Found function `cms/cms_menus.py:get_visible_nodes`.
Source: Retrieved entity using keyword search (bm25).
```
25 | def get_visible_nodes(request, pages, site):
26 |     """
27 |      This code is basically a many-pages-at-once version of
28 |      cms.utils.page_permissions.user_can_view_page
29 |      pages contains all published pages
30 |     """
31 |     user = request.user
32 |     public_for = get_cms_setting('PUBLIC_FOR')
33 |     can_see_unrestricted = public_for == 'all' or (public_for == 'staff' and user.is_staff)
34 | 
35 |     if not user.is_authenticated and not can_see_unrestricted:
36 |         # User is not authenticated and can't see unrestricted pages,
37 |         # no need to check for page restrictions because if there's some,
38 |         # user is anon and if there is not any, user can't see unrestricted.
39 |         return []
40 | 
41 |     if user_can_view_all_pages(user, site):
42 |         return list(pages)
43 | 
44 |     restricted_pages = get_view_restrictions(pages)
45 | 
46 |     if not restricted_pages:
47 |         # If there's no restrictions, let the user see all pages
48 |         # only if he can see unrestricted, otherwise return no pages.
49 |         return list(pages) if can_see_unrestricted else []
50 | 
51 |     user_id = user.pk
52 |     user_groups = SimpleLazyObject(lambda: frozenset(user.groups.values_list('pk', flat=True)))
53 |     is_auth_user = user.is_authenticated
54 | 
55 |     def user_can_see_page(page):
56 |         page_permissions = restricted_pages.get(page.pk, [])
57 | 
58 |         if not page_permissions:
59 |             # Page has no view restrictions, fallback to the project's
60 |             # CMS_PUBLIC_FOR setting.
61 |             return can_see_unrestricted
62 | 
63 |         if not is_auth_user:
64 |             return False
65 | 
66 |         for perm in page_permissions:
67 |             if perm.user_id == user_id or perm.group_id in user_groups:
68 |                 return True
69 |         return False
70 |     return [page for page in pages if user_can_see_page(page)]
```

Found function `cms/api.py:create_title`.
Source: Retrieved entity using keyword search (bm25).
```
203 | def create_title(language, title, page, menu_title=None, slug=None,
204 |                  redirect=None, meta_description=None, parent=None,
205 |                  overwrite_url=None, page_title=None, path=None,
206 |                  created_by='python-api', soft_root=False, in_navigation=False,
207 |                  template=TEMPLATE_INHERITANCE_MAGIC,
208 |                  limit_visibility_in_menu=constants.VISIBILITY_ALL,
209 |                  xframe_options=constants.X_FRAME_OPTIONS_INHERIT):
210 |     """
211 |     Create a title.
212 | 
213 |     Parent is only used if slug=None.
214 | 
215 |     See docs/extending_cms/api_reference.rst for more info
216 |     """
217 |     # validate template
218 |     if not template == TEMPLATE_INHERITANCE_MAGIC:
219 |         assert template in [tpl[0] for tpl in get_cms_setting('TEMPLATES')]
220 |         get_template(template)
221 | 
222 |     # validate page
223 |     assert isinstance(page, Page)
224 | 
225 |     # validate language:
226 |     assert language in get_language_list(page.node.site_id)
227 | 
228 |     # validate menu visibility
229 |     accepted_limitations = (constants.VISIBILITY_ALL, constants.VISIBILITY_USERS, constants.VISIBILITY_ANONYMOUS)
230 |     assert limit_visibility_in_menu in accepted_limitations
231 | 
232 |     # set default slug:
233 |     if not slug:
234 |         base = page.get_path_for_slug(slugify(title), language)
235 |         slug = get_available_slug(page.node.site, base, language)
236 | 
237 |     if overwrite_url:
238 |         path = overwrite_url.strip('/')
239 |     elif path is None:
240 |         path = page.get_path_for_slug(slug, language)
241 | 
242 |     if created_by and isinstance(created_by, get_user_model()):
243 |         created_by = get_clean_username(created_by)
244 | 
245 |     page.urls.create(
246 |         slug=slug,
247 |         path=path,
248 |         page=page,
249 |         managed=not bool(overwrite_url),
250 |         language=language,
251 |     )
252 | 
253 |     title = PageContent.objects.create(
254 |         language=language,
255 |         title=title,
256 |         menu_title=menu_title,
257 |         page_title=page_title,
258 |         redirect=redirect,
259 |         meta_description=meta_description,
260 |         page=page,
261 |         created_by=created_by,
262 |         changed_by=created_by,
263 |         soft_root=soft_root,
264 |         in_navigation=in_navigation,
265 |         template=template,
266 |         limit_visibility_in_menu=limit_visibility_in_menu,
267 |         xframe_options=xframe_options,
268 |     )
269 |     title.rescan_placeholders()
270 | 
271 |     page_languages = page.get_languages()
272 | 
273 |     if language not in page_languages:
274 |         page.update_languages(page_languages + [language])
275 |     return title
```



##Searching for term "visible", "visible navigation"...
### Search Result:
Found class `cms/cms_menus.py:NavExtender`.
Source: Retrieved code content using keyword search (bm25).
```
295 | class NavExtender(Modifier):
296 | 
297 |     def modify(self, request, nodes, namespace, root_id, post_cut, breadcrumb):
298 |         if post_cut:
299 |             return nodes
300 |         # rearrange the parent relations
301 |         # Find home
302 |         home = next((n for n in nodes if n.attr.get("is_home", False)), None)
303 |         # Find nodes with NavExtenders
304 |         exts = []
305 |         for node in nodes:
306 |             extenders = node.attr.get("navigation_extenders", None)
307 |             if extenders:
308 |                 for ext in extenders:
309 |                     if ext not in exts:
310 |                         exts.append(ext)
311 |                     # Link the nodes
312 |                     for extnode in nodes:
313 |                         if extnode.namespace == ext and not extnode.parent_id:
314 |                             # if home has nav extenders but home is not visible
315 |                             if node == home and not node.visible:
316 |                                 # extnode.parent_id = None
317 |                                 extnode.parent_namespace = None
318 |                                 extnode.parent = None
319 |                             else:
320 |                                 extnode.parent_id = node.id
321 |                                 extnode.parent_namespace = node.namespace
322 |                                 extnode.parent = node
323 |                                 node.children.append(extnode)
324 |         removed = []
325 | 
326 |         # find all not assigned nodes
327 |         for menu in self.renderer.menus.items():
328 |             if (hasattr(menu[1], 'cms_enabled')
329 |                     and menu[1].cms_enabled and not menu[0] in exts):
330 |                 for node in nodes:
331 |                     if node.namespace == menu[0]:
332 |                         removed.append(node)
333 |         if breadcrumb:
334 |             # if breadcrumb and home not in navigation add node
335 |             if breadcrumb and home and not home.visible:
336 |                 home.visible = True
337 |                 if request.path_info == home.get_absolute_url():
338 |                     home.selected = True
339 |                 else:
340 |                     home.selected = False
341 |         # remove all nodes that are nav_extenders and not assigned
342 |         for node in removed:
343 |             nodes.remove(node)
344 |         return nodes
```



##Searching for term "visible", "navigation", "visible navigation"...
### Search Result:
Found function `cms/cms_menus.py:get_menu_node_for_page`.
Source: Retrieved code content using keyword search (bm25).
```
 73 | def get_menu_node_for_page(renderer, page, language, fallbacks=None):
 74 |     """
 75 |     Transform a CMS page into a navigation node.
 76 | 
 77 |     :param renderer: MenuRenderer instance bound to the request
 78 |     :param page: the page you wish to transform
 79 |     :param language: The current language used to render the menu
 80 |     """
 81 |     if fallbacks is None:
 82 |         fallbacks = []
 83 | 
 84 |     # Theses are simple to port over, since they are not calculated.
 85 |     # Other attributes will be added conditionally later.
 86 |     attr = {
 87 |         'is_page': True,
 88 |         'soft_root': page.get_soft_root(language),
 89 |         'auth_required': page.login_required,
 90 |         'reverse_id': page.reverse_id,
 91 |     }
 92 | 
 93 |     limit_visibility_in_menu = page.get_limit_visibility_in_menu(language)
 94 | 
 95 |     if limit_visibility_in_menu is constants.VISIBILITY_ALL:
 96 |         attr['visible_for_authenticated'] = True
 97 |         attr['visible_for_anonymous'] = True
 98 |     else:
 99 |         attr['visible_for_authenticated'] = limit_visibility_in_menu == constants.VISIBILITY_USERS
100 |         attr['visible_for_anonymous'] = limit_visibility_in_menu == constants.VISIBILITY_ANONYMOUS
101 |     attr['is_home'] = page.is_home
102 |     # Extenders can be either navigation extenders or from apphooks.
103 |     extenders = []
104 |     if page.navigation_extenders:
105 |         if page.navigation_extenders in renderer.menus:
106 |             extenders.append(page.navigation_extenders)
107 |         elif "{0}:{1}".format(page.navigation_extenders, page.pk) in renderer.menus:
108 |             extenders.append("{0}:{1}".format(page.navigation_extenders, page.pk))
109 |     # Is this page an apphook? If so, we need to handle the apphooks's nodes
110 |     # Only run this if we have a translation in the requested language for this
111 |     # object. The title cache should have been prepopulated in CMSMenu.get_nodes
112 |     # but otherwise, just request the title normally
113 |     if page.title_cache.get(language) and page.application_urls:
114 |         # it means it is an apphook
115 |         app = apphook_pool.get_apphook(page.application_urls)
116 | 
117 |         if app:
118 |             extenders += app.get_menus(page, language)
119 |     exts = []
120 |     for ext in extenders:
121 |         if hasattr(ext, "get_instances"):
122 |             # CMSAttachMenus are treated a bit differently to allow them to be
123 |             # able to be attached to multiple points in the navigation.
124 |             exts.append("{0}:{1}".format(ext.__name__, page.pk))
125 |         elif hasattr(ext, '__name__'):
126 |             exts.append(ext.__name__)
127 |         else:
128 |             exts.append(ext)
129 |     if exts:
130 |         attr['navigation_extenders'] = exts
131 | 
132 |     for lang in [language] + fallbacks:
133 |         translation = page.title_cache[lang]
134 | 
135 |         if translation:
136 |             page_url = page.urls_cache[lang]
137 |             # Do we have a redirectURL?
138 |             attr['redirect_url'] = translation.redirect  # save redirect URL if any
139 | 
140 |             # Now finally, build the NavigationNode object and return it.
141 |             # The parent_id is manually set by the menu get_nodes method.
142 |             ret_node = CMSNavigationNode(
143 |                 title=translation.menu_title or translation.title,
144 |                 url='',
145 |                 id=page.pk,
146 |                 attr=attr,
147 |                 visible=page.get_in_navigation(translation.language),
148 |                 path=page_url.path or page_url.slug,
149 |                 language=(translation.language if translation.language != language else None),
150 |             )
151 |             return ret_node
152 |     else:
153 |         raise RuntimeError('Unable to render cms menu. There is a language misconfiguration.')
```



##Searching for term "navigation", "visible navigation"...
### Search Result:
Found class `cms/cms_menus.py:SoftRootCutter`.
Source: Retrieved code content using keyword search (bm25).
Just show the structure of this class due to response length limitations:
```
class SoftRootCutter(Modifier):

    def modify(self, request, nodes, namespace, root_id, post_cut, breadcrumb):
...
    def find_and_remove_children(self, node, nodes):
...
    def remove_children(self, node, nodes):
...
    def find_ancestors_and_remove_children(self, node, nodes):

```
Hint: Search `cms/cms_menus.py:SoftRootCutter` to get the full content if needed.

Found function `cms/models/pagemodel.py:Page.get_in_navigation`.
Source: Retrieved entity using keyword search (bm25).
```
1057 | def get_in_navigation(self, language=None, fallback=True, force_reload=False):
1058 |         return self.get_page_content_obj_attribute("in_navigation", language, fallback, force_reload)
```

Found function `cms/models/titlemodels.py:PageContent.toggle_in_navigation`.
Source: Retrieved entity using keyword search (bm25).
```
112 | def toggle_in_navigation(self, set_to=None):
113 |         '''
114 |         Toggles (or sets) in_navigation and invalidates the cms page cache
115 |         '''
116 |         old = bool(self.in_navigation)
117 | 
118 |         if set_to in [True, False]:
119 |             new = set_to
120 |         else:
121 |             new = not old
122 | 
123 |         self.update(in_navigation=new)
124 | 
125 |         # If there was a change, invalidate the cms page cache
126 |         if new != old:
127 |             self.page.clear_cache()
128 |         return new
```

Found function `cms/admin/forms.py:AdvancedSettingsForm.get_navigation_extenders`.
Source: Retrieved entity using keyword search (bm25).
```
764 | def get_navigation_extenders(self):
765 |         return menu_pool.get_menus_by_attribute("cms_enabled", True)
```



##Searching for term "navigation"...
### Search Result:
Found function `cms/cms_menus.py:CMSMenu.get_nodes`.
Source: Retrieved code content using keyword search (bm25).
```
185 | def get_nodes(self, request):
186 |         site = self.renderer.site
187 |         lang = self.renderer.request_language
188 |         pages = get_page_queryset(site)
189 | 
190 |         if is_valid_site_language(lang, site_id=site.pk):
191 |             _valid_language = True
192 |             _hide_untranslated = hide_untranslated(lang, site.pk)
193 |         else:
194 |             _valid_language = False
195 |             _hide_untranslated = False
196 | 
197 |         if _valid_language:
198 |             # The request language has been explicitly configured
199 |             # for the current site.
200 |             if _hide_untranslated:
201 |                 fallbacks = []
202 |             else:
203 |                 fallbacks = get_fallback_languages(lang, site_id=site.pk)
204 |             languages = [lang] + [_lang for _lang in fallbacks if _lang != lang]
205 |         else:
206 |             # The request language is not configured for the current site.
207 |             # Fallback to all configured public languages for the current site.
208 |             languages = get_public_languages(site.pk)
209 |             fallbacks = languages
210 | 
211 |         pages = (
212 |             pages
213 |             .filter(pagecontent_set__language__in=languages)
214 |             .select_related('node')
215 |             .order_by('node__path')
216 |             .distinct()
217 |         )
218 |         pages = get_visible_nodes(request, pages, site)
219 | 
220 |         if not pages:
221 |             return []
222 | 
223 |         try:
224 |             homepage = [page for page in pages if page.is_home][0]
225 |         except IndexError:
226 |             homepage = None
227 | 
228 |         urls_lookup = Prefetch(
229 |             'urls',
230 |             to_attr='filtered_urls',
231 |             queryset=PageUrl.objects.filter(language__in=languages),
232 |         )
233 |         translations_lookup = Prefetch(
234 |             'pagecontent_set',
235 |             to_attr='filtered_translations',
236 |             queryset=PageContent.objects.filter(language__in=languages),
237 |         )
238 |         prefetch_related_objects(pages, urls_lookup, translations_lookup)
239 |         # Build the blank title instances only once
240 |         blank_title_cache = {language: EmptyPageContent(language=language) for language in languages}
241 | 
242 |         if lang not in blank_title_cache:
243 |             blank_title_cache[lang] = EmptyPageContent(language=lang)
244 | 
245 |         # Maps a node id to its page id
246 |         node_id_to_page = {}
247 | 
248 |         def _page_to_node(page):
249 |             # EmptyPageContent is used to prevent the cms from trying
250 |             # to find a translation in the database
251 |             page.title_cache = blank_title_cache.copy()
252 | 
253 |             for page_url in page.filtered_urls:
254 |                 page.urls_cache[page_url.language] = page_url
255 | 
256 |             for trans in page.filtered_translations:
257 |                 page.title_cache[trans.language] = trans
258 | 
259 |             menu_node =  get_menu_node_for_page(
260 |                 self.renderer,
261 |                 page,
262 |                 language=lang,
263 |                 fallbacks=fallbacks,
264 |             )
265 |             return menu_node
266 | 
267 |         menu_nodes = []
268 | 
269 |         for page in pages:
270 |             node = page.node
271 |             parent_id = node_id_to_page.get(node.parent_id)
272 | 
273 |             if node.parent_id and not parent_id:
274 |                 # If the parent page is not available (unpublished, etc..)
275 |                 # don't bother creating menu nodes for its descendants.
276 |                 continue
277 | 
278 |             menu_node = _page_to_node(page)
279 |             cut_homepage = homepage and not homepage.get_in_navigation(lang)
280 | 
281 |             if cut_homepage and parent_id == homepage.pk:
282 |                 # When the homepage is hidden from navigation,
283 |                 # we need to cut all its direct children from it.
284 |                 menu_node.parent_id = None
285 |             else:
286 |                 menu_node.parent_id = parent_id
287 |             node_id_to_page[node.pk] = page.pk
288 |             menu_nodes.append(menu_node)
289 |         return menu_nodes
```

2026-09-16 22:16:58 utils.py INFO 
LiteLLM completion() model= qwen/qwen3-coder; provider = openrouter
2026-09-16 22:17:04 utils.py INFO Wrapper: Completed Call, calling success_handler
2026-09-16 22:17:04 utils.py INFO 
LiteLLM completion() model= qwen/qwen3-coder; provider = openrouter
2026-09-16 22:17:09 utils.py INFO Wrapper: Completed Call, calling success_handler
2026-09-16 22:17:09 auto_search_main.py INFO Executing code:
```
print(search_code_snippets(**{'search_terms': ['exclude', 'navigation'], 'file_path_or_pattern': 'menus/*'}))
```
2026-09-16 22:17:09 __init__.py DEBUG Building index from IDs objects
2026-09-16 22:17:09 __init__.py DEBUG Building index from IDs objects
2026-09-16 22:17:09 __init__.py DEBUG Building index from IDs objects
2026-09-16 22:17:09 __init__.py DEBUG Building index from IDs objects
2026-09-16 22:17:10 __init__.py DEBUG Building index from IDs objects
2026-09-16 22:17:10 __init__.py DEBUG Building index from IDs objects
2026-09-16 22:17:10 auto_search_main.py INFO OBSERVATION:
menus/templatetags/menu_tags.py:ShowSubMenu
menus/base.py:NavigationNode.get_ancestors
menus/base.py:NavigationNode.__init__
menus/base.py:NavigationNode
menus/base.py:NavigationNode.get_descendants
menus/base.py:NavigationNode.is_selected
menus/base.py:NavigationNode.get_absolute_url
menus/base.py:NavigationNode.get_menu_title
menus/base.py:NavigationNode.__repr__
menus/base.py:NavigationNode.get_attribute
menus/templatetags/menu_tags.py:ShowSubMenu
##Searching for term "exclude"...
### Search Result:
Found file `menus/models.py`.
Found file `cms/plugin_rendering.py`.
Found file `cms/exceptions.py`.
Source: Retrieved entity using keyword search (bm25).
Hint: Use more detailed query to get the full content of some if needed.



##Searching for term "navigation"...
### Search Result:
Found `menus/utils.py:mark_descendants`, `menus/utils.py:cut_levels`, `menus/utils.py:find_selected`.
Source: Retrieved code content using keyword search (bm25).
```
  1 | # -*- coding: utf-8 -*-
  2 | from django.conf import settings
  3 | from django.urls import NoReverseMatch, reverse, resolve
  4 | 
  5 | from cms.utils import get_current_site, get_language_from_request
  6 | from cms.utils.i18n import (
  7 |     force_language,
  8 |     get_default_language_for_site,
  9 |     get_fallback_languages,
 10 |     hide_untranslated,
 11 |     is_valid_site_language,
 12 | )
 13 | 
 14 | 
 15 | def mark_descendants(nodes):
 16 |     for node in nodes:
 17 |         node.descendant = True
 18 |         mark_descendants(node.children)
 19 | 
 20 | 
 21 | def cut_levels(nodes, level):
 22 |     """
 23 |     For cutting the nav_extender levels if you have a from_level in the navigation.
 24 |     """
 25 |     if nodes:
 26 |         if nodes[0].level == level:
 27 |             return nodes
 28 |     return sum((cut_levels(node.children, level) for node in nodes), [])
 29 | 
 30 | 
 31 | def find_selected(nodes):
 32 |     """
 33 |     Finds a selected nav_extender node
 34 |     """
 35 |     for node in nodes:
 36 |         if hasattr(node, "selected"):
 37 |             return node
 38 |         elif hasattr(node, "ancestor"):
 39 |             result = find_selected(node.children)
 40 |             if result:
 41 |                 return result
```

Found class `menus/base.py:NavigationNode`.
Source: Retrieved code content using keyword search (bm25).
```
30 | class NavigationNode(object):
31 | 
32 |     selected = None
33 |     sibling = False
34 |     ancestor = False
35 |     descendant = False
36 | 
37 |     def __init__(self, title, url, id, parent_id=None, parent_namespace=None,
38 |                  attr=None, visible=True):
39 |         self.children = []  # do not touch
40 |         self.parent = None  # do not touch, code depends on this
41 |         self.namespace = None  # TODO: Assert why we need this and above
42 |         self.title = title
43 |         self.url = url
44 |         self.id = id
45 |         self.parent_id = parent_id
46 |         self.parent_namespace = parent_namespace
47 |         self.visible = visible
48 |         self.attr = attr or {} # To avoid declaring a dict in defaults...
49 | 
50 |     def __repr__(self):
51 |         return "<Navigation Node: %s>" % smart_str(self.title)
52 | 
53 |     def get_menu_title(self):
54 |         return self.title
55 | 
56 |     def get_absolute_url(self):
57 |         return self.url
58 | 
59 |     def get_attribute(self, name):
60 |         return self.attr.get(name, None)
61 | 
62 |     def get_descendants(self):
63 |         return sum(([node] + node.get_descendants() for node in self.children), [])
64 | 
65 |     def get_ancestors(self):
66 |         if getattr(self, 'parent', None):
67 |             return [self.parent] + self.parent.get_ancestors()
68 |         else:
69 |             return []
70 | 
71 |     def is_selected(self, request):
72 |         node_abs_url = self.get_absolute_url()
73 |         return node_abs_url == request.path
```



##Searching for term "navigation", "exclude navigation"...
### Search Result:
Found function `cms/models/pagemodel.py:Page.get_in_navigation`.
Source: Retrieved entity using keyword search (bm25).
```
1057 | def get_in_navigation(self, language=None, fallback=True, force_reload=False):
1058 |         return self.get_page_content_obj_attribute("in_navigation", language, fallback, force_reload)
```

Found function `cms/models/titlemodels.py:PageContent.toggle_in_navigation`.
Source: Retrieved entity using keyword search (bm25).
```
112 | def toggle_in_navigation(self, set_to=None):
113 |         '''
114 |         Toggles (or sets) in_navigation and invalidates the cms page cache
115 |         '''
116 |         old = bool(self.in_navigation)
117 | 
118 |         if set_to in [True, False]:
119 |             new = set_to
120 |         else:
121 |             new = not old
122 | 
123 |         self.update(in_navigation=new)
124 | 
125 |         # If there was a change, invalidate the cms page cache
126 |         if new != old:
127 |             self.page.clear_cache()
128 |         return new
```

Found function `cms/admin/forms.py:AdvancedSettingsForm.get_navigation_extenders`.
Source: Retrieved entity using keyword search (bm25).
```
764 | def get_navigation_extenders(self):
765 |         return menu_pool.get_menus_by_attribute("cms_enabled", True)
```

Found class `menus/templatetags/menu_tags.py:ShowSubMenu`.
Source: Retrieved code content using keyword search (bm25).
```
193 | class ShowSubMenu(InclusionTag):
194 |     """
195 |     show the sub menu of the current nav-node.
196 |     - levels: how many levels deep
197 |     - root_level: the level to start the menu at
198 |     - nephews: the level of descendants of siblings (nephews) to show
199 |     - template: template used to render the navigation
200 |     """
201 |     name = 'show_sub_menu'
202 |     template = 'menu/dummy.html'
203 | 
204 |     options = Options(
205 |         IntegerArgument('levels', default=100, required=False),
206 |         Argument('root_level', default=None, required=False),
207 |         IntegerArgument('nephews', default=100, required=False),
208 |         Argument('template', default='menu/sub_menu.html', required=False),
209 |     )
210 | 
211 |     def get_context(self, context, levels, root_level, nephews, template):
212 |         # Django 1.4 doesn't accept 'None' as a tag value and resolve to ''
213 |         # So we need to force it to None again
214 |         if not root_level and root_level != 0:
215 |             root_level = None
216 |         try:
217 |             # If there's an exception (500), default context_processors may not be called.
218 |             request = context['request']
219 |         except KeyError:
220 |             return {'template': 'menu/empty.html'}
221 | 
222 |         menu_renderer = context.get('cms_menu_renderer')
223 | 
224 |         if not menu_renderer:
225 |             menu_renderer = menu_pool.get_renderer(request)
226 | 
227 |         nodes = menu_renderer.get_nodes()
228 |         children = []
229 |         # adjust root_level so we cut before the specified level, not after
230 |         include_root = False
231 |         if root_level is not None and root_level > 0:
232 |             root_level -= 1
233 |         elif root_level is not None and root_level == 0:
234 |             include_root = True
235 |         for node in nodes:
236 |             if root_level is None:
237 |                 if node.selected:
238 |                     # if no root_level specified, set it to the selected nodes level
239 |                     root_level = node.level
240 |                     # is this the ancestor of current selected node at the root level?
241 |             is_root_ancestor = (node.ancestor and node.level == root_level)
242 |             # is a node selected on the root_level specified
243 |             root_selected = (node.selected and node.level == root_level)
244 |             if is_root_ancestor or root_selected:
245 |                 cut_after(node, levels, [])
246 |                 children = node.children
247 |                 for child in children:
248 |                     if child.sibling:
249 |                         cut_after(child, nephews, [])
250 |                         # if root_level was 0 we need to give the menu the entire tree
251 |                     # not just the children
252 |                 if include_root:
253 |                     children = menu_renderer.apply_modifiers([node], post_cut=True)
254 |                 else:
255 |                     children = menu_renderer.apply_modifiers(children, post_cut=True)
256 |         context['children'] = children
257 |         context['template'] = template
258 |         context['from_level'] = 0
259 |         context['to_level'] = 0
260 |         context['extra_inactive'] = 0
261 |         context['extra_active'] = 0
262 |         return context
```

2026-09-16 22:17:10 utils.py INFO 
LiteLLM completion() model= qwen/qwen3-coder; provider = openrouter
2026-09-16 22:17:13 utils.py INFO Wrapper: Completed Call, calling success_handler
2026-09-16 22:17:13 auto_search_main.py INFO Executing code:
```
print(search_code_snippets(**{'search_terms': ['modifier', 'exclude'], 'file_path_or_pattern': 'menus/*'}))
```
2026-09-16 22:17:14 __init__.py DEBUG Building index from IDs objects
2026-09-16 22:17:14 __init__.py DEBUG Building index from IDs objects
2026-09-16 22:17:14 auto_search_main.py INFO OBSERVATION:
##Searching for term "modifier"...
### Search Result:
Found class `menus/base.py:Modifier`.
Source: Match found for entity name `modifier`.
```
21 | class Modifier(object):
22 | 
23 |     def __init__(self, renderer):
24 |         self.renderer = renderer
25 | 
26 |     def modify(self, request, nodes, namespace, root_id, post_cut, breadcrumb):
27 |         pass
```



##Searching for term "exclude"...
### Search Result:
Found file `menus/models.py`.
Found file `cms/plugin_rendering.py`.
Found file `cms/exceptions.py`.
Source: Retrieved entity using keyword search (bm25).
Hint: Use more detailed query to get the full content of some if needed.

2026-09-16 22:17:14 utils.py INFO 
LiteLLM completion() model= qwen/qwen3-coder; provider = openrouter
2026-09-16 22:17:18 utils.py INFO Wrapper: Completed Call, calling success_handler
2026-09-16 22:17:18 auto_search_main.py INFO Executing code:
```
print(search_code_snippets(**{'search_terms': ['AutoAuthCheck', 'AuthStatus'], 'file_path_or_pattern': 'menus/*'}))
```
2026-09-16 22:17:18 __init__.py DEBUG Building index from IDs objects
2026-09-16 22:17:18 __init__.py DEBUG Building index from IDs objects
2026-09-16 22:17:18 __init__.py DEBUG Building index from IDs objects
2026-09-16 22:17:19 __init__.py DEBUG Building index from IDs objects
2026-09-16 22:17:19 __init__.py DEBUG Building index from IDs objects
2026-09-16 22:17:19 __init__.py DEBUG Building index from IDs objects
2026-09-16 22:17:19 auto_search_main.py INFO OBSERVATION:
##Searching for term "AutoAuthCheck"...
### Search Result:
Found class `cms/cms_menus.py:SoftRootCutter`.
Source: Retrieved entity using keyword search (bm25).
Just show the structure of this class due to response length limitations:
```
class SoftRootCutter(Modifier):

    def modify(self, request, nodes, namespace, root_id, post_cut, breadcrumb):
...
    def find_and_remove_children(self, node, nodes):
...
    def remove_children(self, node, nodes):
...
    def find_ancestors_and_remove_children(self, node, nodes):

```
Hint: Search `cms/cms_menus.py:SoftRootCutter` to get the full content if needed.

Found class `cms/utils/check.py:FileOutputWrapper`.
Source: Retrieved entity using keyword search (bm25).
```
 25 | class FileOutputWrapper(object):
 26 |     """
 27 |     Wraps two file-like objects (that support at the very least the 'write'
 28 |     method) into an API to be used by the check function further down in
 29 |     this module.
 30 | 
 31 |     The following properties are public (and required) by alternative implementations:
 32 | 
 33 |         errors: integer count of errors encountered
 34 |         successes: integer count of successes encountered
 35 |         warnings: integer count of warnings encountered
 36 |         skips: integer count of skips encountered
 37 |         successful: Whether the checks were successful (no errors)
 38 | 
 39 |     They must also provide these methods:
 40 | 
 41 |         write_line(message=''): writes a message to stdout
 42 |         write_stderr_line(message=''): writes a message to stderr
 43 |         success(message): reports and registers a successful check
 44 |         error(message): reports and registers an error
 45 |         warn(message); reports and registers a warning
 46 |         skip(message): reports and registers a skipped check
 47 |         section(title): A context manager that starts a new section. For the
 48 |             Section API see FileSectionWrapper
 49 |     """
 50 |     def __init__(self, stdout, stderr):
 51 |         self.stdout = stdout
 52 |         self.stderr = stderr
 53 |         self.section_wrapper = FileSectionWrapper
 54 |         self.errors = 0
 55 |         self.successes = 0
 56 |         self.warnings = 0
 57 |         self.skips = 0
 58 | 
 59 |     def colorize(self, msg, opts=(), **kwargs):
 60 |         return colorize(msg, opts=opts, **kwargs)
 61 | 
 62 |     def write_line(self, message=''):
 63 |         self.write(u'%s\n' % message)
 64 | 
 65 |     def write(self, message):
 66 |         self.stdout.write(message)
 67 | 
 68 |     def write_stderr_line(self, message=''):
 69 |         self.write_stderr(u'%s\n' % message)
 70 | 
 71 |     def write_stderr(self, message):
 72 |         self.stderr.write(message)
 73 | 
 74 |     def success(self, message):
 75 |         self.successes += 1
 76 |         self.write_line(u'%s %s' % (message, self.colorize('[OK]', fg='green', opts=['bold'])))
 77 | 
 78 |     def error(self, message):
 79 |         self.errors += 1
 80 |         self.write_stderr_line(u'%s %s' % (message, self.colorize('[ERROR]', fg='red', opts=['bold'])))
 81 | 
 82 |     def warn(self, message):
 83 |         self.warnings += 1
 84 |         self.write_stderr_line(u'%s %s' % (message, self.colorize('[WARNING]', fg='yellow', opts=['bold'])))
 85 | 
 86 |     def skip(self, message):
 87 |         self.skips += 1
 88 |         self.write_line(u'%s %s' % (message, self.colorize('[SKIP]', fg='blue', opts=['bold'])))
 89 | 
 90 |     @method_decorator(contextmanager)
 91 |     def section(self, title):
 92 |         self.write_line(self.colorize(title, opts=['bold']))
 93 |         self.write_line(self.colorize('=' * len(title), opts=['bold']))
 94 |         self.write_line()
 95 |         wrapper = self.section_wrapper(self)
 96 |         try:
 97 |             yield wrapper
 98 |         except:
 99 |             self.error('Checker failed, see traceback')
100 |             raise
101 |         self.errors += wrapper.errors
102 |         self.successes += wrapper.successes
103 |         self.warnings += wrapper.warnings
104 |         self.skips += wrapper.skips
105 |         self.write_line('')
106 | 
107 |     @property
108 |     def successful(self):
109 |         return not self.errors
```



##Searching for term "AuthStatus"...
### Search Result:
Found function `manage.py:install_auth_user_model`.
Source: Retrieved entity using keyword search (bm25).
```
15 | def install_auth_user_model(settings, value):
16 |     if value is None:
17 |         return
18 |     custom_user_app = 'cms.test_utils.project.' + value.split('.')[0]
19 |     settings['INSTALLED_APPS'].insert(
20 |         settings['INSTALLED_APPS'].index('cms'),
21 |         custom_user_app
22 |     )
23 |     settings['AUTH_USER_MODEL'] = value
```

Found class `cms/utils/__init__.py:ConfiguredStorage`.
Source: Retrieved entity using keyword search (bm25).
```
57 | class ConfiguredStorage(LazyObject):
58 |     def _setup(self):
59 |         self._wrapped = get_storage_class(getattr(settings, 'STATICFILES_STORAGE', default_storage))()
```



##Searching for term "AuthStatus", "AutoAuthCheck AuthStatus"...
### Search Result:
Found class `menus/modifiers.py:AuthVisibility`.
Source: Retrieved entity using keyword search (bm25).
```
 87 | class AuthVisibility(Modifier):
 88 |     """
 89 |     Remove nodes that are login required or require a group
 90 |     """
 91 |     def modify(self, request, nodes, namespace, root_id, post_cut, breadcrumb):
 92 |         if post_cut or breadcrumb:
 93 |             return nodes
 94 |         final = []
 95 |         for node in nodes:
 96 |             if (node.attr.get('visible_for_authenticated', True) and \
 97 |                  request.user.is_authenticated) or \
 98 |                 (node.attr.get('visible_for_anonymous', True) and \
 99 |                  not request.user.is_authenticated):
100 |                 final.append(node)
101 |             else:
102 |                 if node.parent and node in node.parent.children:
103 |                     node.parent.children.remove(node)
104 |         return final
```



##Searching for term "AutoAuthCheck AuthStatus"...
### Search Result:
Found function `cms/utils/urlutils.py:static_with_version`.
Source: Retrieved entity using keyword search (bm25).
```
71 | def static_with_version(path):
72 |     """
73 |     Changes provided path from `path/to/filename.ext` to `path/to/$CMS_VERSION/filename.ext`
74 |     """
75 |     path_re = re.compile('(.*)/([^/]*$)')
76 | 
77 |     return re.sub(path_re, r'\1/%s/\2' % (cms.__version__), path)
```

Found class `cms/templatetags/cms_tags.py:PageAttribute`.
Source: Retrieved entity using keyword search (bm25).
```
349 | class PageAttribute(AsTag):
350 |     """
351 |     This template node is used to output an attribute from a page such
352 |     as its title or slug.
353 | 
354 |     Synopsis
355 |          {% page_attribute "field-name" %}
356 |          {% page_attribute "field-name" as varname %}
357 |          {% page_attribute "field-name" page_lookup %}
358 |          {% page_attribute "field-name" page_lookup as varname %}
359 | 
360 |     Example
361 |          {# Output current page's page_title attribute: #}
362 |          {% page_attribute "page_title" %}
363 |          {# Output page_title attribute of the page with reverse_id "the_page": #}
364 |          {% page_attribute "page_title" "the_page" %}
365 |          {# Output slug attribute of the page with pk 10: #}
366 |          {% page_attribute "slug" 10 %}
367 |          {# Assign page_title attribute to a variable: #}
368 |          {% page_attribute "page_title" as title %}
369 | 
370 |     Keyword arguments:
371 |     field-name -- the name of the field to output. Use one of:
372 |     - title
373 |     - menu_title
374 |     - page_title
375 |     - slug
376 |     - meta_description
377 |     - changed_date
378 |     - changed_by
379 | 
380 |     page_lookup -- lookup argument for Page, if omitted field-name of current page is returned.
381 |     See _get_page_by_untyped_arg() for detailed information on the allowed types and their interpretation
382 |     for the page_lookup argument.
383 | 
384 |     varname -- context variable name. Output will be added to template context as this variable.
385 |     This argument is required to follow the 'as' keyword.
386 |     """
387 |     name = 'page_attribute'
388 |     options = Options(
389 |         Argument('name', resolve=False),
390 |         Argument('page_lookup', required=False, default=None),
391 |         'as',
392 |         Argument('varname', required=False, resolve=False)
393 |     )
394 | 
395 |     valid_attributes = [
396 |         "title",
397 |         "slug",
398 |         "meta_description",
399 |         "page_title",
400 |         "menu_title",
401 |         "changed_date",
402 |         "changed_by",
403 |     ]
404 | 
405 |     def get_value(self, context, name, page_lookup):
406 |         if not 'request' in context:
407 |             return ''
408 |         name = name.lower()
409 |         request = context['request']
410 |         lang = get_language_from_request(request)
411 |         page = _get_page_by_untyped_arg(page_lookup, request, get_site_id(None))
412 |         if page and name in self.valid_attributes:
413 |             func = getattr(page, "get_%s" % name)
414 |             ret_val = func(language=lang, fallback=True)
415 |             if not isinstance(ret_val, datetime):
416 |                 ret_val = escape(ret_val)
417 |             return ret_val
418 |         return ''
```

2026-09-16 22:17:19 utils.py INFO 
LiteLLM completion() model= qwen/qwen3-coder; provider = openrouter
2026-09-16 22:17:23 utils.py INFO Wrapper: Completed Call, calling success_handler
2026-09-16 22:17:23 utils.py INFO 
LiteLLM completion() model= qwen/qwen3-coder; provider = openrouter
2026-09-16 22:17:27 utils.py INFO Wrapper: Completed Call, calling success_handler
2026-09-16 22:17:27 auto_search_main.py INFO Executing code:
```
print(get_entity_contents(**{'entity_names': ['menus/modifiers.py:AuthVisibility']}))
```
2026-09-16 22:17:27 auto_search_main.py INFO OBSERVATION:
##Searching for entity `menus/modifiers.py:AuthVisibility`...
### Search Result:
Found class `menus/modifiers.py:AuthVisibility`.
Source: Exact match found for entity name `menus/modifiers.py:AuthVisibility`.
```
 87 | class AuthVisibility(Modifier):
 88 |     """
 89 |     Remove nodes that are login required or require a group
 90 |     """
 91 |     def modify(self, request, nodes, namespace, root_id, post_cut, breadcrumb):
 92 |         if post_cut or breadcrumb:
 93 |             return nodes
 94 |         final = []
 95 |         for node in nodes:
 96 |             if (node.attr.get('visible_for_authenticated', True) and \
 97 |                  request.user.is_authenticated) or \
 98 |                 (node.attr.get('visible_for_anonymous', True) and \
 99 |                  not request.user.is_authenticated):
100 |                 final.append(node)
101 |             else:
102 |                 if node.parent and node in node.parent.children:
103 |                     node.parent.children.remove(node)
104 |         return final
```

2026-09-16 22:17:27 utils.py INFO 
LiteLLM completion() model= qwen/qwen3-coder; provider = openrouter
2026-09-16 22:17:32 utils.py INFO Wrapper: Completed Call, calling success_handler
2026-09-16 22:17:32 auto_search_main.py INFO Executing code:
```
print(search_code_snippets(**{'search_terms': ['modifier'], 'file_path_or_pattern': 'cms/cms_menus.py'}))
```
2026-09-16 22:17:32 auto_search_main.py INFO OBSERVATION:
##Searching for term "modifier"...
### Search Result:
Found class `menus/base.py:Modifier`.
Source: Match found for entity name `modifier`.
```
21 | class Modifier(object):
22 | 
23 |     def __init__(self, renderer):
24 |         self.renderer = renderer
25 | 
26 |     def modify(self, request, nodes, namespace, root_id, post_cut, breadcrumb):
27 |         pass
```

2026-09-16 22:17:32 utils.py INFO 
LiteLLM completion() model= qwen/qwen3-coder; provider = openrouter
2026-09-16 22:17:37 utils.py INFO Wrapper: Completed Call, calling success_handler
2026-09-16 22:17:37 auto_search_main.py INFO Executing code:
```
print(search_code_snippets(**{'search_terms': ['class.*Modifier'], 'file_path_or_pattern': 'cms/cms_menus.py'}))
```
2026-09-16 22:17:37 __init__.py DEBUG Building index from IDs objects
2026-09-16 22:17:37 auto_search_main.py INFO OBSERVATION:
cms/cms_menus.py:SoftRootCutter.modify
cms/cms_menus.py:NavExtender
cms/cms_menus.py:NavExtender.modify
cms/cms_menus.py:impl:2
##Searching for term "class.*Modifier"...
### Search Result:
Found function `menus/modifiers.py:Level.modify`.
Source: Retrieved entity using keyword search (bm25).
```
62 | def modify(self, request, nodes, namespace, root_id, post_cut, breadcrumb):
63 |         if breadcrumb:
64 |             return nodes
65 |         for node in nodes:
66 | 
67 |             if not node.parent:
68 |                 if post_cut:
69 |                     node.menu_level = 0
70 |                 else:
71 |                     node.level = 0
72 |                 self.mark_levels(node, post_cut)
73 | 
74 |         return nodes
```

Found function `menus/modifiers.py:AuthVisibility.modify`.
Source: Retrieved entity using keyword search (bm25).
```
 91 | def modify(self, request, nodes, namespace, root_id, post_cut, breadcrumb):
 92 |         if post_cut or breadcrumb:
 93 |             return nodes
 94 |         final = []
 95 |         for node in nodes:
 96 |             if (node.attr.get('visible_for_authenticated', True) and \
 97 |                  request.user.is_authenticated) or \
 98 |                 (node.attr.get('visible_for_anonymous', True) and \
 99 |                  not request.user.is_authenticated):
100 |                 final.append(node)
101 |             else:
102 |                 if node.parent and node in node.parent.children:
103 |                     node.parent.children.remove(node)
104 |         return final
```

Found function `menus/base.py:Modifier.modify`.
Source: Retrieved entity using keyword search (bm25).
```
26 | def modify(self, request, nodes, namespace, root_id, post_cut, breadcrumb):
27 |         pass
```

Found class `cms/cms_menus.py:NavExtender`.
Source: Retrieved code content using keyword search (bm25).
```
295 | class NavExtender(Modifier):
296 | 
297 |     def modify(self, request, nodes, namespace, root_id, post_cut, breadcrumb):
298 |         if post_cut:
299 |             return nodes
300 |         # rearrange the parent relations
301 |         # Find home
302 |         home = next((n for n in nodes if n.attr.get("is_home", False)), None)
303 |         # Find nodes with NavExtenders
304 |         exts = []
305 |         for node in nodes:
306 |             extenders = node.attr.get("navigation_extenders", None)
307 |             if extenders:
308 |                 for ext in extenders:
309 |                     if ext not in exts:
310 |                         exts.append(ext)
311 |                     # Link the nodes
312 |                     for extnode in nodes:
313 |                         if extnode.namespace == ext and not extnode.parent_id:
314 |                             # if home has nav extenders but home is not visible
315 |                             if node == home and not node.visible:
316 |                                 # extnode.parent_id = None
317 |                                 extnode.parent_namespace = None
318 |                                 extnode.parent = None
319 |                             else:
320 |                                 extnode.parent_id = node.id
321 |                                 extnode.parent_namespace = node.namespace
322 |                                 extnode.parent = node
323 |                                 node.children.append(extnode)
324 |         removed = []
325 | 
326 |         # find all not assigned nodes
327 |         for menu in self.renderer.menus.items():
328 |             if (hasattr(menu[1], 'cms_enabled')
329 |                     and menu[1].cms_enabled and not menu[0] in exts):
330 |                 for node in nodes:
331 |                     if node.namespace == menu[0]:
332 |                         removed.append(node)
333 |         if breadcrumb:
334 |             # if breadcrumb and home not in navigation add node
335 |             if breadcrumb and home and not home.visible:
336 |                 home.visible = True
337 |                 if request.path_info == home.get_absolute_url():
338 |                     home.selected = True
339 |                 else:
340 |                     home.selected = False
341 |         # remove all nodes that are nav_extenders and not assigned
342 |         for node in removed:
343 |             nodes.remove(node)
344 |         return nodes
```

Found function `cms/cms_menus.py:SoftRootCutter.modify`.
Source: Retrieved code content using keyword search (bm25).
```
417 | def modify(self, request, nodes, namespace, root_id, post_cut, breadcrumb):
418 |         # only apply this modifier if we're pre-cut (since what we do is cut)
419 |         # or if no id argument is provided, indicating {% show_menu_below_id %}
420 |         if post_cut or root_id:
421 |             return nodes
422 |         selected = None
423 |         root_nodes = []
424 |         # find the selected node as well as all the root nodes
425 |         for node in nodes:
426 |             if node.selected:
427 |                 selected = node
428 |             if not node.parent:
429 |                 root_nodes.append(node)
430 | 
431 |         # if we found a selected ...
432 |         if selected:
433 |             # and the selected is a softroot
434 |             if selected.attr.get("soft_root", False):
435 |                 # get it's descendants
436 |                 nodes = selected.get_descendants()
437 |                 # remove the link to parent
438 |                 selected.parent = None
439 |                 # make the selected page the root in the menu
440 |                 nodes = [selected] + nodes
441 |             else:
442 |                 # if it's not a soft root, walk ancestors (upwards!)
443 |                 nodes = self.find_ancestors_and_remove_children(selected, nodes)
444 |         return nodes
```

Found file `menus/modifiers.py`.
Source: Retrieved entity using keyword search (bm25).
Hint: Search `menus/modifiers.py` for the full content if needed.

2026-09-16 22:17:37 utils.py INFO 
LiteLLM completion() model= qwen/qwen3-coder; provider = openrouter
2026-09-16 22:17:42 utils.py INFO Wrapper: Completed Call, calling success_handler
2026-09-16 22:17:42 auto_search_main.py INFO Executing code:
```
print(search_code_snippets(**{'search_terms': ['menu_pool', 'renderer'], 'file_path_or_pattern': 'cms/cms_menus.py'}))
```
2026-09-16 22:17:43 __init__.py DEBUG Building index from IDs objects
2026-09-16 22:17:43 auto_search_main.py INFO OBSERVATION:
##Searching for term "menu_pool"...
### Search Result:
Found file `menus/menu_pool.py`.
Source: Match found for entity name `menu_pool`.
Just show the structure of this file due to response length limitations:
```
# -*- coding: utf-8 -*-

logger = getLogger('menus')


def _build_nodes_inner_for_one_menu(nodes, menu_class_name):
...

def _get_menu_class_for_instance(menu_class, instance):
...

class MenuRenderer(object):
    # The main logic behind this class is to decouple
    # the singleton menu pool from the menu rendering logic.
    # By doing this we can be sure that each request has it's
    # private instance that will always have the same attributes.

    def __init__(self, pool, request):
...
    @property
    def cache_key(self):
...
    @cached_property
    def is_cached(self):
...
    def _build_nodes(self):
...
    def _mark_selected(self, nodes):
...
    def apply_modifiers(self, nodes, namespace=None, root_id=None,
            post_cut=False, breadcrumb=False):
...
    def get_nodes(self, namespace=None, root_id=None, breadcrumb=False):
...
    def get_menu(self, menu_name):
...

class MenuPool(object):

    def __init__(self):
...
    def get_renderer(self, request):
...
    def discover_menus(self):
...
    def get_registered_menus(self, for_rendering=False):
...
    def get_registered_modifiers(self):
...
    def clear(self, site_id=None, language=None, all=False):
...
    def register_menu(self, menu_cls):
...
    def register_modifier(self, modifier_class):
...
    def get_menus_by_attribute(self, name, value):
...
    def get_nodes_by_attribute(self, nodes, name, value):
...

menu_pool = MenuPool()

```
Hint: Search `menus/menu_pool.py` to get the full content if needed.



##Searching for term "renderer"...
### Search Result:
Found function `cms/plugin_base.py:CMSPluginBase.render`.
Source: Retrieved entity using keyword search (bm25).
```
176 | def render(self, context, instance, placeholder):
177 |         context['instance'] = instance
178 |         context['placeholder'] = placeholder
179 |         return context
```

Found function `cms/toolbar/items.py:BaseItem.render`.
Source: Retrieved entity using keyword search (bm25).
```
188 | def render(self):
189 |         if self.toolbar:
190 |             template = self.toolbar.templates.get_cached_template(self.template)
191 |             return template.render(self.get_context())
192 |         # Backwards compatibility
193 |         return render_to_string(self.template, self.get_context())
```

Found function `cms/toolbar/items.py:BaseButton.render`.
Source: Retrieved entity using keyword search (bm25).
```
379 | def render(self):
380 |         if self.toolbar:
381 |             template = self.toolbar.templates.get_cached_template(self.template)
382 |             return template.render(self.get_context())
383 |         # Backwards compatibility
384 |         return render_to_string(self.template, self.get_context())
```

2026-09-16 22:17:43 utils.py INFO 
LiteLLM completion() model= qwen/qwen3-coder; provider = openrouter
2026-09-16 22:17:49 utils.py INFO Wrapper: Completed Call, calling success_handler
2026-09-16 22:17:49 auto_search_main.py INFO Executing code:
```
print(get_entity_contents(**{'entity_names': ['menus/menu_pool.py:MenuPool']}))
```
2026-09-16 22:17:49 auto_search_main.py INFO OBSERVATION:
##Searching for entity `menus/menu_pool.py:MenuPool`...
### Search Result:
Found class `menus/menu_pool.py:MenuPool`.
Source: Exact match found for entity name `menus/menu_pool.py:MenuPool`.
```
231 | class MenuPool(object):
232 | 
233 |     def __init__(self):
234 |         self.menus = {}
235 |         self.modifiers = []
236 |         self.discovered = False
237 | 
238 |     def get_renderer(self, request):
239 |         self.discover_menus()
240 |         # Returns a menu pool wrapper that is bound
241 |         # to the given request and can perform
242 |         # operations based on the given request.
243 |         return MenuRenderer(pool=self, request=request)
244 | 
245 |     def discover_menus(self):
246 |         if self.discovered:
247 |             return
248 |         autodiscover_modules('cms_menus')
249 |         from menus.modifiers import register
250 |         register()
251 |         self.discovered = True
252 | 
253 |     def get_registered_menus(self, for_rendering=False):
254 |         """
255 |         Returns all registered menu classes.
256 | 
257 |         :param for_rendering: Flag that when True forces us to include
258 |             all CMSAttachMenu subclasses, even if they're not attached.
259 |         """
260 |         self.discover_menus()
261 |         registered_menus = {}
262 | 
263 |         for menu_class_name, menu_cls in self.menus.items():
264 |             if isinstance(menu_cls, Menu):
265 |                 # A Menu **instance** was registered,
266 |                 # this is non-standard, but acceptable.
267 |                 menu_cls = menu_cls.__class__
268 |             if hasattr(menu_cls, "get_instances"):
269 |                 # It quacks like a CMSAttachMenu.
270 |                 # Expand the one CMSAttachMenu into multiple classes.
271 |                 # Each class is bound to the instance the menu is attached to.
272 |                 _get_menu_class = partial(_get_menu_class_for_instance, menu_cls)
273 | 
274 |                 instances = menu_cls.get_instances() or []
275 |                 for instance in instances:
276 |                     # For each instance, we create a unique class
277 |                     # that is bound to that instance.
278 |                     # Doing this allows us to delay the instantiation
279 |                     # of the menu class until it's needed.
280 |                     # Plus we keep the menus consistent by always
281 |                     # pointing to a class instead of an instance.
282 |                     namespace = "{0}:{1}".format(
283 |                         menu_class_name, instance.pk)
284 |                     registered_menus[namespace] = _get_menu_class(instance)
285 | 
286 |                 if not instances and not for_rendering:
287 |                     # The menu is a CMSAttachMenu but has no instances,
288 |                     # normally we'd just ignore it but it's been
289 |                     # explicitly set that we are not rendering these menus
290 |                     # via the (for_rendering) flag.
291 |                     registered_menus[menu_class_name] = menu_cls
292 |             elif hasattr(menu_cls, "get_nodes"):
293 |                 # This is another type of Menu, cannot be expanded, but must be
294 |                 # instantiated, none-the-less.
295 |                 registered_menus[menu_class_name] = menu_cls
296 |             else:
297 |                 raise ValidationError(
298 |                     "Something was registered as a menu, but isn't.")
299 |         return registered_menus
300 | 
301 |     def get_registered_modifiers(self):
302 |         return self.modifiers
303 | 
304 |     def clear(self, site_id=None, language=None, all=False):
305 |         '''
306 |         This invalidates the cache for a given menu (site_id and language)
307 |         '''
308 |         if all:
309 |             cache_keys = CacheKey.objects.get_keys()
310 |         else:
311 |             cache_keys = CacheKey.objects.get_keys(site_id, language)
312 | 
313 |         to_be_deleted = cache_keys.distinct().values_list('key', flat=True)
314 | 
315 |         if to_be_deleted:
316 |             cache.delete_many(to_be_deleted)
317 |             cache_keys.delete()
318 | 
319 |     def register_menu(self, menu_cls):
320 |         from menus.base import Menu
321 |         assert issubclass(menu_cls, Menu)
322 |         if menu_cls.__name__ in self.menus:
323 |             raise NamespaceAlreadyRegistered(
324 |                 "[{0}] a menu with this name is already registered".format(
325 |                     menu_cls.__name__))
326 |         # Note: menu_cls should still be the menu CLASS at this point.
327 |         self.menus[menu_cls.__name__] = menu_cls
328 | 
329 |     def register_modifier(self, modifier_class):
330 |         from menus.base import Modifier
331 |         assert issubclass(modifier_class, Modifier)
332 |         if modifier_class not in self.modifiers:
333 |             self.modifiers.append(modifier_class)
334 | 
335 |     def get_menus_by_attribute(self, name, value):
336 |         """
337 |         Returns the list of menus that match the name/value criteria provided.
338 |         """
339 |         # Note that we are limiting the output to only single instances of any
340 |         # specific menu class. This is to address issue (#4041) which has
341 |         # cropped-up in 3.0.13/3.0.0.
342 |         # By setting for_rendering to False
343 |         # we're limiting the output to menus
344 |         # that are registered and have instances
345 |         # (in case of attached menus).
346 |         menus = self.get_registered_menus(for_rendering=False)
347 |         return sorted(list(set([(menu.__name__, menu.name)
348 |                                 for menu_class_name, menu in menus.items()
349 |                                 if getattr(menu, name, None) == value])))
350 | 
351 |     def get_nodes_by_attribute(self, nodes, name, value):
352 |         return [node for node in nodes if node.attr.get(name, None) == value]
```

2026-09-16 22:17:49 utils.py INFO 
LiteLLM completion() model= qwen/qwen3-coder; provider = openrouter
2026-09-16 22:17:53 utils.py INFO Wrapper: Completed Call, calling success_handler
2026-09-16 22:17:53 auto_search_main.py INFO Executing code:
```
print(get_entity_contents(**{'entity_names': ['menus/modifiers.py']}))
```
2026-09-16 22:17:53 auto_search_main.py INFO OBSERVATION:
##Searching for entity `menus/modifiers.py`...
### Search Result:
Found file `menus/modifiers.py`.
Source: Exact match found for entity name `menus/modifiers.py`.
```
  1 | # -*- coding: utf-8 -*-
  2 | from menus.base import Modifier
  3 | from menus.menu_pool import menu_pool
  4 | 
  5 | class Marker(Modifier):
  6 |     """
  7 |     searches the current selected node and marks them.
  8 |     current_node: selected = True
  9 |     siblings: sibling = True
 10 |     descendants: descendant = True
 11 |     ancestors: ancestor = True
 12 |     """
 13 |     def modify(self, request, nodes, namespace, root_id, post_cut, breadcrumb):
 14 |         if post_cut or breadcrumb:
 15 |             return nodes
 16 |         selected = None
 17 |         root_nodes = []
 18 |         for node in nodes:
 19 |             if not hasattr(node, "descendant"):
 20 |                 node.descendant = False
 21 |             if not hasattr(node, "ancestor"):
 22 |                 node.ancestor = False
 23 |             if not node.parent:
 24 |                 if selected and not selected.parent:
 25 |                     node.sibling = True
 26 |                 root_nodes.append(node)
 27 |             if node.selected:
 28 |                 if node.parent:
 29 |                     newnode = node
 30 |                     while newnode.parent:
 31 |                         newnode = newnode.parent
 32 |                         newnode.ancestor = True
 33 |                     for sibling in node.parent.children:
 34 |                         if not sibling.selected:
 35 |                             sibling.sibling = True
 36 |                 else:
 37 |                     for root_node in root_nodes:
 38 |                         if not root_node.selected:
 39 |                             root_node.sibling = True
 40 |                 if node.children:
 41 |                     self.mark_descendants(node.children)
 42 |                 selected = node
 43 |             if node.children:
 44 |                 node.is_leaf_node = False
 45 |             else:
 46 |                 node.is_leaf_node = True
 47 |         return nodes
 48 | 
 49 |     def mark_descendants(self, nodes):
 50 |         for node in nodes:
 51 |             node.descendant = True
 52 |             self.mark_descendants(node.children)
 53 | 
 54 | 
 55 | 
 56 | class Level(Modifier):
 57 |     """
 58 |     marks all node levels
 59 |     """
 60 |     post_cut = True
 61 | 
 62 |     def modify(self, request, nodes, namespace, root_id, post_cut, breadcrumb):
 63 |         if breadcrumb:
 64 |             return nodes
 65 |         for node in nodes:
 66 | 
 67 |             if not node.parent:
 68 |                 if post_cut:
 69 |                     node.menu_level = 0
 70 |                 else:
 71 |                     node.level = 0
 72 |                 self.mark_levels(node, post_cut)
 73 | 
 74 |         return nodes
 75 | 
 76 | 
 77 |     def mark_levels(self, node, post_cut):
 78 |         for child in node.children:
 79 |             if post_cut:
 80 |                 child.menu_level = node.menu_level + 1
 81 |             else:
 82 |                 child.level = node.level + 1
 83 |             self.mark_levels(child, post_cut)
 84 | 
 85 | 
 86 | 
 87 | class AuthVisibility(Modifier):
 88 |     """
 89 |     Remove nodes that are login required or require a group
 90 |     """
 91 |     def modify(self, request, nodes, namespace, root_id, post_cut, breadcrumb):
 92 |         if post_cut or breadcrumb:
 93 |             return nodes
 94 |         final = []
 95 |         for node in nodes:
 96 |             if (node.attr.get('visible_for_authenticated', True) and \
 97 |                  request.user.is_authenticated) or \
 98 |                 (node.attr.get('visible_for_anonymous', True) and \
 99 |                  not request.user.is_authenticated):
100 |                 final.append(node)
101 |             else:
102 |                 if node.parent and node in node.parent.children:
103 |                     node.parent.children.remove(node)
104 |         return final
105 | 
106 | 
107 | def register():
108 |     menu_pool.register_modifier(Marker)
109 |     menu_pool.register_modifier(AuthVisibility)
110 |     menu_pool.register_modifier(Level)
111 | 
```

2026-09-16 22:17:53 utils.py INFO 
LiteLLM completion() model= qwen/qwen3-coder; provider = openrouter
2026-09-16 22:18:00 utils.py INFO Wrapper: Completed Call, calling success_handler
2026-09-16 22:18:00 auto_search_main.py INFO Executing code:
```
print(search_code_snippets(**{'search_terms': ['visible'], 'file_path_or_pattern': 'cms/models/pagemodel.py'}))
```
2026-09-16 22:18:00 __init__.py DEBUG Building index from IDs objects
2026-09-16 22:18:00 __init__.py DEBUG Building index from IDs objects
2026-09-16 22:18:00 auto_search_main.py INFO OBSERVATION:
##Searching for term "visible"...
### Search Result:
Found function `cms/cms_menus.py:get_visible_nodes`.
Source: Retrieved entity using keyword search (bm25).
```
25 | def get_visible_nodes(request, pages, site):
26 |     """
27 |      This code is basically a many-pages-at-once version of
28 |      cms.utils.page_permissions.user_can_view_page
29 |      pages contains all published pages
30 |     """
31 |     user = request.user
32 |     public_for = get_cms_setting('PUBLIC_FOR')
33 |     can_see_unrestricted = public_for == 'all' or (public_for == 'staff' and user.is_staff)
34 | 
35 |     if not user.is_authenticated and not can_see_unrestricted:
36 |         # User is not authenticated and can't see unrestricted pages,
37 |         # no need to check for page restrictions because if there's some,
38 |         # user is anon and if there is not any, user can't see unrestricted.
39 |         return []
40 | 
41 |     if user_can_view_all_pages(user, site):
42 |         return list(pages)
43 | 
44 |     restricted_pages = get_view_restrictions(pages)
45 | 
46 |     if not restricted_pages:
47 |         # If there's no restrictions, let the user see all pages
48 |         # only if he can see unrestricted, otherwise return no pages.
49 |         return list(pages) if can_see_unrestricted else []
50 | 
51 |     user_id = user.pk
52 |     user_groups = SimpleLazyObject(lambda: frozenset(user.groups.values_list('pk', flat=True)))
53 |     is_auth_user = user.is_authenticated
54 | 
55 |     def user_can_see_page(page):
56 |         page_permissions = restricted_pages.get(page.pk, [])
57 | 
58 |         if not page_permissions:
59 |             # Page has no view restrictions, fallback to the project's
60 |             # CMS_PUBLIC_FOR setting.
61 |             return can_see_unrestricted
62 | 
63 |         if not is_auth_user:
64 |             return False
65 | 
66 |         for perm in page_permissions:
67 |             if perm.user_id == user_id or perm.group_id in user_groups:
68 |                 return True
69 |         return False
70 |     return [page for page in pages if user_can_see_page(page)]
```

Found function `cms/api.py:create_title`.
Source: Retrieved entity using keyword search (bm25).
```
203 | def create_title(language, title, page, menu_title=None, slug=None,
204 |                  redirect=None, meta_description=None, parent=None,
205 |                  overwrite_url=None, page_title=None, path=None,
206 |                  created_by='python-api', soft_root=False, in_navigation=False,
207 |                  template=TEMPLATE_INHERITANCE_MAGIC,
208 |                  limit_visibility_in_menu=constants.VISIBILITY_ALL,
209 |                  xframe_options=constants.X_FRAME_OPTIONS_INHERIT):
210 |     """
211 |     Create a title.
212 | 
213 |     Parent is only used if slug=None.
214 | 
215 |     See docs/extending_cms/api_reference.rst for more info
216 |     """
217 |     # validate template
218 |     if not template == TEMPLATE_INHERITANCE_MAGIC:
219 |         assert template in [tpl[0] for tpl in get_cms_setting('TEMPLATES')]
220 |         get_template(template)
221 | 
222 |     # validate page
223 |     assert isinstance(page, Page)
224 | 
225 |     # validate language:
226 |     assert language in get_language_list(page.node.site_id)
227 | 
228 |     # validate menu visibility
229 |     accepted_limitations = (constants.VISIBILITY_ALL, constants.VISIBILITY_USERS, constants.VISIBILITY_ANONYMOUS)
230 |     assert limit_visibility_in_menu in accepted_limitations
231 | 
232 |     # set default slug:
233 |     if not slug:
234 |         base = page.get_path_for_slug(slugify(title), language)
235 |         slug = get_available_slug(page.node.site, base, language)
236 | 
237 |     if overwrite_url:
238 |         path = overwrite_url.strip('/')
239 |     elif path is None:
240 |         path = page.get_path_for_slug(slug, language)
241 | 
242 |     if created_by and isinstance(created_by, get_user_model()):
243 |         created_by = get_clean_username(created_by)
244 | 
245 |     page.urls.create(
246 |         slug=slug,
247 |         path=path,
248 |         page=page,
249 |         managed=not bool(overwrite_url),
250 |         language=language,
251 |     )
252 | 
253 |     title = PageContent.objects.create(
254 |         language=language,
255 |         title=title,
256 |         menu_title=menu_title,
257 |         page_title=page_title,
258 |         redirect=redirect,
259 |         meta_description=meta_description,
260 |         page=page,
261 |         created_by=created_by,
262 |         changed_by=created_by,
263 |         soft_root=soft_root,
264 |         in_navigation=in_navigation,
265 |         template=template,
266 |         limit_visibility_in_menu=limit_visibility_in_menu,
267 |         xframe_options=xframe_options,
268 |     )
269 |     title.rescan_placeholders()
270 | 
271 |     page_languages = page.get_languages()
272 | 
273 |     if language not in page_languages:
274 |         page.update_languages(page_languages + [language])
275 |     return title
```

2026-09-16 22:18:00 utils.py INFO 
LiteLLM completion() model= qwen/qwen3-coder; provider = openrouter
2026-09-16 22:18:07 utils.py INFO Wrapper: Completed Call, calling success_handler
2026-09-16 22:18:07 auto_search_main.py INFO Executing code:
```
print(search_code_snippets(**{'search_terms': ['in_navigation']}))
```
2026-09-16 22:18:07 __init__.py DEBUG Building index from IDs objects
2026-09-16 22:18:07 __init__.py DEBUG Building index from IDs objects
2026-09-16 22:18:07 auto_search_main.py INFO OBSERVATION:
cms/admin/pageadmin.py:PageContentAdmin.change_innavigation
cms/api.py:create_page
cms/admin/forms.py:AddPageTypeForm
cms/admin/forms.py:AddPageTypeForm.get_or_create_root
cms/api.py:create_title
cms/models/titlemodels.py:PageContent.has_placeholder_change_permission
cms/models/titlemodels.py:PageContent.update
cms/models/titlemodels.py:PageContent.toggle_in_navigation
cms/models/titlemodels.py:PageContent.__str__
cms/models/titlemodels.py:PageContent.save
cms/models/titlemodels.py:PageContent.Meta
cms/models/titlemodels.py:PageContent.__repr__
cms/models/titlemodels.py:PageContent
cms/models/titlemodels.py:PageContent.rescan_placeholders
##Searching for term "in_navigation"...
### Search Result:
Found `cms/migrations/0030_auto_20180810_0629.py:update_titles`.
Source: Retrieved code content using keyword search (bm25).
```
 1 | # -*- coding: utf-8 -*-
 2 | # Generated by Django 1.11.13 on 2018-08-10 10:29
 3 | from __future__ import unicode_literals
 4 | 
 5 | from django.db import migrations
 6 | 
 7 | 
 8 | def update_titles(apps, schema_editor):
 9 |     db_alias = schema_editor.connection.alias
10 |     Page = apps.get_model('cms', 'Page')
11 |     for page in Page.objects.using(db_alias):
12 |         page.title_set.update(
13 |             created_by=page.created_by,
14 |             changed_by=page.changed_by,
15 |             changed_date=page.changed_date,
16 |             in_navigation=page.in_navigation,
17 |             soft_root=page.soft_root,
18 |             limit_visibility_in_menu=page.limit_visibility_in_menu,
19 |             template=page.template,
20 |             xframe_options=page.xframe_options,
21 |         )
```

Found function `cms/models/pagemodel.py:Page.get_in_navigation`.
Source: Retrieved entity using keyword search (bm25).
```
1057 | def get_in_navigation(self, language=None, fallback=True, force_reload=False):
1058 |         return self.get_page_content_obj_attribute("in_navigation", language, fallback, force_reload)
```

Found function `cms/models/titlemodels.py:PageContent.toggle_in_navigation`.
Source: Retrieved entity using keyword search (bm25).
```
112 | def toggle_in_navigation(self, set_to=None):
113 |         '''
114 |         Toggles (or sets) in_navigation and invalidates the cms page cache
115 |         '''
116 |         old = bool(self.in_navigation)
117 | 
118 |         if set_to in [True, False]:
119 |             new = set_to
120 |         else:
121 |             new = not old
122 | 
123 |         self.update(in_navigation=new)
124 | 
125 |         # If there was a change, invalidate the cms page cache
126 |         if new != old:
127 |             self.page.clear_cache()
128 |         return new
```

Found class `cms/admin/forms.py:AddPageTypeForm`.
Source: Retrieved code content using keyword search (bm25).
```
359 | class AddPageTypeForm(AddPageForm):
360 |     menu_title = None
361 |     meta_description = None
362 |     page_title = None
363 |     source = forms.ModelChoiceField(
364 |         queryset=Page.objects.all(),
365 |         required=False,
366 |         widget=forms.HiddenInput(),
367 |     )
368 |     content_defaults = {
369 |         'in_navigation': False,
370 |     }
371 | 
372 |     def get_or_create_root(self):
373 |         """
374 |         Creates the root node used to store all page types
375 |         for the current site if it doesn't exist.
376 |         """
377 |         root_page = PageType.get_root_page(site=self._site)
378 | 
379 |         if not root_page:
380 |             root_page = Page(is_page_type=True)
381 |             root_page.set_tree_node(self._site)
382 |             root_page.save()
383 | 
384 |         if not root_page.has_translation(self._language):
385 |             api.create_title(
386 |                 language=self._language,
387 |                 title=ugettext('Page Types'),
388 |                 page=root_page,
389 |                 slug=PAGE_TYPES_ID,
390 |                 path=PAGE_TYPES_ID,
391 |                 in_navigation=False,
392 |             )
393 |         return root_page.node
394 | 
395 |     def clean_parent_node(self):
396 |         parent_node = super(AddPageTypeForm, self).clean_parent_node()
397 | 
398 |         if parent_node and not parent_node.item.is_page_type:
399 |             raise ValidationError("Parent has to be a page type.")
400 | 
401 |         if not parent_node:
402 |             # parent was not explicitly selected.
403 |             # fallback to the page types root
404 |             parent_node = self.get_or_create_root()
405 |         return parent_node
406 | 
407 |     def from_source(self, source, parent=None):
408 |         new_page = source.copy(
409 |             site=self._site,
410 |             parent_node=parent,
411 |             language=self._language,
412 |             translations=False,
413 |             permissions=False,
414 |             extensions=False,
415 |         )
416 |         new_page.update(is_page_type=True)
417 |         return new_page
418 | 
419 |     def save(self, *args, **kwargs):
420 |         new_page = super(AddPageTypeForm, self).save(*args, **kwargs)
421 | 
422 |         if not self.cleaned_data.get('source'):
423 |             # User has created a page-type via "Add page"
424 |             # instead of from another page.
425 |             new_page.update(is_page_type=True)
426 |         return new_page
```

Found function `cms/admin/forms.py:AdvancedSettingsForm.get_navigation_extenders`.
Source: Retrieved entity using keyword search (bm25).
```
764 | def get_navigation_extenders(self):
765 |         return menu_pool.get_menus_by_attribute("cms_enabled", True)
```

Found function `cms/admin/pageadmin.py:PageContentAdmin.change_innavigation`.
Source: Retrieved code content using keyword search (bm25).
```
1378 | def change_innavigation(self, request, object_id):
1379 |         """
1380 |         Switch the in_navigation of a page
1381 |         """
1382 |         page_content = self.get_object(request, object_id=object_id)
1383 | 
1384 |         if not self.has_change_permission(request, obj=page_content):
1385 |             message = _("You do not have permission to change this page's in_navigation status")
1386 |             return HttpResponseForbidden(force_text(message))
1387 | 
1388 |         if page_content is None:
1389 |             raise self._get_404_exception(object_id)
1390 | 
1391 |         page_content.toggle_in_navigation()
1392 |         # 204 -> request was successful but no response returned.
1393 |         return HttpResponse(status=204)
```

Found function `cms/api.py:create_page`.
Source: Retrieved code content using keyword search (bm25).
```
101 | def create_page(title, template, language, menu_title=None, slug=None,
102 |                 apphook=None, apphook_namespace=None, redirect=None, meta_description=None,
103 |                 created_by='python-api', parent=None,
104 |                 publication_date=None, publication_end_date=None,
105 |                 in_navigation=False, soft_root=False, reverse_id=None,
106 |                 navigation_extenders=None, published=None, site=None,
107 |                 login_required=False, limit_visibility_in_menu=constants.VISIBILITY_ALL,
108 |                 position="last-child", overwrite_url=None,
109 |                 xframe_options=constants.X_FRAME_OPTIONS_INHERIT):
110 |     """
111 |     Create a CMS Page and it's title for the given language
112 | 
113 |     See docs/extending_cms/api_reference.rst for more info
114 |     """
115 |     if published != None:
116 |         warnings.warn('This API function no longer accepts a published argument', UserWarning)
117 | 
118 |     # validate template
119 |     if not template == TEMPLATE_INHERITANCE_MAGIC:
120 |         assert template in [tpl[0] for tpl in get_cms_setting('TEMPLATES')]
121 |         get_template(template)
122 | 
123 |     # validate site
124 |     if not site:
125 |         site = get_current_site()
126 |     else:
127 |         assert isinstance(site, Site)
128 | 
129 |     # validate language:
130 |     assert language in get_language_list(site), get_cms_setting('LANGUAGES').get(site.pk)
131 | 
132 |     # validate parent
133 |     if parent:
134 |         assert isinstance(parent, Page)
135 | 
136 |     if navigation_extenders:
137 |         raw_menus = menu_pool.get_menus_by_attribute("cms_enabled", True)
138 |         menus = [menu[0] for menu in raw_menus]
139 |         assert navigation_extenders in menus
140 | 
141 |     # validate menu visibility
142 |     accepted_limitations = (constants.VISIBILITY_ALL, constants.VISIBILITY_USERS, constants.VISIBILITY_ANONYMOUS)
143 |     assert limit_visibility_in_menu in accepted_limitations
144 | 
145 |     # validate position
146 |     assert position in ('last-child', 'first-child', 'left', 'right')
147 |     target_node = parent.node if parent else None
148 | 
149 |     # validate and normalize apphook
150 |     if apphook:
151 |         application_urls = _verify_apphook(apphook, apphook_namespace)
152 |     else:
153 |         application_urls = None
154 | 
155 |     # ugly permissions hack
156 |     if created_by and isinstance(created_by, get_user_model()):
157 |         _thread_locals.user = created_by
158 |         created_by = get_clean_username(created_by)
159 |     else:
160 |         _thread_locals.user = None
161 | 
162 |     if reverse_id:
163 |         if Page.objects.filter(reverse_id=reverse_id, node__site=site).exists():
164 |             raise FieldError('A page with the reverse_id="%s" already exist.' % reverse_id)
165 | 
166 |     page = Page(
167 |         created_by=created_by,
168 |         changed_by=created_by,
169 |         reverse_id=reverse_id,
170 |         navigation_extenders=navigation_extenders,
171 |         application_urls=application_urls,
172 |         application_namespace=apphook_namespace,
173 |         login_required=login_required,
174 |     )
175 |     page.set_tree_node(site=site, target=target_node, position=position)
176 |     page.save()
177 | 
178 |     create_title(
179 |         language=language,
180 |         title=title,
181 |         menu_title=menu_title,
182 |         slug=slug,
183 |         created_by=created_by,
184 |         redirect=redirect,
185 |         meta_description=meta_description,
186 |         page=page,
187 |         overwrite_url=overwrite_url,
188 |         soft_root=soft_root,
189 |         in_navigation=in_navigation,
190 |         template=template,
191 |         limit_visibility_in_menu=limit_visibility_in_menu,
192 |         xframe_options=xframe_options,
193 |     )
194 | 
195 |     if parent and position in ('last-child', 'first-child'):
196 |         parent._clear_node_cache()
197 | 
198 |     del _thread_locals.user
199 |     return page
```

2026-09-16 22:18:07 utils.py INFO 
LiteLLM completion() model= qwen/qwen3-coder; provider = openrouter
2026-09-16 22:18:13 utils.py INFO Wrapper: Completed Call, calling success_handler
2026-09-16 22:18:13 auto_search_main.py INFO Executing code:
```
print(search_code_snippets(**{'search_terms': ['exclude.*navigation', 'exclude_navigation']}))
```
2026-09-16 22:18:13 __init__.py DEBUG Building index from IDs objects
2026-09-16 22:18:13 __init__.py DEBUG Building index from IDs objects
2026-09-16 22:18:13 __init__.py DEBUG Building index from IDs objects
2026-09-16 22:18:14 __init__.py DEBUG Building index from IDs objects
2026-09-16 22:18:14 __init__.py DEBUG Building index from IDs objects
2026-09-16 22:18:14 __init__.py DEBUG Building index from IDs objects
2026-09-16 22:18:14 auto_search_main.py INFO OBSERVATION:
cms/admin/permissionadmin.py:ViewRestrictionInlineAdmin
cms/admin/permissionadmin.py:PagePermissionInlineAdmin.get_formset
cms/models/placeholdermodel.py:Placeholder.has_delete_plugins_permission
cms/cms_menus.py:SoftRootCutter
cms/utils/permissions.py:get_subordinate_users
cms/models/placeholdermodel.py:Placeholder.move_plugin
cms/cms_menus.py:get_menu_node_for_page
menus/templatetags/menu_tags.py:ShowSubMenu
cms/migrations/0019_set_pagenode.py:Migration
cms/migrations/0019_set_pagenode.py:Migration.apply
cms/migrations/0020_old_tree_cleanup.py:Migration.apply
cms/migrations/0019_set_pagenode.py:set_page_nodes
cms/admin/permissionadmin.py:ViewRestrictionInlineAdmin
cms/admin/permissionadmin.py:PagePermissionInlineAdmin.get_formset
cms/models/placeholdermodel.py:Placeholder.has_delete_plugins_permission
cms/cms_menus.py:SoftRootCutter
cms/utils/permissions.py:get_subordinate_users
cms/models/placeholdermodel.py:Placeholder.move_plugin
cms/cms_menus.py:get_menu_node_for_page
menus/templatetags/menu_tags.py:ShowSubMenu
##Searching for term "exclude.*navigation", "exclude_navigation", "exclude.*navigation exclude_navigation"...
### Search Result:
Found function `cms/models/pagemodel.py:Page.get_in_navigation`.
Source: Retrieved entity using keyword search (bm25).
```
1057 | def get_in_navigation(self, language=None, fallback=True, force_reload=False):
1058 |         return self.get_page_content_obj_attribute("in_navigation", language, fallback, force_reload)
```

Found function `cms/models/titlemodels.py:PageContent.toggle_in_navigation`.
Source: Retrieved entity using keyword search (bm25).
```
112 | def toggle_in_navigation(self, set_to=None):
113 |         '''
114 |         Toggles (or sets) in_navigation and invalidates the cms page cache
115 |         '''
116 |         old = bool(self.in_navigation)
117 | 
118 |         if set_to in [True, False]:
119 |             new = set_to
120 |         else:
121 |             new = not old
122 | 
123 |         self.update(in_navigation=new)
124 | 
125 |         # If there was a change, invalidate the cms page cache
126 |         if new != old:
127 |             self.page.clear_cache()
128 |         return new
```

Found function `cms/admin/forms.py:AdvancedSettingsForm.get_navigation_extenders`.
Source: Retrieved entity using keyword search (bm25).
```
764 | def get_navigation_extenders(self):
765 |         return menu_pool.get_menus_by_attribute("cms_enabled", True)
```



##Searching for term "exclude.*navigation", "exclude.*navigation exclude_navigation"...
### Search Result:
Found class `cms/cms_menus.py:SoftRootCutter`.
Source: Retrieved code content using keyword search (bm25).
Just show the structure of this class due to response length limitations:
```
class SoftRootCutter(Modifier):

    def modify(self, request, nodes, namespace, root_id, post_cut, breadcrumb):
...
    def find_and_remove_children(self, node, nodes):
...
    def remove_children(self, node, nodes):
...
    def find_ancestors_and_remove_children(self, node, nodes):

```
Hint: Search `cms/cms_menus.py:SoftRootCutter` to get the full content if needed.

Found function `cms/admin/permissionadmin.py:PagePermissionInlineAdmin.get_formset`.
Source: Retrieved code content using keyword search (bm25).
```
 90 | def get_formset(self, request, obj=None, **kwargs):
 91 |         """
 92 |         Some fields may be excluded here. User can change only
 93 |         permissions which are available for him. E.g. if user does not haves
 94 |         can_publish flag, he can't change assign can_publish permissions.
 95 |         """
 96 |         exclude = self.exclude or []
 97 |         if obj:
 98 |             user = request.user
 99 |             if not obj.has_add_permission(user):
100 |                 exclude.append('can_add')
101 |             if not obj.has_delete_permission(user):
102 |                 exclude.append('can_delete')
103 |             if not obj.has_publish_permission(user):
104 |                 exclude.append('can_publish')
105 |             if not obj.has_advanced_settings_permission(user):
106 |                 exclude.append('can_change_advanced_settings')
107 |             if not obj.has_move_page_permission(user):
108 |                 exclude.append('can_move_page')
109 | 
110 |         kwargs['exclude'] = exclude
111 |         formset_cls = super(PagePermissionInlineAdmin, self).get_formset(request, obj=obj, **kwargs)
112 |         qs = self.get_queryset(request)
113 |         if obj is not None:
114 |             qs = qs.filter(page=obj)
115 |         formset_cls._queryset = qs
116 |         return formset_cls
```

Found class `cms/admin/permissionadmin.py:ViewRestrictionInlineAdmin`.
Source: Retrieved code content using keyword search (bm25).
```
119 | class ViewRestrictionInlineAdmin(PagePermissionInlineAdmin):
120 |     extra = 0  # edit page load time boost
121 |     form = ViewRestrictionInlineAdminForm
122 |     verbose_name = _("View restriction")
123 |     verbose_name_plural = _("View restrictions")
124 |     show_with_view_permissions = True
```

Found function `cms/models/placeholdermodel.py:Placeholder.has_delete_plugins_permission`.
Source: Retrieved code content using keyword search (bm25).
```
170 | def has_delete_plugins_permission(self, user, languages):
171 |         plugin_types = (
172 |             self
173 |             .cmsplugin_set
174 |             .filter(language__in=languages)
175 |             # exclude the clipboard plugin
176 |             .exclude(plugin_type='PlaceholderPlugin')
177 |             .values_list('plugin_type', flat=True)
178 |             .distinct()
179 |             # remove default ordering
180 |             .order_by()
181 |         )
182 | 
183 |         has_permission = permissions.has_plugin_permission
184 | 
185 |         for plugin_type in plugin_types.iterator():
186 |             if not has_permission(user, plugin_type, "delete"):
187 |                 return False
188 |         return True
```

Found function `cms/utils/permissions.py:get_subordinate_users`.
Source: Retrieved code content using keyword search (bm25).
```
235 | def get_subordinate_users(user, site):
236 |     """
237 |     Returns users queryset, containing all subordinate users to given user
238 |     including users created by given user and not assigned to any page.
239 | 
240 |     Not assigned users must be returned, because they shouldn't get lost, and
241 |     user should still have possibility to see them.
242 | 
243 |     Only users created_by given user which are on the same, or lover level are
244 |     returned.
245 | 
246 |     If user haves global permissions or is a superuser, then he can see all the
247 |     users.
248 | 
249 |     This function is currently used in PagePermissionInlineAdminForm for limit
250 |     users in permission combobox.
251 | 
252 |     Example:
253 |                               A,W                    level 0
254 |                             /    \
255 |                           user    B,GroupE           level 1
256 |                 Z       /     \
257 |                       C,X     D,Y,W                  level 2
258 | 
259 |         Rules: W was created by user, Z was created by user, but is not assigned
260 |         to any page.
261 | 
262 |         Will return [user, C, X, D, Y, Z]. W was created by user, but is also
263 |         assigned to higher level.
264 |     """
265 |     from cms.utils.page_permissions import get_change_permissions_id_list
266 | 
267 |     try:
268 |         user_level = get_user_permission_level(user, site)
269 |     except NoPermissionsException:
270 |         # user has no Global or Page permissions.
271 |         # return only staff users created by user
272 |         # whose page permission record has no page attached.
273 |         qs = get_user_model().objects.distinct().filter(
274 |                 Q(is_staff=True) &
275 |                 Q(pageuser__created_by=user) &
276 |                 Q(pagepermission__page=None)
277 |         )
278 |         qs = qs.exclude(pk=user.pk).exclude(groups__user__pk=user.pk)
279 |         return qs
280 | 
281 |     if user_level == ROOT_USER_LEVEL:
282 |         return get_user_model().objects.all()
283 | 
284 |     page_id_allow_list = get_change_permissions_id_list(user, site, check_global=False)
285 | 
286 |     # normal query
287 |     qs = get_user_model().objects.distinct().filter(
288 |         Q(is_staff=True) &
289 |         (Q(pagepermission__page__id__in=page_id_allow_list) & Q(pagepermission__page__node__depth__gte=user_level))
290 |         | (Q(pageuser__created_by=user) & Q(pagepermission__page=None))
291 |     )
292 |     qs = qs.exclude(pk=user.pk).exclude(groups__user__pk=user.pk)
293 |     return qs
```



##Searching for term "exclude_navigation"...
### Search Result:
Found `cms/migrations/0020_old_tree_cleanup.py:Migration`.
Source: Retrieved code content using keyword search (bm25).
```
 1 | # -*- coding: utf-8 -*-
 2 | # Generated by Django 1.10.8 on 2018-01-03 19:50
 3 | from __future__ import unicode_literals
 4 | 
 5 | import django
 6 | import django.contrib.auth.models
 7 | from django.db import migrations, models
 8 | import django.db.models.deletion
 9 | 
10 | from . import IrreversibleMigration
11 | 
12 | 
13 | class Migration(IrreversibleMigration):
14 | 
15 |     dependencies = [
16 |         ('cms', '0019_set_pagenode'),
17 |     ]
18 | 
19 |     operations = [
20 |         migrations.AlterModelOptions(
21 |             name='page',
22 |             options={'verbose_name': 'page', 'verbose_name_plural': 'pages', 'permissions': (
23 |             ('view_page', 'Can view page'), ('publish_page', 'Can publish page'),
24 |             ('edit_static_placeholder', 'Can edit static placeholders'))},
25 |         ),
26 |         migrations.AlterField(
27 |             model_name='page',
28 |             name='node',
29 |             field=models.ForeignKey(on_delete=django.db.models.deletion.CASCADE, related_name='cms_pages',
30 |                                     to='cms.TreeNode'),
31 |         ),
32 |         migrations.RemoveField(
33 |             model_name='page',
34 |             name='migration_0018_control',
35 |         ),
36 |         migrations.RemoveField(
37 |             model_name='page',
38 |             name='site',
39 |         ),
40 |         migrations.RemoveField(
41 |             model_name='page',
42 |             name='parent',
43 |         ),
44 |         migrations.RemoveField(
45 |             model_name='page',
46 |             name='revision_id',
47 |         ),
48 |         migrations.RemoveField(
49 |             model_name='page',
50 |             name='depth',
51 |         ),
52 |         migrations.RemoveField(
53 |             model_name='page',
54 |             name='numchild',
55 |         ),
56 |         migrations.RemoveField(
57 |             model_name='page',
58 |             name='path',
59 |         ),
60 |     ]
```
Hint: 
The code for class `cms/migrations/0020_old_tree_cleanup.py:Migration` is incomplete; search `cms/migrations/0020_old_tree_cleanup.py:Migration` for the full content if needed.

Found `cms/migrations/0021_auto_20180507_1432.py:Migration`.
Source: Retrieved code content using keyword search (bm25).
```
 1 | # -*- coding: utf-8 -*-
 2 | # Generated by Django 1.11.13 on 2018-05-07 14:32
 3 | from __future__ import unicode_literals
 4 | 
 5 | from django.db import migrations, models
 6 | 
 7 | 
 8 | class Migration(migrations.Migration):
 9 | 
10 |     dependencies = [
11 |         ('cms', '0020_old_tree_cleanup'),
12 |     ]
13 | 
14 |     operations = [
15 |         migrations.AlterField(
16 |             model_name='title',
17 |             name='meta_description',
18 |             field=models.TextField(blank=True, help_text='The text displayed in search engines.', null=True, verbose_name='description'),
19 |         ),
20 |     ]
21 | 
```

Found class `cms/migrations/0019_set_pagenode.py:Migration`.
Source: Retrieved code content using keyword search (bm25).
```
53 | class Migration(IrreversibleMigration):
54 | 
55 |     dependencies = [
56 |         ('cms', '0018_create_pagenode'),
57 |     ]
58 | 
59 |     operations = [
60 |         migrations.RunPython(unpublish_never_published_pages),
61 |         migrations.RunPython(set_page_nodes),
62 |     ]
63 | 
64 |     def apply(self, project_state, schema_editor, collect_sql=False):
65 |         connection = schema_editor.connection
66 |         column_names = [
67 |             column.name for column in
68 |             connection.introspection.get_table_description(connection.cursor(), 'cms_page')
69 |         ]
70 | 
71 |         if 'migration_0018_control' in column_names:
72 |             # The new 0018 migration has been applied
73 |             return super(Migration, self).apply(project_state, schema_editor, collect_sql)
74 | 
75 |         # The old 0018 migration was applied
76 |         # Move the project state forward without actually running
77 |         # any of the operations against the database.
78 |         for operation in self.operations:
79 |             operation.state_forwards(self.app_label, project_state)
80 |         return project_state
```

Found function `cms/migrations/0020_old_tree_cleanup.py:Migration.apply`.
Source: Retrieved code content using keyword search (bm25).
```
62 | def apply(self, project_state, schema_editor, collect_sql=False):
63 |         connection = schema_editor.connection
64 |         column_names = [
65 |             column.name for column in
66 |             connection.introspection.get_table_description(connection.cursor(), 'cms_page')
67 |         ]
68 | 
69 |         if 'migration_0018_control' in column_names:
70 |             # The new 0018 migration has been applied
71 |             return super(Migration, self).apply(project_state, schema_editor, collect_sql)
72 | 
73 |         # The old 0018 migration was applied
74 |         # Move the project state forward without actually running
75 |         # any of the operations against the database.
76 |         for operation in self.operations:
77 |             operation.state_forwards(self.app_label, project_state)
78 |         return project_state
```

2026-09-16 22:18:14 utils.py INFO 
LiteLLM completion() model= qwen/qwen3-coder; provider = openrouter
2026-09-16 22:18:22 utils.py INFO Wrapper: Completed Call, calling success_handler
2026-09-16 22:18:22 utils.py INFO 
LiteLLM completion() model= qwen/qwen3-coder; provider = openrouter
2026-09-16 22:18:29 utils.py INFO Wrapper: Completed Call, calling success_handler
2026-09-16 22:18:29 auto_search_main.py INFO Executing code:
```
print(search_code_snippets(**{'search_terms': ['show_menu'], 'file_path_or_pattern': 'menus/templatetags/*'}))
```
2026-09-16 22:18:29 __init__.py DEBUG Building index from IDs objects
2026-09-16 22:18:29 __init__.py DEBUG Building index from IDs objects
2026-09-16 22:18:30 auto_search_main.py INFO OBSERVATION:
menus/templatetags/menu_tags.py:ShowMenu
##Searching for term "show_menu"...
### Search Result:
Found function `cms/templatetags/cms_admin.py:show_admin_menu_for_pages`.
Source: Retrieved entity using keyword search (bm25).
```
35 | def show_admin_menu_for_pages(context, descendants, depth=1):
36 |     admin = context['admin']
37 |     request = context['request']
38 | 
39 |     if 'tree' in context:
40 |         filtered = context['tree']['is_filtered']
41 |     else:
42 |         filtered = False
43 | 
44 |     rows = admin.get_tree_rows(
45 |         request,
46 |         pages=descendants,
47 |         language=context['preview_language'],
48 |         depth=depth,
49 |         follow_descendants=not bool(filtered),
50 |     )
51 |     return mark_safe(''.join(rows))
```

Found function `cms/context_processors.py:cms_settings._get_menu_renderer`.
Source: Retrieved entity using keyword search (bm25).
```
16 | def _get_menu_renderer():
17 |         # We use lru_cache to avoid getting the manager
18 |         # every time this function is called.
19 |         from menus.menu_pool import menu_pool
20 |         return menu_pool.get_renderer(request)
```

Found class `menus/templatetags/menu_tags.py:ShowMenu`.
Source: Retrieved code content using keyword search (bm25).
```
102 | class ShowMenu(InclusionTag):
103 |     """
104 |     render a nested list of all children of the pages
105 |     - from_level: starting level
106 |     - to_level: max level
107 |     - extra_inactive: how many levels should be rendered of the not active tree?
108 |     - extra_active: how deep should the children of the active node be rendered?
109 |     - namespace: the namespace of the menu. if empty will use all namespaces
110 |     - root_id: the id of the root node
111 |     - template: template used to render the menu
112 |     """
113 |     name = 'show_menu'
114 |     template = 'menu/dummy.html'
115 | 
116 |     options = Options(
117 |         IntegerArgument('from_level', default=0, required=False),
118 |         IntegerArgument('to_level', default=100, required=False),
119 |         IntegerArgument('extra_inactive', default=0, required=False),
120 |         IntegerArgument('extra_active', default=1000, required=False),
121 |         StringArgument('template', default='menu/menu.html', required=False),
122 |         StringArgument('namespace', default=None, required=False),
123 |         StringArgument('root_id', default=None, required=False),
124 |         Argument('next_page', default=None, required=False),
125 |     )
126 | 
127 |     def get_context(self, context, from_level, to_level, extra_inactive,
128 |                     extra_active, template, namespace, root_id, next_page):
129 |         try:
130 |             # If there's an exception (500), default context_processors may not be called.
131 |             request = context['request']
132 |         except KeyError:
133 |             return {'template': 'menu/empty.html'}
134 | 
135 |         if next_page:
136 |             children = next_page.children
137 |         else:
138 |             # new menu... get all the data so we can save a lot of queries
139 |             menu_renderer = context.get('cms_menu_renderer')
140 | 
141 |             if not menu_renderer:
142 |                 menu_renderer = menu_pool.get_renderer(request)
143 | 
144 |             nodes = menu_renderer.get_nodes(namespace, root_id)
145 |             if root_id:  # find the root id and cut the nodes
146 |                 id_nodes = menu_pool.get_nodes_by_attribute(nodes, "reverse_id", root_id)
147 |                 if id_nodes:
148 |                     node = id_nodes[0]
149 |                     nodes = node.children
150 |                     for remove_parent in nodes:
151 |                         remove_parent.parent = None
152 |                     from_level += node.level + 1
153 |                     to_level += node.level + 1
154 |                     nodes = flatten(nodes)
155 |                 else:
156 |                     nodes = []
157 |             children = cut_levels(nodes, from_level, to_level, extra_inactive, extra_active)
158 |             children = menu_renderer.apply_modifiers(children, namespace, root_id, post_cut=True)
159 | 
160 |         try:
161 |             context['children'] = children
162 |             context['template'] = template
163 |             context['from_level'] = from_level
164 |             context['to_level'] = to_level
165 |             context['extra_inactive'] = extra_inactive
166 |             context['extra_active'] = extra_active
167 |             context['namespace'] = namespace
168 |         except:
169 |             context = {"template": template}
170 |         return context
```

Found file `cms/menu_bases.py`.
Source: Retrieved entity using keyword search (bm25).
Hint: Search `cms/menu_bases.py` for the full content if needed.

2026-09-16 22:18:30 utils.py INFO 
LiteLLM completion() model= qwen/qwen3-coder; provider = openrouter
2026-09-16 22:18:36 utils.py INFO Wrapper: Completed Call, calling success_handler
2026-09-16 22:18:36 auto_search_main.py INFO Executing code:
```
print(get_entity_contents(**{'entity_names': ['cms/menu_bases.py']}))
```
2026-09-16 22:18:36 auto_search_main.py INFO OBSERVATION:
##Searching for entity `cms/menu_bases.py`...
### Search Result:
Found file `cms/menu_bases.py`.
Source: Exact match found for entity name `cms/menu_bases.py`.
```
 1 | # -*- coding: utf-8 -*-
 2 | 
 3 | from __future__ import unicode_literals
 4 | 
 5 | from django.db.models import Q
 6 | from django.core.exceptions import ValidationError
 7 | 
 8 | from cms.apphook_pool import apphook_pool
 9 | from cms.models import Page
10 | from menus.base import Menu
11 | 
12 | 
13 | class CMSAttachMenu(Menu):
14 |     cms_enabled = True
15 |     instance = None
16 |     name = None
17 | 
18 |     def __init__(self, *args, **kwargs):
19 |         super(CMSAttachMenu, self).__init__(*args, **kwargs)
20 |         if self.cms_enabled and not self.name:
21 |             raise ValidationError(
22 |                 "the menu %s is a CMSAttachMenu but has no name defined!" %
23 |                 self.__class__.__name__)
24 | 
25 |     @classmethod
26 |     def get_apphooks(cls):
27 |         """
28 |         Returns a list of apphooks to which this CMSAttachMenu is attached.
29 | 
30 |         Calling this does NOT produce DB queries.
31 |         """
32 |         apps = []
33 |         for key, _ in apphook_pool.get_apphooks():
34 |             app = apphook_pool.get_apphook(key)
35 |             if cls in app.get_menus():
36 |                 apps.append(app)
37 |         return apps
38 | 
39 |     @classmethod
40 |     def get_instances(cls):
41 |         """
42 |         Return a list (queryset, really) of all CMS Page objects (in this case)
43 |         that are currently using this CMSAttachMenu either directly as a
44 |         navigation_extender, or, as part of an apphook.
45 | 
46 |         Calling this DOES perform a DB query.
47 |         """
48 |         parent_apps = []
49 |         for app in cls.get_apphooks():
50 |             parent_apps.append(app.__class__.__name__)
51 |         return Page.objects.filter(
52 |             Q(application_urls__in=parent_apps)
53 |             | Q(navigation_extenders=cls.__name__)
54 |         )
55 | 
```

2026-09-16 22:18:36 utils.py INFO 
LiteLLM completion() model= qwen/qwen3-coder; provider = openrouter
2026-09-16 22:18:44 utils.py INFO Wrapper: Completed Call, calling success_handler
2026-09-16 22:18:44 auto_search_main.py INFO Executing code:
```
print(search_code_snippets(**{'search_terms': ['test.*navigation', 'test.*menu'], 'file_path_or_pattern': '**/test*'}))
```
2026-09-16 22:18:44 auto_search_main.py INFO OBSERVATION:
No files found for file pattern '**/test*'. Will search all files.
...
No results for test files: `test.*navigation`. Please do not search for any test files.

No results for test files: `test.*menu`. Please do not search for any test files.

2026-09-16 22:18:44 utils.py INFO 
LiteLLM completion() model= qwen/qwen3-coder; provider = openrouter
2026-09-16 22:18:52 utils.py INFO Wrapper: Completed Call, calling success_handler
2026-09-16 22:18:52 auto_search_main.py INFO Executing code:
```
print(search_code_snippets(**{'search_terms': ['NavigationNode']}))
```
2026-09-16 22:18:52 auto_search_main.py INFO OBSERVATION:
##Searching for term "NavigationNode"...
### Search Result:
Found class `menus/base.py:NavigationNode`.
Source: Match found for entity name `NavigationNode`.
```
30 | class NavigationNode(object):
31 | 
32 |     selected = None
33 |     sibling = False
34 |     ancestor = False
35 |     descendant = False
36 | 
37 |     def __init__(self, title, url, id, parent_id=None, parent_namespace=None,
38 |                  attr=None, visible=True):
39 |         self.children = []  # do not touch
40 |         self.parent = None  # do not touch, code depends on this
41 |         self.namespace = None  # TODO: Assert why we need this and above
42 |         self.title = title
43 |         self.url = url
44 |         self.id = id
45 |         self.parent_id = parent_id
46 |         self.parent_namespace = parent_namespace
47 |         self.visible = visible
48 |         self.attr = attr or {} # To avoid declaring a dict in defaults...
49 | 
50 |     def __repr__(self):
51 |         return "<Navigation Node: %s>" % smart_str(self.title)
52 | 
53 |     def get_menu_title(self):
54 |         return self.title
55 | 
56 |     def get_absolute_url(self):
57 |         return self.url
58 | 
59 |     def get_attribute(self, name):
60 |         return self.attr.get(name, None)
61 | 
62 |     def get_descendants(self):
63 |         return sum(([node] + node.get_descendants() for node in self.children), [])
64 | 
65 |     def get_ancestors(self):
66 |         if getattr(self, 'parent', None):
67 |             return [self.parent] + self.parent.get_ancestors()
68 |         else:
69 |             return []
70 | 
71 |     def is_selected(self, request):
72 |         node_abs_url = self.get_absolute_url()
73 |         return node_abs_url == request.path
```

2026-09-16 22:18:52 utils.py INFO 
LiteLLM completion() model= qwen/qwen3-coder; provider = openrouter
2026-09-16 22:19:02 utils.py INFO Wrapper: Completed Call, calling success_handler
2026-09-16 22:19:02 utils.py INFO 
LiteLLM completion() model= qwen/qwen3-coder; provider = openrouter
2026-09-16 22:19:11 utils.py INFO Wrapper: Completed Call, calling success_handler
2026-09-16 22:19:11 auto_search_main.py INFO Executing code:
```
print(search_code_snippets(**{'search_terms': ['visible.*navigation', 'navigation.*visible']}))
```
2026-09-16 22:19:11 __init__.py DEBUG Building index from IDs objects
2026-09-16 22:19:11 __init__.py DEBUG Building index from IDs objects
2026-09-16 22:19:11 __init__.py DEBUG Building index from IDs objects
2026-09-16 22:19:12 __init__.py DEBUG Building index from IDs objects
2026-09-16 22:19:12 __init__.py DEBUG Building index from IDs objects
2026-09-16 22:19:12 __init__.py DEBUG Building index from IDs objects
2026-09-16 22:19:12 auto_search_main.py INFO OBSERVATION:
cms/cms_menus.py:NavExtender
cms/cms_menus.py:NavExtender.modify
cms/cms_menus.py:impl:2
menus/base.py:NavigationNode.get_ancestors
menus/base.py:NavigationNode.__init__
menus/base.py:NavigationNode
menus/base.py:NavigationNode.get_descendants
menus/base.py:NavigationNode.is_selected
menus/base.py:NavigationNode.get_absolute_url
menus/base.py:NavigationNode.get_menu_title
menus/base.py:NavigationNode.__repr__
menus/base.py:NavigationNode.get_attribute
cms/admin/forms.py:ChangePageForm.__init__
cms/admin/forms.py:ChangePageForm
cms/admin/forms.py:ChangePageForm._language
cms/cms_menus.py:get_menu_node_for_page
cms/models/titlemodels.py:PageContent.has_placeholder_change_permission
cms/models/titlemodels.py:PageContent.update
cms/models/titlemodels.py:PageContent.toggle_in_navigation
cms/models/titlemodels.py:PageContent.__str__
cms/models/titlemodels.py:PageContent.save
cms/models/titlemodels.py:PageContent.Meta
cms/models/titlemodels.py:PageContent.__repr__
cms/models/titlemodels.py:PageContent
cms/models/titlemodels.py:PageContent.rescan_placeholders
cms/cms_menus.py:SoftRootCutter
cms/utils/helpers.py:get_admin_model_object_by_id
cms/cms_menus.py:get_menu_node_for_page
menus/templatetags/menu_tags.py:ShowSubMenu
cms/cms_menus.py:NavExtender
cms/cms_menus.py:NavExtender.modify
cms/cms_menus.py:impl:2
menus/base.py:NavigationNode.get_ancestors
menus/base.py:NavigationNode.__init__
menus/base.py:NavigationNode
menus/base.py:NavigationNode.get_descendants
menus/base.py:NavigationNode.is_selected
menus/base.py:NavigationNode.get_absolute_url
menus/base.py:NavigationNode.get_menu_title
menus/base.py:NavigationNode.__repr__
menus/base.py:NavigationNode.get_attribute
cms/admin/forms.py:ChangePageForm.__init__
cms/admin/forms.py:ChangePageForm
cms/admin/forms.py:ChangePageForm._language
cms/cms_menus.py:get_menu_node_for_page
cms/models/titlemodels.py:PageContent.has_placeholder_change_permission
cms/models/titlemodels.py:PageContent.update
cms/models/titlemodels.py:PageContent.toggle_in_navigation
cms/models/titlemodels.py:PageContent.__str__
cms/models/titlemodels.py:PageContent.save
cms/models/titlemodels.py:PageContent.Meta
cms/models/titlemodels.py:PageContent.__repr__
cms/models/titlemodels.py:PageContent
cms/models/titlemodels.py:PageContent.rescan_placeholders
cms/cms_menus.py:SoftRootCutter
cms/utils/helpers.py:get_admin_model_object_by_id
cms/cms_menus.py:get_menu_node_for_page
menus/templatetags/menu_tags.py:ShowSubMenu
cms/cms_menus.py:NavExtender
cms/cms_menus.py:NavExtender.modify
cms/cms_menus.py:impl:2
menus/base.py:NavigationNode.get_ancestors
menus/base.py:NavigationNode.__init__
menus/base.py:NavigationNode
menus/base.py:NavigationNode.get_descendants
menus/base.py:NavigationNode.is_selected
menus/base.py:NavigationNode.get_absolute_url
menus/base.py:NavigationNode.get_menu_title
menus/base.py:NavigationNode.__repr__
menus/base.py:NavigationNode.get_attribute
cms/admin/forms.py:ChangePageForm.__init__
cms/admin/forms.py:ChangePageForm
cms/admin/forms.py:ChangePageForm._language
cms/cms_menus.py:get_menu_node_for_page
cms/models/titlemodels.py:PageContent.has_placeholder_change_permission
cms/models/titlemodels.py:PageContent.update
cms/models/titlemodels.py:PageContent.toggle_in_navigation
cms/models/titlemodels.py:PageContent.__str__
cms/models/titlemodels.py:PageContent.save
cms/models/titlemodels.py:PageContent.Meta
cms/models/titlemodels.py:PageContent.__repr__
cms/models/titlemodels.py:PageContent
cms/models/titlemodels.py:PageContent.rescan_placeholders
cms/cms_menus.py:SoftRootCutter
cms/utils/helpers.py:get_admin_model_object_by_id
cms/cms_menus.py:get_menu_node_for_page
menus/templatetags/menu_tags.py:ShowSubMenu
##Searching for term "visible.*navigation", "navigation.*visible", "visible.*navigation navigation.*visible"...
### Search Result:
Found function `cms/models/pagemodel.py:Page.get_in_navigation`.
Source: Retrieved entity using keyword search (bm25).
```
1057 | def get_in_navigation(self, language=None, fallback=True, force_reload=False):
1058 |         return self.get_page_content_obj_attribute("in_navigation", language, fallback, force_reload)
```

Found function `cms/models/titlemodels.py:PageContent.toggle_in_navigation`.
Source: Retrieved entity using keyword search (bm25).
```
112 | def toggle_in_navigation(self, set_to=None):
113 |         '''
114 |         Toggles (or sets) in_navigation and invalidates the cms page cache
115 |         '''
116 |         old = bool(self.in_navigation)
117 | 
118 |         if set_to in [True, False]:
119 |             new = set_to
120 |         else:
121 |             new = not old
122 | 
123 |         self.update(in_navigation=new)
124 | 
125 |         # If there was a change, invalidate the cms page cache
126 |         if new != old:
127 |             self.page.clear_cache()
128 |         return new
```

Found function `cms/admin/forms.py:AdvancedSettingsForm.get_navigation_extenders`.
Source: Retrieved entity using keyword search (bm25).
```
764 | def get_navigation_extenders(self):
765 |         return menu_pool.get_menus_by_attribute("cms_enabled", True)
```

Found class `cms/cms_menus.py:NavExtender`.
Source: Retrieved code content using keyword search (bm25).
```
295 | class NavExtender(Modifier):
296 | 
297 |     def modify(self, request, nodes, namespace, root_id, post_cut, breadcrumb):
298 |         if post_cut:
299 |             return nodes
300 |         # rearrange the parent relations
301 |         # Find home
302 |         home = next((n for n in nodes if n.attr.get("is_home", False)), None)
303 |         # Find nodes with NavExtenders
304 |         exts = []
305 |         for node in nodes:
306 |             extenders = node.attr.get("navigation_extenders", None)
307 |             if extenders:
308 |                 for ext in extenders:
309 |                     if ext not in exts:
310 |                         exts.append(ext)
311 |                     # Link the nodes
312 |                     for extnode in nodes:
313 |                         if extnode.namespace == ext and not extnode.parent_id:
314 |                             # if home has nav extenders but home is not visible
315 |                             if node == home and not node.visible:
316 |                                 # extnode.parent_id = None
317 |                                 extnode.parent_namespace = None
318 |                                 extnode.parent = None
319 |                             else:
320 |                                 extnode.parent_id = node.id
321 |                                 extnode.parent_namespace = node.namespace
322 |                                 extnode.parent = node
323 |                                 node.children.append(extnode)
324 |         removed = []
325 | 
326 |         # find all not assigned nodes
327 |         for menu in self.renderer.menus.items():
328 |             if (hasattr(menu[1], 'cms_enabled')
329 |                     and menu[1].cms_enabled and not menu[0] in exts):
330 |                 for node in nodes:
331 |                     if node.namespace == menu[0]:
332 |                         removed.append(node)
333 |         if breadcrumb:
334 |             # if breadcrumb and home not in navigation add node
335 |             if breadcrumb and home and not home.visible:
336 |                 home.visible = True
337 |                 if request.path_info == home.get_absolute_url():
338 |                     home.selected = True
339 |                 else:
340 |                     home.selected = False
341 |         # remove all nodes that are nav_extenders and not assigned
342 |         for node in removed:
343 |             nodes.remove(node)
344 |         return nodes
```

Found class `menus/base.py:NavigationNode`.
Source: Retrieved code content using keyword search (bm25).
```
30 | class NavigationNode(object):
31 | 
32 |     selected = None
33 |     sibling = False
34 |     ancestor = False
35 |     descendant = False
36 | 
37 |     def __init__(self, title, url, id, parent_id=None, parent_namespace=None,
38 |                  attr=None, visible=True):
39 |         self.children = []  # do not touch
40 |         self.parent = None  # do not touch, code depends on this
41 |         self.namespace = None  # TODO: Assert why we need this and above
42 |         self.title = title
43 |         self.url = url
44 |         self.id = id
45 |         self.parent_id = parent_id
46 |         self.parent_namespace = parent_namespace
47 |         self.visible = visible
48 |         self.attr = attr or {} # To avoid declaring a dict in defaults...
49 | 
50 |     def __repr__(self):
51 |         return "<Navigation Node: %s>" % smart_str(self.title)
52 | 
53 |     def get_menu_title(self):
54 |         return self.title
55 | 
56 |     def get_absolute_url(self):
57 |         return self.url
58 | 
59 |     def get_attribute(self, name):
60 |         return self.attr.get(name, None)
61 | 
62 |     def get_descendants(self):
63 |         return sum(([node] + node.get_descendants() for node in self.children), [])
64 | 
65 |     def get_ancestors(self):
66 |         if getattr(self, 'parent', None):
67 |             return [self.parent] + self.parent.get_ancestors()
68 |         else:
69 |             return []
70 | 
71 |     def is_selected(self, request):
72 |         node_abs_url = self.get_absolute_url()
73 |         return node_abs_url == request.path
```

2026-09-16 22:19:12 utils.py INFO 
LiteLLM completion() model= qwen/qwen3-coder; provider = openrouter
2026-09-16 22:19:23 utils.py INFO Wrapper: Completed Call, calling success_handler
2026-09-16 22:19:23 utils.py INFO 
LiteLLM completion() model= qwen/qwen3-coder; provider = openrouter
2026-09-16 22:19:33 utils.py INFO Wrapper: Completed Call, calling success_handler
2026-09-16 22:19:33 auto_search_main.py INFO Executing code:
```
print(search_code_snippets(**{'search_terms': ['exclude from menu', 'exclude from navigation']}))
```
2026-09-16 22:19:34 __init__.py DEBUG Building index from IDs objects
2026-09-16 22:19:34 __init__.py DEBUG Building index from IDs objects
2026-09-16 22:19:34 __init__.py DEBUG Building index from IDs objects
2026-09-16 22:19:34 __init__.py DEBUG Building index from IDs objects
2026-09-16 22:19:34 auto_search_main.py INFO OBSERVATION:
cms/admin/permissionadmin.py:ViewRestrictionInlineAdmin
cms/admin/permissionadmin.py:PagePermissionInlineAdmin.get_formset
cms/admin/forms.py:AdvancedSettingsForm.get_apphooks_with_config
cms/admin/forms.py:AdvancedSettingsForm._check_unique_namespace_instance
cms/admin/forms.py:AdvancedSettingsForm.get_apphooks
cms/admin/forms.py:AdvancedSettingsForm.save
cms/admin/forms.py:AdvancedSettingsForm.has_changed_apphooks
cms/admin/forms.py:AdvancedSettingsForm.get_navigation_extenders
cms/toolbar/toolbar.py:CMSToolbar.get_or_create_menu
cms/utils/permissions.py:get_subordinate_users
cms/admin/permissionadmin.py:ViewRestrictionInlineAdmin
cms/admin/permissionadmin.py:PagePermissionInlineAdmin.get_formset
cms/cms_menus.py:SoftRootCutter
cms/utils/permissions.py:get_subordinate_users
cms/models/placeholdermodel.py:Placeholder.has_delete_plugins_permission
cms/admin/permissionadmin.py:ViewRestrictionInlineAdmin
cms/admin/permissionadmin.py:PagePermissionInlineAdmin.get_formset
cms/utils/permissions.py:get_subordinate_users
cms/models/placeholdermodel.py:Placeholder.has_delete_plugins_permission
##Searching for term "exclude from menu"...
### Search Result:
Found `cms/app_base.py:CMSApp`.
Source: Retrieved code content using keyword search (bm25).
```
  1 | # -*- coding: utf-8 -*-
  2 | from abc import ABCMeta, abstractmethod
  3 | 
  4 | from django.utils import six
  5 | 
  6 | 
  7 | class CMSApp(object):
  8 |     #: list of urlconfs: example: ``_urls = ["myapp.urls"]``
  9 |     _urls = []
 10 |     #: list of menu classes: example: ``_menus = [MyAppMenu]``
 11 |     _menus = []
 12 |     #: name of the apphook (required)
 13 |     name = None
 14 |     #: name of the app, this enables Django namespaces support (optional)
 15 |     app_name = None
 16 |     #: configuration model (optional)
 17 |     app_config = None
 18 |     #: if set to true, apphook inherits permissions from the current page
 19 |     permissions = True
 20 |     #: list of application names to exclude from inheriting CMS permissions
 21 |     exclude_permissions = []
```
Hint: 
The code for class `cms/app_base.py:CMSApp` is incomplete; search `cms/app_base.py:CMSApp` for the full content if needed.

Found code snippet in file `cms/cms_toolbars.py`.
Source: Retrieved code content using keyword search (bm25).
```
  1 | # -*- coding: utf-8 -*-
  2 | from django.conf import settings
  3 | from django.contrib import admin
  4 | from django.contrib.auth import get_permission_codename, get_user_model
  5 | from django.contrib.auth.models import AnonymousUser
  6 | from django.contrib.sites.models import Site
  7 | from django.urls import NoReverseMatch, Resolver404, resolve, reverse
  8 | from django.utils.translation import override as force_language, ugettext_lazy as _
  9 | 
 10 | from cms.api import can_change_page
 11 | from cms.constants import TEMPLATE_INHERITANCE_MAGIC
 12 | from cms.models import Placeholder, Page, PageType
 13 | from cms.toolbar.items import ButtonList, REFRESH_PAGE
 14 | from cms.toolbar_base import CMSToolbar
 15 | from cms.toolbar_pool import toolbar_pool
 16 | from cms.toolbar.utils import (
 17 |     get_object_edit_url,
 18 |     get_object_preview_url,
 19 |     get_object_structure_url,
 20 | )
 21 | from cms.utils import get_language_from_request, page_permissions
 22 | from cms.utils.conf import get_cms_setting
 23 | from cms.utils.i18n import get_language_tuple, get_language_dict
 24 | from cms.utils.page_permissions import (
 25 |     user_can_change_page,
 26 |     user_can_delete_page,
 27 | )
 28 | from cms.utils.urlutils import add_url_parameters, admin_reverse
 29 | 
 30 | from menus.utils import DefaultLanguageChanger
 31 | 
 32 | 
 33 | # Identifiers for search
 34 | ADMIN_MENU_IDENTIFIER = 'admin-menu'
 35 | LANGUAGE_MENU_IDENTIFIER = 'language-menu'
 36 | TEMPLATE_MENU_BREAK = 'Template Menu Break'
 37 | PAGE_MENU_IDENTIFIER = 'page'
 38 | PAGE_MENU_ADD_IDENTIFIER = 'add_page'
 39 | PAGE_MENU_FIRST_BREAK = 'Page Menu First Break'
 40 | PAGE_MENU_SECOND_BREAK = 'Page Menu Second Break'
 41 | PAGE_MENU_THIRD_BREAK = 'Page Menu Third Break'
 42 | PAGE_MENU_FOURTH_BREAK = 'Page Menu Fourth Break'
 43 | PAGE_MENU_LAST_BREAK = 'Page Menu Last Break'
 44 | HISTORY_MENU_BREAK = 'History Menu Break'
 45 | MANAGE_PAGES_BREAK = 'Manage Pages Break'
 46 | ADMIN_SITES_BREAK = 'Admin Sites Break'
 47 | ADMINISTRATION_BREAK = 'Administration Break'
 48 | CLIPBOARD_BREAK = 'Clipboard Break'
 49 | USER_SETTINGS_BREAK = 'User Settings Break'
 50 | ADD_PAGE_LANGUAGE_BREAK = "Add page language Break"
 51 | REMOVE_PAGE_LANGUAGE_BREAK = "Remove page language Break"
 52 | COPY_PAGE_LANGUAGE_BREAK = "Copy page language Break"
 53 | TOOLBAR_DISABLE_BREAK = 'Toolbar disable Break'
 54 | SHORTCUTS_BREAK = 'Shortcuts Break'
```

Found `cms/models/query.py:PageQuerySet`, `cms/models/query.py:PageQuerySet.on_site`, `cms/models/query.py:PageQuerySet.get_home`, `cms/models/query.py:PageQuerySet.has_apphooks`.
Source: Retrieved code content using keyword search (bm25).
```
 1 | # -*- coding: utf-8 -*-
 2 | from django.db.models.query import QuerySet
 3 | 
 4 | from treebeard.mp_tree import MP_NodeQuerySet
 5 | 
 6 | from cms.exceptions import NoHomeFound
 7 | 
 8 | 
 9 | class PageQuerySet(QuerySet):
10 | 
11 |     def on_site(self, site=None):
12 |         from cms.utils import get_current_site
13 | 
14 |         if site is None:
15 |             site = get_current_site()
16 |         return self.filter(node__site=site)
17 | 
18 |     def get_home(self, site=None):
19 |         try:
20 |             home = self.on_site(site).distinct().get(is_home=True)
21 |         except self.model.DoesNotExist:
22 |             raise NoHomeFound('No Root page found')
23 |         return home
24 | 
25 |     def has_apphooks(self):
26 |         """
27 |         Returns True if any page on this queryset has an apphook attached.
28 |         """
29 |         return self.exclude(application_urls=None).exclude(application_urls='').exists()
```



##Searching for term "exclude from menu", "exclude from menu exclude from navigation"...
### Search Result:
Found class `menus/base.py:Menu`.
Source: Retrieved entity using keyword search (bm25).
```
 5 | class Menu(object):
 6 |     namespace = None
 7 | 
 8 |     def __init__(self, renderer):
 9 |         self.renderer = renderer
10 | 
11 |         if not self.namespace:
12 |             self.namespace = self.__class__.__name__
13 | 
14 |     def get_nodes(self, request):
15 |         """
16 |         should return a list of NavigationNode instances
17 |         """
18 |         raise NotImplementedError
```

Found class `cms/toolbar/items.py:Menu`.
Source: Retrieved entity using keyword search (bm25).
```
250 | class Menu(SubMenu):
251 |     sub_level = False
252 | 
253 |     def get_or_create_menu(self, key, verbose_name, disabled=False, side=LEFT, position=None):
254 |         if key in self.menus:
255 |             return self.menus[key]
256 |         menu = SubMenu(verbose_name, self.csrf_token, disabled=disabled, side=side)
257 |         self.menus[key] = menu
258 |         self.add_item(menu, position=position)
259 |         return menu
```



##Searching for term "exclude from menu", "exclude from navigation", "exclude from menu exclude from navigation"...
### Search Result:
Found function `cms/admin/permissionadmin.py:PagePermissionInlineAdmin.get_formset`.
Source: Retrieved code content using keyword search (bm25).
```
 90 | def get_formset(self, request, obj=None, **kwargs):
 91 |         """
 92 |         Some fields may be excluded here. User can change only
 93 |         permissions which are available for him. E.g. if user does not haves
 94 |         can_publish flag, he can't change assign can_publish permissions.
 95 |         """
 96 |         exclude = self.exclude or []
 97 |         if obj:
 98 |             user = request.user
 99 |             if not obj.has_add_permission(user):
100 |                 exclude.append('can_add')
101 |             if not obj.has_delete_permission(user):
102 |                 exclude.append('can_delete')
103 |             if not obj.has_publish_permission(user):
104 |                 exclude.append('can_publish')
105 |             if not obj.has_advanced_settings_permission(user):
106 |                 exclude.append('can_change_advanced_settings')
107 |             if not obj.has_move_page_permission(user):
108 |                 exclude.append('can_move_page')
109 | 
110 |         kwargs['exclude'] = exclude
111 |         formset_cls = super(PagePermissionInlineAdmin, self).get_formset(request, obj=obj, **kwargs)
112 |         qs = self.get_queryset(request)
113 |         if obj is not None:
114 |             qs = qs.filter(page=obj)
115 |         formset_cls._queryset = qs
116 |         return formset_cls
```

Found class `cms/admin/permissionadmin.py:ViewRestrictionInlineAdmin`.
Source: Retrieved code content using keyword search (bm25).
```
119 | class ViewRestrictionInlineAdmin(PagePermissionInlineAdmin):
120 |     extra = 0  # edit page load time boost
121 |     form = ViewRestrictionInlineAdminForm
122 |     verbose_name = _("View restriction")
123 |     verbose_name_plural = _("View restrictions")
124 |     show_with_view_permissions = True
```



##Searching for term "exclude from navigation"...
### Search Result:
Found `cms/models/query.py:PageQuerySet`, `cms/models/query.py:PageQuerySet.on_site`, `cms/models/query.py:PageQuerySet.get_home`, `cms/models/query.py:PageQuerySet.has_apphooks`.
Source: Retrieved code content using keyword search (bm25).
```
 1 | # -*- coding: utf-8 -*-
 2 | from django.db.models.query import QuerySet
 3 | 
 4 | from treebeard.mp_tree import MP_NodeQuerySet
 5 | 
 6 | from cms.exceptions import NoHomeFound
 7 | 
 8 | 
 9 | class PageQuerySet(QuerySet):
10 | 
11 |     def on_site(self, site=None):
12 |         from cms.utils import get_current_site
13 | 
14 |         if site is None:
15 |             site = get_current_site()
16 |         return self.filter(node__site=site)
17 | 
18 |     def get_home(self, site=None):
19 |         try:
20 |             home = self.on_site(site).distinct().get(is_home=True)
21 |         except self.model.DoesNotExist:
22 |             raise NoHomeFound('No Root page found')
23 |         return home
24 | 
25 |     def has_apphooks(self):
26 |         """
27 |         Returns True if any page on this queryset has an apphook attached.
28 |         """
29 |         return self.exclude(application_urls=None).exclude(application_urls='').exists()
```

Found `cms/management/commands/subcommands/list.py:ListApphooksCommand`, `cms/management/commands/subcommands/list.py:ListApphooksCommand.handle`.
Source: Retrieved code content using keyword search (bm25).
```
  1 | # -*- coding: utf-8 -*-
  2 | from __future__ import absolute_import, print_function, unicode_literals
  3 | 
  4 | from cms.models import Page
  5 | from cms.models.pluginmodel import CMSPlugin
  6 | from cms.plugin_pool import plugin_pool
  7 | 
  8 | from .base import SubcommandsCommand
  9 | 
 10 | 
 11 | class ListApphooksCommand(SubcommandsCommand):
 12 |     help_string = 'Lists all apphooks in pages'
 13 |     command_name = 'apphooks'
 14 | 
 15 |     def handle(self, *args, **options):
 16 |         urls = list(
 17 |             Page.objects.exclude(application_urls='').exclude(
 18 |                 application_urls__isnull=True
 19 |             ).values_list(
 20 |                 'application_urls', 'application_namespace'
 21 |             )
 22 |         )
 23 |         apphooks = {}
 24 |         for apphook, application_namespace in urls:
 25 |             if apphook in apphooks:
 26 |                 apphooks[apphook][0].append('active')
 27 |             else:
 28 |                 apphooks[apphook] = [['active'], application_namespace]
 29 |         for apphook, attributes in apphooks.items():
 30 |             attributes[0].sort()
 31 |             if attributes[1]:
 32 |                 self.stdout.write('{0}[instance: {1}] ({2})\n'.format(
 33 |                     apphook, attributes[1], '/'.join(attributes[0])
 34 |                 ))
 35 |             else:
 36 |                 self.stdout.write('{0} ({1})\n'.format(
 37 |                     apphook, '/'.join(attributes[0])
 38 |                 ))
```

Found class `cms/cms_menus.py:SoftRootCutter`.
Source: Retrieved code content using keyword search (bm25).
Just show the structure of this class due to response length limitations:
```
class SoftRootCutter(Modifier):

    def modify(self, request, nodes, namespace, root_id, post_cut, breadcrumb):
...
    def find_and_remove_children(self, node, nodes):
...
    def remove_children(self, node, nodes):
...
    def find_ancestors_and_remove_children(self, node, nodes):

```
Hint: Search `cms/cms_menus.py:SoftRootCutter` to get the full content if needed.

Found function `cms/models/pagemodel.py:Page.get_in_navigation`.
Source: Retrieved entity using keyword search (bm25).
```
1057 | def get_in_navigation(self, language=None, fallback=True, force_reload=False):
1058 |         return self.get_page_content_obj_attribute("in_navigation", language, fallback, force_reload)
```

Found function `cms/models/titlemodels.py:PageContent.toggle_in_navigation`.
Source: Retrieved entity using keyword search (bm25).
```
112 | def toggle_in_navigation(self, set_to=None):
113 |         '''
114 |         Toggles (or sets) in_navigation and invalidates the cms page cache
115 |         '''
116 |         old = bool(self.in_navigation)
117 | 
118 |         if set_to in [True, False]:
119 |             new = set_to
120 |         else:
121 |             new = not old
122 | 
123 |         self.update(in_navigation=new)
124 | 
125 |         # If there was a change, invalidate the cms page cache
126 |         if new != old:
127 |             self.page.clear_cache()
128 |         return new
```

Found function `cms/admin/forms.py:AdvancedSettingsForm.get_navigation_extenders`.
Source: Retrieved entity using keyword search (bm25).
```
764 | def get_navigation_extenders(self):
765 |         return menu_pool.get_menus_by_attribute("cms_enabled", True)
```



##Searching for term "exclude from menu exclude from navigation"...
### Search Result:
Found `cms/app_base.py:CMSApp`.
Source: Retrieved code content using keyword search (bm25).
```
  1 | # -*- coding: utf-8 -*-
  2 | from abc import ABCMeta, abstractmethod
  3 | 
  4 | from django.utils import six
  5 | 
  6 | 
  7 | class CMSApp(object):
  8 |     #: list of urlconfs: example: ``_urls = ["myapp.urls"]``
  9 |     _urls = []
 10 |     #: list of menu classes: example: ``_menus = [MyAppMenu]``
 11 |     _menus = []
 12 |     #: name of the apphook (required)
 13 |     name = None
 14 |     #: name of the app, this enables Django namespaces support (optional)
 15 |     app_name = None
 16 |     #: configuration model (optional)
 17 |     app_config = None
 18 |     #: if set to true, apphook inherits permissions from the current page
 19 |     permissions = True
 20 |     #: list of application names to exclude from inheriting CMS permissions
 21 |     exclude_permissions = []
```
Hint: 
The code for class `cms/app_base.py:CMSApp` is incomplete; search `cms/app_base.py:CMSApp` for the full content if needed.

Found `cms/models/query.py:PageQuerySet`, `cms/models/query.py:PageQuerySet.on_site`, `cms/models/query.py:PageQuerySet.get_home`, `cms/models/query.py:PageQuerySet.has_apphooks`.
Source: Retrieved code content using keyword search (bm25).
```
 1 | # -*- coding: utf-8 -*-
 2 | from django.db.models.query import QuerySet
 3 | 
 4 | from treebeard.mp_tree import MP_NodeQuerySet
 5 | 
 6 | from cms.exceptions import NoHomeFound
 7 | 
 8 | 
 9 | class PageQuerySet(QuerySet):
10 | 
11 |     def on_site(self, site=None):
12 |         from cms.utils import get_current_site
13 | 
14 |         if site is None:
15 |             site = get_current_site()
16 |         return self.filter(node__site=site)
17 | 
18 |     def get_home(self, site=None):
19 |         try:
20 |             home = self.on_site(site).distinct().get(is_home=True)
21 |         except self.model.DoesNotExist:
22 |             raise NoHomeFound('No Root page found')
23 |         return home
24 | 
25 |     def has_apphooks(self):
26 |         """
27 |         Returns True if any page on this queryset has an apphook attached.
28 |         """
29 |         return self.exclude(application_urls=None).exclude(application_urls='').exists()
```

Found `cms/management/commands/subcommands/list.py:ListApphooksCommand`, `cms/management/commands/subcommands/list.py:ListApphooksCommand.handle`.
Source: Retrieved code content using keyword search (bm25).
```
  1 | # -*- coding: utf-8 -*-
  2 | from __future__ import absolute_import, print_function, unicode_literals
  3 | 
  4 | from cms.models import Page
  5 | from cms.models.pluginmodel import CMSPlugin
  6 | from cms.plugin_pool import plugin_pool
  7 | 
  8 | from .base import SubcommandsCommand
  9 | 
 10 | 
 11 | class ListApphooksCommand(SubcommandsCommand):
 12 |     help_string = 'Lists all apphooks in pages'
 13 |     command_name = 'apphooks'
 14 | 
 15 |     def handle(self, *args, **options):
 16 |         urls = list(
 17 |             Page.objects.exclude(application_urls='').exclude(
 18 |                 application_urls__isnull=True
 19 |             ).values_list(
 20 |                 'application_urls', 'application_namespace'
 21 |             )
 22 |         )
 23 |         apphooks = {}
 24 |         for apphook, application_namespace in urls:
 25 |             if apphook in apphooks:
 26 |                 apphooks[apphook][0].append('active')
 27 |             else:
 28 |                 apphooks[apphook] = [['active'], application_namespace]
 29 |         for apphook, attributes in apphooks.items():
 30 |             attributes[0].sort()
 31 |             if attributes[1]:
 32 |                 self.stdout.write('{0}[instance: {1}] ({2})\n'.format(
 33 |                     apphook, attributes[1], '/'.join(attributes[0])
 34 |                 ))
 35 |             else:
 36 |                 self.stdout.write('{0} ({1})\n'.format(
 37 |                     apphook, '/'.join(attributes[0])
 38 |                 ))
```

2026-09-16 22:19:34 utils.py INFO 
LiteLLM completion() model= qwen/qwen3-coder; provider = openrouter
2026-09-16 22:19:53 utils.py INFO Wrapper: Completed Call, calling success_handler
2026-09-16 22:19:53 utils.py INFO 
LiteLLM completion() model= qwen/qwen3-coder; provider = openrouter
2026-09-16 22:20:20 utils.py INFO Wrapper: Completed Call, calling success_handler
2026-09-16 22:20:20 auto_search_main.py INFO Executing code:
```
print(search_code_snippets(**{'search_terms': ['render.*menu', 'menu.*render']}))
```
2026-09-16 22:20:20 __init__.py DEBUG Building index from IDs objects
2026-09-16 22:20:20 __init__.py DEBUG Building index from IDs objects
2026-09-16 22:20:20 __init__.py DEBUG Building index from IDs objects
2026-09-16 22:20:20 auto_search_main.py INFO OBSERVATION:
menus/templatetags/menu_tags.py:ShowMenu
menus/templatetags/menu_tags.py:ShowSubMenu
menus/menu_pool.py:MenuRenderer.apply_modifiers
menus/menu_pool.py:MenuRenderer.get_menu
menus/menu_pool.py:MenuRenderer.get_nodes
menus/menu_pool.py:MenuPool.get_registered_menus
menus/templatetags/menu_tags.py:impl:5
menus/templatetags/menu_tags.py:ShowBreadcrumb
menus/menu_pool.py:MenuRenderer.__init__
menus/menu_pool.py:_get_menu_class_for_instance
menus/menu_pool.py:MenuRenderer.is_cached
menus/menu_pool.py:MenuRenderer.cache_key
menus/menu_pool.py:MenuRenderer
cms/cms_menus.py:get_menu_node_for_page
cms/cms_menus.py:NavExtender
cms/cms_menus.py:NavExtender.modify
cms/cms_menus.py:impl:2
menus/menu_pool.py:MenuRenderer._build_nodes
menus/templatetags/menu_tags.py:ShowMenu
menus/templatetags/menu_tags.py:ShowSubMenu
menus/menu_pool.py:MenuRenderer.apply_modifiers
menus/menu_pool.py:MenuRenderer.get_menu
menus/menu_pool.py:MenuRenderer.get_nodes
menus/menu_pool.py:MenuPool.get_registered_menus
menus/templatetags/menu_tags.py:impl:5
menus/templatetags/menu_tags.py:ShowBreadcrumb
menus/menu_pool.py:MenuRenderer.__init__
menus/menu_pool.py:_get_menu_class_for_instance
menus/menu_pool.py:MenuRenderer.is_cached
menus/menu_pool.py:MenuRenderer.cache_key
menus/menu_pool.py:MenuRenderer
cms/cms_menus.py:get_menu_node_for_page
cms/cms_menus.py:NavExtender
cms/cms_menus.py:NavExtender.modify
cms/cms_menus.py:impl:2
menus/menu_pool.py:MenuRenderer._build_nodes
menus/templatetags/menu_tags.py:ShowMenu
menus/templatetags/menu_tags.py:ShowSubMenu
menus/menu_pool.py:MenuRenderer.apply_modifiers
menus/menu_pool.py:MenuRenderer.get_menu
menus/menu_pool.py:MenuRenderer.get_nodes
menus/menu_pool.py:MenuPool.get_registered_menus
menus/templatetags/menu_tags.py:impl:5
menus/templatetags/menu_tags.py:ShowBreadcrumb
menus/menu_pool.py:MenuRenderer.__init__
menus/menu_pool.py:_get_menu_class_for_instance
menus/menu_pool.py:MenuRenderer.is_cached
menus/menu_pool.py:MenuRenderer.cache_key
menus/menu_pool.py:MenuRenderer
cms/cms_menus.py:get_menu_node_for_page
cms/cms_menus.py:NavExtender
cms/cms_menus.py:NavExtender.modify
cms/cms_menus.py:impl:2
menus/menu_pool.py:MenuRenderer._build_nodes
##Searching for term "render.*menu"...
### Search Result:
Found `menus/base.py:Menu`, `menus/base.py:Menu.get_nodes`, `menus/base.py:Modifier`, `menus/base.py:Modifier.modify`.
Source: Retrieved code content using keyword search (bm25).
```
 1 | # -*- coding: utf-8 -*-
 2 | from django.utils.encoding import smart_str
 3 | 
 4 | 
 5 | class Menu(object):
 6 |     namespace = None
 7 | 
 8 |     def __init__(self, renderer):
 9 |         self.renderer = renderer
10 | 
11 |         if not self.namespace:
12 |             self.namespace = self.__class__.__name__
13 | 
14 |     def get_nodes(self, request):
15 |         """
16 |         should return a list of NavigationNode instances
17 |         """
18 |         raise NotImplementedError
19 | 
20 | 
21 | class Modifier(object):
22 | 
23 |     def __init__(self, renderer):
24 |         self.renderer = renderer
25 | 
26 |     def modify(self, request, nodes, namespace, root_id, post_cut, breadcrumb):
27 |         pass
```



##Searching for term "render.*menu", "menu.*render", "render.*menu menu.*render"...
### Search Result:
Found class `menus/base.py:Menu`.
Source: Retrieved entity using keyword search (bm25).
```
 5 | class Menu(object):
 6 |     namespace = None
 7 | 
 8 |     def __init__(self, renderer):
 9 |         self.renderer = renderer
10 | 
11 |         if not self.namespace:
12 |             self.namespace = self.__class__.__name__
13 | 
14 |     def get_nodes(self, request):
15 |         """
16 |         should return a list of NavigationNode instances
17 |         """
18 |         raise NotImplementedError
```

Found class `cms/toolbar/items.py:Menu`.
Source: Retrieved entity using keyword search (bm25).
```
250 | class Menu(SubMenu):
251 |     sub_level = False
252 | 
253 |     def get_or_create_menu(self, key, verbose_name, disabled=False, side=LEFT, position=None):
254 |         if key in self.menus:
255 |             return self.menus[key]
256 |         menu = SubMenu(verbose_name, self.csrf_token, disabled=disabled, side=side)
257 |         self.menus[key] = menu
258 |         self.add_item(menu, position=position)
259 |         return menu
```

Found class `menus/templatetags/menu_tags.py:ShowMenu`.
Source: Retrieved code content using keyword search (bm25).
```
102 | class ShowMenu(InclusionTag):
103 |     """
104 |     render a nested list of all children of the pages
105 |     - from_level: starting level
106 |     - to_level: max level
107 |     - extra_inactive: how many levels should be rendered of the not active tree?
108 |     - extra_active: how deep should the children of the active node be rendered?
109 |     - namespace: the namespace of the menu. if empty will use all namespaces
110 |     - root_id: the id of the root node
111 |     - template: template used to render the menu
112 |     """
113 |     name = 'show_menu'
114 |     template = 'menu/dummy.html'
115 | 
116 |     options = Options(
117 |         IntegerArgument('from_level', default=0, required=False),
118 |         IntegerArgument('to_level', default=100, required=False),
119 |         IntegerArgument('extra_inactive', default=0, required=False),
120 |         IntegerArgument('extra_active', default=1000, required=False),
121 |         StringArgument('template', default='menu/menu.html', required=False),
122 |         StringArgument('namespace', default=None, required=False),
123 |         StringArgument('root_id', default=None, required=False),
124 |         Argument('next_page', default=None, required=False),
125 |     )
126 | 
127 |     def get_context(self, context, from_level, to_level, extra_inactive,
128 |                     extra_active, template, namespace, root_id, next_page):
129 |         try:
130 |             # If there's an exception (500), default context_processors may not be called.
131 |             request = context['request']
132 |         except KeyError:
133 |             return {'template': 'menu/empty.html'}
134 | 
135 |         if next_page:
136 |             children = next_page.children
137 |         else:
138 |             # new menu... get all the data so we can save a lot of queries
139 |             menu_renderer = context.get('cms_menu_renderer')
140 | 
141 |             if not menu_renderer:
142 |                 menu_renderer = menu_pool.get_renderer(request)
143 | 
144 |             nodes = menu_renderer.get_nodes(namespace, root_id)
145 |             if root_id:  # find the root id and cut the nodes
146 |                 id_nodes = menu_pool.get_nodes_by_attribute(nodes, "reverse_id", root_id)
147 |                 if id_nodes:
148 |                     node = id_nodes[0]
149 |                     nodes = node.children
150 |                     for remove_parent in nodes:
151 |                         remove_parent.parent = None
152 |                     from_level += node.level + 1
153 |                     to_level += node.level + 1
154 |                     nodes = flatten(nodes)
155 |                 else:
156 |                     nodes = []
157 |             children = cut_levels(nodes, from_level, to_level, extra_inactive, extra_active)
158 |             children = menu_renderer.apply_modifiers(children, namespace, root_id, post_cut=True)
159 | 
160 |         try:
161 |             context['children'] = children
162 |             context['template'] = template
163 |             context['from_level'] = from_level
164 |             context['to_level'] = to_level
165 |             context['extra_inactive'] = extra_inactive
166 |             context['extra_active'] = extra_active
167 |             context['namespace'] = namespace
168 |         except:
169 |             context = {"template": template}
170 |         return context
```

Found class `menus/templatetags/menu_tags.py:ShowSubMenu`.
Source: Retrieved code content using keyword search (bm25).
```
193 | class ShowSubMenu(InclusionTag):
194 |     """
195 |     show the sub menu of the current nav-node.
196 |     - levels: how many levels deep
197 |     - root_level: the level to start the menu at
198 |     - nephews: the level of descendants of siblings (nephews) to show
199 |     - template: template used to render the navigation
200 |     """
201 |     name = 'show_sub_menu'
202 |     template = 'menu/dummy.html'
203 | 
204 |     options = Options(
205 |         IntegerArgument('levels', default=100, required=False),
206 |         Argument('root_level', default=None, required=False),
207 |         IntegerArgument('nephews', default=100, required=False),
208 |         Argument('template', default='menu/sub_menu.html', required=False),
209 |     )
210 | 
211 |     def get_context(self, context, levels, root_level, nephews, template):
212 |         # Django 1.4 doesn't accept 'None' as a tag value and resolve to ''
213 |         # So we need to force it to None again
214 |         if not root_level and root_level != 0:
215 |             root_level = None
216 |         try:
217 |             # If there's an exception (500), default context_processors may not be called.
218 |             request = context['request']
219 |         except KeyError:
220 |             return {'template': 'menu/empty.html'}
221 | 
222 |         menu_renderer = context.get('cms_menu_renderer')
223 | 
224 |         if not menu_renderer:
225 |             menu_renderer = menu_pool.get_renderer(request)
226 | 
227 |         nodes = menu_renderer.get_nodes()
228 |         children = []
229 |         # adjust root_level so we cut before the specified level, not after
230 |         include_root = False
231 |         if root_level is not None and root_level > 0:
232 |             root_level -= 1
233 |         elif root_level is not None and root_level == 0:
234 |             include_root = True
235 |         for node in nodes:
236 |             if root_level is None:
237 |                 if node.selected:
238 |                     # if no root_level specified, set it to the selected nodes level
239 |                     root_level = node.level
240 |                     # is this the ancestor of current selected node at the root level?
241 |             is_root_ancestor = (node.ancestor and node.level == root_level)
242 |             # is a node selected on the root_level specified
243 |             root_selected = (node.selected and node.level == root_level)
244 |             if is_root_ancestor or root_selected:
245 |                 cut_after(node, levels, [])
246 |                 children = node.children
247 |                 for child in children:
248 |                     if child.sibling:
249 |                         cut_after(child, nephews, [])
250 |                         # if root_level was 0 we need to give the menu the entire tree
251 |                     # not just the children
252 |                 if include_root:
253 |                     children = menu_renderer.apply_modifiers([node], post_cut=True)
254 |                 else:
255 |                     children = menu_renderer.apply_modifiers(children, post_cut=True)
256 |         context['children'] = children
257 |         context['template'] = template
258 |         context['from_level'] = 0
259 |         context['to_level'] = 0
260 |         context['extra_inactive'] = 0
261 |         context['extra_active'] = 0
262 |         return context
```

Found function `menus/menu_pool.py:MenuRenderer.apply_modifiers`.
Source: Retrieved code content using keyword search (bm25).
```
201 | def apply_modifiers(self, nodes, namespace=None, root_id=None,
202 |             post_cut=False, breadcrumb=False):
203 |         if not post_cut:
204 |             nodes = self._mark_selected(nodes)
205 | 
206 |         # Only fetch modifiers when they're needed.
207 |         # We can do this because unlike menu classes,
208 |         # modifiers can't change on a request basis.
209 |         for cls in self.pool.get_registered_modifiers():
210 |             inst = cls(renderer=self)
211 |             nodes = inst.modify(
212 |                 self.request, nodes, namespace, root_id, post_cut, breadcrumb)
213 |         return nodes
```

Found function `menus/menu_pool.py:MenuRenderer.get_menu`.
Source: Retrieved code content using keyword search (bm25).
```
226 | def get_menu(self, menu_name):
227 |         MenuClass = self.menus[menu_name]
228 |         return MenuClass(renderer=self)
```



##Searching for term "menu.*render"...
### Search Result:
Found `menus/base.py:Menu`, `menus/base.py:Menu.get_nodes`, `menus/base.py:Modifier`, `menus/base.py:Modifier.modify`.
Source: Retrieved code content using keyword search (bm25).
```
 1 | # -*- coding: utf-8 -*-
 2 | from django.utils.encoding import smart_str
 3 | 
 4 | 
 5 | class Menu(object):
 6 |     namespace = None
 7 | 
 8 |     def __init__(self, renderer):
 9 |         self.renderer = renderer
10 | 
11 |         if not self.namespace:
12 |             self.namespace = self.__class__.__name__
13 | 
14 |     def get_nodes(self, request):
15 |         """
16 |         should return a list of NavigationNode instances
17 |         """
18 |         raise NotImplementedError
19 | 
20 | 
21 | class Modifier(object):
22 | 
23 |     def __init__(self, renderer):
24 |         self.renderer = renderer
25 | 
26 |     def modify(self, request, nodes, namespace, root_id, post_cut, breadcrumb):
27 |         pass
```



##Searching for term "render.*menu menu.*render"...
### Search Result:
Found `menus/base.py:Menu`, `menus/base.py:Menu.get_nodes`, `menus/base.py:Modifier`, `menus/base.py:Modifier.modify`.
Source: Retrieved code content using keyword search (bm25).
```
 1 | # -*- coding: utf-8 -*-
 2 | from django.utils.encoding import smart_str
 3 | 
 4 | 
 5 | class Menu(object):
 6 |     namespace = None
 7 | 
 8 |     def __init__(self, renderer):
 9 |         self.renderer = renderer
10 | 
11 |         if not self.namespace:
12 |             self.namespace = self.__class__.__name__
13 | 
14 |     def get_nodes(self, request):
15 |         """
16 |         should return a list of NavigationNode instances
17 |         """
18 |         raise NotImplementedError
19 | 
20 | 
21 | class Modifier(object):
22 | 
23 |     def __init__(self, renderer):
24 |         self.renderer = renderer
25 | 
26 |     def modify(self, request, nodes, namespace, root_id, post_cut, breadcrumb):
27 |         pass
```

2026-09-16 22:20:20 utils.py INFO 
LiteLLM completion() model= qwen/qwen3-coder; provider = openrouter
2026-09-16 22:20:33 utils.py INFO Wrapper: Completed Call, calling success_handler
2026-09-16 22:20:33 utils.py INFO 
LiteLLM completion() model= qwen/qwen3-coder; provider = openrouter
2026-09-16 22:20:48 utils.py INFO Wrapper: Completed Call, calling success_handler
2026-09-16 22:20:48 utils.py INFO 
LiteLLM completion() model= qwen/qwen3-coder; provider = openrouter
2026-09-16 22:20:56 utils.py INFO Wrapper: Completed Call, calling success_handler
2026-09-16 22:20:56 auto_search_main.py INFO ===============
2026-09-16 22:20:56 auto_search_main.py INFO 
Final Response:=

2026-09-16 22:20:56 auto_search_main.py INFO ============================================================
2026-09-16 22:20:56 auto_search_main.py INFO ==== djangocms-rc-66c70394c9e1 Count down: attempt 1 ====
2026-09-16 22:20:56 auto_search_main.py INFO ==== djangocms-rc-66c70394c9e1 start auto search ====
2026-09-16 22:20:56 utils.py INFO 
LiteLLM completion() model= qwen/qwen3-coder; provider = openrouter
2026-09-16 22:20:57 utils.py INFO Wrapper: Completed Call, calling success_handler
2026-09-16 22:20:57 auto_search_main.py INFO Executing code:
```
print(explore_tree_structure(**{'start_entities': ['/'], 'traversal_depth': 2, 'dependency_type_filter': "['contains']"}))
```
2026-09-16 22:20:57 auto_search_main.py INFO OBSERVATION:
/
├── contains ── manage.py
│               ├── contains ── manage.py:install_auth_user_model
│               └── contains ── manage.py:DisableMigrations
├── contains ── setup.py
├── contains ── docs
│               ├── contains ── docs/conf.py
│               └── contains ── docs/_ext
├── contains ── cms
│               ├── contains ── cms/toolbar_base.py
│               ├── contains ── cms/context_processors.py
│               ├── contains ── cms/app_base.py
│               ├── contains ── cms/apphook_pool.py
│               ├── contains ── cms/menu_bases.py
│               ├── contains ── cms/plugin_pool.py
│               ├── contains ── cms/app_registration.py
│               ├── contains ── cms/plugin_processors.py
│               ├── contains ── cms/page_rendering.py
│               ├── contains ── cms/cms_menus.py
│               ├── contains ── cms/api.py
│               ├── contains ── cms/constants.py
│               ├── contains ── cms/apps.py
│               ├── contains ── cms/cms_toolbars.py
│               ├── contains ── cms/urls.py
│               ├── contains ── cms/cms_config.py
│               ├── contains ── cms/__init__.py
│               ├── contains ── cms/views.py
│               ├── contains ── cms/appresolver.py
│               ├── contains ── cms/plugin_rendering.py
│               ├── contains ── cms/cms_plugins.py
│               ├── contains ── cms/toolbar_pool.py
│               ├── contains ── cms/exceptions.py
│               ├── contains ── cms/cms_wizards.py
│               ├── contains ── cms/templates.py
│               ├── contains ── cms/plugin_base.py
│               ├── contains ── cms/migrations
│               ├── contains ── cms/middleware
│               ├── contains ── cms/signals
│               ├── contains ── cms/toolbar
│               ├── contains ── cms/models
│               ├── contains ── cms/forms
│               ├── contains ── cms/extensions
│               ├── contains ── cms/wizards
│               ├── contains ── cms/admin
│               ├── contains ── cms/utils
│               ├── contains ── cms/sitemaps
│               ├── contains ── cms/operations
│               ├── contains ── cms/cache
│               ├── contains ── cms/management
│               └── contains ── cms/templatetags
└── contains ── menus
                ├── contains ── menus/models.py
                ├── contains ── menus/modifiers.py
                ├── contains ── menus/base.py
                ├── contains ── menus/utils.py
                ├── contains ── menus/apps.py
                ├── contains ── menus/menu_pool.py
                ├── contains ── menus/__init__.py
                ├── contains ── menus/exceptions.py
                ├── contains ── menus/migrations
                └── contains ── menus/templatetags

2026-09-16 22:20:57 utils.py INFO 
LiteLLM completion() model= qwen/qwen3-coder; provider = openrouter
2026-09-16 22:20:59 utils.py INFO Wrapper: Completed Call, calling success_handler
2026-09-16 22:20:59 auto_search_main.py INFO Executing code:
```
print(explore_tree_structure(**{'start_entities': ['cms/models'], 'traversal_depth': 2, 'dependency_type_filter': "['contains']"}))
```
2026-09-16 22:20:59 auto_search_main.py INFO OBSERVATION:
cms/models
├── contains ── cms/models/aliaspluginmodel.py
│               └── contains ── cms/models/aliaspluginmodel.py:AliasPluginModel
├── contains ── cms/models/placeholdermodel.py
│               └── contains ── cms/models/placeholdermodel.py:Placeholder
├── contains ── cms/models/query.py
│               ├── contains ── cms/models/query.py:PageQuerySet
│               └── contains ── cms/models/query.py:PageNodeQuerySet
├── contains ── cms/models/pagemodel.py
│               ├── contains ── cms/models/pagemodel.py:TreeNode
│               ├── contains ── cms/models/pagemodel.py:Page
│               ├── contains ── cms/models/pagemodel.py:PageUrl
│               └── contains ── cms/models/pagemodel.py:PageType
├── contains ── cms/models/fields.py
│               ├── contains ── cms/models/fields.py:PlaceholderField
│               ├── contains ── cms/models/fields.py:PageField
│               └── contains ── cms/models/fields.py:PlaceholderRelationField
├── contains ── cms/models/managers.py
│               ├── contains ── cms/models/managers.py:PageManager
│               ├── contains ── cms/models/managers.py:PageNodeManager
│               ├── contains ── cms/models/managers.py:PageUrlManager
│               ├── contains ── cms/models/managers.py:PageContentManager
│               ├── contains ── cms/models/managers.py:PlaceholderManager
│               ├── contains ── cms/models/managers.py:BasicPagePermissionManager
│               ├── contains ── cms/models/managers.py:GlobalPagePermissionManager
│               └── contains ── cms/models/managers.py:PagePermissionManager
├── contains ── cms/models/static_placeholder.py
│               ├── contains ── cms/models/static_placeholder.py:static_slotname
│               └── contains ── cms/models/static_placeholder.py:StaticPlaceholder
├── contains ── cms/models/titlemodels.py
│               ├── contains ── cms/models/titlemodels.py:PageContent
│               └── contains ── cms/models/titlemodels.py:EmptyPageContent
├── contains ── cms/models/settingmodels.py
│               └── contains ── cms/models/settingmodels.py:UserSettings
├── contains ── cms/models/permissionmodels.py
│               ├── contains ── cms/models/permissionmodels.py:AbstractPagePermission
│               ├── contains ── cms/models/permissionmodels.py:GlobalPagePermission
│               ├── contains ── cms/models/permissionmodels.py:PagePermission
│               ├── contains ── cms/models/permissionmodels.py:PageUserManager
│               ├── contains ── cms/models/permissionmodels.py:PageUser
│               └── contains ── cms/models/permissionmodels.py:PageUserGroup
├── contains ── cms/models/__init__.py
├── contains ── cms/models/apphooks_reload.py
│               └── contains ── cms/models/apphooks_reload.py:UrlconfRevision
├── contains ── cms/models/placeholderpluginmodel.py
│               └── contains ── cms/models/placeholderpluginmodel.py:PlaceholderReference
└── contains ── cms/models/pluginmodel.py
                ├── contains ── cms/models/pluginmodel.py:_get_descendants_cte
                ├── contains ── cms/models/pluginmodel.py:_get_database_connection
                ├── contains ── cms/models/pluginmodel.py:_get_database_vendor
                ├── contains ── cms/models/pluginmodel.py:_get_database_cursor
                ├── contains ── cms/models/pluginmodel.py:plugin_supports_cte
                ├── contains ── cms/models/pluginmodel.py:BoundRenderMeta
                ├── contains ── cms/models/pluginmodel.py:PluginModelBase
                ├── contains ── cms/models/pluginmodel.py:CMSPlugin
                └── contains ── cms/models/pluginmodel.py:get_plugin_media_path

2026-09-16 22:20:59 utils.py INFO 
LiteLLM completion() model= qwen/qwen3-coder; provider = openrouter
2026-09-16 22:20:59 utils.py INFO Wrapper: Completed Call, calling success_handler
2026-09-16 22:20:59 auto_search_main.py INFO Executing code:
```
print(search_code_snippets(**{'search_terms': ['limit_visibility_in_menu', 'PageContent']}))
```
2026-09-16 22:21:00 __init__.py DEBUG Building index from IDs objects
2026-09-16 22:21:00 __init__.py DEBUG Building index from IDs objects
2026-09-16 22:21:00 auto_search_main.py INFO OBSERVATION:
cms/admin/forms.py:ChangePageForm.__init__
cms/admin/forms.py:ChangePageForm
cms/admin/forms.py:ChangePageForm._language
cms/cms_menus.py:get_menu_node_for_page
cms/api.py:create_page
cms/api.py:create_title
cms/api.py:create_page
cms/api.py:_verify_plugin_type
cms/models/pagemodel.py:Page.rescan_placeholders
cms/models/pagemodel.py:Page.get_soft_root
cms/models/pagemodel.py:Page.get_in_navigation
cms/models/pagemodel.py:Page.get_xframe_options
cms/models/pagemodel.py:Page.reload
cms/models/pagemodel.py:Page.get_declared_placeholders
cms/models/pagemodel.py:Page.get_limit_visibility_in_menu
cms/models/titlemodels.py:PageContent.has_placeholder_change_permission
cms/models/titlemodels.py:PageContent.update
cms/models/titlemodels.py:PageContent.toggle_in_navigation
cms/models/titlemodels.py:PageContent.__str__
cms/models/titlemodels.py:PageContent.save
cms/models/titlemodels.py:PageContent.Meta
cms/models/titlemodels.py:PageContent.__repr__
cms/models/titlemodels.py:PageContent
cms/models/titlemodels.py:PageContent.rescan_placeholders
##Searching for term "limit_visibility_in_menu"...
### Search Result:
Found `cms/migrations/0030_auto_20180810_0629.py:update_titles`.
Source: Retrieved code content using keyword search (bm25).
```
 1 | # -*- coding: utf-8 -*-
 2 | # Generated by Django 1.11.13 on 2018-08-10 10:29
 3 | from __future__ import unicode_literals
 4 | 
 5 | from django.db import migrations
 6 | 
 7 | 
 8 | def update_titles(apps, schema_editor):
 9 |     db_alias = schema_editor.connection.alias
10 |     Page = apps.get_model('cms', 'Page')
11 |     for page in Page.objects.using(db_alias):
12 |         page.title_set.update(
13 |             created_by=page.created_by,
14 |             changed_by=page.changed_by,
15 |             changed_date=page.changed_date,
16 |             in_navigation=page.in_navigation,
17 |             soft_root=page.soft_root,
18 |             limit_visibility_in_menu=page.limit_visibility_in_menu,
19 |             template=page.template,
20 |             xframe_options=page.xframe_options,
21 |         )
```

Found class `cms/admin/forms.py:ChangePageForm`.
Source: Retrieved code content using keyword search (bm25).
Just show the structure of this class due to response length limitations:
```
class ChangePageForm(BasePageContentForm):
    overwrite_url = forms.CharField(
        label=_('Overwrite URL'),
        max_length=255,
        required=False,
        help_text=_('Keep this field empty if standard path should be used.'),
    )
    soft_root = forms.BooleanField(
        label=_('Soft root'),
        required=False,
        help_text=_("All ancestors will not be displayed in the navigation"),
    )
    redirect = PageSmartLinkField(
        label=_('Redirect'),
        required=False,
        help_text=_('Redirects to this URL.'),
        placeholder_text=_('Start typing...'),
        ajax_view='admin:cms_page_get_list',
    )
    limit_visibility_in_menu = forms.TypedChoiceField(
        choices=PageContent._meta.get_field('limit_visibility_in_menu').choices,
        label=_("menu visibility"),
        help_text=_("limit when this page is visible in the menu"),
        initial=PageContent._meta.get_field('limit_visibility_in_menu').default,
        required=False,
        coerce=int,
        empty_value=None,
    )

    fieldsets = (
        (None, {
            'fields': ('title', 'slug', 'template', 'page_title', 'meta_description'),
        }),
        (_('URL options'), {
            'fields': ('overwrite_url', 'redirect'),
            'classes': ['collapse'],
        }),
        (_('Menu options'), {
            'fields': ('soft_root', 'menu_title', 'limit_visibility_in_menu'),
            'classes': ['collapse'],
        })
    )

    def __init__(self, *args, **kwargs):
...
    @cached_property
    def _language(self):
...
    def clean(self):
...
    def clean_xframe_options(self):
...
    def save(self, commit=True):

```
Hint: Search `cms/admin/forms.py:ChangePageForm` to get the full content if needed.

Found function `cms/models/pagemodel.py:Page.get_limit_visibility_in_menu`.
Source: Retrieved entity using keyword search (bm25).
```
1060 | def get_limit_visibility_in_menu(self, language=None, fallback=True, force_reload=False):
1061 |         return self.get_page_content_obj_attribute("limit_visibility_in_menu", language, fallback, force_reload)
```

Found function `cms/admin/forms.py:ChangePageForm._language`.
Source: Retrieved code content using keyword search (bm25).
```
492 | def _language(self):
493 |         return self.instance.language
```

Found function `cms/cms_menus.py:get_menu_node_for_page`.
Source: Retrieved code content using keyword search (bm25).
```
 73 | def get_menu_node_for_page(renderer, page, language, fallbacks=None):
 74 |     """
 75 |     Transform a CMS page into a navigation node.
 76 | 
 77 |     :param renderer: MenuRenderer instance bound to the request
 78 |     :param page: the page you wish to transform
 79 |     :param language: The current language used to render the menu
 80 |     """
 81 |     if fallbacks is None:
 82 |         fallbacks = []
 83 | 
 84 |     # Theses are simple to port over, since they are not calculated.
 85 |     # Other attributes will be added conditionally later.
 86 |     attr = {
 87 |         'is_page': True,
 88 |         'soft_root': page.get_soft_root(language),
 89 |         'auth_required': page.login_required,
 90 |         'reverse_id': page.reverse_id,
 91 |     }
 92 | 
 93 |     limit_visibility_in_menu = page.get_limit_visibility_in_menu(language)
 94 | 
 95 |     if limit_visibility_in_menu is constants.VISIBILITY_ALL:
 96 |         attr['visible_for_authenticated'] = True
 97 |         attr['visible_for_anonymous'] = True
 98 |     else:
 99 |         attr['visible_for_authenticated'] = limit_visibility_in_menu == constants.VISIBILITY_USERS
100 |         attr['visible_for_anonymous'] = limit_visibility_in_menu == constants.VISIBILITY_ANONYMOUS
101 |     attr['is_home'] = page.is_home
102 |     # Extenders can be either navigation extenders or from apphooks.
103 |     extenders = []
104 |     if page.navigation_extenders:
105 |         if page.navigation_extenders in renderer.menus:
106 |             extenders.append(page.navigation_extenders)
107 |         elif "{0}:{1}".format(page.navigation_extenders, page.pk) in renderer.menus:
108 |             extenders.append("{0}:{1}".format(page.navigation_extenders, page.pk))
109 |     # Is this page an apphook? If so, we need to handle the apphooks's nodes
110 |     # Only run this if we have a translation in the requested language for this
111 |     # object. The title cache should have been prepopulated in CMSMenu.get_nodes
112 |     # but otherwise, just request the title normally
113 |     if page.title_cache.get(language) and page.application_urls:
114 |         # it means it is an apphook
115 |         app = apphook_pool.get_apphook(page.application_urls)
116 | 
117 |         if app:
118 |             extenders += app.get_menus(page, language)
119 |     exts = []
120 |     for ext in extenders:
121 |         if hasattr(ext, "get_instances"):
122 |             # CMSAttachMenus are treated a bit differently to allow them to be
123 |             # able to be attached to multiple points in the navigation.
124 |             exts.append("{0}:{1}".format(ext.__name__, page.pk))
125 |         elif hasattr(ext, '__name__'):
126 |             exts.append(ext.__name__)
127 |         else:
128 |             exts.append(ext)
129 |     if exts:
130 |         attr['navigation_extenders'] = exts
131 | 
132 |     for lang in [language] + fallbacks:
133 |         translation = page.title_cache[lang]
134 | 
135 |         if translation:
136 |             page_url = page.urls_cache[lang]
137 |             # Do we have a redirectURL?
138 |             attr['redirect_url'] = translation.redirect  # save redirect URL if any
139 | 
140 |             # Now finally, build the NavigationNode object and return it.
141 |             # The parent_id is manually set by the menu get_nodes method.
142 |             ret_node = CMSNavigationNode(
143 |                 title=translation.menu_title or translation.title,
144 |                 url='',
145 |                 id=page.pk,
146 |                 attr=attr,
147 |                 visible=page.get_in_navigation(translation.language),
148 |                 path=page_url.path or page_url.slug,
149 |                 language=(translation.language if translation.language != language else None),
150 |             )
151 |             return ret_node
152 |     else:
153 |         raise RuntimeError('Unable to render cms menu. There is a language misconfiguration.')
```

Found function `cms/api.py:create_page`.
Source: Retrieved code content using keyword search (bm25).
```
101 | def create_page(title, template, language, menu_title=None, slug=None,
102 |                 apphook=None, apphook_namespace=None, redirect=None, meta_description=None,
103 |                 created_by='python-api', parent=None,
104 |                 publication_date=None, publication_end_date=None,
105 |                 in_navigation=False, soft_root=False, reverse_id=None,
106 |                 navigation_extenders=None, published=None, site=None,
107 |                 login_required=False, limit_visibility_in_menu=constants.VISIBILITY_ALL,
108 |                 position="last-child", overwrite_url=None,
109 |                 xframe_options=constants.X_FRAME_OPTIONS_INHERIT):
110 |     """
111 |     Create a CMS Page and it's title for the given language
112 | 
113 |     See docs/extending_cms/api_reference.rst for more info
114 |     """
115 |     if published != None:
116 |         warnings.warn('This API function no longer accepts a published argument', UserWarning)
117 | 
118 |     # validate template
119 |     if not template == TEMPLATE_INHERITANCE_MAGIC:
120 |         assert template in [tpl[0] for tpl in get_cms_setting('TEMPLATES')]
121 |         get_template(template)
122 | 
123 |     # validate site
124 |     if not site:
125 |         site = get_current_site()
126 |     else:
127 |         assert isinstance(site, Site)
128 | 
129 |     # validate language:
130 |     assert language in get_language_list(site), get_cms_setting('LANGUAGES').get(site.pk)
131 | 
132 |     # validate parent
133 |     if parent:
134 |         assert isinstance(parent, Page)
135 | 
136 |     if navigation_extenders:
137 |         raw_menus = menu_pool.get_menus_by_attribute("cms_enabled", True)
138 |         menus = [menu[0] for menu in raw_menus]
139 |         assert navigation_extenders in menus
140 | 
141 |     # validate menu visibility
142 |     accepted_limitations = (constants.VISIBILITY_ALL, constants.VISIBILITY_USERS, constants.VISIBILITY_ANONYMOUS)
143 |     assert limit_visibility_in_menu in accepted_limitations
144 | 
145 |     # validate position
146 |     assert position in ('last-child', 'first-child', 'left', 'right')
147 |     target_node = parent.node if parent else None
148 | 
149 |     # validate and normalize apphook
150 |     if apphook:
151 |         application_urls = _verify_apphook(apphook, apphook_namespace)
152 |     else:
153 |         application_urls = None
154 | 
155 |     # ugly permissions hack
156 |     if created_by and isinstance(created_by, get_user_model()):
157 |         _thread_locals.user = created_by
158 |         created_by = get_clean_username(created_by)
159 |     else:
160 |         _thread_locals.user = None
161 | 
162 |     if reverse_id:
163 |         if Page.objects.filter(reverse_id=reverse_id, node__site=site).exists():
164 |             raise FieldError('A page with the reverse_id="%s" already exist.' % reverse_id)
165 | 
166 |     page = Page(
167 |         created_by=created_by,
168 |         changed_by=created_by,
169 |         reverse_id=reverse_id,
170 |         navigation_extenders=navigation_extenders,
171 |         application_urls=application_urls,
172 |         application_namespace=apphook_namespace,
173 |         login_required=login_required,
174 |     )
175 |     page.set_tree_node(site=site, target=target_node, position=position)
176 |     page.save()
177 | 
178 |     create_title(
179 |         language=language,
180 |         title=title,
181 |         menu_title=menu_title,
182 |         slug=slug,
183 |         created_by=created_by,
184 |         redirect=redirect,
185 |         meta_description=meta_description,
186 |         page=page,
187 |         overwrite_url=overwrite_url,
188 |         soft_root=soft_root,
189 |         in_navigation=in_navigation,
190 |         template=template,
191 |         limit_visibility_in_menu=limit_visibility_in_menu,
192 |         xframe_options=xframe_options,
193 |     )
194 | 
195 |     if parent and position in ('last-child', 'first-child'):
196 |         parent._clear_node_cache()
197 | 
198 |     del _thread_locals.user
199 |     return page
```

Found file `menus/__init__.py`.
Found file `menus/migrations/__init__.py`.
Source: Retrieved entity using keyword search (bm25).
Hint: Use more detailed query to get the full content of some if needed.



##Searching for term "PageContent"...
### Search Result:
Found class `cms/models/titlemodels.py:PageContent`.
Source: Match found for entity name `PageContent`.
Just show the structure of this class due to response length limitations:
```
class PageContent(models.Model):
    LIMIT_VISIBILITY_IN_MENU_CHOICES = (
        (constants.VISIBILITY_USERS, _('for logged in users only')),
        (constants.VISIBILITY_ANONYMOUS, _('for anonymous users only')),
    )
    TEMPLATE_DEFAULT = constants.TEMPLATE_INHERITANCE_MAGIC if get_cms_setting('TEMPLATE_INHERITANCE') else get_cms_setting('TEMPLATES')[0][0]

    X_FRAME_OPTIONS_CHOICES = (
        (constants.X_FRAME_OPTIONS_INHERIT, _('Inherit from parent page')),
        (constants.X_FRAME_OPTIONS_DENY, _('Deny')),
        (constants.X_FRAME_OPTIONS_SAMEORIGIN, _('Only this website')),
        (constants.X_FRAME_OPTIONS_ALLOW, _('Allow'))
    )

    template_choices = [(x, _(y)) for x, y in get_cms_setting('TEMPLATES')]

    # These are the fields whose values are compared when saving
    # a PageContent object to know if it has changed.
    editable_fields = [
        'title',
        'redirect',
        'page_title',
        'menu_title',
        'meta_description',
    ]

    language = models.CharField(_("language"), max_length=15, db_index=True)
    title = models.CharField(_("title"), max_length=255)
    page_title = models.CharField(_("title"), max_length=255, blank=True, null=True,
                                  help_text=_("overwrite the title (html title tag)"))
    menu_title = models.CharField(_("title"), max_length=255, blank=True, null=True,
                                  help_text=_("overwrite the title in the menu"))
    meta_description = models.TextField(_("description"), blank=True, null=True,
                                        help_text=_("The text displayed in search engines."))
    redirect = models.CharField(_("redirect"), max_length=2048, blank=True, null=True)
    page = models.ForeignKey(Page, on_delete=models.CASCADE, verbose_name=_("page"), related_name="pagecontent_set")
    creation_date = models.DateTimeField(_("creation date"), editable=False, default=timezone.now)
    # Placeholders (plugins)
    placeholders = PlaceholderRelationField()

    created_by = models.CharField(
        _("created by"), max_length=constants.PAGE_USERNAME_MAX_LENGTH,
        editable=False)
    changed_by = models.CharField(
        _("changed by"), max_length=constants.PAGE_USERNAME_MAX_LENGTH,
        editable=False)
    changed_date = models.DateTimeField(auto_now=True)

    in_navigation = models.BooleanField(_("in navigation"), default=True, db_index=True)
    soft_root = models.BooleanField(_("soft root"), db_index=True, default=False,
                                    help_text=_("All ancestors will not be displayed in the navigation"))
    template = models.CharField(_("template"), max_length=100, choices=template_choices,
                                help_text=_('The template used to render the content.'),
                                default=TEMPLATE_DEFAULT)
    limit_visibility_in_menu = models.SmallIntegerField(_("menu visibility"), default=None, null=True, blank=True,
                                                        choices=LIMIT_VISIBILITY_IN_MENU_CHOICES, db_index=True,
                                                        help_text=_("limit when this page is visible in the menu"))

    # X Frame Options for clickjacking protection
    xframe_options = models.IntegerField(
        choices=X_FRAME_OPTIONS_CHOICES,
        default=get_cms_setting('DEFAULT_X_FRAME_OPTIONS'),
    )

    objects = PageContentManager()

    class Meta:
        default_permissions = []
        unique_together = (('language', 'page'),)
        app_label = 'cms'

    def __str__(self):
...
    def __repr__(self):
...
    def update(self, **data):
...
    def save(self, **kwargs):
...
    def toggle_in_navigation(self, set_to=None):
...
    def has_placeholder_change_permission(self, user):
...
    def rescan_placeholders(self):
...
    def get_placeholders(self):
...
    def get_ancestor_titles(self):
...
    def get_template(self):
...
    def get_template_name(self):
...
    def get_xframe_options(self):
...
    def get_absolute_url(self, language=None):

```
Hint: Search `cms/models/titlemodels.py:PageContent` to get the full content if needed.

2026-09-16 22:21:00 utils.py INFO 
LiteLLM completion() model= qwen/qwen3-coder; provider = openrouter
2026-09-16 22:21:01 utils.py INFO Wrapper: Completed Call, calling success_handler
2026-09-16 22:21:01 auto_search_main.py INFO Executing code:
```
print(get_entity_contents(**{'entity_names': ['cms/models/titlemodels.py:PageContent']}))
```
2026-09-16 22:21:01 auto_search_main.py INFO OBSERVATION:
##Searching for entity `cms/models/titlemodels.py:PageContent`...
### Search Result:
Found class `cms/models/titlemodels.py:PageContent`.
Source: Exact match found for entity name `cms/models/titlemodels.py:PageContent`.
```
 15 | class PageContent(models.Model):
 16 |     LIMIT_VISIBILITY_IN_MENU_CHOICES = (
 17 |         (constants.VISIBILITY_USERS, _('for logged in users only')),
 18 |         (constants.VISIBILITY_ANONYMOUS, _('for anonymous users only')),
 19 |     )
 20 |     TEMPLATE_DEFAULT = constants.TEMPLATE_INHERITANCE_MAGIC if get_cms_setting('TEMPLATE_INHERITANCE') else get_cms_setting('TEMPLATES')[0][0]
 21 | 
 22 |     X_FRAME_OPTIONS_CHOICES = (
 23 |         (constants.X_FRAME_OPTIONS_INHERIT, _('Inherit from parent page')),
 24 |         (constants.X_FRAME_OPTIONS_DENY, _('Deny')),
 25 |         (constants.X_FRAME_OPTIONS_SAMEORIGIN, _('Only this website')),
 26 |         (constants.X_FRAME_OPTIONS_ALLOW, _('Allow'))
 27 |     )
 28 | 
 29 |     template_choices = [(x, _(y)) for x, y in get_cms_setting('TEMPLATES')]
 30 | 
 31 |     # These are the fields whose values are compared when saving
 32 |     # a PageContent object to know if it has changed.
 33 |     editable_fields = [
 34 |         'title',
 35 |         'redirect',
 36 |         'page_title',
 37 |         'menu_title',
 38 |         'meta_description',
 39 |     ]
 40 | 
 41 |     language = models.CharField(_("language"), max_length=15, db_index=True)
 42 |     title = models.CharField(_("title"), max_length=255)
 43 |     page_title = models.CharField(_("title"), max_length=255, blank=True, null=True,
 44 |                                   help_text=_("overwrite the title (html title tag)"))
 45 |     menu_title = models.CharField(_("title"), max_length=255, blank=True, null=True,
 46 |                                   help_text=_("overwrite the title in the menu"))
 47 |     meta_description = models.TextField(_("description"), blank=True, null=True,
 48 |                                         help_text=_("The text displayed in search engines."))
 49 |     redirect = models.CharField(_("redirect"), max_length=2048, blank=True, null=True)
 50 |     page = models.ForeignKey(Page, on_delete=models.CASCADE, verbose_name=_("page"), related_name="pagecontent_set")
 51 |     creation_date = models.DateTimeField(_("creation date"), editable=False, default=timezone.now)
 52 |     # Placeholders (plugins)
 53 |     placeholders = PlaceholderRelationField()
 54 | 
 55 |     created_by = models.CharField(
 56 |         _("created by"), max_length=constants.PAGE_USERNAME_MAX_LENGTH,
 57 |         editable=False)
 58 |     changed_by = models.CharField(
 59 |         _("changed by"), max_length=constants.PAGE_USERNAME_MAX_LENGTH,
 60 |         editable=False)
 61 |     changed_date = models.DateTimeField(auto_now=True)
 62 | 
 63 |     in_navigation = models.BooleanField(_("in navigation"), default=True, db_index=True)
 64 |     soft_root = models.BooleanField(_("soft root"), db_index=True, default=False,
 65 |                                     help_text=_("All ancestors will not be displayed in the navigation"))
 66 |     template = models.CharField(_("template"), max_length=100, choices=template_choices,
 67 |                                 help_text=_('The template used to render the content.'),
 68 |                                 default=TEMPLATE_DEFAULT)
 69 |     limit_visibility_in_menu = models.SmallIntegerField(_("menu visibility"), default=None, null=True, blank=True,
 70 |                                                         choices=LIMIT_VISIBILITY_IN_MENU_CHOICES, db_index=True,
 71 |                                                         help_text=_("limit when this page is visible in the menu"))
 72 | 
 73 |     # X Frame Options for clickjacking protection
 74 |     xframe_options = models.IntegerField(
 75 |         choices=X_FRAME_OPTIONS_CHOICES,
 76 |         default=get_cms_setting('DEFAULT_X_FRAME_OPTIONS'),
 77 |     )
 78 | 
 79 |     objects = PageContentManager()
 80 | 
 81 |     class Meta:
 82 |         default_permissions = []
 83 |         unique_together = (('language', 'page'),)
 84 |         app_label = 'cms'
 85 | 
 86 |     def __str__(self):
 87 |         return u"%s (%s)" % (self.title, self.language)
 88 | 
 89 |     def __repr__(self):
 90 |         display = '<{module}.{class_name} id={id} object at {location}>'.format(
 91 |             module=self.__module__,
 92 |             class_name=self.__class__.__name__,
 93 |             id=self.pk,
 94 |             location=hex(id(self)),
 95 |         )
 96 |         return display
 97 | 
 98 |     def update(self, **data):
 99 |         cls = self.__class__
100 |         cls.objects.filter(pk=self.pk).update(**data)
101 | 
102 |         for field, value in data.items():
103 |             setattr(self, field, value)
104 |         return
105 | 
106 |     def save(self, **kwargs):
107 |         # delete template cache
108 |         if hasattr(self, '_template_cache'):
109 |             delattr(self, '_template_cache')
110 |         super(PageContent, self).save(**kwargs)
111 | 
112 |     def toggle_in_navigation(self, set_to=None):
113 |         '''
114 |         Toggles (or sets) in_navigation and invalidates the cms page cache
115 |         '''
116 |         old = bool(self.in_navigation)
117 | 
118 |         if set_to in [True, False]:
119 |             new = set_to
120 |         else:
121 |             new = not old
122 | 
123 |         self.update(in_navigation=new)
124 | 
125 |         # If there was a change, invalidate the cms page cache
126 |         if new != old:
127 |             self.page.clear_cache()
128 |         return new
129 | 
130 |     def has_placeholder_change_permission(self, user):
131 |         return self.page.has_change_permission(user)
132 | 
133 |     def rescan_placeholders(self):
134 |         """
135 |         Rescan and if necessary create placeholders in the current template.
136 |         """
137 |         from cms.utils.placeholder import rescan_placeholders_for_obj
138 | 
139 |         return rescan_placeholders_for_obj(self)
140 | 
141 |     def get_placeholders(self):
142 |         if not hasattr(self, '_placeholder_cache'):
143 |             self._placeholder_cache = self.placeholders.all()
144 |         return self._placeholder_cache
145 | 
146 |     def get_ancestor_titles(self):
147 |         return PageContent.objects.filter(
148 |             page__in=self.page.get_ancestor_pages(),
149 |             language=self.language,
150 |         )
151 | 
152 |     def get_template(self):
153 |         """
154 |         get the template of this page if defined or if closer parent if
155 |         defined or DEFAULT_PAGE_TEMPLATE otherwise
156 |         """
157 |         if hasattr(self, '_template_cache'):
158 |             return self._template_cache
159 | 
160 |         if self.template != constants.TEMPLATE_INHERITANCE_MAGIC:
161 |             self._template_cache = self.template or get_cms_setting('TEMPLATES')[0][0]
162 |             return self._template_cache
163 | 
164 |         templates = (
165 |             self
166 |             .get_ancestor_titles()
167 |             .exclude(template=constants.TEMPLATE_INHERITANCE_MAGIC)
168 |             .order_by('-page__node__path')
169 |             .values_list('template', flat=True)
170 |         )
171 | 
172 |         try:
173 |             self._template_cache = templates[0]
174 |         except IndexError:
175 |             self._template_cache = get_cms_setting('TEMPLATES')[0][0]
176 |         return self._template_cache
177 | 
178 |     def get_template_name(self):
179 |         """
180 |         get the textual name (2nd parameter in get_cms_setting('TEMPLATES'))
181 |         of the template of this title. failing to find that, return the
182 |         name of the default template.
183 |         """
184 |         template = self.get_template()
185 |         for t in get_cms_setting('TEMPLATES'):
186 |             if t[0] == template:
187 |                 return t[1]
188 |         return _("default")
189 | 
190 |     def get_xframe_options(self):
191 |         """ Finds X_FRAME_OPTION from tree if inherited """
192 |         xframe_options = self.xframe_options or constants.X_FRAME_OPTIONS_INHERIT
193 | 
194 |         if xframe_options != constants.X_FRAME_OPTIONS_INHERIT:
195 |             return xframe_options
196 | 
197 |         # Ignore those pages which just inherit their value
198 |         ancestors = self.get_ancestor_titles().order_by('-page__node__path')
199 |         ancestors = ancestors.exclude(xframe_options=constants.X_FRAME_OPTIONS_INHERIT)
200 | 
201 |         # Now just give me the clickjacking setting (not anything else)
202 |         xframe_options = ancestors.values_list('xframe_options', flat=True)
203 | 
204 |         try:
205 |             return xframe_options[0]
206 |         except IndexError:
207 |             return None
208 | 
209 |     def get_absolute_url(self, language=None):
210 |         return self.page.get_absolute_url(language=language)
```

2026-09-16 22:21:01 utils.py INFO 
LiteLLM completion() model= qwen/qwen3-coder; provider = openrouter
2026-09-16 22:21:02 utils.py INFO Wrapper: Completed Call, calling success_handler
2026-09-16 22:21:02 auto_search_main.py INFO Executing code:
```
print(get_entity_contents(**{'entity_names': ['cms/admin/forms.py:ChangePageForm']}))
```
2026-09-16 22:21:02 auto_search_main.py INFO OBSERVATION:
##Searching for entity `cms/admin/forms.py:ChangePageForm`...
### Search Result:
Found class `cms/admin/forms.py:ChangePageForm`.
Source: Exact match found for entity name `cms/admin/forms.py:ChangePageForm`.
```
437 | class ChangePageForm(BasePageContentForm):
438 |     overwrite_url = forms.CharField(
439 |         label=_('Overwrite URL'),
440 |         max_length=255,
441 |         required=False,
442 |         help_text=_('Keep this field empty if standard path should be used.'),
443 |     )
444 |     soft_root = forms.BooleanField(
445 |         label=_('Soft root'),
446 |         required=False,
447 |         help_text=_("All ancestors will not be displayed in the navigation"),
448 |     )
449 |     redirect = PageSmartLinkField(
450 |         label=_('Redirect'),
451 |         required=False,
452 |         help_text=_('Redirects to this URL.'),
453 |         placeholder_text=_('Start typing...'),
454 |         ajax_view='admin:cms_page_get_list',
455 |     )
456 |     limit_visibility_in_menu = forms.TypedChoiceField(
457 |         choices=PageContent._meta.get_field('limit_visibility_in_menu').choices,
458 |         label=_("menu visibility"),
459 |         help_text=_("limit when this page is visible in the menu"),
460 |         initial=PageContent._meta.get_field('limit_visibility_in_menu').default,
461 |         required=False,
462 |         coerce=int,
463 |         empty_value=None,
464 |     )
465 | 
466 |     fieldsets = (
467 |         (None, {
468 |             'fields': ('title', 'slug', 'template', 'page_title', 'meta_description'),
469 |         }),
470 |         (_('URL options'), {
471 |             'fields': ('overwrite_url', 'redirect'),
472 |             'classes': ['collapse'],
473 |         }),
474 |         (_('Menu options'), {
475 |             'fields': ('soft_root', 'menu_title', 'limit_visibility_in_menu'),
476 |             'classes': ['collapse'],
477 |         })
478 |     )
479 | 
480 |     def __init__(self, *args, **kwargs):
481 |         super(ChangePageForm, self).__init__(*args, **kwargs)
482 | 
483 |         self.url_obj = self.instance.page.get_url(self._language)
484 |         self.fields['slug'].initial = self.url_obj.slug
485 |         self.fields['redirect'].widget.language = self._language
486 |         self.fields['redirect'].initial = self.instance.redirect
487 | 
488 |         if not self.url_obj.managed:
489 |             self.fields['overwrite_url'].initial = self.url_obj.path
490 | 
491 |     @cached_property
492 |     def _language(self):
493 |         return self.instance.language
494 | 
495 |     def clean(self):
496 |         data = super(ChangePageForm, self).clean()
497 | 
498 |         if self._errors:
499 |             # Form already has errors, best to let those be
500 |             # addressed first.
501 |             return data
502 | 
503 |         page = self.instance.page
504 | 
505 |         if page.is_home:
506 |             data['path'] = ''
507 |             return data
508 | 
509 |         slug = data['slug']
510 |         path_override = self.cleaned_data.get('overwrite_url')
511 |         parent_page = page.parent_page
512 | 
513 |         if path_override:
514 |             path = path_override.strip('/')
515 |         elif parent_page and parent_page.is_home:
516 |             path = slug
517 |         elif parent_page:
518 |             base_path = parent_page.get_path(self._language)
519 |             path = u'%s/%s' % (base_path, slug) if base_path else None
520 |         else:
521 |             path = slug
522 | 
523 |         if path is None:
524 |             data['path'] = None
525 |             return data
526 | 
527 |         user_language = get_site_language_from_request(self._request, site_id=self._site.pk)
528 | 
529 |         try:
530 |             # Validate the url
531 |             validate_url_uniqueness(
532 |                 self._site,
533 |                 path=path,
534 |                 language=self._language,
535 |                 user_language=user_language,
536 |                 exclude_page=page,
537 |             )
538 |         except ValidationError as error:
539 |             field = 'overwrite_url' if path_override else 'slug'
540 |             self.add_error(field, error)
541 |         else:
542 |             data['path'] = path
543 |         return data
544 | 
545 |     def clean_xframe_options(self):
546 |         if 'xframe_options' not in self.fields:
547 |             return  # nothing to do, field isn't present
548 | 
549 |         xframe_options = self.cleaned_data['xframe_options']
550 | 
551 |         if xframe_options == '':
552 |             return PageContent._meta.get_field('xframe_options').default
553 |         return xframe_options
554 | 
555 |     def save(self, commit=True):
556 |         operation_token = send_pre_page_operation(
557 |             request=self._request,
558 |             operation=CHANGE_PAGE_TRANSLATION,
559 |             language=self._language,
560 |         )
561 | 
562 |         data = self.cleaned_data.copy()
563 |         page = self.instance.page
564 |         page_slug = data.pop('slug', None)
565 |         page_path = data.pop('path', None)
566 |         page_overwrite_url = data.pop('overwrite_url', None)
567 |         page_content = super(ChangePageForm, self).save(commit=False)
568 |         page_content.update(
569 |             changed_by=get_clean_username(self._request.user),
570 |             changed_date=timezone.now(),
571 |             **data
572 |         )
573 |         page.update_urls(
574 |             self._language,
575 |             path=page_path,
576 |             slug=page_slug,
577 |             managed=not bool(page_overwrite_url),
578 |         )
579 |         page._update_url_path_recursive(self._language)
580 |         page.clear_cache(menu=True)
581 | 
582 |         if page.application_urls and 'slug' in self.changed_data:
583 |             # Connects the apphook restart handler to the request finished signal
584 |             set_restart_trigger()
585 |         send_post_page_operation(
586 |             request=self._request,
587 |             operation=CHANGE_PAGE_TRANSLATION,
588 |             token=operation_token,
589 |             obj=page,
590 |             language=self._language,
591 |         )
592 |         return page_content
```

2026-09-16 22:21:02 utils.py INFO 
LiteLLM completion() model= qwen/qwen3-coder; provider = openrouter
2026-09-16 22:21:04 utils.py INFO Wrapper: Completed Call, calling success_handler
2026-09-16 22:21:04 auto_search_main.py INFO Executing code:
```
print(search_code_snippets(**{'search_terms': ['VISIBILITY_ALL', 'constants']}))
```
2026-09-16 22:21:04 __init__.py DEBUG Building index from IDs objects
2026-09-16 22:21:04 __init__.py DEBUG Building index from IDs objects
2026-09-16 22:21:04 auto_search_main.py INFO OBSERVATION:
cms/api.py:create_title
cms/api.py:create_page
cms/api.py:_verify_plugin_type
cms/api.py:create_page
cms/cms_menus.py:get_menu_node_for_page
cms/migrations/0020_old_tree_cleanup.py:Migration.apply
##Searching for term "VISIBILITY_ALL"...
### Search Result:
Found code snippet in file `cms/constants.py`.
Source: Retrieved code content using keyword search (bm25).
```
 1 | # -*- coding: utf-8 -*-
 2 | 
 3 | TEMPLATE_INHERITANCE_MAGIC = 'INHERIT'
 4 | REFRESH_PAGE = 'REFRESH_PAGE'
 5 | FOLLOW_REDIRECT = 'FOLLOW_REDIRECT'
 6 | URL_CHANGE = 'URL_CHANGE'
 7 | RIGHT = object() # this is a trick so "foo is RIGHT" will only ever work for this, same goes for LEFT.
 8 | LEFT = object()
 9 | 
10 | PAGE_TYPES_ID = "page_types"
11 | PAGE_TREE_POSITIONS = ('last-child', 'first-child', 'left', 'right')
12 | 
13 | VISIBILITY_ALL = None
14 | VISIBILITY_USERS = 1
15 | VISIBILITY_ANONYMOUS = 2
16 | 
17 | X_FRAME_OPTIONS_INHERIT = 0
18 | X_FRAME_OPTIONS_DENY = 1
19 | X_FRAME_OPTIONS_SAMEORIGIN = 2
20 | X_FRAME_OPTIONS_ALLOW = 3
21 | 
22 | PAGE_USERNAME_MAX_LENGTH = 255
23 | 
24 | SLUG_REGEXP = '[0-9A-Za-z-_.//]+'
25 | 
26 | EXPIRE_NOW = 0
27 | # HTTP Specification says max caching should only be up to one year.
28 | MAX_EXPIRATION_TTL = 365 * 24 * 3600
29 | 
30 | PLUGIN_TOOLBAR_JS = "CMS._plugins.push([\"cms-plugin-%(pk)s\", %(config)s]);\n"
31 | 
32 | PLACEHOLDER_TOOLBAR_JS = "CMS._plugins.push([\"cms-placeholder-%(pk)s\", %(config)s]);"
33 | 
34 | # In the permissions system we use user levels to determine
35 | # the depth in which the user has permissions.
36 | # This constant represents a user that can see pages at all depths.
37 | ROOT_USER_LEVEL = -1
38 | 
39 | GRANT_ALL_PERMISSIONS = 'All'
40 | 
41 | PUBLISH_COMMENT = "Publish"
42 | 
43 | SCRIPT_USERNAME = 'script'
44 | 
45 | CMS_CONFIG_NAME = 'cms_config'
46 | 
```

Found class `cms/utils/conf.py:VERIFIED`.
Source: Retrieved entity using keyword search (bm25).
```
17 | class VERIFIED: pass
```

Found class `cms/templatetags/cms_tags.py:CMSAdminURL`.
Source: Retrieved entity using keyword search (bm25).
```
984 | class CMSAdminURL(AsTag):
985 |     name = 'cms_admin_url'
986 |     options = Options(
987 |         Argument('viewname'),
988 |         MultiValueArgumentBeforeKeywordArgument('args', required=False),
989 |         MultiKeywordArgument('kwargs', required=False),
990 |         'as',
991 |         Argument('varname', resolve=False, required=False)
992 |     )
993 | 
994 |     def get_value(self, context, viewname, args, kwargs):
995 |         return admin_reverse(viewname, args=args, kwargs=kwargs)
```

Found class `cms/forms/fields.py:SuperLazyIterator`.
Source: Retrieved entity using keyword search (bm25).
```
13 | class SuperLazyIterator(object):
14 |     def __init__(self, func):
15 |         self.func = func
16 | 
17 |     def __iter__(self):
18 |         return iter(self.func())
```

Found function `cms/api.py:_verify_plugin_type`.
Source: Retrieved code content using keyword search (bm25).
```
74 | def _verify_plugin_type(plugin_type):
75 |     """
76 |     Verifies the given plugin_type is valid and returns a tuple of
77 |     (plugin_model, plugin_type)
78 |     """
79 |     if (hasattr(plugin_type, '__module__') and
80 |             issubclass(plugin_type, CMSPluginBase)):
81 |         plugin_model = plugin_type.model
82 |         assert plugin_type in plugin_pool.plugins.values()
83 |         plugin_type = plugin_type.__name__
84 |     elif isinstance(plugin_type, six.string_types):
85 |         try:
86 |             plugin_model = plugin_pool.get_plugin(plugin_type).model
87 |         except KeyError:
88 |             raise TypeError(
89 |                 'plugin_type must be CMSPluginBase subclass or string'
90 |             )
91 |     else:
92 |         raise TypeError('plugin_type must be CMSPluginBase subclass or string')
93 |     return plugin_model, plugin_type
```

Found function `cms/api.py:create_page`.
Source: Retrieved code content using keyword search (bm25).
```
101 | def create_page(title, template, language, menu_title=None, slug=None,
102 |                 apphook=None, apphook_namespace=None, redirect=None, meta_description=None,
103 |                 created_by='python-api', parent=None,
104 |                 publication_date=None, publication_end_date=None,
105 |                 in_navigation=False, soft_root=False, reverse_id=None,
106 |                 navigation_extenders=None, published=None, site=None,
107 |                 login_required=False, limit_visibility_in_menu=constants.VISIBILITY_ALL,
108 |                 position="last-child", overwrite_url=None,
109 |                 xframe_options=constants.X_FRAME_OPTIONS_INHERIT):
110 |     """
111 |     Create a CMS Page and it's title for the given language
112 | 
113 |     See docs/extending_cms/api_reference.rst for more info
114 |     """
115 |     if published != None:
116 |         warnings.warn('This API function no longer accepts a published argument', UserWarning)
117 | 
118 |     # validate template
119 |     if not template == TEMPLATE_INHERITANCE_MAGIC:
120 |         assert template in [tpl[0] for tpl in get_cms_setting('TEMPLATES')]
121 |         get_template(template)
122 | 
123 |     # validate site
124 |     if not site:
125 |         site = get_current_site()
126 |     else:
127 |         assert isinstance(site, Site)
128 | 
129 |     # validate language:
130 |     assert language in get_language_list(site), get_cms_setting('LANGUAGES').get(site.pk)
131 | 
132 |     # validate parent
133 |     if parent:
134 |         assert isinstance(parent, Page)
135 | 
136 |     if navigation_extenders:
137 |         raw_menus = menu_pool.get_menus_by_attribute("cms_enabled", True)
138 |         menus = [menu[0] for menu in raw_menus]
139 |         assert navigation_extenders in menus
140 | 
141 |     # validate menu visibility
142 |     accepted_limitations = (constants.VISIBILITY_ALL, constants.VISIBILITY_USERS, constants.VISIBILITY_ANONYMOUS)
143 |     assert limit_visibility_in_menu in accepted_limitations
144 | 
145 |     # validate position
146 |     assert position in ('last-child', 'first-child', 'left', 'right')
147 |     target_node = parent.node if parent else None
148 | 
149 |     # validate and normalize apphook
150 |     if apphook:
151 |         application_urls = _verify_apphook(apphook, apphook_namespace)
152 |     else:
153 |         application_urls = None
154 | 
155 |     # ugly permissions hack
156 |     if created_by and isinstance(created_by, get_user_model()):
157 |         _thread_locals.user = created_by
158 |         created_by = get_clean_username(created_by)
159 |     else:
160 |         _thread_locals.user = None
161 | 
162 |     if reverse_id:
163 |         if Page.objects.filter(reverse_id=reverse_id, node__site=site).exists():
164 |             raise FieldError('A page with the reverse_id="%s" already exist.' % reverse_id)
165 | 
166 |     page = Page(
167 |         created_by=created_by,
168 |         changed_by=created_by,
169 |         reverse_id=reverse_id,
170 |         navigation_extenders=navigation_extenders,
171 |         application_urls=application_urls,
172 |         application_namespace=apphook_namespace,
173 |         login_required=login_required,
174 |     )
175 |     page.set_tree_node(site=site, target=target_node, position=position)
176 |     page.save()
177 | 
178 |     create_title(
179 |         language=language,
180 |         title=title,
181 |         menu_title=menu_title,
182 |         slug=slug,
183 |         created_by=created_by,
184 |         redirect=redirect,
185 |         meta_description=meta_description,
186 |         page=page,
187 |         overwrite_url=overwrite_url,
188 |         soft_root=soft_root,
189 |         in_navigation=in_navigation,
190 |         template=template,
191 |         limit_visibility_in_menu=limit_visibility_in_menu,
192 |         xframe_options=xframe_options,
193 |     )
194 | 
195 |     if parent and position in ('last-child', 'first-child'):
196 |         parent._clear_node_cache()
197 | 
198 |     del _thread_locals.user
199 |     return page
```

Found function `cms/api.py:create_title`.
Source: Retrieved code content using keyword search (bm25).
```
203 | def create_title(language, title, page, menu_title=None, slug=None,
204 |                  redirect=None, meta_description=None, parent=None,
205 |                  overwrite_url=None, page_title=None, path=None,
206 |                  created_by='python-api', soft_root=False, in_navigation=False,
207 |                  template=TEMPLATE_INHERITANCE_MAGIC,
208 |                  limit_visibility_in_menu=constants.VISIBILITY_ALL,
209 |                  xframe_options=constants.X_FRAME_OPTIONS_INHERIT):
210 |     """
211 |     Create a title.
212 | 
213 |     Parent is only used if slug=None.
214 | 
215 |     See docs/extending_cms/api_reference.rst for more info
216 |     """
217 |     # validate template
218 |     if not template == TEMPLATE_INHERITANCE_MAGIC:
219 |         assert template in [tpl[0] for tpl in get_cms_setting('TEMPLATES')]
220 |         get_template(template)
221 | 
222 |     # validate page
223 |     assert isinstance(page, Page)
224 | 
225 |     # validate language:
226 |     assert language in get_language_list(page.node.site_id)
227 | 
228 |     # validate menu visibility
229 |     accepted_limitations = (constants.VISIBILITY_ALL, constants.VISIBILITY_USERS, constants.VISIBILITY_ANONYMOUS)
230 |     assert limit_visibility_in_menu in accepted_limitations
231 | 
232 |     # set default slug:
233 |     if not slug:
234 |         base = page.get_path_for_slug(slugify(title), language)
235 |         slug = get_available_slug(page.node.site, base, language)
236 | 
237 |     if overwrite_url:
238 |         path = overwrite_url.strip('/')
239 |     elif path is None:
240 |         path = page.get_path_for_slug(slug, language)
241 | 
242 |     if created_by and isinstance(created_by, get_user_model()):
243 |         created_by = get_clean_username(created_by)
244 | 
245 |     page.urls.create(
246 |         slug=slug,
247 |         path=path,
248 |         page=page,
249 |         managed=not bool(overwrite_url),
250 |         language=language,
251 |     )
252 | 
253 |     title = PageContent.objects.create(
254 |         language=language,
255 |         title=title,
256 |         menu_title=menu_title,
257 |         page_title=page_title,
258 |         redirect=redirect,
259 |         meta_description=meta_description,
260 |         page=page,
261 |         created_by=created_by,
262 |         changed_by=created_by,
263 |         soft_root=soft_root,
264 |         in_navigation=in_navigation,
265 |         template=template,
266 |         limit_visibility_in_menu=limit_visibility_in_menu,
267 |         xframe_options=xframe_options,
268 |     )
269 |     title.rescan_placeholders()
270 | 
271 |     page_languages = page.get_languages()
272 | 
273 |     if language not in page_languages:
274 |         page.update_languages(page_languages + [language])
275 |     return title
```



##Searching for term "constants"...
### Search Result:
Found file `cms/constants.py`.
Source: Match found for entity name `constants`.
```
 1 | # -*- coding: utf-8 -*-
 2 | 
 3 | TEMPLATE_INHERITANCE_MAGIC = 'INHERIT'
 4 | REFRESH_PAGE = 'REFRESH_PAGE'
 5 | FOLLOW_REDIRECT = 'FOLLOW_REDIRECT'
 6 | URL_CHANGE = 'URL_CHANGE'
 7 | RIGHT = object() # this is a trick so "foo is RIGHT" will only ever work for this, same goes for LEFT.
 8 | LEFT = object()
 9 | 
10 | PAGE_TYPES_ID = "page_types"
11 | PAGE_TREE_POSITIONS = ('last-child', 'first-child', 'left', 'right')
12 | 
13 | VISIBILITY_ALL = None
14 | VISIBILITY_USERS = 1
15 | VISIBILITY_ANONYMOUS = 2
16 | 
17 | X_FRAME_OPTIONS_INHERIT = 0
18 | X_FRAME_OPTIONS_DENY = 1
19 | X_FRAME_OPTIONS_SAMEORIGIN = 2
20 | X_FRAME_OPTIONS_ALLOW = 3
21 | 
22 | PAGE_USERNAME_MAX_LENGTH = 255
23 | 
24 | SLUG_REGEXP = '[0-9A-Za-z-_.//]+'
25 | 
26 | EXPIRE_NOW = 0
27 | # HTTP Specification says max caching should only be up to one year.
28 | MAX_EXPIRATION_TTL = 365 * 24 * 3600
29 | 
30 | PLUGIN_TOOLBAR_JS = "CMS._plugins.push([\"cms-plugin-%(pk)s\", %(config)s]);\n"
31 | 
32 | PLACEHOLDER_TOOLBAR_JS = "CMS._plugins.push([\"cms-placeholder-%(pk)s\", %(config)s]);"
33 | 
34 | # In the permissions system we use user levels to determine
35 | # the depth in which the user has permissions.
36 | # This constant represents a user that can see pages at all depths.
37 | ROOT_USER_LEVEL = -1
38 | 
39 | GRANT_ALL_PERMISSIONS = 'All'
40 | 
41 | PUBLISH_COMMENT = "Publish"
42 | 
43 | SCRIPT_USERNAME = 'script'
44 | 
45 | CMS_CONFIG_NAME = 'cms_config'
46 | 
```

2026-09-16 22:21:04 utils.py INFO 
LiteLLM completion() model= qwen/qwen3-coder; provider = openrouter
2026-09-16 22:21:07 utils.py INFO Wrapper: Completed Call, calling success_handler
2026-09-16 22:21:07 utils.py INFO 
LiteLLM completion() model= qwen/qwen3-coder; provider = openrouter
2026-09-16 22:21:10 utils.py INFO Wrapper: Completed Call, calling success_handler
2026-09-16 22:21:10 auto_search_main.py INFO Executing code:
```
print(search_code_snippets(**{'search_terms': ['exclude from navigation', 'in_navigation', 'get_in_navigation']}))
```
2026-09-16 22:21:10 __init__.py DEBUG Building index from IDs objects
2026-09-16 22:21:10 __init__.py DEBUG Building index from IDs objects
2026-09-16 22:21:11 __init__.py DEBUG Building index from IDs objects
2026-09-16 22:21:11 __init__.py DEBUG Building index from IDs objects
2026-09-16 22:21:11 __init__.py DEBUG Building index from IDs objects
2026-09-16 22:21:12 __init__.py DEBUG Building index from IDs objects
2026-09-16 22:21:12 auto_search_main.py INFO OBSERVATION:
cms/admin/permissionadmin.py:ViewRestrictionInlineAdmin
cms/admin/permissionadmin.py:PagePermissionInlineAdmin.get_formset
cms/cms_menus.py:SoftRootCutter
cms/utils/permissions.py:get_subordinate_users
cms/models/placeholdermodel.py:Placeholder.has_delete_plugins_permission
cms/admin/pageadmin.py:PageContentAdmin.change_innavigation
cms/api.py:create_page
cms/admin/forms.py:AddPageTypeForm
cms/admin/forms.py:AddPageTypeForm.get_or_create_root
cms/api.py:create_title
cms/models/titlemodels.py:PageContent.has_placeholder_change_permission
cms/models/titlemodels.py:PageContent.update
cms/models/titlemodels.py:PageContent.toggle_in_navigation
cms/models/titlemodels.py:PageContent.__str__
cms/models/titlemodels.py:PageContent.save
cms/models/titlemodels.py:PageContent.Meta
cms/models/titlemodels.py:PageContent.__repr__
cms/models/titlemodels.py:PageContent
cms/models/titlemodels.py:PageContent.rescan_placeholders
cms/cms_toolbars.py:PageToolbar.add_page_menu
cms/models/titlemodels.py:PageContent.has_placeholder_change_permission
cms/models/titlemodels.py:PageContent.update
cms/models/titlemodels.py:PageContent.toggle_in_navigation
cms/models/titlemodels.py:PageContent.__str__
cms/models/titlemodels.py:PageContent.save
cms/models/titlemodels.py:PageContent.Meta
cms/models/titlemodels.py:PageContent.__repr__
cms/models/titlemodels.py:PageContent
cms/models/titlemodels.py:PageContent.rescan_placeholders
cms/admin/permissionadmin.py:ViewRestrictionInlineAdmin
cms/admin/permissionadmin.py:PagePermissionInlineAdmin.get_formset
##Searching for term "exclude from navigation"...
### Search Result:
Found `cms/models/query.py:PageQuerySet`, `cms/models/query.py:PageQuerySet.on_site`, `cms/models/query.py:PageQuerySet.get_home`, `cms/models/query.py:PageQuerySet.has_apphooks`.
Source: Retrieved code content using keyword search (bm25).
```
 1 | # -*- coding: utf-8 -*-
 2 | from django.db.models.query import QuerySet
 3 | 
 4 | from treebeard.mp_tree import MP_NodeQuerySet
 5 | 
 6 | from cms.exceptions import NoHomeFound
 7 | 
 8 | 
 9 | class PageQuerySet(QuerySet):
10 | 
11 |     def on_site(self, site=None):
12 |         from cms.utils import get_current_site
13 | 
14 |         if site is None:
15 |             site = get_current_site()
16 |         return self.filter(node__site=site)
17 | 
18 |     def get_home(self, site=None):
19 |         try:
20 |             home = self.on_site(site).distinct().get(is_home=True)
21 |         except self.model.DoesNotExist:
22 |             raise NoHomeFound('No Root page found')
23 |         return home
24 | 
25 |     def has_apphooks(self):
26 |         """
27 |         Returns True if any page on this queryset has an apphook attached.
28 |         """
29 |         return self.exclude(application_urls=None).exclude(application_urls='').exists()
```

Found `cms/management/commands/subcommands/list.py:ListApphooksCommand`, `cms/management/commands/subcommands/list.py:ListApphooksCommand.handle`.
Source: Retrieved code content using keyword search (bm25).
```
  1 | # -*- coding: utf-8 -*-
  2 | from __future__ import absolute_import, print_function, unicode_literals
  3 | 
  4 | from cms.models import Page
  5 | from cms.models.pluginmodel import CMSPlugin
  6 | from cms.plugin_pool import plugin_pool
  7 | 
  8 | from .base import SubcommandsCommand
  9 | 
 10 | 
 11 | class ListApphooksCommand(SubcommandsCommand):
 12 |     help_string = 'Lists all apphooks in pages'
 13 |     command_name = 'apphooks'
 14 | 
 15 |     def handle(self, *args, **options):
 16 |         urls = list(
 17 |             Page.objects.exclude(application_urls='').exclude(
 18 |                 application_urls__isnull=True
 19 |             ).values_list(
 20 |                 'application_urls', 'application_namespace'
 21 |             )
 22 |         )
 23 |         apphooks = {}
 24 |         for apphook, application_namespace in urls:
 25 |             if apphook in apphooks:
 26 |                 apphooks[apphook][0].append('active')
 27 |             else:
 28 |                 apphooks[apphook] = [['active'], application_namespace]
 29 |         for apphook, attributes in apphooks.items():
 30 |             attributes[0].sort()
 31 |             if attributes[1]:
 32 |                 self.stdout.write('{0}[instance: {1}] ({2})\n'.format(
 33 |                     apphook, attributes[1], '/'.join(attributes[0])
 34 |                 ))
 35 |             else:
 36 |                 self.stdout.write('{0} ({1})\n'.format(
 37 |                     apphook, '/'.join(attributes[0])
 38 |                 ))
```

Found class `cms/cms_menus.py:SoftRootCutter`.
Source: Retrieved code content using keyword search (bm25).
Just show the structure of this class due to response length limitations:
```
class SoftRootCutter(Modifier):

    def modify(self, request, nodes, namespace, root_id, post_cut, breadcrumb):
...
    def find_and_remove_children(self, node, nodes):
...
    def remove_children(self, node, nodes):
...
    def find_ancestors_and_remove_children(self, node, nodes):

```
Hint: Search `cms/cms_menus.py:SoftRootCutter` to get the full content if needed.

Found function `cms/admin/permissionadmin.py:PagePermissionInlineAdmin.get_formset`.
Source: Retrieved code content using keyword search (bm25).
```
 90 | def get_formset(self, request, obj=None, **kwargs):
 91 |         """
 92 |         Some fields may be excluded here. User can change only
 93 |         permissions which are available for him. E.g. if user does not haves
 94 |         can_publish flag, he can't change assign can_publish permissions.
 95 |         """
 96 |         exclude = self.exclude or []
 97 |         if obj:
 98 |             user = request.user
 99 |             if not obj.has_add_permission(user):
100 |                 exclude.append('can_add')
101 |             if not obj.has_delete_permission(user):
102 |                 exclude.append('can_delete')
103 |             if not obj.has_publish_permission(user):
104 |                 exclude.append('can_publish')
105 |             if not obj.has_advanced_settings_permission(user):
106 |                 exclude.append('can_change_advanced_settings')
107 |             if not obj.has_move_page_permission(user):
108 |                 exclude.append('can_move_page')
109 | 
110 |         kwargs['exclude'] = exclude
111 |         formset_cls = super(PagePermissionInlineAdmin, self).get_formset(request, obj=obj, **kwargs)
112 |         qs = self.get_queryset(request)
113 |         if obj is not None:
114 |             qs = qs.filter(page=obj)
115 |         formset_cls._queryset = qs
116 |         return formset_cls
```

Found class `cms/admin/permissionadmin.py:ViewRestrictionInlineAdmin`.
Source: Retrieved code content using keyword search (bm25).
```
119 | class ViewRestrictionInlineAdmin(PagePermissionInlineAdmin):
120 |     extra = 0  # edit page load time boost
121 |     form = ViewRestrictionInlineAdminForm
122 |     verbose_name = _("View restriction")
123 |     verbose_name_plural = _("View restrictions")
124 |     show_with_view_permissions = True
```



##Searching for term "exclude from navigation", "in_navigation", "get_in_navigation", "exclude from navigation in_navigation"...
### Search Result:
Found function `cms/models/pagemodel.py:Page.get_in_navigation`.
Source: Retrieved entity using keyword search (bm25).
```
1057 | def get_in_navigation(self, language=None, fallback=True, force_reload=False):
1058 |         return self.get_page_content_obj_attribute("in_navigation", language, fallback, force_reload)
```



##Searching for term "exclude from navigation", "in_navigation", "exclude from navigation in_navigation"...
### Search Result:
Found function `cms/models/titlemodels.py:PageContent.toggle_in_navigation`.
Source: Retrieved entity using keyword search (bm25).
```
112 | def toggle_in_navigation(self, set_to=None):
113 |         '''
114 |         Toggles (or sets) in_navigation and invalidates the cms page cache
115 |         '''
116 |         old = bool(self.in_navigation)
117 | 
118 |         if set_to in [True, False]:
119 |             new = set_to
120 |         else:
121 |             new = not old
122 | 
123 |         self.update(in_navigation=new)
124 | 
125 |         # If there was a change, invalidate the cms page cache
126 |         if new != old:
127 |             self.page.clear_cache()
128 |         return new
```

Found function `cms/admin/forms.py:AdvancedSettingsForm.get_navigation_extenders`.
Source: Retrieved entity using keyword search (bm25).
```
764 | def get_navigation_extenders(self):
765 |         return menu_pool.get_menus_by_attribute("cms_enabled", True)
```



##Searching for term "in_navigation"...
### Search Result:
Found `cms/migrations/0030_auto_20180810_0629.py:update_titles`.
Source: Retrieved code content using keyword search (bm25).
```
 1 | # -*- coding: utf-8 -*-
 2 | # Generated by Django 1.11.13 on 2018-08-10 10:29
 3 | from __future__ import unicode_literals
 4 | 
 5 | from django.db import migrations
 6 | 
 7 | 
 8 | def update_titles(apps, schema_editor):
 9 |     db_alias = schema_editor.connection.alias
10 |     Page = apps.get_model('cms', 'Page')
11 |     for page in Page.objects.using(db_alias):
12 |         page.title_set.update(
13 |             created_by=page.created_by,
14 |             changed_by=page.changed_by,
15 |             changed_date=page.changed_date,
16 |             in_navigation=page.in_navigation,
17 |             soft_root=page.soft_root,
18 |             limit_visibility_in_menu=page.limit_visibility_in_menu,
19 |             template=page.template,
20 |             xframe_options=page.xframe_options,
21 |         )
```

Found function `cms/admin/pageadmin.py:PageContentAdmin.change_innavigation`.
Source: Retrieved code content using keyword search (bm25).
```
1378 | def change_innavigation(self, request, object_id):
1379 |         """
1380 |         Switch the in_navigation of a page
1381 |         """
1382 |         page_content = self.get_object(request, object_id=object_id)
1383 | 
1384 |         if not self.has_change_permission(request, obj=page_content):
1385 |             message = _("You do not have permission to change this page's in_navigation status")
1386 |             return HttpResponseForbidden(force_text(message))
1387 | 
1388 |         if page_content is None:
1389 |             raise self._get_404_exception(object_id)
1390 | 
1391 |         page_content.toggle_in_navigation()
1392 |         # 204 -> request was successful but no response returned.
1393 |         return HttpResponse(status=204)
```

Found function `cms/api.py:create_page`.
Source: Retrieved code content using keyword search (bm25).
```
101 | def create_page(title, template, language, menu_title=None, slug=None,
102 |                 apphook=None, apphook_namespace=None, redirect=None, meta_description=None,
103 |                 created_by='python-api', parent=None,
104 |                 publication_date=None, publication_end_date=None,
105 |                 in_navigation=False, soft_root=False, reverse_id=None,
106 |                 navigation_extenders=None, published=None, site=None,
107 |                 login_required=False, limit_visibility_in_menu=constants.VISIBILITY_ALL,
108 |                 position="last-child", overwrite_url=None,
109 |                 xframe_options=constants.X_FRAME_OPTIONS_INHERIT):
110 |     """
111 |     Create a CMS Page and it's title for the given language
112 | 
113 |     See docs/extending_cms/api_reference.rst for more info
114 |     """
115 |     if published != None:
116 |         warnings.warn('This API function no longer accepts a published argument', UserWarning)
117 | 
118 |     # validate template
119 |     if not template == TEMPLATE_INHERITANCE_MAGIC:
120 |         assert template in [tpl[0] for tpl in get_cms_setting('TEMPLATES')]
121 |         get_template(template)
122 | 
123 |     # validate site
124 |     if not site:
125 |         site = get_current_site()
126 |     else:
127 |         assert isinstance(site, Site)
128 | 
129 |     # validate language:
130 |     assert language in get_language_list(site), get_cms_setting('LANGUAGES').get(site.pk)
131 | 
132 |     # validate parent
133 |     if parent:
134 |         assert isinstance(parent, Page)
135 | 
136 |     if navigation_extenders:
137 |         raw_menus = menu_pool.get_menus_by_attribute("cms_enabled", True)
138 |         menus = [menu[0] for menu in raw_menus]
139 |         assert navigation_extenders in menus
140 | 
141 |     # validate menu visibility
142 |     accepted_limitations = (constants.VISIBILITY_ALL, constants.VISIBILITY_USERS, constants.VISIBILITY_ANONYMOUS)
143 |     assert limit_visibility_in_menu in accepted_limitations
144 | 
145 |     # validate position
146 |     assert position in ('last-child', 'first-child', 'left', 'right')
147 |     target_node = parent.node if parent else None
148 | 
149 |     # validate and normalize apphook
150 |     if apphook:
151 |         application_urls = _verify_apphook(apphook, apphook_namespace)
152 |     else:
153 |         application_urls = None
154 | 
155 |     # ugly permissions hack
156 |     if created_by and isinstance(created_by, get_user_model()):
157 |         _thread_locals.user = created_by
158 |         created_by = get_clean_username(created_by)
159 |     else:
160 |         _thread_locals.user = None
161 | 
162 |     if reverse_id:
163 |         if Page.objects.filter(reverse_id=reverse_id, node__site=site).exists():
164 |             raise FieldError('A page with the reverse_id="%s" already exist.' % reverse_id)
165 | 
166 |     page = Page(
167 |         created_by=created_by,
168 |         changed_by=created_by,
169 |         reverse_id=reverse_id,
170 |         navigation_extenders=navigation_extenders,
171 |         application_urls=application_urls,
172 |         application_namespace=apphook_namespace,
173 |         login_required=login_required,
174 |     )
175 |     page.set_tree_node(site=site, target=target_node, position=position)
176 |     page.save()
177 | 
178 |     create_title(
179 |         language=language,
180 |         title=title,
181 |         menu_title=menu_title,
182 |         slug=slug,
183 |         created_by=created_by,
184 |         redirect=redirect,
185 |         meta_description=meta_description,
186 |         page=page,
187 |         overwrite_url=overwrite_url,
188 |         soft_root=soft_root,
189 |         in_navigation=in_navigation,
190 |         template=template,
191 |         limit_visibility_in_menu=limit_visibility_in_menu,
192 |         xframe_options=xframe_options,
193 |     )
194 | 
195 |     if parent and position in ('last-child', 'first-child'):
196 |         parent._clear_node_cache()
197 | 
198 |     del _thread_locals.user
199 |     return page
```

Found class `cms/admin/forms.py:AddPageTypeForm`.
Source: Retrieved code content using keyword search (bm25).
```
359 | class AddPageTypeForm(AddPageForm):
360 |     menu_title = None
361 |     meta_description = None
362 |     page_title = None
363 |     source = forms.ModelChoiceField(
364 |         queryset=Page.objects.all(),
365 |         required=False,
366 |         widget=forms.HiddenInput(),
367 |     )
368 |     content_defaults = {
369 |         'in_navigation': False,
370 |     }
371 | 
372 |     def get_or_create_root(self):
373 |         """
374 |         Creates the root node used to store all page types
375 |         for the current site if it doesn't exist.
376 |         """
377 |         root_page = PageType.get_root_page(site=self._site)
378 | 
379 |         if not root_page:
380 |             root_page = Page(is_page_type=True)
381 |             root_page.set_tree_node(self._site)
382 |             root_page.save()
383 | 
384 |         if not root_page.has_translation(self._language):
385 |             api.create_title(
386 |                 language=self._language,
387 |                 title=ugettext('Page Types'),
388 |                 page=root_page,
389 |                 slug=PAGE_TYPES_ID,
390 |                 path=PAGE_TYPES_ID,
391 |                 in_navigation=False,
392 |             )
393 |         return root_page.node
394 | 
395 |     def clean_parent_node(self):
396 |         parent_node = super(AddPageTypeForm, self).clean_parent_node()
397 | 
398 |         if parent_node and not parent_node.item.is_page_type:
399 |             raise ValidationError("Parent has to be a page type.")
400 | 
401 |         if not parent_node:
402 |             # parent was not explicitly selected.
403 |             # fallback to the page types root
404 |             parent_node = self.get_or_create_root()
405 |         return parent_node
406 | 
407 |     def from_source(self, source, parent=None):
408 |         new_page = source.copy(
409 |             site=self._site,
410 |             parent_node=parent,
411 |             language=self._language,
412 |             translations=False,
413 |             permissions=False,
414 |             extensions=False,
415 |         )
416 |         new_page.update(is_page_type=True)
417 |         return new_page
418 | 
419 |     def save(self, *args, **kwargs):
420 |         new_page = super(AddPageTypeForm, self).save(*args, **kwargs)
421 | 
422 |         if not self.cleaned_data.get('source'):
423 |             # User has created a page-type via "Add page"
424 |             # instead of from another page.
425 |             new_page.update(is_page_type=True)
426 |         return new_page
```



##Searching for term "exclude from navigation in_navigation"...
### Search Result:
Found function `cms/cms_toolbars.py:PageToolbar.add_page_menu`.
Source: Retrieved code content using keyword search (bm25).
```
476 | def add_page_menu(self):
477 |         if self.page and self.title:
478 |             edit_mode = self.toolbar.edit_mode_active
479 |             refresh = self.toolbar.REFRESH_PAGE
480 |             can_change = user_can_change_page(
481 |                 user=self.request.user,
482 |                 page=self.page,
483 |                 site=self.current_site,
484 |             )
485 | 
486 |             # menu for current page
487 |             # NOTE: disabled if the current path is "deeper" into the
488 |             # application's url patterns than its root. This is because
489 |             # when the Content Manager is at the root of the app-hook,
490 |             # some of the page options still make sense.
491 |             current_page_menu = self.toolbar.get_or_create_menu(
492 |                 PAGE_MENU_IDENTIFIER, _('Page'), position=1, disabled=self.in_apphook() and not self.in_apphook_root())
493 | 
494 |             new_page_params = {'edit': 1}
495 |             new_sub_page_params = {'edit': 1, 'parent_node': self.page.node_id}
496 | 
497 |             add_page_url = admin_reverse('cms_pagecontent_add')
498 |             advanced_url = admin_reverse('cms_page_advanced', args=(self.page.pk,))
499 |             page_settings_url = admin_reverse('cms_pagecontent_change', args=(self.title.pk,))
500 |             duplicate_page_url = admin_reverse('cms_pagecontent_duplicate', args=[self.title.pk])
501 | 
502 |             can_add_root_page = page_permissions.user_can_add_page(
503 |                 user=self.request.user,
504 |                 site=self.current_site,
505 |             )
506 | 
507 |             if self.page.parent_page:
508 |                 new_page_params['parent_node'] = self.page.parent_page.node_id
509 |                 can_add_sibling_page = page_permissions.user_can_add_subpage(
510 |                     user=self.request.user,
511 |                     target=self.page.parent_page,
512 |                 )
513 |             else:
514 |                 can_add_sibling_page = can_add_root_page
515 | 
516 |             can_add_sub_page = page_permissions.user_can_add_subpage(
517 |                 user=self.request.user,
518 |                 target=self.page,
519 |             )
520 | 
521 |             # page operations menu
522 |             add_page_menu = current_page_menu.get_or_create_menu(
523 |                 PAGE_MENU_ADD_IDENTIFIER,
524 |                 _('Create Page'),
525 |             )
526 | 
527 |             add_page_menu_modal_items = (
528 |                 (_('New Page'), new_page_params, can_add_sibling_page),
529 |                 (_('New Sub Page'), new_sub_page_params, can_add_sub_page),
530 |             )
531 | 
532 |             for title, params, has_perm in add_page_menu_modal_items:
533 |                 params.update(language=self.toolbar.request_language)
534 |                 add_page_menu.add_modal_item(
535 |                     title,
536 |                     url=add_url_parameters(add_page_url, params),
537 |                     disabled=not has_perm,
538 |                 )
539 | 
540 |             add_page_menu.add_modal_item(
541 |                 _('Duplicate this Page'),
542 |                 url=add_url_parameters(duplicate_page_url, {'language': self.toolbar.request_language}),
543 |                 disabled=not can_add_sibling_page,
544 |             )
545 | 
546 |             # first break
547 |             current_page_menu.add_break(PAGE_MENU_FIRST_BREAK)
548 | 
549 |             # page edit
550 |             with force_language(self.current_lang):
551 |                 page_edit_url = get_object_edit_url(self.title) if self.title else ''
552 |                 current_page_menu.add_link_item(_('Edit this Page'), disabled=edit_mode, url=page_edit_url)
553 | 
554 |             # page settings
555 |             page_settings_url = add_url_parameters(page_settings_url, language=self.toolbar.request_language)
556 |             settings_disabled = not edit_mode or not can_change
557 |             current_page_menu.add_modal_item(_('Page settings'), url=page_settings_url, disabled=settings_disabled,
558 |                                              on_close=refresh)
559 | 
560 |             # advanced settings
561 |             advanced_url = add_url_parameters(advanced_url, language=self.toolbar.request_language)
562 |             can_change_advanced = self.page.has_advanced_settings_permission(self.request.user)
563 |             advanced_disabled = not edit_mode or not can_change_advanced
564 |             current_page_menu.add_modal_item(_('Advanced settings'), url=advanced_url, disabled=advanced_disabled)
565 | 
566 |             # templates menu
567 |             if edit_mode:
568 |                 action = admin_reverse('cms_pagecontent_change_template', args=(self.title.pk,))
569 | 
570 |                 if can_change_advanced:
571 |                     templates_menu = current_page_menu.get_or_create_menu(
572 |                         'templates',
573 |                         _('Templates'),
574 |                         disabled=not can_change,
575 |                     )
576 | 
577 |                     for path, name in get_cms_setting('TEMPLATES'):
578 |                         active = self.page.template == path
579 |                         if path == TEMPLATE_INHERITANCE_MAGIC:
580 |                             templates_menu.add_break(TEMPLATE_MENU_BREAK)
581 |                         templates_menu.add_ajax_item(name, action=action, data={'template': path}, active=active,
582 |                                                      on_success=refresh)
583 | 
584 |             # navigation toggle
585 |             in_navigation = self.title.in_navigation
586 |             nav_title = _('Hide in navigation') if in_navigation else _('Display in navigation')
587 |             nav_action = admin_reverse('cms_pagecontent_change_innavigation', args=(self.title.pk,))
588 |             current_page_menu.add_ajax_item(
589 |                 nav_title,
590 |                 action=nav_action,
591 |                 disabled=(not edit_mode or not can_change),
592 |                 on_success=refresh,
593 |             )
594 | 
595 |             # delete
596 |             delete_url = admin_reverse('cms_page_delete', args=(self.page.pk,))
597 |             delete_disabled = not edit_mode or not user_can_delete_page(self.request.user, page=self.page)
598 |             on_delete_redirect_url = self.get_on_delete_redirect_url()
599 |             current_page_menu.add_modal_item(_('Delete page'), url=delete_url, on_close=on_delete_redirect_url,
600 |                                              disabled=delete_disabled)
```

Found function `cms/models/titlemodels.py:PageContent.__str__`.
Source: Retrieved code content using keyword search (bm25).
```
86 | def __str__(self):
87 |         return u"%s (%s)" % (self.title, self.language)
```

Found function `cms/models/titlemodels.py:PageContent.update`.
Source: Retrieved code content using keyword search (bm25).
```
 98 | def update(self, **data):
 99 |         cls = self.__class__
100 |         cls.objects.filter(pk=self.pk).update(**data)
101 | 
102 |         for field, value in data.items():
103 |             setattr(self, field, value)
104 |         return
```

Found function `cms/models/titlemodels.py:PageContent.has_placeholder_change_permission`.
Source: Retrieved code content using keyword search (bm25).
```
130 | def has_placeholder_change_permission(self, user):
131 |         return self.page.has_change_permission(user)
```

2026-09-16 22:21:12 utils.py INFO 
LiteLLM completion() model= qwen/qwen3-coder; provider = openrouter
2026-09-16 22:21:14 utils.py INFO Wrapper: Completed Call, calling success_handler
2026-09-16 22:21:14 auto_search_main.py INFO Executing code:
```
print(search_code_snippets(**{'search_terms': ['migration', 'limit_visibility_in_menu']}))
```
2026-09-16 22:21:14 __init__.py DEBUG Building index from IDs objects
2026-09-16 22:21:15 __init__.py DEBUG Building index from IDs objects
2026-09-16 22:21:15 auto_search_main.py INFO OBSERVATION:
cms/admin/forms.py:ChangePageForm.__init__
cms/admin/forms.py:ChangePageForm
cms/admin/forms.py:ChangePageForm._language
cms/cms_menus.py:get_menu_node_for_page
cms/api.py:create_page
cms/api.py:create_title
cms/api.py:create_page
cms/api.py:_verify_plugin_type
cms/models/pagemodel.py:Page.rescan_placeholders
cms/models/pagemodel.py:Page.get_soft_root
cms/models/pagemodel.py:Page.get_in_navigation
cms/models/pagemodel.py:Page.get_xframe_options
cms/models/pagemodel.py:Page.reload
cms/models/pagemodel.py:Page.get_declared_placeholders
cms/models/pagemodel.py:Page.get_limit_visibility_in_menu
cms/models/titlemodels.py:PageContent.has_placeholder_change_permission
cms/models/titlemodels.py:PageContent.update
cms/models/titlemodels.py:PageContent.toggle_in_navigation
cms/models/titlemodels.py:PageContent.__str__
cms/models/titlemodels.py:PageContent.save
cms/models/titlemodels.py:PageContent.Meta
cms/models/titlemodels.py:PageContent.__repr__
cms/models/titlemodels.py:PageContent
cms/models/titlemodels.py:PageContent.rescan_placeholders
##Searching for term "migration"...
### Search Result:
Found class `cms/migrations/0028_remove_page_placeholders.py:Migration`.
Found class `cms/migrations/0006_auto_20140924_1110.py:Migration`.
Found class `cms/migrations/0007_auto_20141028_1559.py:Migration`.
Found class `cms/migrations/0027_title_placeholders_data_migration.py:Migration`.
Found class `cms/migrations/0010_migrate_use_structure.py:Migration`.
Found class `cms/migrations/0021_auto_20180507_1432.py:Migration`.
Found class `cms/migrations/0009_merge.py:Migration`.
Found class `cms/migrations/0033_placeholder_source_data_migration.py:Migration`.
Found class `cms/migrations/0024_set_plugin_absolute_position.py:Migration`.
Found class `cms/migrations/0026_title_placeholders.py:Migration`.
Found class `cms/migrations/0032_remove_title_to_pagecontent.py:Migration`.
Found class `cms/migrations/0002_auto_20140816_1918.py:Migration`.
Found class `cms/migrations/0014_auto_20160404_1908.py:Migration`.
Found class `cms/migrations/0023_placeholder_source_field.py:Migration`.
Found class `cms/migrations/0011_auto_20150419_1006.py:Migration`.
Found class `cms/migrations/0034_remove_pagecontent_placeholders.py:Migration`.
Found class `cms/migrations/0012_auto_20150607_2207.py:Migration`.
Found class `cms/migrations/0005_auto_20140924_1039.py:Migration`.
Found class `cms/migrations/0008_auto_20150121_0059.py:Migration`.
Found class `cms/migrations/0015_auto_20160421_0000.py:Migration`.
Found class `cms/migrations/0013_urlconfrevision.py:Migration`.
Found class `cms/migrations/0004_auto_20140924_1038.py:Migration`.
Found class `cms/migrations/0018_create_pagenode.py:Migration`.
Found class `cms/migrations/0031_remove_fields.py:Migration`.
Found class `cms/migrations/0029_create_title_fields_and_url_model.py:Migration`.
Found class `cms/migrations/0017_pagetype.py:Migration`.
Found class `cms/migrations/0025_remove_plugin_tree_fields.py:Migration`.
Found class `cms/migrations/0030_auto_20180810_0629.py:Migration`.
Found class `cms/migrations/0022_auto_20180620_1551.py:Migration`.
Found class `cms/migrations/0008_auto_20150208_2149.py:Migration`.
Found class `cms/migrations/0020_old_tree_cleanup.py:Migration`.
Found class `cms/migrations/0001_initial.py:Migration`.
Found class `cms/migrations/0003_auto_20140926_2347.py:Migration`.
Found class `cms/migrations/0016_auto_20160608_1535.py:Migration`.
Found class `cms/migrations/0019_set_pagenode.py:Migration`.
Found class `menus/migrations/0001_initial.py:Migration`.
Source: Match found for entity name `migration`.
Hint: Use more detailed query to get the full content of some if needed.



##Searching for term "limit_visibility_in_menu"...
### Search Result:
Found `cms/migrations/0030_auto_20180810_0629.py:update_titles`.
Source: Retrieved code content using keyword search (bm25).
```
 1 | # -*- coding: utf-8 -*-
 2 | # Generated by Django 1.11.13 on 2018-08-10 10:29
 3 | from __future__ import unicode_literals
 4 | 
 5 | from django.db import migrations
 6 | 
 7 | 
 8 | def update_titles(apps, schema_editor):
 9 |     db_alias = schema_editor.connection.alias
10 |     Page = apps.get_model('cms', 'Page')
11 |     for page in Page.objects.using(db_alias):
12 |         page.title_set.update(
13 |             created_by=page.created_by,
14 |             changed_by=page.changed_by,
15 |             changed_date=page.changed_date,
16 |             in_navigation=page.in_navigation,
17 |             soft_root=page.soft_root,
18 |             limit_visibility_in_menu=page.limit_visibility_in_menu,
19 |             template=page.template,
20 |             xframe_options=page.xframe_options,
21 |         )
```

Found class `cms/admin/forms.py:ChangePageForm`.
Source: Retrieved code content using keyword search (bm25).
Just show the structure of this class due to response length limitations:
```
class ChangePageForm(BasePageContentForm):
    overwrite_url = forms.CharField(
        label=_('Overwrite URL'),
        max_length=255,
        required=False,
        help_text=_('Keep this field empty if standard path should be used.'),
    )
    soft_root = forms.BooleanField(
        label=_('Soft root'),
        required=False,
        help_text=_("All ancestors will not be displayed in the navigation"),
    )
    redirect = PageSmartLinkField(
        label=_('Redirect'),
        required=False,
        help_text=_('Redirects to this URL.'),
        placeholder_text=_('Start typing...'),
        ajax_view='admin:cms_page_get_list',
    )
    limit_visibility_in_menu = forms.TypedChoiceField(
        choices=PageContent._meta.get_field('limit_visibility_in_menu').choices,
        label=_("menu visibility"),
        help_text=_("limit when this page is visible in the menu"),
        initial=PageContent._meta.get_field('limit_visibility_in_menu').default,
        required=False,
        coerce=int,
        empty_value=None,
    )

    fieldsets = (
        (None, {
            'fields': ('title', 'slug', 'template', 'page_title', 'meta_description'),
        }),
        (_('URL options'), {
            'fields': ('overwrite_url', 'redirect'),
            'classes': ['collapse'],
        }),
        (_('Menu options'), {
            'fields': ('soft_root', 'menu_title', 'limit_visibility_in_menu'),
            'classes': ['collapse'],
        })
    )

    def __init__(self, *args, **kwargs):
...
    @cached_property
    def _language(self):
...
    def clean(self):
...
    def clean_xframe_options(self):
...
    def save(self, commit=True):

```
Hint: Search `cms/admin/forms.py:ChangePageForm` to get the full content if needed.

Found function `cms/models/pagemodel.py:Page.get_limit_visibility_in_menu`.
Source: Retrieved entity using keyword search (bm25).
```
1060 | def get_limit_visibility_in_menu(self, language=None, fallback=True, force_reload=False):
1061 |         return self.get_page_content_obj_attribute("limit_visibility_in_menu", language, fallback, force_reload)
```

Found function `cms/admin/forms.py:ChangePageForm._language`.
Source: Retrieved code content using keyword search (bm25).
```
492 | def _language(self):
493 |         return self.instance.language
```

Found function `cms/cms_menus.py:get_menu_node_for_page`.
Source: Retrieved code content using keyword search (bm25).
```
 73 | def get_menu_node_for_page(renderer, page, language, fallbacks=None):
 74 |     """
 75 |     Transform a CMS page into a navigation node.
 76 | 
 77 |     :param renderer: MenuRenderer instance bound to the request
 78 |     :param page: the page you wish to transform
 79 |     :param language: The current language used to render the menu
 80 |     """
 81 |     if fallbacks is None:
 82 |         fallbacks = []
 83 | 
 84 |     # Theses are simple to port over, since they are not calculated.
 85 |     # Other attributes will be added conditionally later.
 86 |     attr = {
 87 |         'is_page': True,
 88 |         'soft_root': page.get_soft_root(language),
 89 |         'auth_required': page.login_required,
 90 |         'reverse_id': page.reverse_id,
 91 |     }
 92 | 
 93 |     limit_visibility_in_menu = page.get_limit_visibility_in_menu(language)
 94 | 
 95 |     if limit_visibility_in_menu is constants.VISIBILITY_ALL:
 96 |         attr['visible_for_authenticated'] = True
 97 |         attr['visible_for_anonymous'] = True
 98 |     else:
 99 |         attr['visible_for_authenticated'] = limit_visibility_in_menu == constants.VISIBILITY_USERS
100 |         attr['visible_for_anonymous'] = limit_visibility_in_menu == constants.VISIBILITY_ANONYMOUS
101 |     attr['is_home'] = page.is_home
102 |     # Extenders can be either navigation extenders or from apphooks.
103 |     extenders = []
104 |     if page.navigation_extenders:
105 |         if page.navigation_extenders in renderer.menus:
106 |             extenders.append(page.navigation_extenders)
107 |         elif "{0}:{1}".format(page.navigation_extenders, page.pk) in renderer.menus:
108 |             extenders.append("{0}:{1}".format(page.navigation_extenders, page.pk))
109 |     # Is this page an apphook? If so, we need to handle the apphooks's nodes
110 |     # Only run this if we have a translation in the requested language for this
111 |     # object. The title cache should have been prepopulated in CMSMenu.get_nodes
112 |     # but otherwise, just request the title normally
113 |     if page.title_cache.get(language) and page.application_urls:
114 |         # it means it is an apphook
115 |         app = apphook_pool.get_apphook(page.application_urls)
116 | 
117 |         if app:
118 |             extenders += app.get_menus(page, language)
119 |     exts = []
120 |     for ext in extenders:
121 |         if hasattr(ext, "get_instances"):
122 |             # CMSAttachMenus are treated a bit differently to allow them to be
123 |             # able to be attached to multiple points in the navigation.
124 |             exts.append("{0}:{1}".format(ext.__name__, page.pk))
125 |         elif hasattr(ext, '__name__'):
126 |             exts.append(ext.__name__)
127 |         else:
128 |             exts.append(ext)
129 |     if exts:
130 |         attr['navigation_extenders'] = exts
131 | 
132 |     for lang in [language] + fallbacks:
133 |         translation = page.title_cache[lang]
134 | 
135 |         if translation:
136 |             page_url = page.urls_cache[lang]
137 |             # Do we have a redirectURL?
138 |             attr['redirect_url'] = translation.redirect  # save redirect URL if any
139 | 
140 |             # Now finally, build the NavigationNode object and return it.
141 |             # The parent_id is manually set by the menu get_nodes method.
142 |             ret_node = CMSNavigationNode(
143 |                 title=translation.menu_title or translation.title,
144 |                 url='',
145 |                 id=page.pk,
146 |                 attr=attr,
147 |                 visible=page.get_in_navigation(translation.language),
148 |                 path=page_url.path or page_url.slug,
149 |                 language=(translation.language if translation.language != language else None),
150 |             )
151 |             return ret_node
152 |     else:
153 |         raise RuntimeError('Unable to render cms menu. There is a language misconfiguration.')
```

Found function `cms/api.py:create_page`.
Source: Retrieved code content using keyword search (bm25).
```
101 | def create_page(title, template, language, menu_title=None, slug=None,
102 |                 apphook=None, apphook_namespace=None, redirect=None, meta_description=None,
103 |                 created_by='python-api', parent=None,
104 |                 publication_date=None, publication_end_date=None,
105 |                 in_navigation=False, soft_root=False, reverse_id=None,
106 |                 navigation_extenders=None, published=None, site=None,
107 |                 login_required=False, limit_visibility_in_menu=constants.VISIBILITY_ALL,
108 |                 position="last-child", overwrite_url=None,
109 |                 xframe_options=constants.X_FRAME_OPTIONS_INHERIT):
110 |     """
111 |     Create a CMS Page and it's title for the given language
112 | 
113 |     See docs/extending_cms/api_reference.rst for more info
114 |     """
115 |     if published != None:
116 |         warnings.warn('This API function no longer accepts a published argument', UserWarning)
117 | 
118 |     # validate template
119 |     if not template == TEMPLATE_INHERITANCE_MAGIC:
120 |         assert template in [tpl[0] for tpl in get_cms_setting('TEMPLATES')]
121 |         get_template(template)
122 | 
123 |     # validate site
124 |     if not site:
125 |         site = get_current_site()
126 |     else:
127 |         assert isinstance(site, Site)
128 | 
129 |     # validate language:
130 |     assert language in get_language_list(site), get_cms_setting('LANGUAGES').get(site.pk)
131 | 
132 |     # validate parent
133 |     if parent:
134 |         assert isinstance(parent, Page)
135 | 
136 |     if navigation_extenders:
137 |         raw_menus = menu_pool.get_menus_by_attribute("cms_enabled", True)
138 |         menus = [menu[0] for menu in raw_menus]
139 |         assert navigation_extenders in menus
140 | 
141 |     # validate menu visibility
142 |     accepted_limitations = (constants.VISIBILITY_ALL, constants.VISIBILITY_USERS, constants.VISIBILITY_ANONYMOUS)
143 |     assert limit_visibility_in_menu in accepted_limitations
144 | 
145 |     # validate position
146 |     assert position in ('last-child', 'first-child', 'left', 'right')
147 |     target_node = parent.node if parent else None
148 | 
149 |     # validate and normalize apphook
150 |     if apphook:
151 |         application_urls = _verify_apphook(apphook, apphook_namespace)
152 |     else:
153 |         application_urls = None
154 | 
155 |     # ugly permissions hack
156 |     if created_by and isinstance(created_by, get_user_model()):
157 |         _thread_locals.user = created_by
158 |         created_by = get_clean_username(created_by)
159 |     else:
160 |         _thread_locals.user = None
161 | 
162 |     if reverse_id:
163 |         if Page.objects.filter(reverse_id=reverse_id, node__site=site).exists():
164 |             raise FieldError('A page with the reverse_id="%s" already exist.' % reverse_id)
165 | 
166 |     page = Page(
167 |         created_by=created_by,
168 |         changed_by=created_by,
169 |         reverse_id=reverse_id,
170 |         navigation_extenders=navigation_extenders,
171 |         application_urls=application_urls,
172 |         application_namespace=apphook_namespace,
173 |         login_required=login_required,
174 |     )
175 |     page.set_tree_node(site=site, target=target_node, position=position)
176 |     page.save()
177 | 
178 |     create_title(
179 |         language=language,
180 |         title=title,
181 |         menu_title=menu_title,
182 |         slug=slug,
183 |         created_by=created_by,
184 |         redirect=redirect,
185 |         meta_description=meta_description,
186 |         page=page,
187 |         overwrite_url=overwrite_url,
188 |         soft_root=soft_root,
189 |         in_navigation=in_navigation,
190 |         template=template,
191 |         limit_visibility_in_menu=limit_visibility_in_menu,
192 |         xframe_options=xframe_options,
193 |     )
194 | 
195 |     if parent and position in ('last-child', 'first-child'):
196 |         parent._clear_node_cache()
197 | 
198 |     del _thread_locals.user
199 |     return page
```

Found file `menus/__init__.py`.
Found file `menus/migrations/__init__.py`.
Source: Retrieved entity using keyword search (bm25).
Hint: Use more detailed query to get the full content of some if needed.

2026-09-16 22:21:15 utils.py INFO 
LiteLLM completion() model= qwen/qwen3-coder; provider = openrouter
2026-09-16 22:21:17 utils.py INFO Wrapper: Completed Call, calling success_handler
2026-09-16 22:21:17 auto_search_main.py INFO Executing code:
```
print(get_entity_contents(**{'entity_names': ['cms/migrations/0030_auto_20180810_0629.py']}))
```
2026-09-16 22:21:17 auto_search_main.py INFO OBSERVATION:
##Searching for entity `cms/migrations/0030_auto_20180810_0629.py`...
### Search Result:
Found file `cms/migrations/0030_auto_20180810_0629.py`.
Source: Exact match found for entity name `cms/migrations/0030_auto_20180810_0629.py`.
```
 1 | # -*- coding: utf-8 -*-
 2 | # Generated by Django 1.11.13 on 2018-08-10 10:29
 3 | from __future__ import unicode_literals
 4 | 
 5 | from django.db import migrations
 6 | 
 7 | 
 8 | def update_titles(apps, schema_editor):
 9 |     db_alias = schema_editor.connection.alias
10 |     Page = apps.get_model('cms', 'Page')
11 |     for page in Page.objects.using(db_alias):
12 |         page.title_set.update(
13 |             created_by=page.created_by,
14 |             changed_by=page.changed_by,
15 |             changed_date=page.changed_date,
16 |             in_navigation=page.in_navigation,
17 |             soft_root=page.soft_root,
18 |             limit_visibility_in_menu=page.limit_visibility_in_menu,
19 |             template=page.template,
20 |             xframe_options=page.xframe_options,
21 |         )
22 | 
23 | 
24 | def set_page_url(apps, schema_editor):
25 |     Page = apps.get_model('cms', 'Page')
26 |     PageUrl = apps.get_model('cms', 'PageUrl')
27 |     db_alias = schema_editor.connection.alias
28 |     create_url = PageUrl.objects.using(db_alias).create
29 | 
30 |     for cms_page in Page.objects.all():
31 |         for translation in cms_page.title_set.all():
32 |             create_url(
33 |                 page=cms_page,
34 |                 slug=translation.slug,
35 |                 path=translation.path,
36 |                 managed=not bool(translation.has_url_overwrite),
37 |                 language=translation.language,
38 |             )
39 | 
40 | 
41 | class Migration(migrations.Migration):
42 | 
43 |     dependencies = [
44 |         ('cms', '0029_create_title_fields_and_url_model'),
45 |     ]
46 | 
47 |     operations = [
48 |         migrations.RunPython(update_titles),
49 |         migrations.RunPython(set_page_url),
50 |     ]
51 | 
```

2026-09-16 22:21:17 utils.py INFO 
LiteLLM completion() model= qwen/qwen3-coder; provider = openrouter
2026-09-16 22:21:21 utils.py INFO Wrapper: Completed Call, calling success_handler
2026-09-16 22:21:21 auto_search_main.py INFO Executing code:
```
print(search_code_snippets(**{'search_terms': ['VISIBILITY_ALL'], 'file_path_or_pattern': 'cms/migrations/*.py'}))
```
2026-09-16 22:21:21 __init__.py DEBUG Building index from IDs objects
2026-09-16 22:21:21 __init__.py DEBUG Building index from IDs objects
2026-09-16 22:21:21 auto_search_main.py INFO OBSERVATION:
cms/migrations/0020_old_tree_cleanup.py:Migration.apply
##Searching for term "VISIBILITY_ALL"...
### Search Result:
Found `cms/migrations/0013_urlconfrevision.py:Migration`.
Source: Retrieved code content using keyword search (bm25).
```
 1 | # -*- coding: utf-8 -*-
 2 | from __future__ import unicode_literals
 3 | 
 4 | from django.db import models, migrations
 5 | 
 6 | 
 7 | class Migration(migrations.Migration):
 8 | 
 9 |     dependencies = [
10 |         ('cms', '0012_auto_20150607_2207'),
11 |     ]
12 | 
13 |     operations = [
14 |         migrations.CreateModel(
15 |             name='UrlconfRevision',
16 |             fields=[
17 |                 ('id', models.AutoField(verbose_name='ID', serialize=False, auto_created=True, primary_key=True)),
18 |                 ('revision', models.CharField(max_length=255)),
19 |             ],
20 |             options={
21 |             },
22 |             bases=(models.Model,),
23 |         ),
24 |     ]
25 | 
```

Found `cms/migrations/0023_placeholder_source_field.py:Migration`.
Source: Retrieved code content using keyword search (bm25).
```
 1 | # -*- coding: utf-8 -*-
 2 | # Generated by Django 1.11.14 on 2018-07-19 16:38
 3 | from __future__ import unicode_literals
 4 | 
 5 | from django.db import migrations, models
 6 | import django.db.models.deletion
 7 | 
 8 | 
 9 | class Migration(migrations.Migration):
10 | 
11 |     dependencies = [
12 |         ('contenttypes', '0002_remove_content_type_name'),
13 |         ('cms', '0022_auto_20180620_1551'),
14 |     ]
15 | 
16 |     operations = [
17 |         migrations.AddField(
18 |             model_name='placeholder',
19 |             name='content_type',
20 |             field=models.ForeignKey(blank=True, null=True, on_delete=django.db.models.deletion.SET_NULL, to='contenttypes.ContentType'),
21 |         ),
22 |         migrations.AddField(
23 |             model_name='placeholder',
24 |             name='object_id',
25 |             field=models.PositiveIntegerField(blank=True, null=True),
26 |         ),
27 |     ]
28 | 
```

Found `cms/migrations/0022_auto_20180620_1551.py:Migration`.
Source: Retrieved code content using keyword search (bm25).
```
 1 | # Generated by Django 2.1b1 on 2018-06-20 15:51
 2 | 
 3 | from django.db import migrations, models
 4 | 
 5 | from cms.utils.compat import DJANGO_2_0
 6 | 
 7 | 
 8 | class Migration(migrations.Migration):
 9 | 
10 |     dependencies = [
11 |         ('cms', '0021_auto_20180507_1432'),
12 |     ]
13 | 
14 |     operations = [
15 |         migrations.AlterModelOptions(
16 |             name='page',
17 |             options={'default_permissions': ('add', 'change', 'delete'), 'permissions': (('view_page', 'Can view page'), ('publish_page', 'Can publish page'), ('edit_static_placeholder', 'Can edit static placeholders')), 'verbose_name': 'page', 'verbose_name_plural': 'pages'},
18 |         ),
19 |     ]
20 | 
21 |     if not DJANGO_2_0:
22 |         # Django < 2.1
23 |         operations.append(
24 |             migrations.AlterField(
25 |                 model_name='title',
26 |                 name='published',
27 |                 field=models.BooleanField(blank=True, default=False, verbose_name='is published'),
28 |             ),
29 |        )
30 | 
```

Found `cms/migrations/0021_auto_20180507_1432.py:Migration`.
Source: Retrieved code content using keyword search (bm25).
```
 1 | # -*- coding: utf-8 -*-
 2 | # Generated by Django 1.11.13 on 2018-05-07 14:32
 3 | from __future__ import unicode_literals
 4 | 
 5 | from django.db import migrations, models
 6 | 
 7 | 
 8 | class Migration(migrations.Migration):
 9 | 
10 |     dependencies = [
11 |         ('cms', '0020_old_tree_cleanup'),
12 |     ]
13 | 
14 |     operations = [
15 |         migrations.AlterField(
16 |             model_name='title',
17 |             name='meta_description',
18 |             field=models.TextField(blank=True, help_text='The text displayed in search engines.', null=True, verbose_name='description'),
19 |         ),
20 |     ]
21 | 
```

Found class `cms/utils/conf.py:VERIFIED`.
Source: Retrieved entity using keyword search (bm25).
```
17 | class VERIFIED: pass
```

Found class `cms/templatetags/cms_tags.py:CMSAdminURL`.
Source: Retrieved entity using keyword search (bm25).
```
984 | class CMSAdminURL(AsTag):
985 |     name = 'cms_admin_url'
986 |     options = Options(
987 |         Argument('viewname'),
988 |         MultiValueArgumentBeforeKeywordArgument('args', required=False),
989 |         MultiKeywordArgument('kwargs', required=False),
990 |         'as',
991 |         Argument('varname', resolve=False, required=False)
992 |     )
993 | 
994 |     def get_value(self, context, viewname, args, kwargs):
995 |         return admin_reverse(viewname, args=args, kwargs=kwargs)
```

Found class `cms/forms/fields.py:SuperLazyIterator`.
Source: Retrieved entity using keyword search (bm25).
```
13 | class SuperLazyIterator(object):
14 |     def __init__(self, func):
15 |         self.func = func
16 | 
17 |     def __iter__(self):
18 |         return iter(self.func())
```

Found function `cms/migrations/0020_old_tree_cleanup.py:Migration.apply`.
Source: Retrieved code content using keyword search (bm25).
```
62 | def apply(self, project_state, schema_editor, collect_sql=False):
63 |         connection = schema_editor.connection
64 |         column_names = [
65 |             column.name for column in
66 |             connection.introspection.get_table_description(connection.cursor(), 'cms_page')
67 |         ]
68 | 
69 |         if 'migration_0018_control' in column_names:
70 |             # The new 0018 migration has been applied
71 |             return super(Migration, self).apply(project_state, schema_editor, collect_sql)
72 | 
73 |         # The old 0018 migration was applied
74 |         # Move the project state forward without actually running
75 |         # any of the operations against the database.
76 |         for operation in self.operations:
77 |             operation.state_forwards(self.app_label, project_state)
78 |         return project_state
```

2026-09-16 22:21:21 utils.py INFO 
LiteLLM completion() model= qwen/qwen3-coder; provider = openrouter
2026-09-16 22:21:25 utils.py INFO Wrapper: Completed Call, calling success_handler
2026-09-16 22:21:25 auto_search_main.py INFO Executing code:
```
print(search_code_snippets(**{'search_terms': ['exclude.*navigation']}))
```
2026-09-16 22:21:25 __init__.py DEBUG Building index from IDs objects
2026-09-16 22:21:25 __init__.py DEBUG Building index from IDs objects
2026-09-16 22:21:25 auto_search_main.py INFO OBSERVATION:
cms/admin/permissionadmin.py:ViewRestrictionInlineAdmin
cms/admin/permissionadmin.py:PagePermissionInlineAdmin.get_formset
cms/models/placeholdermodel.py:Placeholder.has_delete_plugins_permission
cms/cms_menus.py:SoftRootCutter
cms/utils/permissions.py:get_subordinate_users
cms/models/placeholdermodel.py:Placeholder.move_plugin
cms/cms_menus.py:get_menu_node_for_page
menus/templatetags/menu_tags.py:ShowSubMenu
##Searching for term "exclude.*navigation"...
### Search Result:
Found class `cms/cms_menus.py:SoftRootCutter`.
Source: Retrieved code content using keyword search (bm25).
Just show the structure of this class due to response length limitations:
```
class SoftRootCutter(Modifier):

    def modify(self, request, nodes, namespace, root_id, post_cut, breadcrumb):
...
    def find_and_remove_children(self, node, nodes):
...
    def remove_children(self, node, nodes):
...
    def find_ancestors_and_remove_children(self, node, nodes):

```
Hint: Search `cms/cms_menus.py:SoftRootCutter` to get the full content if needed.

Found function `cms/models/pagemodel.py:Page.get_in_navigation`.
Source: Retrieved entity using keyword search (bm25).
```
1057 | def get_in_navigation(self, language=None, fallback=True, force_reload=False):
1058 |         return self.get_page_content_obj_attribute("in_navigation", language, fallback, force_reload)
```

Found function `cms/models/titlemodels.py:PageContent.toggle_in_navigation`.
Source: Retrieved entity using keyword search (bm25).
```
112 | def toggle_in_navigation(self, set_to=None):
113 |         '''
114 |         Toggles (or sets) in_navigation and invalidates the cms page cache
115 |         '''
116 |         old = bool(self.in_navigation)
117 | 
118 |         if set_to in [True, False]:
119 |             new = set_to
120 |         else:
121 |             new = not old
122 | 
123 |         self.update(in_navigation=new)
124 | 
125 |         # If there was a change, invalidate the cms page cache
126 |         if new != old:
127 |             self.page.clear_cache()
128 |         return new
```

Found function `cms/admin/forms.py:AdvancedSettingsForm.get_navigation_extenders`.
Source: Retrieved entity using keyword search (bm25).
```
764 | def get_navigation_extenders(self):
765 |         return menu_pool.get_menus_by_attribute("cms_enabled", True)
```

Found function `cms/admin/permissionadmin.py:PagePermissionInlineAdmin.get_formset`.
Source: Retrieved code content using keyword search (bm25).
```
 90 | def get_formset(self, request, obj=None, **kwargs):
 91 |         """
 92 |         Some fields may be excluded here. User can change only
 93 |         permissions which are available for him. E.g. if user does not haves
 94 |         can_publish flag, he can't change assign can_publish permissions.
 95 |         """
 96 |         exclude = self.exclude or []
 97 |         if obj:
 98 |             user = request.user
 99 |             if not obj.has_add_permission(user):
100 |                 exclude.append('can_add')
101 |             if not obj.has_delete_permission(user):
102 |                 exclude.append('can_delete')
103 |             if not obj.has_publish_permission(user):
104 |                 exclude.append('can_publish')
105 |             if not obj.has_advanced_settings_permission(user):
106 |                 exclude.append('can_change_advanced_settings')
107 |             if not obj.has_move_page_permission(user):
108 |                 exclude.append('can_move_page')
109 | 
110 |         kwargs['exclude'] = exclude
111 |         formset_cls = super(PagePermissionInlineAdmin, self).get_formset(request, obj=obj, **kwargs)
112 |         qs = self.get_queryset(request)
113 |         if obj is not None:
114 |             qs = qs.filter(page=obj)
115 |         formset_cls._queryset = qs
116 |         return formset_cls
```

Found class `cms/admin/permissionadmin.py:ViewRestrictionInlineAdmin`.
Source: Retrieved code content using keyword search (bm25).
```
119 | class ViewRestrictionInlineAdmin(PagePermissionInlineAdmin):
120 |     extra = 0  # edit page load time boost
121 |     form = ViewRestrictionInlineAdminForm
122 |     verbose_name = _("View restriction")
123 |     verbose_name_plural = _("View restrictions")
124 |     show_with_view_permissions = True
```

Found function `cms/models/placeholdermodel.py:Placeholder.has_delete_plugins_permission`.
Source: Retrieved code content using keyword search (bm25).
```
170 | def has_delete_plugins_permission(self, user, languages):
171 |         plugin_types = (
172 |             self
173 |             .cmsplugin_set
174 |             .filter(language__in=languages)
175 |             # exclude the clipboard plugin
176 |             .exclude(plugin_type='PlaceholderPlugin')
177 |             .values_list('plugin_type', flat=True)
178 |             .distinct()
179 |             # remove default ordering
180 |             .order_by()
181 |         )
182 | 
183 |         has_permission = permissions.has_plugin_permission
184 | 
185 |         for plugin_type in plugin_types.iterator():
186 |             if not has_permission(user, plugin_type, "delete"):
187 |                 return False
188 |         return True
```

Found function `cms/utils/permissions.py:get_subordinate_users`.
Source: Retrieved code content using keyword search (bm25).
```
235 | def get_subordinate_users(user, site):
236 |     """
237 |     Returns users queryset, containing all subordinate users to given user
238 |     including users created by given user and not assigned to any page.
239 | 
240 |     Not assigned users must be returned, because they shouldn't get lost, and
241 |     user should still have possibility to see them.
242 | 
243 |     Only users created_by given user which are on the same, or lover level are
244 |     returned.
245 | 
246 |     If user haves global permissions or is a superuser, then he can see all the
247 |     users.
248 | 
249 |     This function is currently used in PagePermissionInlineAdminForm for limit
250 |     users in permission combobox.
251 | 
252 |     Example:
253 |                               A,W                    level 0
254 |                             /    \
255 |                           user    B,GroupE           level 1
256 |                 Z       /     \
257 |                       C,X     D,Y,W                  level 2
258 | 
259 |         Rules: W was created by user, Z was created by user, but is not assigned
260 |         to any page.
261 | 
262 |         Will return [user, C, X, D, Y, Z]. W was created by user, but is also
263 |         assigned to higher level.
264 |     """
265 |     from cms.utils.page_permissions import get_change_permissions_id_list
266 | 
267 |     try:
268 |         user_level = get_user_permission_level(user, site)
269 |     except NoPermissionsException:
270 |         # user has no Global or Page permissions.
271 |         # return only staff users created by user
272 |         # whose page permission record has no page attached.
273 |         qs = get_user_model().objects.distinct().filter(
274 |                 Q(is_staff=True) &
275 |                 Q(pageuser__created_by=user) &
276 |                 Q(pagepermission__page=None)
277 |         )
278 |         qs = qs.exclude(pk=user.pk).exclude(groups__user__pk=user.pk)
279 |         return qs
280 | 
281 |     if user_level == ROOT_USER_LEVEL:
282 |         return get_user_model().objects.all()
283 | 
284 |     page_id_allow_list = get_change_permissions_id_list(user, site, check_global=False)
285 | 
286 |     # normal query
287 |     qs = get_user_model().objects.distinct().filter(
288 |         Q(is_staff=True) &
289 |         (Q(pagepermission__page__id__in=page_id_allow_list) & Q(pagepermission__page__node__depth__gte=user_level))
290 |         | (Q(pageuser__created_by=user) & Q(pagepermission__page=None))
291 |     )
292 |     qs = qs.exclude(pk=user.pk).exclude(groups__user__pk=user.pk)
293 |     return qs
```

2026-09-16 22:21:25 utils.py INFO 
LiteLLM completion() model= qwen/qwen3-coder; provider = openrouter
2026-09-16 22:21:27 utils.py INFO Wrapper: Completed Call, calling success_handler
2026-09-16 22:21:27 auto_search_main.py INFO Executing code:
```
print(get_entity_contents(**{'entity_names': ['cms/cms_menus.py:SoftRootCutter']}))
```
2026-09-16 22:21:27 auto_search_main.py INFO OBSERVATION:
##Searching for entity `cms/cms_menus.py:SoftRootCutter`...
### Search Result:
Found class `cms/cms_menus.py:SoftRootCutter`.
Source: Exact match found for entity name `cms/cms_menus.py:SoftRootCutter`.
```
349 | class SoftRootCutter(Modifier):
350 |     """
351 |     Ask evildmp/superdmp if you don't understand softroots!
352 | 
353 |     Softroot description from the docs:
354 | 
355 |         A soft root is a page that acts as the root for a menu navigation tree.
356 | 
357 |         Typically, this will be a page that is the root of a significant new
358 |         section on your site.
359 | 
360 |         When the soft root feature is enabled, the navigation menu for any page
361 |         will start at the nearest soft root, rather than at the real root of
362 |         the site’s page hierarchy.
363 | 
364 |         This feature is useful when your site has deep page hierarchies (and
365 |         therefore multiple levels in its navigation trees). In such a case, you
366 |         usually don’t want to present site visitors with deep menus of nested
367 |         items.
368 | 
369 |         For example, you’re on the page -Introduction to Bleeding-?, so the menu
370 |         might look like this:
371 | 
372 |             School of Medicine
373 |                 Medical Education
374 |                 Departments
375 |                     Department of Lorem Ipsum
376 |                     Department of Donec Imperdiet
377 |                     Department of Cras Eros
378 |                     Department of Mediaeval Surgery
379 |                         Theory
380 |                         Cures
381 |                         Bleeding
382 |                             Introduction to Bleeding <this is the current page>
383 |                             Bleeding - the scientific evidence
384 |                             Cleaning up the mess
385 |                             Cupping
386 |                             Leaches
387 |                             Maggots
388 |                         Techniques
389 |                         Instruments
390 |                     Department of Curabitur a Purus
391 |                     Department of Sed Accumsan
392 |                     Department of Etiam
393 |                 Research
394 |                 Administration
395 |                 Contact us
396 |                 Impressum
397 | 
398 |         which is frankly overwhelming.
399 | 
400 |         By making -Department of Mediaeval Surgery-? a soft root, the menu
401 |         becomes much more manageable:
402 | 
403 |             Department of Mediaeval Surgery
404 |                 Theory
405 |                 Cures
406 |                     Bleeding
407 |                         Introduction to Bleeding <current page>
408 |                         Bleeding - the scientific evidence
409 |                         Cleaning up the mess
410 |                     Cupping
411 |                     Leaches
412 |                     Maggots
413 |                 Techniques
414 |                 Instruments
415 |     """
416 | 
417 |     def modify(self, request, nodes, namespace, root_id, post_cut, breadcrumb):
418 |         # only apply this modifier if we're pre-cut (since what we do is cut)
419 |         # or if no id argument is provided, indicating {% show_menu_below_id %}
420 |         if post_cut or root_id:
421 |             return nodes
422 |         selected = None
423 |         root_nodes = []
424 |         # find the selected node as well as all the root nodes
425 |         for node in nodes:
426 |             if node.selected:
427 |                 selected = node
428 |             if not node.parent:
429 |                 root_nodes.append(node)
430 | 
431 |         # if we found a selected ...
432 |         if selected:
433 |             # and the selected is a softroot
434 |             if selected.attr.get("soft_root", False):
435 |                 # get it's descendants
436 |                 nodes = selected.get_descendants()
437 |                 # remove the link to parent
438 |                 selected.parent = None
439 |                 # make the selected page the root in the menu
440 |                 nodes = [selected] + nodes
441 |             else:
442 |                 # if it's not a soft root, walk ancestors (upwards!)
443 |                 nodes = self.find_ancestors_and_remove_children(selected, nodes)
444 |         return nodes
445 | 
446 |     def find_and_remove_children(self, node, nodes):
447 |         for child in node.children:
448 |             if child.attr.get("soft_root", False):
449 |                 self.remove_children(child, nodes)
450 |         return nodes
451 | 
452 |     def remove_children(self, node, nodes):
453 |         for child in node.children:
454 |             nodes.remove(child)
455 |             self.remove_children(child, nodes)
456 |         node.children = []
457 | 
458 |     def find_ancestors_and_remove_children(self, node, nodes):
459 |         """
460 |         Check ancestors of node for soft roots
461 |         """
462 |         if node.parent:
463 |             if node.parent.attr.get("soft_root", False):
464 |                 nodes = node.parent.get_descendants()
465 |                 node.parent.parent = None
466 |                 nodes = [node.parent] + nodes
467 |             else:
468 |                 nodes = self.find_ancestors_and_remove_children(
469 |                     node.parent, nodes)
470 |         else:
471 |             for newnode in nodes:
472 |                 if newnode != node and not newnode.parent:
473 |                     self.find_and_remove_children(newnode, nodes)
474 |         for child in node.children:
475 |             if child != node:
476 |                 self.find_and_remove_children(child, nodes)
477 |         return nodes
```

2026-09-16 22:21:27 utils.py INFO 
LiteLLM completion() model= qwen/qwen3-coder; provider = openrouter
2026-09-16 22:21:32 utils.py INFO Wrapper: Completed Call, calling success_handler
2026-09-16 22:21:32 auto_search_main.py INFO Executing code:
```
print(get_entity_contents(**{'entity_names': ['cms/cms_menus.py:get_menu_node_for_page']}))
```
2026-09-16 22:21:32 auto_search_main.py INFO OBSERVATION:
##Searching for entity `cms/cms_menus.py:get_menu_node_for_page`...
### Search Result:
Found function `cms/cms_menus.py:get_menu_node_for_page`.
Source: Exact match found for entity name `cms/cms_menus.py:get_menu_node_for_page`.
```
 73 | def get_menu_node_for_page(renderer, page, language, fallbacks=None):
 74 |     """
 75 |     Transform a CMS page into a navigation node.
 76 | 
 77 |     :param renderer: MenuRenderer instance bound to the request
 78 |     :param page: the page you wish to transform
 79 |     :param language: The current language used to render the menu
 80 |     """
 81 |     if fallbacks is None:
 82 |         fallbacks = []
 83 | 
 84 |     # Theses are simple to port over, since they are not calculated.
 85 |     # Other attributes will be added conditionally later.
 86 |     attr = {
 87 |         'is_page': True,
 88 |         'soft_root': page.get_soft_root(language),
 89 |         'auth_required': page.login_required,
 90 |         'reverse_id': page.reverse_id,
 91 |     }
 92 | 
 93 |     limit_visibility_in_menu = page.get_limit_visibility_in_menu(language)
 94 | 
 95 |     if limit_visibility_in_menu is constants.VISIBILITY_ALL:
 96 |         attr['visible_for_authenticated'] = True
 97 |         attr['visible_for_anonymous'] = True
 98 |     else:
 99 |         attr['visible_for_authenticated'] = limit_visibility_in_menu == constants.VISIBILITY_USERS
100 |         attr['visible_for_anonymous'] = limit_visibility_in_menu == constants.VISIBILITY_ANONYMOUS
101 |     attr['is_home'] = page.is_home
102 |     # Extenders can be either navigation extenders or from apphooks.
103 |     extenders = []
104 |     if page.navigation_extenders:
105 |         if page.navigation_extenders in renderer.menus:
106 |             extenders.append(page.navigation_extenders)
107 |         elif "{0}:{1}".format(page.navigation_extenders, page.pk) in renderer.menus:
108 |             extenders.append("{0}:{1}".format(page.navigation_extenders, page.pk))
109 |     # Is this page an apphook? If so, we need to handle the apphooks's nodes
110 |     # Only run this if we have a translation in the requested language for this
111 |     # object. The title cache should have been prepopulated in CMSMenu.get_nodes
112 |     # but otherwise, just request the title normally
113 |     if page.title_cache.get(language) and page.application_urls:
114 |         # it means it is an apphook
115 |         app = apphook_pool.get_apphook(page.application_urls)
116 | 
117 |         if app:
118 |             extenders += app.get_menus(page, language)
119 |     exts = []
120 |     for ext in extenders:
121 |         if hasattr(ext, "get_instances"):
122 |             # CMSAttachMenus are treated a bit differently to allow them to be
123 |             # able to be attached to multiple points in the navigation.
124 |             exts.append("{0}:{1}".format(ext.__name__, page.pk))
125 |         elif hasattr(ext, '__name__'):
126 |             exts.append(ext.__name__)
127 |         else:
128 |             exts.append(ext)
129 |     if exts:
130 |         attr['navigation_extenders'] = exts
131 | 
132 |     for lang in [language] + fallbacks:
133 |         translation = page.title_cache[lang]
134 | 
135 |         if translation:
136 |             page_url = page.urls_cache[lang]
137 |             # Do we have a redirectURL?
138 |             attr['redirect_url'] = translation.redirect  # save redirect URL if any
139 | 
140 |             # Now finally, build the NavigationNode object and return it.
141 |             # The parent_id is manually set by the menu get_nodes method.
142 |             ret_node = CMSNavigationNode(
143 |                 title=translation.menu_title or translation.title,
144 |                 url='',
145 |                 id=page.pk,
146 |                 attr=attr,
147 |                 visible=page.get_in_navigation(translation.language),
148 |                 path=page_url.path or page_url.slug,
149 |                 language=(translation.language if translation.language != language else None),
150 |             )
151 |             return ret_node
152 |     else:
153 |         raise RuntimeError('Unable to render cms menu. There is a language misconfiguration.')
```

2026-09-16 22:21:32 utils.py INFO 
LiteLLM completion() model= qwen/qwen3-coder; provider = openrouter
2026-09-16 22:21:36 utils.py INFO Wrapper: Completed Call, calling success_handler
2026-09-16 22:21:36 auto_search_main.py INFO Executing code:
```
print(search_code_snippets(**{'search_terms': ['toggle.*navigation']}))
```
2026-09-16 22:21:36 __init__.py DEBUG Building index from IDs objects
2026-09-16 22:21:36 __init__.py DEBUG Building index from IDs objects
2026-09-16 22:21:36 auto_search_main.py INFO OBSERVATION:
cms/cms_toolbars.py:PageToolbar.add_page_menu
cms/models/titlemodels.py:PageContent.has_placeholder_change_permission
cms/models/titlemodels.py:PageContent.update
cms/models/titlemodels.py:PageContent.toggle_in_navigation
cms/models/titlemodels.py:PageContent.__str__
cms/models/titlemodels.py:PageContent.save
cms/models/titlemodels.py:PageContent.Meta
cms/models/titlemodels.py:PageContent.__repr__
cms/models/titlemodels.py:PageContent
cms/models/titlemodels.py:PageContent.rescan_placeholders
cms/cms_menus.py:SoftRootCutter
cms/cms_menus.py:get_menu_node_for_page
menus/templatetags/menu_tags.py:ShowSubMenu
cms/admin/pageadmin.py:PageContentAdmin.get_urls
cms/cms_menus.py:impl
cms/cms_menus.py:CMSMenu.get_nodes
cms/cms_menus.py:get_menu_node_for_page
##Searching for term "toggle.*navigation"...
### Search Result:
Found function `cms/cms_toolbars.py:PageToolbar.add_page_menu`.
Source: Retrieved code content using keyword search (bm25).
```
476 | def add_page_menu(self):
477 |         if self.page and self.title:
478 |             edit_mode = self.toolbar.edit_mode_active
479 |             refresh = self.toolbar.REFRESH_PAGE
480 |             can_change = user_can_change_page(
481 |                 user=self.request.user,
482 |                 page=self.page,
483 |                 site=self.current_site,
484 |             )
485 | 
486 |             # menu for current page
487 |             # NOTE: disabled if the current path is "deeper" into the
488 |             # application's url patterns than its root. This is because
489 |             # when the Content Manager is at the root of the app-hook,
490 |             # some of the page options still make sense.
491 |             current_page_menu = self.toolbar.get_or_create_menu(
492 |                 PAGE_MENU_IDENTIFIER, _('Page'), position=1, disabled=self.in_apphook() and not self.in_apphook_root())
493 | 
494 |             new_page_params = {'edit': 1}
495 |             new_sub_page_params = {'edit': 1, 'parent_node': self.page.node_id}
496 | 
497 |             add_page_url = admin_reverse('cms_pagecontent_add')
498 |             advanced_url = admin_reverse('cms_page_advanced', args=(self.page.pk,))
499 |             page_settings_url = admin_reverse('cms_pagecontent_change', args=(self.title.pk,))
500 |             duplicate_page_url = admin_reverse('cms_pagecontent_duplicate', args=[self.title.pk])
501 | 
502 |             can_add_root_page = page_permissions.user_can_add_page(
503 |                 user=self.request.user,
504 |                 site=self.current_site,
505 |             )
506 | 
507 |             if self.page.parent_page:
508 |                 new_page_params['parent_node'] = self.page.parent_page.node_id
509 |                 can_add_sibling_page = page_permissions.user_can_add_subpage(
510 |                     user=self.request.user,
511 |                     target=self.page.parent_page,
512 |                 )
513 |             else:
514 |                 can_add_sibling_page = can_add_root_page
515 | 
516 |             can_add_sub_page = page_permissions.user_can_add_subpage(
517 |                 user=self.request.user,
518 |                 target=self.page,
519 |             )
520 | 
521 |             # page operations menu
522 |             add_page_menu = current_page_menu.get_or_create_menu(
523 |                 PAGE_MENU_ADD_IDENTIFIER,
524 |                 _('Create Page'),
525 |             )
526 | 
527 |             add_page_menu_modal_items = (
528 |                 (_('New Page'), new_page_params, can_add_sibling_page),
529 |                 (_('New Sub Page'), new_sub_page_params, can_add_sub_page),
530 |             )
531 | 
532 |             for title, params, has_perm in add_page_menu_modal_items:
533 |                 params.update(language=self.toolbar.request_language)
534 |                 add_page_menu.add_modal_item(
535 |                     title,
536 |                     url=add_url_parameters(add_page_url, params),
537 |                     disabled=not has_perm,
538 |                 )
539 | 
540 |             add_page_menu.add_modal_item(
541 |                 _('Duplicate this Page'),
542 |                 url=add_url_parameters(duplicate_page_url, {'language': self.toolbar.request_language}),
543 |                 disabled=not can_add_sibling_page,
544 |             )
545 | 
546 |             # first break
547 |             current_page_menu.add_break(PAGE_MENU_FIRST_BREAK)
548 | 
549 |             # page edit
550 |             with force_language(self.current_lang):
551 |                 page_edit_url = get_object_edit_url(self.title) if self.title else ''
552 |                 current_page_menu.add_link_item(_('Edit this Page'), disabled=edit_mode, url=page_edit_url)
553 | 
554 |             # page settings
555 |             page_settings_url = add_url_parameters(page_settings_url, language=self.toolbar.request_language)
556 |             settings_disabled = not edit_mode or not can_change
557 |             current_page_menu.add_modal_item(_('Page settings'), url=page_settings_url, disabled=settings_disabled,
558 |                                              on_close=refresh)
559 | 
560 |             # advanced settings
561 |             advanced_url = add_url_parameters(advanced_url, language=self.toolbar.request_language)
562 |             can_change_advanced = self.page.has_advanced_settings_permission(self.request.user)
563 |             advanced_disabled = not edit_mode or not can_change_advanced
564 |             current_page_menu.add_modal_item(_('Advanced settings'), url=advanced_url, disabled=advanced_disabled)
565 | 
566 |             # templates menu
567 |             if edit_mode:
568 |                 action = admin_reverse('cms_pagecontent_change_template', args=(self.title.pk,))
569 | 
570 |                 if can_change_advanced:
571 |                     templates_menu = current_page_menu.get_or_create_menu(
572 |                         'templates',
573 |                         _('Templates'),
574 |                         disabled=not can_change,
575 |                     )
576 | 
577 |                     for path, name in get_cms_setting('TEMPLATES'):
578 |                         active = self.page.template == path
579 |                         if path == TEMPLATE_INHERITANCE_MAGIC:
580 |                             templates_menu.add_break(TEMPLATE_MENU_BREAK)
581 |                         templates_menu.add_ajax_item(name, action=action, data={'template': path}, active=active,
582 |                                                      on_success=refresh)
583 | 
584 |             # navigation toggle
585 |             in_navigation = self.title.in_navigation
586 |             nav_title = _('Hide in navigation') if in_navigation else _('Display in navigation')
587 |             nav_action = admin_reverse('cms_pagecontent_change_innavigation', args=(self.title.pk,))
588 |             current_page_menu.add_ajax_item(
589 |                 nav_title,
590 |                 action=nav_action,
591 |                 disabled=(not edit_mode or not can_change),
592 |                 on_success=refresh,
593 |             )
594 | 
595 |             # delete
596 |             delete_url = admin_reverse('cms_page_delete', args=(self.page.pk,))
597 |             delete_disabled = not edit_mode or not user_can_delete_page(self.request.user, page=self.page)
598 |             on_delete_redirect_url = self.get_on_delete_redirect_url()
599 |             current_page_menu.add_modal_item(_('Delete page'), url=delete_url, on_close=on_delete_redirect_url,
600 |                                              disabled=delete_disabled)
```

Found function `cms/models/titlemodels.py:PageContent.__str__`.
Source: Retrieved code content using keyword search (bm25).
```
86 | def __str__(self):
87 |         return u"%s (%s)" % (self.title, self.language)
```

Found function `cms/models/titlemodels.py:PageContent.update`.
Source: Retrieved code content using keyword search (bm25).
```
 98 | def update(self, **data):
 99 |         cls = self.__class__
100 |         cls.objects.filter(pk=self.pk).update(**data)
101 | 
102 |         for field, value in data.items():
103 |             setattr(self, field, value)
104 |         return
```

Found function `cms/models/titlemodels.py:PageContent.toggle_in_navigation`.
Source: Retrieved entity using keyword search (bm25).
```
112 | def toggle_in_navigation(self, set_to=None):
113 |         '''
114 |         Toggles (or sets) in_navigation and invalidates the cms page cache
115 |         '''
116 |         old = bool(self.in_navigation)
117 | 
118 |         if set_to in [True, False]:
119 |             new = set_to
120 |         else:
121 |             new = not old
122 | 
123 |         self.update(in_navigation=new)
124 | 
125 |         # If there was a change, invalidate the cms page cache
126 |         if new != old:
127 |             self.page.clear_cache()
128 |         return new
```

Found function `cms/models/titlemodels.py:PageContent.has_placeholder_change_permission`.
Source: Retrieved code content using keyword search (bm25).
```
130 | def has_placeholder_change_permission(self, user):
131 |         return self.page.has_change_permission(user)
```

Found function `cms/models/pagemodel.py:Page.get_in_navigation`.
Source: Retrieved entity using keyword search (bm25).
```
1057 | def get_in_navigation(self, language=None, fallback=True, force_reload=False):
1058 |         return self.get_page_content_obj_attribute("in_navigation", language, fallback, force_reload)
```

Found function `cms/admin/forms.py:AdvancedSettingsForm.get_navigation_extenders`.
Source: Retrieved entity using keyword search (bm25).
```
764 | def get_navigation_extenders(self):
765 |         return menu_pool.get_menus_by_attribute("cms_enabled", True)
```

2026-09-16 22:21:36 utils.py INFO 
LiteLLM completion() model= qwen/qwen3-coder; provider = openrouter
2026-09-16 22:21:41 utils.py INFO Wrapper: Completed Call, calling success_handler
2026-09-16 22:21:41 auto_search_main.py INFO Executing code:
```
print(get_entity_contents(**{'entity_names': ['cms/admin/pageadmin.py:PageContentAdmin.change_innavigation']}))
```
2026-09-16 22:21:41 auto_search_main.py INFO OBSERVATION:
##Searching for entity `cms/admin/pageadmin.py:PageContentAdmin.change_innavigation`...
### Search Result:
Found function `cms/admin/pageadmin.py:PageContentAdmin.change_innavigation`.
Source: Exact match found for entity name `cms/admin/pageadmin.py:PageContentAdmin.change_innavigation`.
```
1378 | def change_innavigation(self, request, object_id):
1379 |         """
1380 |         Switch the in_navigation of a page
1381 |         """
1382 |         page_content = self.get_object(request, object_id=object_id)
1383 | 
1384 |         if not self.has_change_permission(request, obj=page_content):
1385 |             message = _("You do not have permission to change this page's in_navigation status")
1386 |             return HttpResponseForbidden(force_text(message))
1387 | 
1388 |         if page_content is None:
1389 |             raise self._get_404_exception(object_id)
1390 | 
1391 |         page_content.toggle_in_navigation()
1392 |         # 204 -> request was successful but no response returned.
1393 |         return HttpResponse(status=204)
```

2026-09-16 22:21:41 utils.py INFO 
LiteLLM completion() model= qwen/qwen3-coder; provider = openrouter
2026-09-16 22:21:48 utils.py INFO Wrapper: Completed Call, calling success_handler
2026-09-16 22:21:48 utils.py INFO 
LiteLLM completion() model= qwen/qwen3-coder; provider = openrouter
2026-09-16 22:21:55 utils.py INFO Wrapper: Completed Call, calling success_handler
2026-09-16 22:21:55 auto_search_main.py INFO Executing code:
```
print(search_code_snippets(**{'search_terms': ['reset.*limit_visibility_in_menu', 'default.*limit_visibility_in_menu']}))
```
2026-09-16 22:21:55 __init__.py DEBUG Building index from IDs objects
2026-09-16 22:21:55 __init__.py DEBUG Building index from IDs objects
2026-09-16 22:21:55 __init__.py DEBUG Building index from IDs objects
2026-09-16 22:21:55 __init__.py DEBUG Building index from IDs objects
2026-09-16 22:21:55 auto_search_main.py INFO OBSERVATION:
cms/cache/placeholder.py:_get_placeholder_cache_version
cms/admin/forms.py:ChangePageForm.__init__
cms/admin/forms.py:ChangePageForm
cms/admin/forms.py:ChangePageForm._language
cms/cms_menus.py:get_menu_node_for_page
cms/api.py:create_page
cms/api.py:create_title
cms/api.py:create_page
cms/api.py:_verify_plugin_type
cms/models/pagemodel.py:Page.rescan_placeholders
cms/models/pagemodel.py:Page.get_soft_root
cms/models/pagemodel.py:Page.get_in_navigation
cms/models/pagemodel.py:Page.get_xframe_options
cms/models/pagemodel.py:Page.reload
cms/models/pagemodel.py:Page.get_declared_placeholders
cms/models/pagemodel.py:Page.get_limit_visibility_in_menu
cms/models/titlemodels.py:PageContent.has_placeholder_change_permission
cms/models/titlemodels.py:PageContent.update
cms/models/titlemodels.py:PageContent.toggle_in_navigation
cms/models/titlemodels.py:PageContent.__str__
cms/models/titlemodels.py:PageContent.save
cms/models/titlemodels.py:PageContent.Meta
cms/models/titlemodels.py:PageContent.__repr__
cms/models/titlemodels.py:PageContent
cms/models/titlemodels.py:PageContent.rescan_placeholders
cms/admin/forms.py:ChangePageForm.__init__
cms/admin/forms.py:ChangePageForm
cms/admin/forms.py:ChangePageForm._language
cms/api.py:create_title
cms/cms_menus.py:get_menu_node_for_page
cms/api.py:create_page
cms/models/titlemodels.py:PageContent.has_placeholder_change_permission
cms/models/titlemodels.py:PageContent.update
cms/models/titlemodels.py:PageContent.toggle_in_navigation
cms/models/titlemodels.py:PageContent.__str__
cms/models/titlemodels.py:PageContent.save
cms/models/titlemodels.py:PageContent.Meta
cms/models/titlemodels.py:PageContent.__repr__
cms/models/titlemodels.py:PageContent
cms/models/titlemodels.py:PageContent.rescan_placeholders
cms/migrations/0001_initial.py:Migration
cms/api.py:create_page
cms/api.py:_verify_plugin_type
cms/admin/forms.py:ChangePageForm.__init__
cms/admin/forms.py:ChangePageForm
cms/admin/forms.py:ChangePageForm._language
cms/api.py:create_title
cms/cms_menus.py:get_menu_node_for_page
cms/api.py:create_page
cms/api.py:create_page
cms/api.py:_verify_plugin_type
cms/models/titlemodels.py:PageContent.has_placeholder_change_permission
cms/models/titlemodels.py:PageContent.update
cms/models/titlemodels.py:PageContent.toggle_in_navigation
cms/models/titlemodels.py:PageContent.__str__
cms/models/titlemodels.py:PageContent.save
cms/models/titlemodels.py:PageContent.Meta
cms/models/titlemodels.py:PageContent.__repr__
cms/models/titlemodels.py:PageContent
cms/models/titlemodels.py:PageContent.rescan_placeholders
cms/cache/placeholder.py:_get_placeholder_cache_version
cms/models/pagemodel.py:Page.rescan_placeholders
cms/models/pagemodel.py:Page.get_soft_root
cms/models/pagemodel.py:Page.get_in_navigation
cms/models/pagemodel.py:Page.get_xframe_options
cms/models/pagemodel.py:Page.reload
cms/models/pagemodel.py:Page.get_declared_placeholders
cms/models/pagemodel.py:Page.get_limit_visibility_in_menu
##Searching for term "reset.*limit_visibility_in_menu"...
### Search Result:
Found `cms/migrations/0030_auto_20180810_0629.py:update_titles`.
Source: Retrieved code content using keyword search (bm25).
```
 1 | # -*- coding: utf-8 -*-
 2 | # Generated by Django 1.11.13 on 2018-08-10 10:29
 3 | from __future__ import unicode_literals
 4 | 
 5 | from django.db import migrations
 6 | 
 7 | 
 8 | def update_titles(apps, schema_editor):
 9 |     db_alias = schema_editor.connection.alias
10 |     Page = apps.get_model('cms', 'Page')
11 |     for page in Page.objects.using(db_alias):
12 |         page.title_set.update(
13 |             created_by=page.created_by,
14 |             changed_by=page.changed_by,
15 |             changed_date=page.changed_date,
16 |             in_navigation=page.in_navigation,
17 |             soft_root=page.soft_root,
18 |             limit_visibility_in_menu=page.limit_visibility_in_menu,
19 |             template=page.template,
20 |             xframe_options=page.xframe_options,
21 |         )
```

Found function `cms/models/pagemodel.py:Page.get_limit_visibility_in_menu`.
Source: Retrieved entity using keyword search (bm25).
```
1060 | def get_limit_visibility_in_menu(self, language=None, fallback=True, force_reload=False):
1061 |         return self.get_page_content_obj_attribute("limit_visibility_in_menu", language, fallback, force_reload)
```

Found function `cms/cms_menus.py:get_visible_nodes`.
Source: Retrieved entity using keyword search (bm25).
```
25 | def get_visible_nodes(request, pages, site):
26 |     """
27 |      This code is basically a many-pages-at-once version of
28 |      cms.utils.page_permissions.user_can_view_page
29 |      pages contains all published pages
30 |     """
31 |     user = request.user
32 |     public_for = get_cms_setting('PUBLIC_FOR')
33 |     can_see_unrestricted = public_for == 'all' or (public_for == 'staff' and user.is_staff)
34 | 
35 |     if not user.is_authenticated and not can_see_unrestricted:
36 |         # User is not authenticated and can't see unrestricted pages,
37 |         # no need to check for page restrictions because if there's some,
38 |         # user is anon and if there is not any, user can't see unrestricted.
39 |         return []
40 | 
41 |     if user_can_view_all_pages(user, site):
42 |         return list(pages)
43 | 
44 |     restricted_pages = get_view_restrictions(pages)
45 | 
46 |     if not restricted_pages:
47 |         # If there's no restrictions, let the user see all pages
48 |         # only if he can see unrestricted, otherwise return no pages.
49 |         return list(pages) if can_see_unrestricted else []
50 | 
51 |     user_id = user.pk
52 |     user_groups = SimpleLazyObject(lambda: frozenset(user.groups.values_list('pk', flat=True)))
53 |     is_auth_user = user.is_authenticated
54 | 
55 |     def user_can_see_page(page):
56 |         page_permissions = restricted_pages.get(page.pk, [])
57 | 
58 |         if not page_permissions:
59 |             # Page has no view restrictions, fallback to the project's
60 |             # CMS_PUBLIC_FOR setting.
61 |             return can_see_unrestricted
62 | 
63 |         if not is_auth_user:
64 |             return False
65 | 
66 |         for perm in page_permissions:
67 |             if perm.user_id == user_id or perm.group_id in user_groups:
68 |                 return True
69 |         return False
70 |     return [page for page in pages if user_can_see_page(page)]
```

Found function `cms/cache/placeholder.py:_get_placeholder_cache_version`.
Source: Retrieved code content using keyword search (bm25).
```
55 | def _get_placeholder_cache_version(placeholder, lang, site_id):
56 |     """
57 |     Gets the (placeholder x lang)'s current version and vary-on header-names
58 |     list, if present, otherwise resets to («timestamp», []).
59 |     """
60 |     from django.core.cache import cache
61 | 
62 |     key = _get_placeholder_cache_version_key(placeholder, lang, site_id)
63 |     cached = cache.get(key)
64 |     if cached:
65 |         version, vary_on_list = cached
66 |     else:
67 |         version = int(time.time() * 1000000)
68 |         vary_on_list = []
69 |         _set_placeholder_cache_version(placeholder, lang, site_id, version, vary_on_list)
70 |     return version, vary_on_list
```

Found file `menus/__init__.py`.
Source: Retrieved entity using keyword search (bm25).
Hint: Search `menus/__init__.py` for the full content if needed.



##Searching for term "reset.*limit_visibility_in_menu", "default.*limit_visibility_in_menu", "reset.*limit_visibility_in_menu default.*limit_visibility_in_menu"...
### Search Result:
Found class `cms/admin/forms.py:ChangePageForm`.
Source: Retrieved code content using keyword search (bm25).
Just show the structure of this class due to response length limitations:
```
class ChangePageForm(BasePageContentForm):
    overwrite_url = forms.CharField(
        label=_('Overwrite URL'),
        max_length=255,
        required=False,
        help_text=_('Keep this field empty if standard path should be used.'),
    )
    soft_root = forms.BooleanField(
        label=_('Soft root'),
        required=False,
        help_text=_("All ancestors will not be displayed in the navigation"),
    )
    redirect = PageSmartLinkField(
        label=_('Redirect'),
        required=False,
        help_text=_('Redirects to this URL.'),
        placeholder_text=_('Start typing...'),
        ajax_view='admin:cms_page_get_list',
    )
    limit_visibility_in_menu = forms.TypedChoiceField(
        choices=PageContent._meta.get_field('limit_visibility_in_menu').choices,
        label=_("menu visibility"),
        help_text=_("limit when this page is visible in the menu"),
        initial=PageContent._meta.get_field('limit_visibility_in_menu').default,
        required=False,
        coerce=int,
        empty_value=None,
    )

    fieldsets = (
        (None, {
            'fields': ('title', 'slug', 'template', 'page_title', 'meta_description'),
        }),
        (_('URL options'), {
            'fields': ('overwrite_url', 'redirect'),
            'classes': ['collapse'],
        }),
        (_('Menu options'), {
            'fields': ('soft_root', 'menu_title', 'limit_visibility_in_menu'),
            'classes': ['collapse'],
        })
    )

    def __init__(self, *args, **kwargs):
...
    @cached_property
    def _language(self):
...
    def clean(self):
...
    def clean_xframe_options(self):
...
    def save(self, commit=True):

```
Hint: Search `cms/admin/forms.py:ChangePageForm` to get the full content if needed.

Found function `cms/admin/forms.py:ChangePageForm._language`.
Source: Retrieved code content using keyword search (bm25).
```
492 | def _language(self):
493 |         return self.instance.language
```

Found function `cms/cms_menus.py:get_menu_node_for_page`.
Source: Retrieved code content using keyword search (bm25).
```
 73 | def get_menu_node_for_page(renderer, page, language, fallbacks=None):
 74 |     """
 75 |     Transform a CMS page into a navigation node.
 76 | 
 77 |     :param renderer: MenuRenderer instance bound to the request
 78 |     :param page: the page you wish to transform
 79 |     :param language: The current language used to render the menu
 80 |     """
 81 |     if fallbacks is None:
 82 |         fallbacks = []
 83 | 
 84 |     # Theses are simple to port over, since they are not calculated.
 85 |     # Other attributes will be added conditionally later.
 86 |     attr = {
 87 |         'is_page': True,
 88 |         'soft_root': page.get_soft_root(language),
 89 |         'auth_required': page.login_required,
 90 |         'reverse_id': page.reverse_id,
 91 |     }
 92 | 
 93 |     limit_visibility_in_menu = page.get_limit_visibility_in_menu(language)
 94 | 
 95 |     if limit_visibility_in_menu is constants.VISIBILITY_ALL:
 96 |         attr['visible_for_authenticated'] = True
 97 |         attr['visible_for_anonymous'] = True
 98 |     else:
 99 |         attr['visible_for_authenticated'] = limit_visibility_in_menu == constants.VISIBILITY_USERS
100 |         attr['visible_for_anonymous'] = limit_visibility_in_menu == constants.VISIBILITY_ANONYMOUS
101 |     attr['is_home'] = page.is_home
102 |     # Extenders can be either navigation extenders or from apphooks.
103 |     extenders = []
104 |     if page.navigation_extenders:
105 |         if page.navigation_extenders in renderer.menus:
106 |             extenders.append(page.navigation_extenders)
107 |         elif "{0}:{1}".format(page.navigation_extenders, page.pk) in renderer.menus:
108 |             extenders.append("{0}:{1}".format(page.navigation_extenders, page.pk))
109 |     # Is this page an apphook? If so, we need to handle the apphooks's nodes
110 |     # Only run this if we have a translation in the requested language for this
111 |     # object. The title cache should have been prepopulated in CMSMenu.get_nodes
112 |     # but otherwise, just request the title normally
113 |     if page.title_cache.get(language) and page.application_urls:
114 |         # it means it is an apphook
115 |         app = apphook_pool.get_apphook(page.application_urls)
116 | 
117 |         if app:
118 |             extenders += app.get_menus(page, language)
119 |     exts = []
120 |     for ext in extenders:
121 |         if hasattr(ext, "get_instances"):
122 |             # CMSAttachMenus are treated a bit differently to allow them to be
123 |             # able to be attached to multiple points in the navigation.
124 |             exts.append("{0}:{1}".format(ext.__name__, page.pk))
125 |         elif hasattr(ext, '__name__'):
126 |             exts.append(ext.__name__)
127 |         else:
128 |             exts.append(ext)
129 |     if exts:
130 |         attr['navigation_extenders'] = exts
131 | 
132 |     for lang in [language] + fallbacks:
133 |         translation = page.title_cache[lang]
134 | 
135 |         if translation:
136 |             page_url = page.urls_cache[lang]
137 |             # Do we have a redirectURL?
138 |             attr['redirect_url'] = translation.redirect  # save redirect URL if any
139 | 
140 |             # Now finally, build the NavigationNode object and return it.
141 |             # The parent_id is manually set by the menu get_nodes method.
142 |             ret_node = CMSNavigationNode(
143 |                 title=translation.menu_title or translation.title,
144 |                 url='',
145 |                 id=page.pk,
146 |                 attr=attr,
147 |                 visible=page.get_in_navigation(translation.language),
148 |                 path=page_url.path or page_url.slug,
149 |                 language=(translation.language if translation.language != language else None),
150 |             )
151 |             return ret_node
152 |     else:
153 |         raise RuntimeError('Unable to render cms menu. There is a language misconfiguration.')
```



##Searching for term "default.*limit_visibility_in_menu"...
### Search Result:
Found `cms/migrations/0030_auto_20180810_0629.py:update_titles`.
Source: Retrieved code content using keyword search (bm25).
```
 1 | # -*- coding: utf-8 -*-
 2 | # Generated by Django 1.11.13 on 2018-08-10 10:29
 3 | from __future__ import unicode_literals
 4 | 
 5 | from django.db import migrations
 6 | 
 7 | 
 8 | def update_titles(apps, schema_editor):
 9 |     db_alias = schema_editor.connection.alias
10 |     Page = apps.get_model('cms', 'Page')
11 |     for page in Page.objects.using(db_alias):
12 |         page.title_set.update(
13 |             created_by=page.created_by,
14 |             changed_by=page.changed_by,
15 |             changed_date=page.changed_date,
16 |             in_navigation=page.in_navigation,
17 |             soft_root=page.soft_root,
18 |             limit_visibility_in_menu=page.limit_visibility_in_menu,
19 |             template=page.template,
20 |             xframe_options=page.xframe_options,
21 |         )
```



##Searching for term "default.*limit_visibility_in_menu", "reset.*limit_visibility_in_menu default.*limit_visibility_in_menu"...
### Search Result:
Found function `cms/utils/conf.py:default`.
Source: Retrieved entity using keyword search (bm25).
```
33 | def default(name):
34 |     def decorator(wrapped):
35 |         def wrapper():
36 |             if hasattr(settings, name):
37 |                 return getattr(settings, name)
38 |             return wrapped()
39 | 
40 |         update_wrapper(wrapper, wrapped)
41 |         return wrapped
42 | 
43 |     return decorator
```

Found function `cms/utils/encoder.py:SafeJSONEncoder.default`.
Source: Retrieved entity using keyword search (bm25).
```
26 | def default(self, o):
27 |         if isinstance(o, Promise):
28 |             return force_text(o)
29 |         return super(SafeJSONEncoder, self).default(o)
```

Found function `cms/api.py:create_title`.
Source: Retrieved code content using keyword search (bm25).
```
203 | def create_title(language, title, page, menu_title=None, slug=None,
204 |                  redirect=None, meta_description=None, parent=None,
205 |                  overwrite_url=None, page_title=None, path=None,
206 |                  created_by='python-api', soft_root=False, in_navigation=False,
207 |                  template=TEMPLATE_INHERITANCE_MAGIC,
208 |                  limit_visibility_in_menu=constants.VISIBILITY_ALL,
209 |                  xframe_options=constants.X_FRAME_OPTIONS_INHERIT):
210 |     """
211 |     Create a title.
212 | 
213 |     Parent is only used if slug=None.
214 | 
215 |     See docs/extending_cms/api_reference.rst for more info
216 |     """
217 |     # validate template
218 |     if not template == TEMPLATE_INHERITANCE_MAGIC:
219 |         assert template in [tpl[0] for tpl in get_cms_setting('TEMPLATES')]
220 |         get_template(template)
221 | 
222 |     # validate page
223 |     assert isinstance(page, Page)
224 | 
225 |     # validate language:
226 |     assert language in get_language_list(page.node.site_id)
227 | 
228 |     # validate menu visibility
229 |     accepted_limitations = (constants.VISIBILITY_ALL, constants.VISIBILITY_USERS, constants.VISIBILITY_ANONYMOUS)
230 |     assert limit_visibility_in_menu in accepted_limitations
231 | 
232 |     # set default slug:
233 |     if not slug:
234 |         base = page.get_path_for_slug(slugify(title), language)
235 |         slug = get_available_slug(page.node.site, base, language)
236 | 
237 |     if overwrite_url:
238 |         path = overwrite_url.strip('/')
239 |     elif path is None:
240 |         path = page.get_path_for_slug(slug, language)
241 | 
242 |     if created_by and isinstance(created_by, get_user_model()):
243 |         created_by = get_clean_username(created_by)
244 | 
245 |     page.urls.create(
246 |         slug=slug,
247 |         path=path,
248 |         page=page,
249 |         managed=not bool(overwrite_url),
250 |         language=language,
251 |     )
252 | 
253 |     title = PageContent.objects.create(
254 |         language=language,
255 |         title=title,
256 |         menu_title=menu_title,
257 |         page_title=page_title,
258 |         redirect=redirect,
259 |         meta_description=meta_description,
260 |         page=page,
261 |         created_by=created_by,
262 |         changed_by=created_by,
263 |         soft_root=soft_root,
264 |         in_navigation=in_navigation,
265 |         template=template,
266 |         limit_visibility_in_menu=limit_visibility_in_menu,
267 |         xframe_options=xframe_options,
268 |     )
269 |     title.rescan_placeholders()
270 | 
271 |     page_languages = page.get_languages()
272 | 
273 |     if language not in page_languages:
274 |         page.update_languages(page_languages + [language])
275 |     return title
```



##Searching for term "reset.*limit_visibility_in_menu default.*limit_visibility_in_menu"...
### Search Result:
Found `cms/migrations/0030_auto_20180810_0629.py:update_titles`.
Source: Retrieved code content using keyword search (bm25).
```
 1 | # -*- coding: utf-8 -*-
 2 | # Generated by Django 1.11.13 on 2018-08-10 10:29
 3 | from __future__ import unicode_literals
 4 | 
 5 | from django.db import migrations
 6 | 
 7 | 
 8 | def update_titles(apps, schema_editor):
 9 |     db_alias = schema_editor.connection.alias
10 |     Page = apps.get_model('cms', 'Page')
11 |     for page in Page.objects.using(db_alias):
12 |         page.title_set.update(
13 |             created_by=page.created_by,
14 |             changed_by=page.changed_by,
15 |             changed_date=page.changed_date,
16 |             in_navigation=page.in_navigation,
17 |             soft_root=page.soft_root,
18 |             limit_visibility_in_menu=page.limit_visibility_in_menu,
19 |             template=page.template,
20 |             xframe_options=page.xframe_options,
21 |         )
```

2026-09-16 22:21:55 utils.py INFO 
LiteLLM completion() model= qwen/qwen3-coder; provider = openrouter
2026-09-16 22:22:00 utils.py INFO Wrapper: Completed Call, calling success_handler
2026-09-16 22:22:00 auto_search_main.py INFO Executing code:
```
print(search_code_snippets(**{'search_terms': ['exclude from navigation']}))
```
2026-09-16 22:22:00 __init__.py DEBUG Building index from IDs objects
2026-09-16 22:22:00 __init__.py DEBUG Building index from IDs objects
2026-09-16 22:22:00 auto_search_main.py INFO OBSERVATION:
cms/admin/permissionadmin.py:ViewRestrictionInlineAdmin
cms/admin/permissionadmin.py:PagePermissionInlineAdmin.get_formset
cms/cms_menus.py:SoftRootCutter
cms/utils/permissions.py:get_subordinate_users
cms/models/placeholdermodel.py:Placeholder.has_delete_plugins_permission
##Searching for term "exclude from navigation"...
### Search Result:
Found `cms/models/query.py:PageQuerySet`, `cms/models/query.py:PageQuerySet.on_site`, `cms/models/query.py:PageQuerySet.get_home`, `cms/models/query.py:PageQuerySet.has_apphooks`.
Source: Retrieved code content using keyword search (bm25).
```
 1 | # -*- coding: utf-8 -*-
 2 | from django.db.models.query import QuerySet
 3 | 
 4 | from treebeard.mp_tree import MP_NodeQuerySet
 5 | 
 6 | from cms.exceptions import NoHomeFound
 7 | 
 8 | 
 9 | class PageQuerySet(QuerySet):
10 | 
11 |     def on_site(self, site=None):
12 |         from cms.utils import get_current_site
13 | 
14 |         if site is None:
15 |             site = get_current_site()
16 |         return self.filter(node__site=site)
17 | 
18 |     def get_home(self, site=None):
19 |         try:
20 |             home = self.on_site(site).distinct().get(is_home=True)
21 |         except self.model.DoesNotExist:
22 |             raise NoHomeFound('No Root page found')
23 |         return home
24 | 
25 |     def has_apphooks(self):
26 |         """
27 |         Returns True if any page on this queryset has an apphook attached.
28 |         """
29 |         return self.exclude(application_urls=None).exclude(application_urls='').exists()
```

Found `cms/management/commands/subcommands/list.py:ListApphooksCommand`, `cms/management/commands/subcommands/list.py:ListApphooksCommand.handle`.
Source: Retrieved code content using keyword search (bm25).
```
  1 | # -*- coding: utf-8 -*-
  2 | from __future__ import absolute_import, print_function, unicode_literals
  3 | 
  4 | from cms.models import Page
  5 | from cms.models.pluginmodel import CMSPlugin
  6 | from cms.plugin_pool import plugin_pool
  7 | 
  8 | from .base import SubcommandsCommand
  9 | 
 10 | 
 11 | class ListApphooksCommand(SubcommandsCommand):
 12 |     help_string = 'Lists all apphooks in pages'
 13 |     command_name = 'apphooks'
 14 | 
 15 |     def handle(self, *args, **options):
 16 |         urls = list(
 17 |             Page.objects.exclude(application_urls='').exclude(
 18 |                 application_urls__isnull=True
 19 |             ).values_list(
 20 |                 'application_urls', 'application_namespace'
 21 |             )
 22 |         )
 23 |         apphooks = {}
 24 |         for apphook, application_namespace in urls:
 25 |             if apphook in apphooks:
 26 |                 apphooks[apphook][0].append('active')
 27 |             else:
 28 |                 apphooks[apphook] = [['active'], application_namespace]
 29 |         for apphook, attributes in apphooks.items():
 30 |             attributes[0].sort()
 31 |             if attributes[1]:
 32 |                 self.stdout.write('{0}[instance: {1}] ({2})\n'.format(
 33 |                     apphook, attributes[1], '/'.join(attributes[0])
 34 |                 ))
 35 |             else:
 36 |                 self.stdout.write('{0} ({1})\n'.format(
 37 |                     apphook, '/'.join(attributes[0])
 38 |                 ))
```

Found class `cms/cms_menus.py:SoftRootCutter`.
Source: Retrieved code content using keyword search (bm25).
Just show the structure of this class due to response length limitations:
```
class SoftRootCutter(Modifier):

    def modify(self, request, nodes, namespace, root_id, post_cut, breadcrumb):
...
    def find_and_remove_children(self, node, nodes):
...
    def remove_children(self, node, nodes):
...
    def find_ancestors_and_remove_children(self, node, nodes):

```
Hint: Search `cms/cms_menus.py:SoftRootCutter` to get the full content if needed.

Found function `cms/models/pagemodel.py:Page.get_in_navigation`.
Source: Retrieved entity using keyword search (bm25).
```
1057 | def get_in_navigation(self, language=None, fallback=True, force_reload=False):
1058 |         return self.get_page_content_obj_attribute("in_navigation", language, fallback, force_reload)
```

Found function `cms/models/titlemodels.py:PageContent.toggle_in_navigation`.
Source: Retrieved entity using keyword search (bm25).
```
112 | def toggle_in_navigation(self, set_to=None):
113 |         '''
114 |         Toggles (or sets) in_navigation and invalidates the cms page cache
115 |         '''
116 |         old = bool(self.in_navigation)
117 | 
118 |         if set_to in [True, False]:
119 |             new = set_to
120 |         else:
121 |             new = not old
122 | 
123 |         self.update(in_navigation=new)
124 | 
125 |         # If there was a change, invalidate the cms page cache
126 |         if new != old:
127 |             self.page.clear_cache()
128 |         return new
```

Found function `cms/admin/forms.py:AdvancedSettingsForm.get_navigation_extenders`.
Source: Retrieved entity using keyword search (bm25).
```
764 | def get_navigation_extenders(self):
765 |         return menu_pool.get_menus_by_attribute("cms_enabled", True)
```

Found function `cms/admin/permissionadmin.py:PagePermissionInlineAdmin.get_formset`.
Source: Retrieved code content using keyword search (bm25).
```
 90 | def get_formset(self, request, obj=None, **kwargs):
 91 |         """
 92 |         Some fields may be excluded here. User can change only
 93 |         permissions which are available for him. E.g. if user does not haves
 94 |         can_publish flag, he can't change assign can_publish permissions.
 95 |         """
 96 |         exclude = self.exclude or []
 97 |         if obj:
 98 |             user = request.user
 99 |             if not obj.has_add_permission(user):
100 |                 exclude.append('can_add')
101 |             if not obj.has_delete_permission(user):
102 |                 exclude.append('can_delete')
103 |             if not obj.has_publish_permission(user):
104 |                 exclude.append('can_publish')
105 |             if not obj.has_advanced_settings_permission(user):
106 |                 exclude.append('can_change_advanced_settings')
107 |             if not obj.has_move_page_permission(user):
108 |                 exclude.append('can_move_page')
109 | 
110 |         kwargs['exclude'] = exclude
111 |         formset_cls = super(PagePermissionInlineAdmin, self).get_formset(request, obj=obj, **kwargs)
112 |         qs = self.get_queryset(request)
113 |         if obj is not None:
114 |             qs = qs.filter(page=obj)
115 |         formset_cls._queryset = qs
116 |         return formset_cls
```

Found class `cms/admin/permissionadmin.py:ViewRestrictionInlineAdmin`.
Source: Retrieved code content using keyword search (bm25).
```
119 | class ViewRestrictionInlineAdmin(PagePermissionInlineAdmin):
120 |     extra = 0  # edit page load time boost
121 |     form = ViewRestrictionInlineAdminForm
122 |     verbose_name = _("View restriction")
123 |     verbose_name_plural = _("View restrictions")
124 |     show_with_view_permissions = True
```

2026-09-16 22:22:00 utils.py INFO 
LiteLLM completion() model= qwen/qwen3-coder; provider = openrouter
2026-09-16 22:22:14 utils.py INFO Wrapper: Completed Call, calling success_handler
2026-09-16 22:22:14 utils.py INFO 
LiteLLM completion() model= qwen/qwen3-coder; provider = openrouter
2026-09-16 22:22:21 utils.py INFO Wrapper: Completed Call, calling success_handler
2026-09-16 22:22:21 auto_search_main.py INFO Executing code:
```
print(search_code_snippets(**{'search_terms': ['menu.*settings', 'navigation.*settings']}))
```
2026-09-16 22:22:21 __init__.py DEBUG Building index from IDs objects
2026-09-16 22:22:21 __init__.py DEBUG Building index from IDs objects
2026-09-16 22:22:22 __init__.py DEBUG Building index from IDs objects
2026-09-16 22:22:22 __init__.py DEBUG Building index from IDs objects
2026-09-16 22:22:22 auto_search_main.py INFO OBSERVATION:
menus/menu_pool.py:MenuPool.get_nodes_by_attribute
menus/menu_pool.py:impl:3
menus/menu_pool.py:MenuPool.get_menus_by_attribute
menus/menu_pool.py:MenuRenderer._build_nodes
menus/menu_pool.py:MenuPool.get_registered_menus
cms/toolbar/toolbar.py:CMSToolbar.get_or_create_menu
menus/menu_pool.py:MenuRenderer.__init__
menus/menu_pool.py:_get_menu_class_for_instance
menus/menu_pool.py:MenuRenderer.is_cached
menus/menu_pool.py:MenuRenderer.cache_key
menus/menu_pool.py:MenuRenderer
cms/toolbar/items.py:LinkItem.__init__
cms/toolbar/items.py:Menu.get_or_create_menu
cms/toolbar/items.py:Menu
cms/toolbar/items.py:LinkItem.get_context
cms/toolbar/items.py:LinkItem
cms/toolbar/items.py:LinkItem.__repr__
menus/templatetags/menu_tags.py:ShowSubMenu
cms/models/pagemodel.py:Page.is_potential_home
cms/models/pagemodel.py:Page.get_absolute_url
cms/cms_toolbars.py:PageToolbar.add_page_menu
cms/cms_menus.py:SoftRootCutter
cms/cms_menus.py:get_menu_node_for_page
cms/cms_menus.py:get_menu_node_for_page
menus/templatetags/menu_tags.py:ShowSubMenu
cms/admin/pageadmin.py:PageContentAdmin.get_urls
menus/menu_pool.py:MenuRenderer._build_nodes
cms/cms_menus.py:impl
cms/cms_menus.py:CMSMenu.get_nodes
menus/menu_pool.py:MenuRenderer._build_nodes
cms/cms_toolbars.py:PageToolbar.add_page_menu
cms/cms_menus.py:SoftRootCutter
menus/templatetags/menu_tags.py:ShowSubMenu
cms/cms_menus.py:get_menu_node_for_page
menus/menu_pool.py:MenuPool.get_nodes_by_attribute
menus/menu_pool.py:impl:3
menus/menu_pool.py:MenuPool.get_menus_by_attribute
cms/cms_menus.py:impl
cms/cms_menus.py:CMSMenu.get_nodes
cms/cms_menus.py:NavExtender
cms/cms_menus.py:NavExtender.modify
cms/cms_menus.py:impl:2
##Searching for term "menu.*settings"...
### Search Result:
Found code snippet in file `cms/cms_toolbars.py`.
Source: Retrieved code content using keyword search (bm25).
```
  1 | # -*- coding: utf-8 -*-
  2 | from django.conf import settings
  3 | from django.contrib import admin
  4 | from django.contrib.auth import get_permission_codename, get_user_model
  5 | from django.contrib.auth.models import AnonymousUser
  6 | from django.contrib.sites.models import Site
  7 | from django.urls import NoReverseMatch, Resolver404, resolve, reverse
  8 | from django.utils.translation import override as force_language, ugettext_lazy as _
  9 | 
 10 | from cms.api import can_change_page
 11 | from cms.constants import TEMPLATE_INHERITANCE_MAGIC
 12 | from cms.models import Placeholder, Page, PageType
 13 | from cms.toolbar.items import ButtonList, REFRESH_PAGE
 14 | from cms.toolbar_base import CMSToolbar
 15 | from cms.toolbar_pool import toolbar_pool
 16 | from cms.toolbar.utils import (
 17 |     get_object_edit_url,
 18 |     get_object_preview_url,
 19 |     get_object_structure_url,
 20 | )
 21 | from cms.utils import get_language_from_request, page_permissions
 22 | from cms.utils.conf import get_cms_setting
 23 | from cms.utils.i18n import get_language_tuple, get_language_dict
 24 | from cms.utils.page_permissions import (
 25 |     user_can_change_page,
 26 |     user_can_delete_page,
 27 | )
 28 | from cms.utils.urlutils import add_url_parameters, admin_reverse
 29 | 
 30 | from menus.utils import DefaultLanguageChanger
 31 | 
 32 | 
 33 | # Identifiers for search
 34 | ADMIN_MENU_IDENTIFIER = 'admin-menu'
 35 | LANGUAGE_MENU_IDENTIFIER = 'language-menu'
 36 | TEMPLATE_MENU_BREAK = 'Template Menu Break'
 37 | PAGE_MENU_IDENTIFIER = 'page'
 38 | PAGE_MENU_ADD_IDENTIFIER = 'add_page'
 39 | PAGE_MENU_FIRST_BREAK = 'Page Menu First Break'
 40 | PAGE_MENU_SECOND_BREAK = 'Page Menu Second Break'
 41 | PAGE_MENU_THIRD_BREAK = 'Page Menu Third Break'
 42 | PAGE_MENU_FOURTH_BREAK = 'Page Menu Fourth Break'
 43 | PAGE_MENU_LAST_BREAK = 'Page Menu Last Break'
 44 | HISTORY_MENU_BREAK = 'History Menu Break'
 45 | MANAGE_PAGES_BREAK = 'Manage Pages Break'
 46 | ADMIN_SITES_BREAK = 'Admin Sites Break'
 47 | ADMINISTRATION_BREAK = 'Administration Break'
 48 | CLIPBOARD_BREAK = 'Clipboard Break'
 49 | USER_SETTINGS_BREAK = 'User Settings Break'
 50 | ADD_PAGE_LANGUAGE_BREAK = "Add page language Break"
 51 | REMOVE_PAGE_LANGUAGE_BREAK = "Remove page language Break"
 52 | COPY_PAGE_LANGUAGE_BREAK = "Copy page language Break"
 53 | TOOLBAR_DISABLE_BREAK = 'Toolbar disable Break'
 54 | SHORTCUTS_BREAK = 'Shortcuts Break'
```

Found function `menus/menu_pool.py:MenuPool.get_registered_menus`.
Source: Retrieved code content using keyword search (bm25).
```
253 | def get_registered_menus(self, for_rendering=False):
254 |         """
255 |         Returns all registered menu classes.
256 | 
257 |         :param for_rendering: Flag that when True forces us to include
258 |             all CMSAttachMenu subclasses, even if they're not attached.
259 |         """
260 |         self.discover_menus()
261 |         registered_menus = {}
262 | 
263 |         for menu_class_name, menu_cls in self.menus.items():
264 |             if isinstance(menu_cls, Menu):
265 |                 # A Menu **instance** was registered,
266 |                 # this is non-standard, but acceptable.
267 |                 menu_cls = menu_cls.__class__
268 |             if hasattr(menu_cls, "get_instances"):
269 |                 # It quacks like a CMSAttachMenu.
270 |                 # Expand the one CMSAttachMenu into multiple classes.
271 |                 # Each class is bound to the instance the menu is attached to.
272 |                 _get_menu_class = partial(_get_menu_class_for_instance, menu_cls)
273 | 
274 |                 instances = menu_cls.get_instances() or []
275 |                 for instance in instances:
276 |                     # For each instance, we create a unique class
277 |                     # that is bound to that instance.
278 |                     # Doing this allows us to delay the instantiation
279 |                     # of the menu class until it's needed.
280 |                     # Plus we keep the menus consistent by always
281 |                     # pointing to a class instead of an instance.
282 |                     namespace = "{0}:{1}".format(
283 |                         menu_class_name, instance.pk)
284 |                     registered_menus[namespace] = _get_menu_class(instance)
285 | 
286 |                 if not instances and not for_rendering:
287 |                     # The menu is a CMSAttachMenu but has no instances,
288 |                     # normally we'd just ignore it but it's been
289 |                     # explicitly set that we are not rendering these menus
290 |                     # via the (for_rendering) flag.
291 |                     registered_menus[menu_class_name] = menu_cls
292 |             elif hasattr(menu_cls, "get_nodes"):
293 |                 # This is another type of Menu, cannot be expanded, but must be
294 |                 # instantiated, none-the-less.
295 |                 registered_menus[menu_class_name] = menu_cls
296 |             else:
297 |                 raise ValidationError(
298 |                     "Something was registered as a menu, but isn't.")
299 |         return registered_menus
```

Found function `menus/menu_pool.py:MenuPool.get_menus_by_attribute`.
Source: Retrieved code content using keyword search (bm25).
```
335 | def get_menus_by_attribute(self, name, value):
336 |         """
337 |         Returns the list of menus that match the name/value criteria provided.
338 |         """
339 |         # Note that we are limiting the output to only single instances of any
340 |         # specific menu class. This is to address issue (#4041) which has
341 |         # cropped-up in 3.0.13/3.0.0.
342 |         # By setting for_rendering to False
343 |         # we're limiting the output to menus
344 |         # that are registered and have instances
345 |         # (in case of attached menus).
346 |         menus = self.get_registered_menus(for_rendering=False)
347 |         return sorted(list(set([(menu.__name__, menu.name)
348 |                                 for menu_class_name, menu in menus.items()
349 |                                 if getattr(menu, name, None) == value])))
```

Found function `menus/menu_pool.py:MenuPool.get_nodes_by_attribute`.
Source: Retrieved code content using keyword search (bm25).
```
351 | def get_nodes_by_attribute(self, nodes, name, value):
352 |         return [node for node in nodes if node.attr.get(name, None) == value]
```



##Searching for term "menu.*settings", "menu.*settings navigation.*settings"...
### Search Result:
Found class `menus/base.py:Menu`.
Source: Retrieved entity using keyword search (bm25).
```
 5 | class Menu(object):
 6 |     namespace = None
 7 | 
 8 |     def __init__(self, renderer):
 9 |         self.renderer = renderer
10 | 
11 |         if not self.namespace:
12 |             self.namespace = self.__class__.__name__
13 | 
14 |     def get_nodes(self, request):
15 |         """
16 |         should return a list of NavigationNode instances
17 |         """
18 |         raise NotImplementedError
```

Found class `cms/toolbar/items.py:Menu`.
Source: Retrieved entity using keyword search (bm25).
```
250 | class Menu(SubMenu):
251 |     sub_level = False
252 | 
253 |     def get_or_create_menu(self, key, verbose_name, disabled=False, side=LEFT, position=None):
254 |         if key in self.menus:
255 |             return self.menus[key]
256 |         menu = SubMenu(verbose_name, self.csrf_token, disabled=disabled, side=side)
257 |         self.menus[key] = menu
258 |         self.add_item(menu, position=position)
259 |         return menu
```

Found function `menus/menu_pool.py:MenuRenderer._build_nodes`.
Source: Retrieved code content using keyword search (bm25).
```
133 | def _build_nodes(self):
134 |         """
135 |         This is slow. Caching must be used.
136 |         One menu is built per language and per site.
137 | 
138 |         Namespaces: they are ID prefixes to avoid node ID clashes when plugging
139 |         multiple trees together.
140 | 
141 |         - We iterate on the list of nodes.
142 |         - We store encountered nodes in a dict (with namespaces):
143 |             done_nodes[<namespace>][<node's id>] = node
144 |         - When a node has a parent defined, we lookup that parent in done_nodes
145 |             if it's found:
146 |                 set the node as the node's parent's child (re-read this)
147 |             else:
148 |                 the node is put at the bottom of the list
149 |         """
150 |         key = self.cache_key
151 | 
152 |         cached_nodes = cache.get(key, None)
153 | 
154 |         if cached_nodes and self.is_cached:
155 |             # Only use the cache if the key is present in the database.
156 |             # This prevents a condition where keys which have been removed
157 |             # from the database due to a change in content, are still used.
158 |             return cached_nodes
159 | 
160 |         final_nodes = []
161 |         toolbar = getattr(self.request, 'toolbar', None)
162 | 
163 |         for menu_class_name in self.menus:
164 |             menu = self.get_menu(menu_class_name)
165 | 
166 |             try:
167 |                 nodes = menu.get_nodes(self.request)
168 |             except NoReverseMatch:
169 |                 # Apps might raise NoReverseMatch if an apphook does not yet
170 |                 # exist, skip them instead of crashing
171 |                 nodes = []
172 |                 if toolbar and toolbar.is_staff:
173 |                     messages.error(self.request,
174 |                         _('Menu %s cannot be loaded. Please, make sure all '
175 |                           'its urls exist and can be resolved.') %
176 |                         menu_class_name)
177 |                 logger.error("Menu %s could not be loaded." %
178 |                     menu_class_name, exc_info=True)
179 |             # nodes is a list of navigation nodes (page tree in cms + others)
180 |             final_nodes += _build_nodes_inner_for_one_menu(nodes, menu_class_name)
181 | 
182 |         cache.set(key, final_nodes, get_cms_setting('CACHE_DURATIONS')['menus'])
183 | 
184 |         if not self.is_cached:
185 |             # No need to invalidate the internal lookup cache,
186 |             # just set the value directly.
187 |             self.__dict__['is_cached'] = True
188 |             # We need to have a list of the cache keys for languages and sites that
189 |             # span several processes - so we follow the Django way and share through
190 |             # the database. It's still cheaper than recomputing every time!
191 |             # This way we can selectively invalidate per-site and per-language,
192 |             # since the cache is shared but the keys aren't
193 |             CacheKey.objects.create(key=key, language=self.request_language, site=self.site.pk)
194 |         return final_nodes
```



##Searching for term "navigation.*settings"...
### Search Result:
Found `menus/utils.py:mark_descendants`, `menus/utils.py:cut_levels`, `menus/utils.py:find_selected`.
Source: Retrieved code content using keyword search (bm25).
```
  1 | # -*- coding: utf-8 -*-
  2 | from django.conf import settings
  3 | from django.urls import NoReverseMatch, reverse, resolve
  4 | 
  5 | from cms.utils import get_current_site, get_language_from_request
  6 | from cms.utils.i18n import (
  7 |     force_language,
  8 |     get_default_language_for_site,
  9 |     get_fallback_languages,
 10 |     hide_untranslated,
 11 |     is_valid_site_language,
 12 | )
 13 | 
 14 | 
 15 | def mark_descendants(nodes):
 16 |     for node in nodes:
 17 |         node.descendant = True
 18 |         mark_descendants(node.children)
 19 | 
 20 | 
 21 | def cut_levels(nodes, level):
 22 |     """
 23 |     For cutting the nav_extender levels if you have a from_level in the navigation.
 24 |     """
 25 |     if nodes:
 26 |         if nodes[0].level == level:
 27 |             return nodes
 28 |     return sum((cut_levels(node.children, level) for node in nodes), [])
 29 | 
 30 | 
 31 | def find_selected(nodes):
 32 |     """
 33 |     Finds a selected nav_extender node
 34 |     """
 35 |     for node in nodes:
 36 |         if hasattr(node, "selected"):
 37 |             return node
 38 |         elif hasattr(node, "ancestor"):
 39 |             result = find_selected(node.children)
 40 |             if result:
 41 |                 return result
```

Found function `cms/models/pagemodel.py:Page.get_in_navigation`.
Source: Retrieved entity using keyword search (bm25).
```
1057 | def get_in_navigation(self, language=None, fallback=True, force_reload=False):
1058 |         return self.get_page_content_obj_attribute("in_navigation", language, fallback, force_reload)
```

Found function `cms/models/titlemodels.py:PageContent.toggle_in_navigation`.
Source: Retrieved entity using keyword search (bm25).
```
112 | def toggle_in_navigation(self, set_to=None):
113 |         '''
114 |         Toggles (or sets) in_navigation and invalidates the cms page cache
115 |         '''
116 |         old = bool(self.in_navigation)
117 | 
118 |         if set_to in [True, False]:
119 |             new = set_to
120 |         else:
121 |             new = not old
122 | 
123 |         self.update(in_navigation=new)
124 | 
125 |         # If there was a change, invalidate the cms page cache
126 |         if new != old:
127 |             self.page.clear_cache()
128 |         return new
```

Found function `cms/admin/forms.py:AdvancedSettingsForm.get_navigation_extenders`.
Source: Retrieved entity using keyword search (bm25).
```
764 | def get_navigation_extenders(self):
765 |         return menu_pool.get_menus_by_attribute("cms_enabled", True)
```



##Searching for term "navigation.*settings", "menu.*settings navigation.*settings"...
### Search Result:
Found function `cms/cms_toolbars.py:PageToolbar.add_page_menu`.
Source: Retrieved code content using keyword search (bm25).
```
476 | def add_page_menu(self):
477 |         if self.page and self.title:
478 |             edit_mode = self.toolbar.edit_mode_active
479 |             refresh = self.toolbar.REFRESH_PAGE
480 |             can_change = user_can_change_page(
481 |                 user=self.request.user,
482 |                 page=self.page,
483 |                 site=self.current_site,
484 |             )
485 | 
486 |             # menu for current page
487 |             # NOTE: disabled if the current path is "deeper" into the
488 |             # application's url patterns than its root. This is because
489 |             # when the Content Manager is at the root of the app-hook,
490 |             # some of the page options still make sense.
491 |             current_page_menu = self.toolbar.get_or_create_menu(
492 |                 PAGE_MENU_IDENTIFIER, _('Page'), position=1, disabled=self.in_apphook() and not self.in_apphook_root())
493 | 
494 |             new_page_params = {'edit': 1}
495 |             new_sub_page_params = {'edit': 1, 'parent_node': self.page.node_id}
496 | 
497 |             add_page_url = admin_reverse('cms_pagecontent_add')
498 |             advanced_url = admin_reverse('cms_page_advanced', args=(self.page.pk,))
499 |             page_settings_url = admin_reverse('cms_pagecontent_change', args=(self.title.pk,))
500 |             duplicate_page_url = admin_reverse('cms_pagecontent_duplicate', args=[self.title.pk])
501 | 
502 |             can_add_root_page = page_permissions.user_can_add_page(
503 |                 user=self.request.user,
504 |                 site=self.current_site,
505 |             )
506 | 
507 |             if self.page.parent_page:
508 |                 new_page_params['parent_node'] = self.page.parent_page.node_id
509 |                 can_add_sibling_page = page_permissions.user_can_add_subpage(
510 |                     user=self.request.user,
511 |                     target=self.page.parent_page,
512 |                 )
513 |             else:
514 |                 can_add_sibling_page = can_add_root_page
515 | 
516 |             can_add_sub_page = page_permissions.user_can_add_subpage(
517 |                 user=self.request.user,
518 |                 target=self.page,
519 |             )
520 | 
521 |             # page operations menu
522 |             add_page_menu = current_page_menu.get_or_create_menu(
523 |                 PAGE_MENU_ADD_IDENTIFIER,
524 |                 _('Create Page'),
525 |             )
526 | 
527 |             add_page_menu_modal_items = (
528 |                 (_('New Page'), new_page_params, can_add_sibling_page),
529 |                 (_('New Sub Page'), new_sub_page_params, can_add_sub_page),
530 |             )
531 | 
532 |             for title, params, has_perm in add_page_menu_modal_items:
533 |                 params.update(language=self.toolbar.request_language)
534 |                 add_page_menu.add_modal_item(
535 |                     title,
536 |                     url=add_url_parameters(add_page_url, params),
537 |                     disabled=not has_perm,
538 |                 )
539 | 
540 |             add_page_menu.add_modal_item(
541 |                 _('Duplicate this Page'),
542 |                 url=add_url_parameters(duplicate_page_url, {'language': self.toolbar.request_language}),
543 |                 disabled=not can_add_sibling_page,
544 |             )
545 | 
546 |             # first break
547 |             current_page_menu.add_break(PAGE_MENU_FIRST_BREAK)
548 | 
549 |             # page edit
550 |             with force_language(self.current_lang):
551 |                 page_edit_url = get_object_edit_url(self.title) if self.title else ''
552 |                 current_page_menu.add_link_item(_('Edit this Page'), disabled=edit_mode, url=page_edit_url)
553 | 
554 |             # page settings
555 |             page_settings_url = add_url_parameters(page_settings_url, language=self.toolbar.request_language)
556 |             settings_disabled = not edit_mode or not can_change
557 |             current_page_menu.add_modal_item(_('Page settings'), url=page_settings_url, disabled=settings_disabled,
558 |                                              on_close=refresh)
559 | 
560 |             # advanced settings
561 |             advanced_url = add_url_parameters(advanced_url, language=self.toolbar.request_language)
562 |             can_change_advanced = self.page.has_advanced_settings_permission(self.request.user)
563 |             advanced_disabled = not edit_mode or not can_change_advanced
564 |             current_page_menu.add_modal_item(_('Advanced settings'), url=advanced_url, disabled=advanced_disabled)
565 | 
566 |             # templates menu
567 |             if edit_mode:
568 |                 action = admin_reverse('cms_pagecontent_change_template', args=(self.title.pk,))
569 | 
570 |                 if can_change_advanced:
571 |                     templates_menu = current_page_menu.get_or_create_menu(
572 |                         'templates',
573 |                         _('Templates'),
574 |                         disabled=not can_change,
575 |                     )
576 | 
577 |                     for path, name in get_cms_setting('TEMPLATES'):
578 |                         active = self.page.template == path
579 |                         if path == TEMPLATE_INHERITANCE_MAGIC:
580 |                             templates_menu.add_break(TEMPLATE_MENU_BREAK)
581 |                         templates_menu.add_ajax_item(name, action=action, data={'template': path}, active=active,
582 |                                                      on_success=refresh)
583 | 
584 |             # navigation toggle
585 |             in_navigation = self.title.in_navigation
586 |             nav_title = _('Hide in navigation') if in_navigation else _('Display in navigation')
587 |             nav_action = admin_reverse('cms_pagecontent_change_innavigation', args=(self.title.pk,))
588 |             current_page_menu.add_ajax_item(
589 |                 nav_title,
590 |                 action=nav_action,
591 |                 disabled=(not edit_mode or not can_change),
592 |                 on_success=refresh,
593 |             )
594 | 
595 |             # delete
596 |             delete_url = admin_reverse('cms_page_delete', args=(self.page.pk,))
597 |             delete_disabled = not edit_mode or not user_can_delete_page(self.request.user, page=self.page)
598 |             on_delete_redirect_url = self.get_on_delete_redirect_url()
599 |             current_page_menu.add_modal_item(_('Delete page'), url=delete_url, on_close=on_delete_redirect_url,
600 |                                              disabled=delete_disabled)
```

Found class `cms/cms_menus.py:SoftRootCutter`.
Source: Retrieved code content using keyword search (bm25).
Just show the structure of this class due to response length limitations:
```
class SoftRootCutter(Modifier):

    def modify(self, request, nodes, namespace, root_id, post_cut, breadcrumb):
...
    def find_and_remove_children(self, node, nodes):
...
    def remove_children(self, node, nodes):
...
    def find_ancestors_and_remove_children(self, node, nodes):

```
Hint: Search `cms/cms_menus.py:SoftRootCutter` to get the full content if needed.

Found function `cms/cms_menus.py:get_menu_node_for_page`.
Source: Retrieved code content using keyword search (bm25).
```
 73 | def get_menu_node_for_page(renderer, page, language, fallbacks=None):
 74 |     """
 75 |     Transform a CMS page into a navigation node.
 76 | 
 77 |     :param renderer: MenuRenderer instance bound to the request
 78 |     :param page: the page you wish to transform
 79 |     :param language: The current language used to render the menu
 80 |     """
 81 |     if fallbacks is None:
 82 |         fallbacks = []
 83 | 
 84 |     # Theses are simple to port over, since they are not calculated.
 85 |     # Other attributes will be added conditionally later.
 86 |     attr = {
 87 |         'is_page': True,
 88 |         'soft_root': page.get_soft_root(language),
 89 |         'auth_required': page.login_required,
 90 |         'reverse_id': page.reverse_id,
 91 |     }
 92 | 
 93 |     limit_visibility_in_menu = page.get_limit_visibility_in_menu(language)
 94 | 
 95 |     if limit_visibility_in_menu is constants.VISIBILITY_ALL:
 96 |         attr['visible_for_authenticated'] = True
 97 |         attr['visible_for_anonymous'] = True
 98 |     else:
 99 |         attr['visible_for_authenticated'] = limit_visibility_in_menu == constants.VISIBILITY_USERS
100 |         attr['visible_for_anonymous'] = limit_visibility_in_menu == constants.VISIBILITY_ANONYMOUS
101 |     attr['is_home'] = page.is_home
102 |     # Extenders can be either navigation extenders or from apphooks.
103 |     extenders = []
104 |     if page.navigation_extenders:
105 |         if page.navigation_extenders in renderer.menus:
106 |             extenders.append(page.navigation_extenders)
107 |         elif "{0}:{1}".format(page.navigation_extenders, page.pk) in renderer.menus:
108 |             extenders.append("{0}:{1}".format(page.navigation_extenders, page.pk))
109 |     # Is this page an apphook? If so, we need to handle the apphooks's nodes
110 |     # Only run this if we have a translation in the requested language for this
111 |     # object. The title cache should have been prepopulated in CMSMenu.get_nodes
112 |     # but otherwise, just request the title normally
113 |     if page.title_cache.get(language) and page.application_urls:
114 |         # it means it is an apphook
115 |         app = apphook_pool.get_apphook(page.application_urls)
116 | 
117 |         if app:
118 |             extenders += app.get_menus(page, language)
119 |     exts = []
120 |     for ext in extenders:
121 |         if hasattr(ext, "get_instances"):
122 |             # CMSAttachMenus are treated a bit differently to allow them to be
123 |             # able to be attached to multiple points in the navigation.
124 |             exts.append("{0}:{1}".format(ext.__name__, page.pk))
125 |         elif hasattr(ext, '__name__'):
126 |             exts.append(ext.__name__)
127 |         else:
128 |             exts.append(ext)
129 |     if exts:
130 |         attr['navigation_extenders'] = exts
131 | 
132 |     for lang in [language] + fallbacks:
133 |         translation = page.title_cache[lang]
134 | 
135 |         if translation:
136 |             page_url = page.urls_cache[lang]
137 |             # Do we have a redirectURL?
138 |             attr['redirect_url'] = translation.redirect  # save redirect URL if any
139 | 
140 |             # Now finally, build the NavigationNode object and return it.
141 |             # The parent_id is manually set by the menu get_nodes method.
142 |             ret_node = CMSNavigationNode(
143 |                 title=translation.menu_title or translation.title,
144 |                 url='',
145 |                 id=page.pk,
146 |                 attr=attr,
147 |                 visible=page.get_in_navigation(translation.language),
148 |                 path=page_url.path or page_url.slug,
149 |                 language=(translation.language if translation.language != language else None),
150 |             )
151 |             return ret_node
152 |     else:
153 |         raise RuntimeError('Unable to render cms menu. There is a language misconfiguration.')
```



##Searching for term "menu.*settings navigation.*settings"...
### Search Result:
Found class `menus/templatetags/menu_tags.py:ShowSubMenu`.
Source: Retrieved code content using keyword search (bm25).
```
193 | class ShowSubMenu(InclusionTag):
194 |     """
195 |     show the sub menu of the current nav-node.
196 |     - levels: how many levels deep
197 |     - root_level: the level to start the menu at
198 |     - nephews: the level of descendants of siblings (nephews) to show
199 |     - template: template used to render the navigation
200 |     """
201 |     name = 'show_sub_menu'
202 |     template = 'menu/dummy.html'
203 | 
204 |     options = Options(
205 |         IntegerArgument('levels', default=100, required=False),
206 |         Argument('root_level', default=None, required=False),
207 |         IntegerArgument('nephews', default=100, required=False),
208 |         Argument('template', default='menu/sub_menu.html', required=False),
209 |     )
210 | 
211 |     def get_context(self, context, levels, root_level, nephews, template):
212 |         # Django 1.4 doesn't accept 'None' as a tag value and resolve to ''
213 |         # So we need to force it to None again
214 |         if not root_level and root_level != 0:
215 |             root_level = None
216 |         try:
217 |             # If there's an exception (500), default context_processors may not be called.
218 |             request = context['request']
219 |         except KeyError:
220 |             return {'template': 'menu/empty.html'}
221 | 
222 |         menu_renderer = context.get('cms_menu_renderer')
223 | 
224 |         if not menu_renderer:
225 |             menu_renderer = menu_pool.get_renderer(request)
226 | 
227 |         nodes = menu_renderer.get_nodes()
228 |         children = []
229 |         # adjust root_level so we cut before the specified level, not after
230 |         include_root = False
231 |         if root_level is not None and root_level > 0:
232 |             root_level -= 1
233 |         elif root_level is not None and root_level == 0:
234 |             include_root = True
235 |         for node in nodes:
236 |             if root_level is None:
237 |                 if node.selected:
238 |                     # if no root_level specified, set it to the selected nodes level
239 |                     root_level = node.level
240 |                     # is this the ancestor of current selected node at the root level?
241 |             is_root_ancestor = (node.ancestor and node.level == root_level)
242 |             # is a node selected on the root_level specified
243 |             root_selected = (node.selected and node.level == root_level)
244 |             if is_root_ancestor or root_selected:
245 |                 cut_after(node, levels, [])
246 |                 children = node.children
247 |                 for child in children:
248 |                     if child.sibling:
249 |                         cut_after(child, nephews, [])
250 |                         # if root_level was 0 we need to give the menu the entire tree
251 |                     # not just the children
252 |                 if include_root:
253 |                     children = menu_renderer.apply_modifiers([node], post_cut=True)
254 |                 else:
255 |                     children = menu_renderer.apply_modifiers(children, post_cut=True)
256 |         context['children'] = children
257 |         context['template'] = template
258 |         context['from_level'] = 0
259 |         context['to_level'] = 0
260 |         context['extra_inactive'] = 0
261 |         context['extra_active'] = 0
262 |         return context
```

2026-09-16 22:22:22 utils.py INFO 
LiteLLM completion() model= qwen/qwen3-coder; provider = openrouter
2026-09-16 22:22:35 utils.py INFO Wrapper: Completed Call, calling success_handler
2026-09-16 22:22:35 auto_search_main.py INFO Executing code:
```
print(search_code_snippets(**{'search_terms': ['CMS_NAVIGATION', 'MENU_SETTINGS']}))
```
2026-09-16 22:22:35 __init__.py DEBUG Building index from IDs objects
2026-09-16 22:22:35 __init__.py DEBUG Building index from IDs objects
2026-09-16 22:22:35 __init__.py DEBUG Building index from IDs objects
2026-09-16 22:22:35 __init__.py DEBUG Building index from IDs objects
2026-09-16 22:22:35 __init__.py DEBUG Building index from IDs objects
2026-09-16 22:22:36 __init__.py DEBUG Building index from IDs objects
2026-09-16 22:22:36 auto_search_main.py INFO OBSERVATION:
cms/migrations/0019_set_pagenode.py:Migration
cms/migrations/0019_set_pagenode.py:Migration.apply
cms/migrations/0020_old_tree_cleanup.py:Migration.apply
cms/migrations/0019_set_pagenode.py:set_page_nodes
cms/migrations/0019_set_pagenode.py:Migration
cms/migrations/0019_set_pagenode.py:Migration.apply
cms/migrations/0020_old_tree_cleanup.py:Migration.apply
cms/migrations/0019_set_pagenode.py:set_page_nodes
cms/migrations/0019_set_pagenode.py:Migration
cms/migrations/0019_set_pagenode.py:Migration.apply
cms/migrations/0020_old_tree_cleanup.py:Migration.apply
cms/migrations/0019_set_pagenode.py:set_page_nodes
##Searching for term "CMS_NAVIGATION"...
### Search Result:
Found `cms/migrations/0020_old_tree_cleanup.py:Migration`.
Source: Retrieved code content using keyword search (bm25).
```
 1 | # -*- coding: utf-8 -*-
 2 | # Generated by Django 1.10.8 on 2018-01-03 19:50
 3 | from __future__ import unicode_literals
 4 | 
 5 | import django
 6 | import django.contrib.auth.models
 7 | from django.db import migrations, models
 8 | import django.db.models.deletion
 9 | 
10 | from . import IrreversibleMigration
11 | 
12 | 
13 | class Migration(IrreversibleMigration):
14 | 
15 |     dependencies = [
16 |         ('cms', '0019_set_pagenode'),
17 |     ]
18 | 
19 |     operations = [
20 |         migrations.AlterModelOptions(
21 |             name='page',
22 |             options={'verbose_name': 'page', 'verbose_name_plural': 'pages', 'permissions': (
23 |             ('view_page', 'Can view page'), ('publish_page', 'Can publish page'),
24 |             ('edit_static_placeholder', 'Can edit static placeholders'))},
25 |         ),
26 |         migrations.AlterField(
27 |             model_name='page',
28 |             name='node',
29 |             field=models.ForeignKey(on_delete=django.db.models.deletion.CASCADE, related_name='cms_pages',
30 |                                     to='cms.TreeNode'),
31 |         ),
32 |         migrations.RemoveField(
33 |             model_name='page',
34 |             name='migration_0018_control',
35 |         ),
36 |         migrations.RemoveField(
37 |             model_name='page',
38 |             name='site',
39 |         ),
40 |         migrations.RemoveField(
41 |             model_name='page',
42 |             name='parent',
43 |         ),
44 |         migrations.RemoveField(
45 |             model_name='page',
46 |             name='revision_id',
47 |         ),
48 |         migrations.RemoveField(
49 |             model_name='page',
50 |             name='depth',
51 |         ),
52 |         migrations.RemoveField(
53 |             model_name='page',
54 |             name='numchild',
55 |         ),
56 |         migrations.RemoveField(
57 |             model_name='page',
58 |             name='path',
59 |         ),
60 |     ]
```
Hint: 
The code for class `cms/migrations/0020_old_tree_cleanup.py:Migration` is incomplete; search `cms/migrations/0020_old_tree_cleanup.py:Migration` for the full content if needed.

Found `cms/migrations/0021_auto_20180507_1432.py:Migration`.
Source: Retrieved code content using keyword search (bm25).
```
 1 | # -*- coding: utf-8 -*-
 2 | # Generated by Django 1.11.13 on 2018-05-07 14:32
 3 | from __future__ import unicode_literals
 4 | 
 5 | from django.db import migrations, models
 6 | 
 7 | 
 8 | class Migration(migrations.Migration):
 9 | 
10 |     dependencies = [
11 |         ('cms', '0020_old_tree_cleanup'),
12 |     ]
13 | 
14 |     operations = [
15 |         migrations.AlterField(
16 |             model_name='title',
17 |             name='meta_description',
18 |             field=models.TextField(blank=True, help_text='The text displayed in search engines.', null=True, verbose_name='description'),
19 |         ),
20 |     ]
21 | 
```

Found class `cms/cms_menus.py:CMSNavigationNode`.
Source: Retrieved entity using keyword search (bm25).
```
156 | class CMSNavigationNode(NavigationNode):
157 | 
158 |     def __init__(self, *args, **kwargs):
159 |         self.path = kwargs.pop('path')
160 |         # language is only used when we're dealing with a fallback
161 |         self.language = kwargs.pop('language', None)
162 |         super(CMSNavigationNode, self).__init__(*args, **kwargs)
163 | 
164 |     def is_selected(self, request):
165 |         try:
166 |             page_id = request.current_page.pk
167 |         except AttributeError:
168 |             return False
169 |         return page_id == self.id
170 | 
171 |     def _get_absolute_url(self):
172 |         if self.attr['is_home']:
173 |             return reverse('pages-root')
174 |         return reverse('pages-details-by-slug', kwargs={"slug": self.path})
175 | 
176 |     def get_absolute_url(self):
177 |         if self.language:
178 |             with force_language(self.language):
179 |                 return self._get_absolute_url()
180 |         return self._get_absolute_url()
```



##Searching for term "CMS_NAVIGATION", "CMS_NAVIGATION MENU_SETTINGS"...
### Search Result:
Found class `cms/cms_menus.py:CMSMenu`.
Source: Retrieved entity using keyword search (bm25).
Just show the structure of this class due to response length limitations:
```
class CMSMenu(Menu):

    def get_nodes(self, request):

```
Hint: Search `cms/cms_menus.py:CMSMenu` to get the full content if needed.

Found class `cms/apps.py:CMSConfig`.
Source: Retrieved entity using keyword search (bm25).
```
 5 | class CMSConfig(AppConfig):
 6 |     name = 'cms'
 7 |     verbose_name = _("django CMS")
 8 | 
 9 |     def ready(self):
10 |         from cms.utils.setup import setup, setup_cms_apps
11 | 
12 |         setup()
13 |         setup_cms_apps()
```



##Searching for term "CMS_NAVIGATION", "MENU_SETTINGS", "CMS_NAVIGATION MENU_SETTINGS"...
### Search Result:
Found class `cms/migrations/0019_set_pagenode.py:Migration`.
Source: Retrieved code content using keyword search (bm25).
```
53 | class Migration(IrreversibleMigration):
54 | 
55 |     dependencies = [
56 |         ('cms', '0018_create_pagenode'),
57 |     ]
58 | 
59 |     operations = [
60 |         migrations.RunPython(unpublish_never_published_pages),
61 |         migrations.RunPython(set_page_nodes),
62 |     ]
63 | 
64 |     def apply(self, project_state, schema_editor, collect_sql=False):
65 |         connection = schema_editor.connection
66 |         column_names = [
67 |             column.name for column in
68 |             connection.introspection.get_table_description(connection.cursor(), 'cms_page')
69 |         ]
70 | 
71 |         if 'migration_0018_control' in column_names:
72 |             # The new 0018 migration has been applied
73 |             return super(Migration, self).apply(project_state, schema_editor, collect_sql)
74 | 
75 |         # The old 0018 migration was applied
76 |         # Move the project state forward without actually running
77 |         # any of the operations against the database.
78 |         for operation in self.operations:
79 |             operation.state_forwards(self.app_label, project_state)
80 |         return project_state
```

Found function `cms/migrations/0020_old_tree_cleanup.py:Migration.apply`.
Source: Retrieved code content using keyword search (bm25).
```
62 | def apply(self, project_state, schema_editor, collect_sql=False):
63 |         connection = schema_editor.connection
64 |         column_names = [
65 |             column.name for column in
66 |             connection.introspection.get_table_description(connection.cursor(), 'cms_page')
67 |         ]
68 | 
69 |         if 'migration_0018_control' in column_names:
70 |             # The new 0018 migration has been applied
71 |             return super(Migration, self).apply(project_state, schema_editor, collect_sql)
72 | 
73 |         # The old 0018 migration was applied
74 |         # Move the project state forward without actually running
75 |         # any of the operations against the database.
76 |         for operation in self.operations:
77 |             operation.state_forwards(self.app_label, project_state)
78 |         return project_state
```



##Searching for term "MENU_SETTINGS"...
### Search Result:
Found `cms/migrations/0020_old_tree_cleanup.py:Migration`.
Source: Retrieved code content using keyword search (bm25).
```
 1 | # -*- coding: utf-8 -*-
 2 | # Generated by Django 1.10.8 on 2018-01-03 19:50
 3 | from __future__ import unicode_literals
 4 | 
 5 | import django
 6 | import django.contrib.auth.models
 7 | from django.db import migrations, models
 8 | import django.db.models.deletion
 9 | 
10 | from . import IrreversibleMigration
11 | 
12 | 
13 | class Migration(IrreversibleMigration):
14 | 
15 |     dependencies = [
16 |         ('cms', '0019_set_pagenode'),
17 |     ]
18 | 
19 |     operations = [
20 |         migrations.AlterModelOptions(
21 |             name='page',
22 |             options={'verbose_name': 'page', 'verbose_name_plural': 'pages', 'permissions': (
23 |             ('view_page', 'Can view page'), ('publish_page', 'Can publish page'),
24 |             ('edit_static_placeholder', 'Can edit static placeholders'))},
25 |         ),
26 |         migrations.AlterField(
27 |             model_name='page',
28 |             name='node',
29 |             field=models.ForeignKey(on_delete=django.db.models.deletion.CASCADE, related_name='cms_pages',
30 |                                     to='cms.TreeNode'),
31 |         ),
32 |         migrations.RemoveField(
33 |             model_name='page',
34 |             name='migration_0018_control',
35 |         ),
36 |         migrations.RemoveField(
37 |             model_name='page',
38 |             name='site',
39 |         ),
40 |         migrations.RemoveField(
41 |             model_name='page',
42 |             name='parent',
43 |         ),
44 |         migrations.RemoveField(
45 |             model_name='page',
46 |             name='revision_id',
47 |         ),
48 |         migrations.RemoveField(
49 |             model_name='page',
50 |             name='depth',
51 |         ),
52 |         migrations.RemoveField(
53 |             model_name='page',
54 |             name='numchild',
55 |         ),
56 |         migrations.RemoveField(
57 |             model_name='page',
58 |             name='path',
59 |         ),
60 |     ]
```
Hint: 
The code for class `cms/migrations/0020_old_tree_cleanup.py:Migration` is incomplete; search `cms/migrations/0020_old_tree_cleanup.py:Migration` for the full content if needed.

Found `cms/migrations/0021_auto_20180507_1432.py:Migration`.
Source: Retrieved code content using keyword search (bm25).
```
 1 | # -*- coding: utf-8 -*-
 2 | # Generated by Django 1.11.13 on 2018-05-07 14:32
 3 | from __future__ import unicode_literals
 4 | 
 5 | from django.db import migrations, models
 6 | 
 7 | 
 8 | class Migration(migrations.Migration):
 9 | 
10 |     dependencies = [
11 |         ('cms', '0020_old_tree_cleanup'),
12 |     ]
13 | 
14 |     operations = [
15 |         migrations.AlterField(
16 |             model_name='title',
17 |             name='meta_description',
18 |             field=models.TextField(blank=True, help_text='The text displayed in search engines.', null=True, verbose_name='description'),
19 |         ),
20 |     ]
21 | 
```

Found class `cms/toolbar/toolbar.py:CMSToolbar`.
Source: Retrieved entity using keyword search (bm25).
Just show the structure of this class due to response length limitations:
```
class CMSToolbar(BaseToolbar):

    def __init__(self, request, request_path=None, _async=False):
...
    def init_toolbar(self, request, request_path=None):
...
    @cached_property
    def user_settings(self):
...
    @cached_property
    def clipboard_plugin(self):
...
    def get_user_settings(self):
...
    def _reorder_toolbars(self):
...
    @property
    def csrf_token(self):
...
    # Public API

    def get_menu(self, key, verbose_name=None, side=LEFT, position=None):
...
    def get_or_create_menu(self, key, verbose_name=None, disabled=False, side=LEFT, position=None):
...
    def add_button(self, name, url, active=False, disabled=False, extra_classes=None, extra_wrapper_classes=None,
                   side=LEFT, position=None):
...
    def add_modal_button(self, name, url, active=False, disabled=False, extra_classes=None, extra_wrapper_classes=None,
                   side=LEFT, position=None, on_close=REFRESH_PAGE):
...
    def add_sideframe_button(self, name, url, active=False, disabled=False, extra_classes=None, extra_wrapper_classes=None,
                   side=LEFT, position=None, on_close=None):
...
    def add_button_list(self, identifier=None, extra_classes=None, side=LEFT, position=None):
...
    def set_object(self, obj):
...
    def get_object(self):
...
    def get_object_model(self):
...
    def get_object_pk(self):
...
    def get_object_preview_url(self):
...
    def get_object_edit_url(self):
...
    def get_object_structure_url(self):
...
    # Internal API

    def _add_item(self, item, position=None):
...
    def _remove_item(self, item):
...
    def _item_position(self, item):
...
    def get_left_items(self):
...
    def get_right_items(self):
...
    @cached_property
    def media(self):
...
    def populate(self):
...
    def post_template_populate(self):
...
    def _call_toolbar(self, func_name):
...
    def get_render_context(self):
...
    def render(self):
...
    def render_with_structure(self, context, nodelist):

```
Hint: Search `cms/toolbar/toolbar.py:CMSToolbar` to get the full content if needed.

Found class `cms/models/pagemodel.py:TreeNode.Meta`.
Source: Retrieved entity using keyword search (bm25).
```
58 | class Meta:
59 |         app_label = 'cms'
60 |         ordering = ('path',)
61 |         default_permissions = []
```

Found class `cms/toolbar_base.py:CMSToolbar`.
Source: Retrieved entity using keyword search (bm25).
```
10 | class CMSToolbar(six.with_metaclass(MediaDefiningClass)):
11 |     supported_apps = None
12 | 
13 |     def __init__(self, request, toolbar, is_current_app, app_path):
14 |         self.request = request
15 |         self.toolbar = toolbar
16 |         self.is_current_app = is_current_app
17 |         self.app_path = app_path
18 |         self.current_site = get_current_site()
19 |         try:
20 |             self.current_lang = get_language_object(get_language_from_request(self.request), self.current_site.pk)['code']
21 |         except LanguageError:
22 |             self.current_lang = None
23 | 
24 |     def populate(self):
25 |         pass
26 | 
27 |     def post_template_populate(self):
28 |         pass
29 | 
30 |     @classmethod
31 |     def check_current_app(cls, key, app_name):
32 |         if cls.supported_apps is None:
33 |             local_apps = ".".join(key.split(".")[:-2]),
34 |         else:
35 |             local_apps = cls.supported_apps
36 |         for local_app in local_apps:
37 |             if app_name and local_app and app_name.startswith(local_app):
38 |                 return True
39 |         return False
```



##Searching for term "CMS_NAVIGATION MENU_SETTINGS"...
### Search Result:
Found `cms/migrations/0020_old_tree_cleanup.py:Migration`.
Source: Retrieved code content using keyword search (bm25).
```
 1 | # -*- coding: utf-8 -*-
 2 | # Generated by Django 1.10.8 on 2018-01-03 19:50
 3 | from __future__ import unicode_literals
 4 | 
 5 | import django
 6 | import django.contrib.auth.models
 7 | from django.db import migrations, models
 8 | import django.db.models.deletion
 9 | 
10 | from . import IrreversibleMigration
11 | 
12 | 
13 | class Migration(IrreversibleMigration):
14 | 
15 |     dependencies = [
16 |         ('cms', '0019_set_pagenode'),
17 |     ]
18 | 
19 |     operations = [
20 |         migrations.AlterModelOptions(
21 |             name='page',
22 |             options={'verbose_name': 'page', 'verbose_name_plural': 'pages', 'permissions': (
23 |             ('view_page', 'Can view page'), ('publish_page', 'Can publish page'),
24 |             ('edit_static_placeholder', 'Can edit static placeholders'))},
25 |         ),
26 |         migrations.AlterField(
27 |             model_name='page',
28 |             name='node',
29 |             field=models.ForeignKey(on_delete=django.db.models.deletion.CASCADE, related_name='cms_pages',
30 |                                     to='cms.TreeNode'),
31 |         ),
32 |         migrations.RemoveField(
33 |             model_name='page',
34 |             name='migration_0018_control',
35 |         ),
36 |         migrations.RemoveField(
37 |             model_name='page',
38 |             name='site',
39 |         ),
40 |         migrations.RemoveField(
41 |             model_name='page',
42 |             name='parent',
43 |         ),
44 |         migrations.RemoveField(
45 |             model_name='page',
46 |             name='revision_id',
47 |         ),
48 |         migrations.RemoveField(
49 |             model_name='page',
50 |             name='depth',
51 |         ),
52 |         migrations.RemoveField(
53 |             model_name='page',
54 |             name='numchild',
55 |         ),
56 |         migrations.RemoveField(
57 |             model_name='page',
58 |             name='path',
59 |         ),
60 |     ]
```
Hint: 
The code for class `cms/migrations/0020_old_tree_cleanup.py:Migration` is incomplete; search `cms/migrations/0020_old_tree_cleanup.py:Migration` for the full content if needed.

Found `cms/migrations/0021_auto_20180507_1432.py:Migration`.
Source: Retrieved code content using keyword search (bm25).
```
 1 | # -*- coding: utf-8 -*-
 2 | # Generated by Django 1.11.13 on 2018-05-07 14:32
 3 | from __future__ import unicode_literals
 4 | 
 5 | from django.db import migrations, models
 6 | 
 7 | 
 8 | class Migration(migrations.Migration):
 9 | 
10 |     dependencies = [
11 |         ('cms', '0020_old_tree_cleanup'),
12 |     ]
13 | 
14 |     operations = [
15 |         migrations.AlterField(
16 |             model_name='title',
17 |             name='meta_description',
18 |             field=models.TextField(blank=True, help_text='The text displayed in search engines.', null=True, verbose_name='description'),
19 |         ),
20 |     ]
21 | 
```

Found class `cms/app_base.py:CMSApp`.
Source: Retrieved entity using keyword search (bm25).
```
 7 | class CMSApp(object):
 8 |     #: list of urlconfs: example: ``_urls = ["myapp.urls"]``
 9 |     _urls = []
10 |     #: list of menu classes: example: ``_menus = [MyAppMenu]``
11 |     _menus = []
12 |     #: name of the apphook (required)
13 |     name = None
14 |     #: name of the app, this enables Django namespaces support (optional)
15 |     app_name = None
16 |     #: configuration model (optional)
17 |     app_config = None
18 |     #: if set to true, apphook inherits permissions from the current page
19 |     permissions = True
20 |     #: list of application names to exclude from inheriting CMS permissions
21 |     exclude_permissions = []
22 | 
23 |     def __new__(cls):
24 |         """
25 |         We want to bind the CMSapp class to a specific AppHookConfig, but only one at a time
26 |         Checking for the runtime attribute should be a sane fix
27 |         """
28 |         if cls.app_config:
29 |             if getattr(cls.app_config, 'cmsapp', None) and cls.app_config.cmsapp != cls:
30 |                 raise RuntimeError(
31 |                     'Only one AppHook per AppHookConfiguration must exists.\n'
32 |                     'AppHook %s already defined for %s AppHookConfig' % (
33 |                         cls.app_config.cmsapp.__name__, cls.app_config.__name__
34 |                     )
35 |                 )
36 |             cls.app_config.cmsapp = cls
37 |         return super(CMSApp, cls).__new__(cls)
38 | 
39 |     def get_configs(self):
40 |         """
41 |         Returns all the apphook configuration instances.
42 |         """
43 |         raise NotImplemented('Configurable AppHooks must implement this method')
44 | 
45 |     def get_config(self, namespace):
46 |         """
47 |         Returns the apphook configuration instance linked to the given namespace
48 |         """
49 |         raise NotImplemented('Configurable AppHooks must implement this method')
50 | 
51 |     def get_config_add_url(self):
52 |         """
53 |         Returns the url to add a new apphook configuration instance
54 |         (usually the model admin add view)
55 |         """
56 |         raise NotImplemented('Configurable AppHooks must implement this method')
57 | 
58 |     def get_menus(self, page=None, language=None, **kwargs):
59 |         """
60 |         Returns the menus for the apphook instance, eventually selected according
61 |         to the given arguments.
62 | 
63 |         By default it returns the menus assigned to :py:attr:`CMSApp._menus`.
64 | 
65 |         If no menus are returned, then the user will need to attach menus to pages
66 |         manually in the admin.
67 | 
68 |         This method must return all the menus used by this apphook if no arguments are
69 |         provided. Example::
70 | 
71 |             if page and page.reverse_id == 'page1':
72 |                 return [Menu1]
73 |             elif page and page.reverse_id == 'page2':
74 |                 return [Menu2]
75 |             else:
76 |                 return [Menu1, Menu2]
77 | 
78 |         :param page: page the apphook is attached to
79 |         :param language: current site language
80 |         :return: list of menu classes
81 |         """
82 |         return self._menus
83 | 
84 |     def get_urls(self, page=None, language=None, **kwargs):
85 |         """
86 |         Returns the urlconfs for the apphook instance, eventually selected
87 |         according to the given arguments.
88 | 
89 |         By default it returns the urls assigned to :py:attr:`CMSApp._urls`
90 | 
91 |         This method **must** return a non empty list of urlconfs,
92 |         even if no argument is passed.
93 | 
94 |         :param page: page the apphook is attached to
95 |         :param language: current site language
96 |         :return: list of urlconfs strings
97 |         """
98 |         return self._urls
```

2026-09-16 22:22:36 utils.py INFO 
LiteLLM completion() model= qwen/qwen3-coder; provider = openrouter
2026-09-16 22:22:50 utils.py INFO Wrapper: Completed Call, calling success_handler
2026-09-16 22:22:50 auto_search_main.py INFO Executing code:
```
print(search_code_snippets(**{'search_terms': ['get_cms_setting']}))
```
2026-09-16 22:22:50 auto_search_main.py INFO OBSERVATION:
##Searching for term "get_cms_setting"...
### Search Result:
Found function `cms/utils/conf.py:get_cms_setting`.
Source: Match found for entity name `get_cms_setting`.
```
273 | def get_cms_setting(name):
274 |     if name in COMPLEX:
275 |         return COMPLEX[name]()
276 |     return getattr(settings, 'CMS_%s' % name, DEFAULTS[name])
```

2026-09-16 22:22:50 utils.py INFO 
LiteLLM completion() model= qwen/qwen3-coder; provider = openrouter
2026-09-16 22:22:58 utils.py INFO Wrapper: Completed Call, calling success_handler
2026-09-16 22:22:58 auto_search_main.py INFO Executing code:
```
print(get_entity_contents(**{'entity_names': ['cms/utils/conf.py:get_cms_setting']}))
```
2026-09-16 22:22:58 auto_search_main.py INFO OBSERVATION:
##Searching for entity `cms/utils/conf.py:get_cms_setting`...
### Search Result:
Found function `cms/utils/conf.py:get_cms_setting`.
Source: Exact match found for entity name `cms/utils/conf.py:get_cms_setting`.
```
273 | def get_cms_setting(name):
274 |     if name in COMPLEX:
275 |         return COMPLEX[name]()
276 |     return getattr(settings, 'CMS_%s' % name, DEFAULTS[name])
```

2026-09-16 22:22:58 utils.py INFO 
LiteLLM completion() model= qwen/qwen3-coder; provider = openrouter
2026-09-16 22:23:04 utils.py INFO Wrapper: Completed Call, calling success_handler
2026-09-16 22:23:04 auto_search_main.py INFO Executing code:
```
print(search_code_snippets(**{'search_terms': ['DEFAULTS', 'COMPLEX'], 'file_path_or_pattern': 'cms/utils/conf.py'}))
```
2026-09-16 22:23:04 __init__.py DEBUG Building index from IDs objects
2026-09-16 22:23:04 __init__.py DEBUG Building index from IDs objects
2026-09-16 22:23:04 __init__.py DEBUG Building index from IDs objects
2026-09-16 22:23:05 __init__.py DEBUG Building index from IDs objects
2026-09-16 22:23:05 auto_search_main.py INFO OBSERVATION:
cms/utils/conf.py:_ensure_languages_settings
cms/utils/conf.py:get_media_url
cms/utils/conf.py:get_media_root
cms/utils/conf.py:get_cache_durations
cms/utils/conf.py:get_toolbar_url__persist
cms/utils/conf.py:get_toolbar_url__disable
cms/utils/conf.py:get_toolbar_url__enable
cms/utils/conf.py:get_site_id
cms/utils/conf.py:impl:5
cms/utils/conf.py:get_cms_setting
cms/utils/conf.py:get_unihandecode_host
cms/utils/conf.py:get_site_id
cms/utils/conf.py:impl:5
cms/utils/conf.py:get_cms_setting
cms/utils/conf.py:get_unihandecode_host
cms/utils/conf.py:_ensure_languages_settings
cms/utils/conf.py:get_media_url
cms/utils/conf.py:get_media_root
cms/utils/conf.py:get_cache_durations
cms/utils/conf.py:get_toolbar_url__persist
cms/utils/conf.py:get_toolbar_url__disable
cms/utils/conf.py:get_toolbar_url__enable
##Searching for term "DEFAULTS", "DEFAULTS COMPLEX"...
### Search Result:
Found function `cms/utils/conf.py:default`.
Source: Retrieved entity using keyword search (bm25).
```
33 | def default(name):
34 |     def decorator(wrapped):
35 |         def wrapper():
36 |             if hasattr(settings, name):
37 |                 return getattr(settings, name)
38 |             return wrapped()
39 | 
40 |         update_wrapper(wrapper, wrapped)
41 |         return wrapped
42 | 
43 |     return decorator
```

Found function `cms/utils/conf.py:get_media_url`.
Source: Retrieved code content using keyword search (bm25).
```
105 | def get_media_url():
106 |     return urljoin(settings.MEDIA_URL, get_cms_setting('MEDIA_PATH'))
```

Found function `cms/utils/conf.py:_ensure_languages_settings`.
Source: Retrieved code content using keyword search (bm25).
```
167 | def _ensure_languages_settings(languages):
168 |     valid_language_keys = ['code', 'name', 'fallbacks', 'hide_untranslated', 'redirect_on_fallback', 'public']
169 |     required_language_keys = ['code', 'name']
170 |     simple_defaults = ['public', 'redirect_on_fallback', 'hide_untranslated']
171 | 
172 |     if not isinstance(languages, dict):
173 |         raise ImproperlyConfigured(
174 |             "CMS_LANGUAGES must be a dictionary with site IDs and 'default'"
175 |             " as keys. Please check the format.")
176 | 
177 |     defaults = languages.pop('default', {})
178 |     default_fallbacks = defaults.get('fallbacks')
179 |     needs_fallbacks = []
180 | 
181 |     for key in defaults:
182 |         if key not in valid_language_keys:
183 |             raise ImproperlyConfigured("CMS_LANGUAGES has an invalid property in the default properties: %s" % key)
184 | 
185 |     for key in simple_defaults:
186 |         if key not in defaults:
187 |             defaults[key] = True
188 | 
189 |     for site, language_list in languages.items():
190 |         if site != hash(site):
191 |             raise ImproperlyConfigured(
192 |                 "CMS_LANGUAGES can only be filled with integers (site IDs) and 'default'"
193 |                 " for default values. %s is not a valid key." % site)
194 | 
195 |         for language_object in language_list:
196 |             for required_key in required_language_keys:
197 |                 if required_key not in language_object:
198 |                     raise ImproperlyConfigured("CMS_LANGUAGES has a language which is missing the required key %r "
199 |                                                "in site %r" % (key, site))
200 |             language_code = language_object['code']
201 |             for key in language_object:
202 |                 if key not in valid_language_keys:
203 |                     raise ImproperlyConfigured(
204 |                         "CMS_LANGUAGES has invalid key %r in language %r in site %r" % (key, language_code, site)
205 |                     )
206 | 
207 |             if 'fallbacks' not in language_object:
208 |                 if default_fallbacks:
209 |                     language_object['fallbacks'] = default_fallbacks
210 |                 else:
211 |                     needs_fallbacks.append((site, language_object))
212 |             for key in simple_defaults:
213 |                 if key not in language_object:
214 |                     language_object[key] = defaults[key]
215 | 
216 |     site_fallbacks = {}
217 |     for site, language_object in needs_fallbacks:
218 |         if site not in site_fallbacks:
219 |             site_fallbacks[site] = [lang['code'] for lang in languages[site] if lang['public']]
220 |         language_object['fallbacks'] = [lang_code for lang_code in site_fallbacks[site] if
221 |             lang_code != language_object['code']]
222 | 
223 |     languages['default'] = defaults
224 |     languages[VERIFIED] = True  # this will be busted by @override_settings and cause a re-check
225 | 
226 |     return languages
```



##Searching for term "DEFAULTS"...
### Search Result:
Found function `cms/utils/conf.py:get_cache_durations`.
Source: Retrieved code content using keyword search (bm25).
```
88 | def get_cache_durations():
89 |     """
90 |     Returns the setting: CMS_CACHE_DURATIONS or the defaults.
91 |     """
92 |     return getattr(settings, 'CMS_CACHE_DURATIONS', {
93 |         'menus': 60 * 60,
94 |         'content': 60,
95 |         'permissions': 60 * 60,
96 |     })
```

Found function `cms/utils/conf.py:get_media_root`.
Source: Retrieved code content using keyword search (bm25).
```
100 | def get_media_root():
101 |     return os.path.join(settings.MEDIA_ROOT, get_cms_setting('MEDIA_PATH'))
```

Found function `cms/utils/conf.py:get_toolbar_url__persist`.
Source: Retrieved code content using keyword search (bm25).
```
110 | def get_toolbar_url__persist():
111 |     return get_cms_setting('TOOLBAR_URL__PERSIST')
```



##Searching for term "COMPLEX"...
### Search Result:
Found class `cms/cms_wizards.py:CMSPageWizard`.
Source: Retrieved entity using keyword search (bm25).
```
12 | class CMSPageWizard(Wizard):
13 | 
14 |     def user_has_add_permission(self, user, page=None, **kwargs):
15 |         if page:
16 |             parent_page = page.get_parent_page()
17 |         else:
18 |             parent_page = None
19 | 
20 |         if page and page.get_parent_page():
21 |             # User is adding a page which will be a right
22 |             # sibling to the current page.
23 |             has_perm = user_can_add_subpage(user, target=parent_page)
24 |         else:
25 |             has_perm = user_can_add_page(user)
26 |         return has_perm
```

Found class `cms/app_base.py:CMSAppExtension`.
Source: Retrieved entity using keyword search (bm25).
```
108 | class CMSAppExtension(six.with_metaclass(ABCMeta)):
109 |     """Base class that all cms app extensions should inherit from"""
110 | 
111 |     @abstractmethod
112 |     def configure_app(self, cms_config):
113 |         """
114 |         Implement this method if the app provides functionality that
115 |         other apps can use and configure.
116 | 
117 |         This method will be run once for every app that defines an
118 |         attribute like "<app_label>_enabled" as True on its cms app
119 |         config class.
120 |         So for example if app A with label "app_a" implements this
121 |         method and app B and app C define app_a_enabled = True on their
122 |         cms config classes, the method app A has defined will run twice,
123 |         once for app B and once for app C.
124 | 
125 |         :param cms_config: the cms config class of the app
126 |         """
127 |         pass
128 | 
129 |     def ready(self):
130 |         """Override this method to run code after all CMS extensions
131 |         have been configured.
132 | 
133 |         This method will be run once, even if no cms app config sets
134 |         its "<app_label>_enabled" attribute to True"""
135 |         pass
```

Found class `cms/cms_config.py:CMSCoreExtensions`.
Source: Retrieved entity using keyword search (bm25).
```
22 | class CMSCoreExtensions(CMSAppExtension):
23 | 
24 |     def __init__(self):
25 |         self.wizards = {}
26 |         self.toolbar_enabled_models = {}
27 | 
28 |     def configure_wizards(self, cms_config):
29 |         """
30 |         Adds all registered wizards from apps that define them to the
31 |         wizards dictionary on this class
32 |         """
33 |         if not isinstance(cms_config.cms_wizards, Iterable):
34 |             raise ImproperlyConfigured("cms_wizards must be iterable")
35 |         for wizard in cms_config.cms_wizards:
36 |             if not isinstance(wizard, Wizard):
37 |                 raise ImproperlyConfigured(
38 |                     "All wizards defined in cms_wizards must inherit "
39 |                     "from cms.wizards.wizard_base.Wizard"
40 |                 )
41 |             elif wizard.id in self.wizards:
42 |                 msg = "Wizard for model {} has already been registered".format(
43 |                     wizard.get_model()
44 |                 )
45 |                 logger.warning(msg)
46 |             else:
47 |                 self.wizards[wizard.id] = wizard
48 | 
49 |     def configure_toolbar_enabled_models(self, cms_config):
50 |         if not isinstance(cms_config.cms_toolbar_enabled_models, Iterable):
51 |             raise ImproperlyConfigured("cms_toolbar_enabled_models must be iterable")
52 |         for model, render_func in cms_config.cms_toolbar_enabled_models:
53 |             if model in self.toolbar_enabled_models:
54 |                 logger.warning(
55 |                     "Model {} already registered for frontend rendering".format(model),
56 |                 )
57 |             else:
58 |                 self.toolbar_enabled_models[model] = render_func
59 | 
60 |     def configure_app(self, cms_config):
61 |         # The cms_wizards settings is optional. If it's not here
62 |         # just move on.
63 |         if hasattr(cms_config, 'cms_wizards'):
64 |             self.configure_wizards(cms_config)
65 |         if hasattr(cms_config, 'cms_toolbar_enabled_models'):
66 |             self.configure_toolbar_enabled_models(cms_config)
```



##Searching for term "COMPLEX", "DEFAULTS COMPLEX"...
### Search Result:
Found function `cms/utils/conf.py:get_unihandecode_host`.
Source: Retrieved code content using keyword search (bm25).
```
249 | def get_unihandecode_host():
250 |     host = getattr(settings, 'CMS_UNIHANDECODE_HOST', None)
251 |     if not host:
252 |         return host
253 |     if host.endswith('/'):
254 |         return host
255 |     else:
256 |         return host + '/'
```

Found function `cms/utils/conf.py:get_cms_setting`.
Source: Retrieved code content using keyword search (bm25).
```
273 | def get_cms_setting(name):
274 |     if name in COMPLEX:
275 |         return COMPLEX[name]()
276 |     return getattr(settings, 'CMS_%s' % name, DEFAULTS[name])
```

Found function `cms/utils/conf.py:get_site_id`.
Source: Retrieved code content using keyword search (bm25).
```
279 | def get_site_id(site):
280 |     from django.contrib.sites.models import Site
281 |     if isinstance(site, Site):
282 |         return site.id
283 |     try:
284 |         return int(site)
285 |     except (TypeError, ValueError):
286 |         pass
287 |     return settings.SITE_ID
```

2026-09-16 22:23:05 utils.py INFO 
LiteLLM completion() model= qwen/qwen3-coder; provider = openrouter
2026-09-16 22:23:23 utils.py INFO Wrapper: Completed Call, calling success_handler
2026-09-16 22:23:23 auto_search_main.py INFO Executing code:
```
print(get_entity_contents(**{'entity_names': ['cms/utils/conf.py']}))
```
2026-09-16 22:23:23 auto_search_main.py INFO OBSERVATION:
##Searching for entity `cms/utils/conf.py`...
### Search Result:
Found file `cms/utils/conf.py`.
Source: Exact match found for entity name `cms/utils/conf.py`.
```
  1 | # -*- coding: utf-8 -*-
  2 | from functools import update_wrapper
  3 | import os
  4 | 
  5 | from django.conf import settings
  6 | from django.core.exceptions import ImproperlyConfigured
  7 | from django.utils.translation import ugettext_lazy as _
  8 | from django.utils.six.moves.urllib.parse import urljoin
  9 | 
 10 | from cms import constants
 11 | from cms import __version__
 12 | 
 13 | 
 14 | __all__ = ['get_cms_setting']
 15 | 
 16 | 
 17 | class VERIFIED: pass  # need a unique identifier for CMS_LANGUAGES
 18 | 
 19 | 
 20 | def _load_from_file(module_path):
 21 |     """
 22 |     Load a python module from its absolute filesystem path
 23 |     """
 24 |     from imp import load_module, PY_SOURCE
 25 | 
 26 |     imported = None
 27 |     if module_path:
 28 |         with open(module_path, 'r') as openfile:
 29 |             imported = load_module("mod", openfile, module_path, ('imported', 'r', PY_SOURCE))
 30 |     return imported
 31 | 
 32 | 
 33 | def default(name):
 34 |     def decorator(wrapped):
 35 |         def wrapper():
 36 |             if hasattr(settings, name):
 37 |                 return getattr(settings, name)
 38 |             return wrapped()
 39 | 
 40 |         update_wrapper(wrapper, wrapped)
 41 |         return wrapped
 42 | 
 43 |     return decorator
 44 | 
 45 | 
 46 | DEFAULTS = {
 47 |     'TEMPLATE_INHERITANCE': True,
 48 |     'DEFAULT_X_FRAME_OPTIONS': constants.X_FRAME_OPTIONS_INHERIT,
 49 |     'TOOLBAR_SIMPLE_STRUCTURE_MODE': True,
 50 |     'PLACEHOLDER_CONF': {},
 51 |     'PERMISSION': False,
 52 |     # Whether to use raw ID lookups for users when PERMISSION is True
 53 |     'RAW_ID_USERS': False,
 54 |     'PUBLIC_FOR': 'all',
 55 |     'APPHOOKS': [],
 56 |     'TOOLBARS': [],
 57 |     'SITE_CHOICES_CACHE_KEY': 'CMS:site_choices',
 58 |     'PAGE_CHOICES_CACHE_KEY': 'CMS:page_choices',
 59 |     'MEDIA_PATH': 'cms/',
 60 |     'PAGE_MEDIA_PATH': 'cms_page_media/',
 61 |     'TITLE_CHARACTER': '+',
 62 |     'PAGE_CACHE': True,
 63 |     'PLACEHOLDER_CACHE': True,
 64 |     'PLUGIN_CACHE': True,
 65 |     'CACHE_PREFIX': 'cms_{}_'.format(__version__),
 66 |     'PLUGIN_PROCESSORS': [],
 67 |     'PLUGIN_CONTEXT_PROCESSORS': [],
 68 |     'UNIHANDECODE_VERSION': None,
 69 |     'UNIHANDECODE_DECODERS': ['ja', 'zh', 'kr', 'vn', 'diacritic'],
 70 |     'UNIHANDECODE_DEFAULT_DECODER': 'diacritic',
 71 |     'TOOLBAR_ANONYMOUS_ON': True,
 72 |     'TOOLBAR_URL__PERSIST': 'persist',
 73 |     'TOOLBAR_URL__DISABLE': 'toolbar_off',
 74 |     'TOOLBAR_URL__ENABLE': 'toolbar_on',
 75 |     'ADMIN_NAMESPACE': 'admin',
 76 |     'APP_NAME': None,
 77 |     'TOOLBAR_HIDE': False,
 78 |     'INTERNAL_IPS': [],
 79 |     'REQUEST_IP_RESOLVER': 'cms.utils.request_ip_resolvers.default_request_ip_resolver',
 80 |     'PAGE_WIZARD_DEFAULT_TEMPLATE': constants.TEMPLATE_INHERITANCE_MAGIC,
 81 |     'PAGE_WIZARD_CONTENT_PLUGIN': 'TextPlugin',
 82 |     'PAGE_WIZARD_CONTENT_PLUGIN_BODY': 'body',
 83 |     'PAGE_WIZARD_CONTENT_PLACEHOLDER': None,  # Use first placeholder it finds.
 84 |     'SIDEFRAME_ENABLED': True,
 85 | }
 86 | 
 87 | 
 88 | def get_cache_durations():
 89 |     """
 90 |     Returns the setting: CMS_CACHE_DURATIONS or the defaults.
 91 |     """
 92 |     return getattr(settings, 'CMS_CACHE_DURATIONS', {
 93 |         'menus': 60 * 60,
 94 |         'content': 60,
 95 |         'permissions': 60 * 60,
 96 |     })
 97 | 
 98 | 
 99 | @default('CMS_MEDIA_ROOT')
100 | def get_media_root():
101 |     return os.path.join(settings.MEDIA_ROOT, get_cms_setting('MEDIA_PATH'))
102 | 
103 | 
104 | @default('CMS_MEDIA_URL')
105 | def get_media_url():
106 |     return urljoin(settings.MEDIA_URL, get_cms_setting('MEDIA_PATH'))
107 | 
108 | 
109 | @default('CMS_TOOLBAR_URL__PERSIST')
110 | def get_toolbar_url__persist():
111 |     return get_cms_setting('TOOLBAR_URL__PERSIST')
112 | 
113 | 
114 | @default('CMS_TOOLBAR_URL__DISABLE')
115 | def get_toolbar_url__disable():
116 |     return get_cms_setting('TOOLBAR_URL__DISABLE')
117 | 
118 | 
119 | @default('CMS_TOOLBAR_URL__ENABLE')
120 | def get_toolbar_url__enable():
121 |     return get_cms_setting('TOOLBAR_URL__ENABLE')
122 | 
123 | 
124 | def get_templates():
125 |     if getattr(settings, 'CMS_TEMPLATES_DIR', False):
126 |         tpldir = getattr(settings, 'CMS_TEMPLATES_DIR', False)
127 |         # CMS_TEMPLATES_DIR can either be a string poiting to the templates directory
128 |         # or a dictionary holding 'site: template dir' entries
129 |         if isinstance(tpldir, dict):
130 |             tpldir = tpldir[settings.SITE_ID]
131 |         # We must extract the relative path of CMS_TEMPLATES_DIR to the neares
132 |         # valid templates directory. Here we mimick what the filesystem and
133 |         # app_directories template loaders do
134 |         prefix = ''
135 |         # Relative to TEMPLATE['DIRS'] for filesystem loader
136 | 
137 |         path = [template['DIRS'][0] for template in settings.TEMPLATES]
138 | 
139 |         for basedir in path:
140 |             if tpldir.find(basedir) == 0:
141 |                 prefix = tpldir.replace(basedir + os.sep, '')
142 |                 break
143 |         # Relative to 'templates' directory that app_directory scans
144 |         if not prefix:
145 |             components = tpldir.split(os.sep)
146 |             try:
147 |                 prefix = os.path.join(*components[components.index('templates') + 1:])
148 |             except ValueError:
149 |                 # If templates is not found we use the directory name as prefix
150 |                 # and hope for the best
151 |                 prefix = os.path.basename(tpldir)
152 |         config_path = os.path.join(tpldir, '__init__.py')
153 |         # Try to load templates list and names from the template module
154 |         # If module file is not present skip configuration and just dump the filenames as templates
155 |         if os.path.isfile(config_path):
156 |             template_module = _load_from_file(config_path)
157 |             templates = [(os.path.join(prefix, data[0].strip()), data[1]) for data in template_module.TEMPLATES.items()]
158 |         else:
159 |             templates = list((os.path.join(prefix, tpl), tpl) for tpl in os.listdir(tpldir))
160 |     else:
161 |         templates = list(getattr(settings, 'CMS_TEMPLATES', []))
162 |     if get_cms_setting('TEMPLATE_INHERITANCE'):
163 |         templates.append((constants.TEMPLATE_INHERITANCE_MAGIC, _('Inherit the template of the nearest ancestor')))
164 |     return templates
165 | 
166 | 
167 | def _ensure_languages_settings(languages):
168 |     valid_language_keys = ['code', 'name', 'fallbacks', 'hide_untranslated', 'redirect_on_fallback', 'public']
169 |     required_language_keys = ['code', 'name']
170 |     simple_defaults = ['public', 'redirect_on_fallback', 'hide_untranslated']
171 | 
172 |     if not isinstance(languages, dict):
173 |         raise ImproperlyConfigured(
174 |             "CMS_LANGUAGES must be a dictionary with site IDs and 'default'"
175 |             " as keys. Please check the format.")
176 | 
177 |     defaults = languages.pop('default', {})
178 |     default_fallbacks = defaults.get('fallbacks')
179 |     needs_fallbacks = []
180 | 
181 |     for key in defaults:
182 |         if key not in valid_language_keys:
183 |             raise ImproperlyConfigured("CMS_LANGUAGES has an invalid property in the default properties: %s" % key)
184 | 
185 |     for key in simple_defaults:
186 |         if key not in defaults:
187 |             defaults[key] = True
188 | 
189 |     for site, language_list in languages.items():
190 |         if site != hash(site):
191 |             raise ImproperlyConfigured(
192 |                 "CMS_LANGUAGES can only be filled with integers (site IDs) and 'default'"
193 |                 " for default values. %s is not a valid key." % site)
194 | 
195 |         for language_object in language_list:
196 |             for required_key in required_language_keys:
197 |                 if required_key not in language_object:
198 |                     raise ImproperlyConfigured("CMS_LANGUAGES has a language which is missing the required key %r "
199 |                                                "in site %r" % (key, site))
200 |             language_code = language_object['code']
201 |             for key in language_object:
202 |                 if key not in valid_language_keys:
203 |                     raise ImproperlyConfigured(
204 |                         "CMS_LANGUAGES has invalid key %r in language %r in site %r" % (key, language_code, site)
205 |                     )
206 | 
207 |             if 'fallbacks' not in language_object:
208 |                 if default_fallbacks:
209 |                     language_object['fallbacks'] = default_fallbacks
210 |                 else:
211 |                     needs_fallbacks.append((site, language_object))
212 |             for key in simple_defaults:
213 |                 if key not in language_object:
214 |                     language_object[key] = defaults[key]
215 | 
216 |     site_fallbacks = {}
217 |     for site, language_object in needs_fallbacks:
218 |         if site not in site_fallbacks:
219 |             site_fallbacks[site] = [lang['code'] for lang in languages[site] if lang['public']]
220 |         language_object['fallbacks'] = [lang_code for lang_code in site_fallbacks[site] if
221 |             lang_code != language_object['code']]
222 | 
223 |     languages['default'] = defaults
224 |     languages[VERIFIED] = True  # this will be busted by @override_settings and cause a re-check
225 | 
226 |     return languages
227 | 
228 | 
229 | def get_languages():
230 |     if settings.SITE_ID != hash(settings.SITE_ID):
231 |         raise ImproperlyConfigured(
232 |             "SITE_ID must be an integer"
233 |         )
234 |     if not settings.USE_I18N:
235 |         return _ensure_languages_settings(
236 |             {settings.SITE_ID: [{'code': settings.LANGUAGE_CODE, 'name': settings.LANGUAGE_CODE}]})
237 |     if settings.LANGUAGE_CODE not in dict(settings.LANGUAGES):
238 |         raise ImproperlyConfigured(
239 |             'LANGUAGE_CODE "%s" must have a matching entry in LANGUAGES' % settings.LANGUAGE_CODE
240 |         )
241 |     languages = getattr(settings, 'CMS_LANGUAGES', {
242 |         settings.SITE_ID: [{'code': code, 'name': _(name)} for code, name in settings.LANGUAGES]
243 |     })
244 |     if VERIFIED in languages:
245 |         return languages
246 |     return _ensure_languages_settings(languages)
247 | 
248 | 
249 | def get_unihandecode_host():
250 |     host = getattr(settings, 'CMS_UNIHANDECODE_HOST', None)
251 |     if not host:
252 |         return host
253 |     if host.endswith('/'):
254 |         return host
255 |     else:
256 |         return host + '/'
257 | 
258 | 
259 | COMPLEX = {
260 |     'CACHE_DURATIONS': get_cache_durations,
261 |     'MEDIA_ROOT': get_media_root,
262 |     'MEDIA_URL': get_media_url,
263 |     # complex because not prefixed by CMS_
264 |     'TEMPLATES': get_templates,
265 |     'LANGUAGES': get_languages,
266 |     'UNIHANDECODE_HOST': get_unihandecode_host,
267 |     'CMS_TOOLBAR_URL__PERSIST': get_toolbar_url__persist,
268 |     'CMS_TOOLBAR_URL__DISABLE': get_toolbar_url__disable,
269 |     'CMS_TOOLBAR_URL__ENABLE': get_toolbar_url__enable,
270 | }
271 | 
272 | 
273 | def get_cms_setting(name):
274 |     if name in COMPLEX:
275 |         return COMPLEX[name]()
276 |     return getattr(settings, 'CMS_%s' % name, DEFAULTS[name])
277 | 
278 | 
279 | def get_site_id(site):
280 |     from django.contrib.sites.models import Site
281 |     if isinstance(site, Site):
282 |         return site.id
283 |     try:
284 |         return int(site)
285 |     except (TypeError, ValueError):
286 |         pass
287 |     return settings.SITE_ID
288 | 
```

2026-09-16 22:23:23 utils.py INFO 
LiteLLM completion() model= qwen/qwen3-coder; provider = openrouter
2026-09-16 22:23:33 utils.py INFO Wrapper: Completed Call, calling success_handler
2026-09-16 22:23:33 utils.py INFO 
LiteLLM completion() model= qwen/qwen3-coder; provider = openrouter
2026-09-16 22:23:50 utils.py INFO Wrapper: Completed Call, calling success_handler
2026-09-16 22:23:50 auto_search_main.py INFO Executing code:
```
print(search_code_snippets(**{'search_terms': ['visible.*navigation', 'visibility.*menu']}))
```
2026-09-16 22:23:50 __init__.py DEBUG Building index from IDs objects
2026-09-16 22:23:50 __init__.py DEBUG Building index from IDs objects
2026-09-16 22:23:50 __init__.py DEBUG Building index from IDs objects
2026-09-16 22:23:51 __init__.py DEBUG Building index from IDs objects
2026-09-16 22:23:51 auto_search_main.py INFO OBSERVATION:
cms/cms_menus.py:NavExtender
cms/cms_menus.py:NavExtender.modify
cms/cms_menus.py:impl:2
menus/base.py:NavigationNode.get_ancestors
menus/base.py:NavigationNode.__init__
menus/base.py:NavigationNode
menus/base.py:NavigationNode.get_descendants
menus/base.py:NavigationNode.is_selected
menus/base.py:NavigationNode.get_absolute_url
menus/base.py:NavigationNode.get_menu_title
menus/base.py:NavigationNode.__repr__
menus/base.py:NavigationNode.get_attribute
cms/admin/forms.py:ChangePageForm.__init__
cms/admin/forms.py:ChangePageForm
cms/admin/forms.py:ChangePageForm._language
cms/cms_menus.py:get_menu_node_for_page
cms/models/titlemodels.py:PageContent.has_placeholder_change_permission
cms/models/titlemodels.py:PageContent.update
cms/models/titlemodels.py:PageContent.toggle_in_navigation
cms/models/titlemodels.py:PageContent.__str__
cms/models/titlemodels.py:PageContent.save
cms/models/titlemodels.py:PageContent.Meta
cms/models/titlemodels.py:PageContent.__repr__
cms/models/titlemodels.py:PageContent
cms/models/titlemodels.py:PageContent.rescan_placeholders
cms/cms_menus.py:SoftRootCutter
cms/utils/helpers.py:get_admin_model_object_by_id
cms/cms_menus.py:get_menu_node_for_page
menus/templatetags/menu_tags.py:ShowSubMenu
cms/cms_menus.py:NavExtender
cms/cms_menus.py:NavExtender.modify
cms/cms_menus.py:impl:2
cms/admin/forms.py:ChangePageForm.__init__
cms/admin/forms.py:ChangePageForm
cms/admin/forms.py:ChangePageForm._language
cms/cms_menus.py:get_menu_node_for_page
cms/models/titlemodels.py:PageContent.has_placeholder_change_permission
cms/models/titlemodels.py:PageContent.update
cms/models/titlemodels.py:PageContent.toggle_in_navigation
cms/models/titlemodels.py:PageContent.__str__
cms/models/titlemodels.py:PageContent.save
cms/models/titlemodels.py:PageContent.Meta
cms/models/titlemodels.py:PageContent.__repr__
cms/models/titlemodels.py:PageContent
cms/models/titlemodels.py:PageContent.rescan_placeholders
cms/api.py:create_page
cms/api.py:_verify_plugin_type
menus/base.py:NavigationNode.get_ancestors
menus/base.py:NavigationNode.__init__
menus/base.py:NavigationNode
menus/base.py:NavigationNode.get_descendants
menus/base.py:NavigationNode.is_selected
menus/base.py:NavigationNode.get_absolute_url
menus/base.py:NavigationNode.get_menu_title
menus/base.py:NavigationNode.__repr__
menus/base.py:NavigationNode.get_attribute
cms/toolbar/toolbar.py:CMSToolbar.get_or_create_menu
cms/toolbar/items.py:LinkItem.__init__
cms/toolbar/items.py:Menu.get_or_create_menu
cms/toolbar/items.py:Menu
cms/toolbar/items.py:LinkItem.get_context
cms/toolbar/items.py:LinkItem
cms/toolbar/items.py:LinkItem.__repr__
menus/menu_pool.py:MenuPool.get_registered_menus
cms/cms_menus.py:NavExtender
cms/cms_menus.py:NavExtender.modify
cms/cms_menus.py:impl:2
cms/admin/forms.py:ChangePageForm.__init__
cms/admin/forms.py:ChangePageForm
cms/admin/forms.py:ChangePageForm._language
menus/base.py:NavigationNode.get_ancestors
menus/base.py:NavigationNode.__init__
menus/base.py:NavigationNode
menus/base.py:NavigationNode.get_descendants
menus/base.py:NavigationNode.is_selected
menus/base.py:NavigationNode.get_absolute_url
menus/base.py:NavigationNode.get_menu_title
menus/base.py:NavigationNode.__repr__
menus/base.py:NavigationNode.get_attribute
cms/cms_menus.py:get_menu_node_for_page
cms/models/titlemodels.py:PageContent.has_placeholder_change_permission
cms/models/titlemodels.py:PageContent.update
cms/models/titlemodels.py:PageContent.toggle_in_navigation
cms/models/titlemodels.py:PageContent.__str__
cms/models/titlemodels.py:PageContent.save
cms/models/titlemodels.py:PageContent.Meta
cms/models/titlemodels.py:PageContent.__repr__
cms/models/titlemodels.py:PageContent
cms/models/titlemodels.py:PageContent.rescan_placeholders
cms/utils/helpers.py:get_admin_model_object_by_id
cms/cms_menus.py:SoftRootCutter
menus/templatetags/menu_tags.py:ShowSubMenu
cms/api.py:create_page
cms/api.py:_verify_plugin_type
##Searching for term "visible.*navigation"...
### Search Result:
Found function `cms/models/pagemodel.py:Page.get_in_navigation`.
Source: Retrieved entity using keyword search (bm25).
```
1057 | def get_in_navigation(self, language=None, fallback=True, force_reload=False):
1058 |         return self.get_page_content_obj_attribute("in_navigation", language, fallback, force_reload)
```

Found function `cms/models/titlemodels.py:PageContent.toggle_in_navigation`.
Source: Retrieved entity using keyword search (bm25).
```
112 | def toggle_in_navigation(self, set_to=None):
113 |         '''
114 |         Toggles (or sets) in_navigation and invalidates the cms page cache
115 |         '''
116 |         old = bool(self.in_navigation)
117 | 
118 |         if set_to in [True, False]:
119 |             new = set_to
120 |         else:
121 |             new = not old
122 | 
123 |         self.update(in_navigation=new)
124 | 
125 |         # If there was a change, invalidate the cms page cache
126 |         if new != old:
127 |             self.page.clear_cache()
128 |         return new
```

Found function `cms/admin/forms.py:AdvancedSettingsForm.get_navigation_extenders`.
Source: Retrieved entity using keyword search (bm25).
```
764 | def get_navigation_extenders(self):
765 |         return menu_pool.get_menus_by_attribute("cms_enabled", True)
```

Found class `menus/base.py:NavigationNode`.
Source: Retrieved code content using keyword search (bm25).
```
30 | class NavigationNode(object):
31 | 
32 |     selected = None
33 |     sibling = False
34 |     ancestor = False
35 |     descendant = False
36 | 
37 |     def __init__(self, title, url, id, parent_id=None, parent_namespace=None,
38 |                  attr=None, visible=True):
39 |         self.children = []  # do not touch
40 |         self.parent = None  # do not touch, code depends on this
41 |         self.namespace = None  # TODO: Assert why we need this and above
42 |         self.title = title
43 |         self.url = url
44 |         self.id = id
45 |         self.parent_id = parent_id
46 |         self.parent_namespace = parent_namespace
47 |         self.visible = visible
48 |         self.attr = attr or {} # To avoid declaring a dict in defaults...
49 | 
50 |     def __repr__(self):
51 |         return "<Navigation Node: %s>" % smart_str(self.title)
52 | 
53 |     def get_menu_title(self):
54 |         return self.title
55 | 
56 |     def get_absolute_url(self):
57 |         return self.url
58 | 
59 |     def get_attribute(self, name):
60 |         return self.attr.get(name, None)
61 | 
62 |     def get_descendants(self):
63 |         return sum(([node] + node.get_descendants() for node in self.children), [])
64 | 
65 |     def get_ancestors(self):
66 |         if getattr(self, 'parent', None):
67 |             return [self.parent] + self.parent.get_ancestors()
68 |         else:
69 |             return []
70 | 
71 |     def is_selected(self, request):
72 |         node_abs_url = self.get_absolute_url()
73 |         return node_abs_url == request.path
```



##Searching for term "visible.*navigation", "visibility.*menu", "visible.*navigation visibility.*menu"...
### Search Result:
Found class `cms/cms_menus.py:NavExtender`.
Source: Retrieved code content using keyword search (bm25).
```
295 | class NavExtender(Modifier):
296 | 
297 |     def modify(self, request, nodes, namespace, root_id, post_cut, breadcrumb):
298 |         if post_cut:
299 |             return nodes
300 |         # rearrange the parent relations
301 |         # Find home
302 |         home = next((n for n in nodes if n.attr.get("is_home", False)), None)
303 |         # Find nodes with NavExtenders
304 |         exts = []
305 |         for node in nodes:
306 |             extenders = node.attr.get("navigation_extenders", None)
307 |             if extenders:
308 |                 for ext in extenders:
309 |                     if ext not in exts:
310 |                         exts.append(ext)
311 |                     # Link the nodes
312 |                     for extnode in nodes:
313 |                         if extnode.namespace == ext and not extnode.parent_id:
314 |                             # if home has nav extenders but home is not visible
315 |                             if node == home and not node.visible:
316 |                                 # extnode.parent_id = None
317 |                                 extnode.parent_namespace = None
318 |                                 extnode.parent = None
319 |                             else:
320 |                                 extnode.parent_id = node.id
321 |                                 extnode.parent_namespace = node.namespace
322 |                                 extnode.parent = node
323 |                                 node.children.append(extnode)
324 |         removed = []
325 | 
326 |         # find all not assigned nodes
327 |         for menu in self.renderer.menus.items():
328 |             if (hasattr(menu[1], 'cms_enabled')
329 |                     and menu[1].cms_enabled and not menu[0] in exts):
330 |                 for node in nodes:
331 |                     if node.namespace == menu[0]:
332 |                         removed.append(node)
333 |         if breadcrumb:
334 |             # if breadcrumb and home not in navigation add node
335 |             if breadcrumb and home and not home.visible:
336 |                 home.visible = True
337 |                 if request.path_info == home.get_absolute_url():
338 |                     home.selected = True
339 |                 else:
340 |                     home.selected = False
341 |         # remove all nodes that are nav_extenders and not assigned
342 |         for node in removed:
343 |             nodes.remove(node)
344 |         return nodes
```



##Searching for term "visible.*navigation", "visible.*navigation visibility.*menu"...
### Search Result:
Found function `menus/base.py:NavigationNode.get_ancestors`.
Source: Retrieved code content using keyword search (bm25).
```
65 | def get_ancestors(self):
66 |         if getattr(self, 'parent', None):
67 |             return [self.parent] + self.parent.get_ancestors()
68 |         else:
69 |             return []
```



##Searching for term "visibility.*menu", "visible.*navigation visibility.*menu"...
### Search Result:
Found class `cms/admin/forms.py:ChangePageForm`.
Source: Retrieved code content using keyword search (bm25).
Just show the structure of this class due to response length limitations:
```
class ChangePageForm(BasePageContentForm):
    overwrite_url = forms.CharField(
        label=_('Overwrite URL'),
        max_length=255,
        required=False,
        help_text=_('Keep this field empty if standard path should be used.'),
    )
    soft_root = forms.BooleanField(
        label=_('Soft root'),
        required=False,
        help_text=_("All ancestors will not be displayed in the navigation"),
    )
    redirect = PageSmartLinkField(
        label=_('Redirect'),
        required=False,
        help_text=_('Redirects to this URL.'),
        placeholder_text=_('Start typing...'),
        ajax_view='admin:cms_page_get_list',
    )
    limit_visibility_in_menu = forms.TypedChoiceField(
        choices=PageContent._meta.get_field('limit_visibility_in_menu').choices,
        label=_("menu visibility"),
        help_text=_("limit when this page is visible in the menu"),
        initial=PageContent._meta.get_field('limit_visibility_in_menu').default,
        required=False,
        coerce=int,
        empty_value=None,
    )

    fieldsets = (
        (None, {
            'fields': ('title', 'slug', 'template', 'page_title', 'meta_description'),
        }),
        (_('URL options'), {
            'fields': ('overwrite_url', 'redirect'),
            'classes': ['collapse'],
        }),
        (_('Menu options'), {
            'fields': ('soft_root', 'menu_title', 'limit_visibility_in_menu'),
            'classes': ['collapse'],
        })
    )

    def __init__(self, *args, **kwargs):
...
    @cached_property
    def _language(self):
...
    def clean(self):
...
    def clean_xframe_options(self):
...
    def save(self, commit=True):

```
Hint: Search `cms/admin/forms.py:ChangePageForm` to get the full content if needed.

Found class `menus/base.py:Menu`.
Source: Retrieved entity using keyword search (bm25).
```
 5 | class Menu(object):
 6 |     namespace = None
 7 | 
 8 |     def __init__(self, renderer):
 9 |         self.renderer = renderer
10 | 
11 |         if not self.namespace:
12 |             self.namespace = self.__class__.__name__
13 | 
14 |     def get_nodes(self, request):
15 |         """
16 |         should return a list of NavigationNode instances
17 |         """
18 |         raise NotImplementedError
```

Found class `cms/toolbar/items.py:Menu`.
Source: Retrieved entity using keyword search (bm25).
```
250 | class Menu(SubMenu):
251 |     sub_level = False
252 | 
253 |     def get_or_create_menu(self, key, verbose_name, disabled=False, side=LEFT, position=None):
254 |         if key in self.menus:
255 |             return self.menus[key]
256 |         menu = SubMenu(verbose_name, self.csrf_token, disabled=disabled, side=side)
257 |         self.menus[key] = menu
258 |         self.add_item(menu, position=position)
259 |         return menu
```

Found function `cms/admin/forms.py:ChangePageForm._language`.
Source: Retrieved code content using keyword search (bm25).
```
492 | def _language(self):
493 |         return self.instance.language
```



##Searching for term "visibility.*menu"...
### Search Result:
Found function `cms/cms_menus.py:get_menu_node_for_page`.
Source: Retrieved code content using keyword search (bm25).
```
 73 | def get_menu_node_for_page(renderer, page, language, fallbacks=None):
 74 |     """
 75 |     Transform a CMS page into a navigation node.
 76 | 
 77 |     :param renderer: MenuRenderer instance bound to the request
 78 |     :param page: the page you wish to transform
 79 |     :param language: The current language used to render the menu
 80 |     """
 81 |     if fallbacks is None:
 82 |         fallbacks = []
 83 | 
 84 |     # Theses are simple to port over, since they are not calculated.
 85 |     # Other attributes will be added conditionally later.
 86 |     attr = {
 87 |         'is_page': True,
 88 |         'soft_root': page.get_soft_root(language),
 89 |         'auth_required': page.login_required,
 90 |         'reverse_id': page.reverse_id,
 91 |     }
 92 | 
 93 |     limit_visibility_in_menu = page.get_limit_visibility_in_menu(language)
 94 | 
 95 |     if limit_visibility_in_menu is constants.VISIBILITY_ALL:
 96 |         attr['visible_for_authenticated'] = True
 97 |         attr['visible_for_anonymous'] = True
 98 |     else:
 99 |         attr['visible_for_authenticated'] = limit_visibility_in_menu == constants.VISIBILITY_USERS
100 |         attr['visible_for_anonymous'] = limit_visibility_in_menu == constants.VISIBILITY_ANONYMOUS
101 |     attr['is_home'] = page.is_home
102 |     # Extenders can be either navigation extenders or from apphooks.
103 |     extenders = []
104 |     if page.navigation_extenders:
105 |         if page.navigation_extenders in renderer.menus:
106 |             extenders.append(page.navigation_extenders)
107 |         elif "{0}:{1}".format(page.navigation_extenders, page.pk) in renderer.menus:
108 |             extenders.append("{0}:{1}".format(page.navigation_extenders, page.pk))
109 |     # Is this page an apphook? If so, we need to handle the apphooks's nodes
110 |     # Only run this if we have a translation in the requested language for this
111 |     # object. The title cache should have been prepopulated in CMSMenu.get_nodes
112 |     # but otherwise, just request the title normally
113 |     if page.title_cache.get(language) and page.application_urls:
114 |         # it means it is an apphook
115 |         app = apphook_pool.get_apphook(page.application_urls)
116 | 
117 |         if app:
118 |             extenders += app.get_menus(page, language)
119 |     exts = []
120 |     for ext in extenders:
121 |         if hasattr(ext, "get_instances"):
122 |             # CMSAttachMenus are treated a bit differently to allow them to be
123 |             # able to be attached to multiple points in the navigation.
124 |             exts.append("{0}:{1}".format(ext.__name__, page.pk))
125 |         elif hasattr(ext, '__name__'):
126 |             exts.append(ext.__name__)
127 |         else:
128 |             exts.append(ext)
129 |     if exts:
130 |         attr['navigation_extenders'] = exts
131 | 
132 |     for lang in [language] + fallbacks:
133 |         translation = page.title_cache[lang]
134 | 
135 |         if translation:
136 |             page_url = page.urls_cache[lang]
137 |             # Do we have a redirectURL?
138 |             attr['redirect_url'] = translation.redirect  # save redirect URL if any
139 | 
140 |             # Now finally, build the NavigationNode object and return it.
141 |             # The parent_id is manually set by the menu get_nodes method.
142 |             ret_node = CMSNavigationNode(
143 |                 title=translation.menu_title or translation.title,
144 |                 url='',
145 |                 id=page.pk,
146 |                 attr=attr,
147 |                 visible=page.get_in_navigation(translation.language),
148 |                 path=page_url.path or page_url.slug,
149 |                 language=(translation.language if translation.language != language else None),
150 |             )
151 |             return ret_node
152 |     else:
153 |         raise RuntimeError('Unable to render cms menu. There is a language misconfiguration.')
```

2026-09-16 22:23:51 utils.py INFO 
LiteLLM completion() model= qwen/qwen3-coder; provider = openrouter
2026-09-16 22:24:01 utils.py INFO Wrapper: Completed Call, calling success_handler
2026-09-16 22:24:01 auto_search_main.py INFO Executing code:
```
print(search_code_snippets(**{'search_terms': ['exclude.*menu', 'hide.*menu']}))
```
2026-09-16 22:24:01 __init__.py DEBUG Building index from IDs objects
2026-09-16 22:24:01 __init__.py DEBUG Building index from IDs objects
2026-09-16 22:24:01 __init__.py DEBUG Building index from IDs objects
2026-09-16 22:24:01 auto_search_main.py INFO OBSERVATION:
cms/admin/permissionadmin.py:ViewRestrictionInlineAdmin
cms/admin/permissionadmin.py:PagePermissionInlineAdmin.get_formset
cms/admin/forms.py:AdvancedSettingsForm.get_apphooks_with_config
cms/admin/forms.py:AdvancedSettingsForm._check_unique_namespace_instance
cms/admin/forms.py:AdvancedSettingsForm.get_apphooks
cms/admin/forms.py:AdvancedSettingsForm.save
cms/admin/forms.py:AdvancedSettingsForm.has_changed_apphooks
cms/admin/forms.py:AdvancedSettingsForm.get_navigation_extenders
cms/toolbar/toolbar.py:CMSToolbar.get_or_create_menu
cms/models/placeholdermodel.py:Placeholder.has_delete_plugins_permission
cms/utils/permissions.py:get_subordinate_users
cms/toolbar/items.py:LinkItem.__init__
cms/toolbar/items.py:Menu.get_or_create_menu
cms/toolbar/items.py:Menu
cms/toolbar/items.py:LinkItem.get_context
cms/toolbar/items.py:LinkItem
cms/toolbar/items.py:LinkItem.__repr__
menus/menu_pool.py:MenuPool.get_registered_menus
menus/templatetags/menu_tags.py:ShowSubMenu
cms/toolbar/toolbar.py:CMSToolbar.get_or_create_menu
cms/extensions/admin.py:TitleExtensionAdmin.get_model_perms
cms/extensions/admin.py:TitleExtensionAdmin.save_model
cms/extensions/admin.py:TitleExtensionAdmin
cms/extensions/admin.py:TitleExtensionAdmin.delete_model
cms/toolbar/items.py:LinkItem.__init__
cms/toolbar/items.py:Menu.get_or_create_menu
cms/toolbar/items.py:Menu
cms/toolbar/items.py:LinkItem.get_context
cms/toolbar/items.py:LinkItem
cms/toolbar/items.py:LinkItem.__repr__
menus/menu_pool.py:MenuPool.get_registered_menus
menus/templatetags/menu_tags.py:ShowSubMenu
menus/menu_pool.py:MenuPool.get_nodes_by_attribute
menus/menu_pool.py:impl:3
menus/menu_pool.py:MenuPool.get_menus_by_attribute
cms/cms_toolbars.py:PageToolbar.add_page_menu
cms/toolbar/toolbar.py:CMSToolbar.get_or_create_menu
cms/toolbar/items.py:LinkItem.__init__
cms/toolbar/items.py:Menu.get_or_create_menu
cms/toolbar/items.py:Menu
cms/toolbar/items.py:LinkItem.get_context
cms/toolbar/items.py:LinkItem
cms/toolbar/items.py:LinkItem.__repr__
menus/menu_pool.py:MenuPool.get_registered_menus
menus/templatetags/menu_tags.py:ShowSubMenu
menus/menu_pool.py:MenuPool.get_nodes_by_attribute
menus/menu_pool.py:impl:3
menus/menu_pool.py:MenuPool.get_menus_by_attribute
menus/templatetags/menu_tags.py:ShowMenu
menus/menu_pool.py:MenuPool.register_modifier
menus/menu_pool.py:MenuPool.register_menu
menus/menu_pool.py:MenuPool.clear
menus/menu_pool.py:MenuPool.get_registered_modifiers
##Searching for term "exclude.*menu"...
### Search Result:
Found `cms/app_base.py:CMSApp`.
Source: Retrieved code content using keyword search (bm25).
```
  1 | # -*- coding: utf-8 -*-
  2 | from abc import ABCMeta, abstractmethod
  3 | 
  4 | from django.utils import six
  5 | 
  6 | 
  7 | class CMSApp(object):
  8 |     #: list of urlconfs: example: ``_urls = ["myapp.urls"]``
  9 |     _urls = []
 10 |     #: list of menu classes: example: ``_menus = [MyAppMenu]``
 11 |     _menus = []
 12 |     #: name of the apphook (required)
 13 |     name = None
 14 |     #: name of the app, this enables Django namespaces support (optional)
 15 |     app_name = None
 16 |     #: configuration model (optional)
 17 |     app_config = None
 18 |     #: if set to true, apphook inherits permissions from the current page
 19 |     permissions = True
 20 |     #: list of application names to exclude from inheriting CMS permissions
 21 |     exclude_permissions = []
```
Hint: 
The code for class `cms/app_base.py:CMSApp` is incomplete; search `cms/app_base.py:CMSApp` for the full content if needed.

Found function `cms/admin/permissionadmin.py:PagePermissionInlineAdmin.get_formset`.
Source: Retrieved code content using keyword search (bm25).
```
 90 | def get_formset(self, request, obj=None, **kwargs):
 91 |         """
 92 |         Some fields may be excluded here. User can change only
 93 |         permissions which are available for him. E.g. if user does not haves
 94 |         can_publish flag, he can't change assign can_publish permissions.
 95 |         """
 96 |         exclude = self.exclude or []
 97 |         if obj:
 98 |             user = request.user
 99 |             if not obj.has_add_permission(user):
100 |                 exclude.append('can_add')
101 |             if not obj.has_delete_permission(user):
102 |                 exclude.append('can_delete')
103 |             if not obj.has_publish_permission(user):
104 |                 exclude.append('can_publish')
105 |             if not obj.has_advanced_settings_permission(user):
106 |                 exclude.append('can_change_advanced_settings')
107 |             if not obj.has_move_page_permission(user):
108 |                 exclude.append('can_move_page')
109 | 
110 |         kwargs['exclude'] = exclude
111 |         formset_cls = super(PagePermissionInlineAdmin, self).get_formset(request, obj=obj, **kwargs)
112 |         qs = self.get_queryset(request)
113 |         if obj is not None:
114 |             qs = qs.filter(page=obj)
115 |         formset_cls._queryset = qs
116 |         return formset_cls
```

Found class `cms/admin/permissionadmin.py:ViewRestrictionInlineAdmin`.
Source: Retrieved code content using keyword search (bm25).
```
119 | class ViewRestrictionInlineAdmin(PagePermissionInlineAdmin):
120 |     extra = 0  # edit page load time boost
121 |     form = ViewRestrictionInlineAdminForm
122 |     verbose_name = _("View restriction")
123 |     verbose_name_plural = _("View restrictions")
124 |     show_with_view_permissions = True
```

Found function `cms/admin/forms.py:AdvancedSettingsForm.get_apphooks_with_config`.
Source: Retrieved code content using keyword search (bm25).
```
761 | def get_apphooks_with_config(self):
762 |         return {key: app for key, app in self.get_apphooks() if app.app_config}
```

Found function `cms/admin/forms.py:AdvancedSettingsForm._check_unique_namespace_instance`.
Source: Retrieved code content using keyword search (bm25).
```
767 | def _check_unique_namespace_instance(self, namespace):
768 |         return Page.objects.on_site(self._site).filter(
769 |             application_namespace=namespace
770 |         ).exclude(pk=self.instance.pk).exists()
```



##Searching for term "exclude.*menu", "hide.*menu", "exclude.*menu hide.*menu"...
### Search Result:
Found class `menus/base.py:Menu`.
Source: Retrieved entity using keyword search (bm25).
```
 5 | class Menu(object):
 6 |     namespace = None
 7 | 
 8 |     def __init__(self, renderer):
 9 |         self.renderer = renderer
10 | 
11 |         if not self.namespace:
12 |             self.namespace = self.__class__.__name__
13 | 
14 |     def get_nodes(self, request):
15 |         """
16 |         should return a list of NavigationNode instances
17 |         """
18 |         raise NotImplementedError
```

Found class `cms/toolbar/items.py:Menu`.
Source: Retrieved entity using keyword search (bm25).
```
250 | class Menu(SubMenu):
251 |     sub_level = False
252 | 
253 |     def get_or_create_menu(self, key, verbose_name, disabled=False, side=LEFT, position=None):
254 |         if key in self.menus:
255 |             return self.menus[key]
256 |         menu = SubMenu(verbose_name, self.csrf_token, disabled=disabled, side=side)
257 |         self.menus[key] = menu
258 |         self.add_item(menu, position=position)
259 |         return menu
```



##Searching for term "hide.*menu", "exclude.*menu hide.*menu"...
### Search Result:
Found function `cms/toolbar/toolbar.py:CMSToolbar.get_or_create_menu`.
Source: Retrieved code content using keyword search (bm25).
```
291 | def get_or_create_menu(self, key, verbose_name=None, disabled=False, side=LEFT, position=None):
292 |         self.populate()
293 |         if key in self.menus:
294 |             menu = self.menus[key]
295 |             if verbose_name:
296 |                 menu.name = verbose_name
297 |             if menu.side != side:
298 |                 menu.side = side
299 |             if position:
300 |                 self.remove_item(menu)
301 |                 self.add_item(menu, position=position)
302 |             return menu
303 |         menu = Menu(verbose_name, self.csrf_token, disabled=disabled, side=side)
304 |         self.menus[key] = menu
305 |         self.add_item(menu, position=position)
306 |         return menu
```



##Searching for term "hide.*menu"...
### Search Result:
Found class `cms/extensions/admin.py:TitleExtensionAdmin`.
Source: Retrieved code content using keyword search (bm25).
```
 60 | class TitleExtensionAdmin(ExtensionAdmin):
 61 | 
 62 |     def save_model(self, request, obj, form, change):
 63 |         if not change and 'extended_object' in request.GET:
 64 |             obj.extended_object = PageContent.objects.get(pk=request.GET['extended_object'])
 65 |             title = PageContent.objects.get(pk=request.GET['extended_object'])
 66 |         else:
 67 |             title = obj.extended_object
 68 |         if not user_can_change_page(request.user, page=title.page):
 69 |             raise PermissionDenied()
 70 |         super(TitleExtensionAdmin, self).save_model(request, obj, form, change)
 71 | 
 72 |     def delete_model(self, request, obj):
 73 |         page = obj.extended_object.page
 74 | 
 75 |         if not user_can_change_page(request.user, page):
 76 |             raise PermissionDenied()
 77 |         obj.delete()
 78 | 
 79 |     def get_model_perms(self, request):
 80 |         """
 81 |         Return empty perms dict thus hiding the model from admin index.
 82 |         """
 83 |         return {}
 84 | 
 85 |     @csrf_protect_m
 86 |     def add_view(self, request, form_url='', extra_context=None):
 87 |         """
 88 |         Check if the page already has an extension object. If so, redirect to edit view instead.
 89 |         """
 90 |         extended_object_id = request.GET.get('extended_object', False)
 91 |         if extended_object_id:
 92 |             try:
 93 |                 title = PageContent.objects.get(pk=extended_object_id)
 94 |                 extension = self.model.objects.get(extended_object=title)
 95 |                 opts = self.model._meta
 96 |                 change_url = reverse('admin:%s_%s_change' %
 97 |                                             (opts.app_label, opts.model_name),
 98 |                                             args=(extension.pk,),
 99 |                                             current_app=self.admin_site.name)
100 |                 return HttpResponseRedirect(change_url)
101 |             except self.model.DoesNotExist:
102 |                 pass
103 |         return super(ExtensionAdmin, self).add_view(request, form_url, extra_context)
```



##Searching for term "exclude.*menu hide.*menu"...
### Search Result:
Found function `cms/toolbar/items.py:Menu.get_or_create_menu`.
Source: Retrieved code content using keyword search (bm25).
```
253 | def get_or_create_menu(self, key, verbose_name, disabled=False, side=LEFT, position=None):
254 |         if key in self.menus:
255 |             return self.menus[key]
256 |         menu = SubMenu(verbose_name, self.csrf_token, disabled=disabled, side=side)
257 |         self.menus[key] = menu
258 |         self.add_item(menu, position=position)
259 |         return menu
```

Found class `cms/toolbar/items.py:LinkItem`.
Source: Retrieved code content using keyword search (bm25).
```
262 | class LinkItem(BaseItem):
263 |     template = "cms/toolbar/items/item_link.html"
264 | 
265 |     def __init__(self, name, url, active=False, disabled=False, extra_classes=None, side=LEFT):
266 |         super(LinkItem, self).__init__(side)
267 |         self.name = name
268 |         self.url = url
269 |         self.active = active
270 |         self.disabled = disabled
271 |         self.extra_classes = extra_classes or []
272 | 
273 |     def __repr__(self):
274 |         return '<LinkItem:%s>' % force_text(self.name)
275 | 
276 |     def get_context(self):
277 |         return {
278 |             'url': self.url,
279 |             'name': self.name,
280 |             'active': self.active,
281 |             'disabled': self.disabled,
282 |             'extra_classes': self.extra_classes,
283 |         }
```

2026-09-16 22:24:01 utils.py INFO 
LiteLLM completion() model= qwen/qwen3-coder; provider = openrouter
2026-09-16 22:24:12 utils.py INFO Wrapper: Completed Call, calling success_handler
2026-09-16 22:24:12 utils.py INFO 
LiteLLM completion() model= qwen/qwen3-coder; provider = openrouter
2026-09-16 22:24:24 utils.py INFO Wrapper: Completed Call, calling success_handler
2026-09-16 22:24:24 auto_search_main.py INFO Executing code:
```
print(search_code_snippets(**{'search_terms': ['reset.*limit_visibility', 'clear.*limit_visibility']}))
```
2026-09-16 22:24:24 __init__.py DEBUG Building index from IDs objects
2026-09-16 22:24:25 __init__.py DEBUG Building index from IDs objects
2026-09-16 22:24:25 __init__.py DEBUG Building index from IDs objects
2026-09-16 22:24:25 __init__.py DEBUG Building index from IDs objects
2026-09-16 22:24:25 auto_search_main.py INFO OBSERVATION:
cms/cache/placeholder.py:_get_placeholder_cache_version
cms/migrations/0020_old_tree_cleanup.py:Migration.apply
cms/migrations/0019_set_pagenode.py:Migration
cms/migrations/0019_set_pagenode.py:Migration.apply
cms/migrations/0019_set_pagenode.py:set_page_nodes
cms/models/pagemodel.py:Page.clear_cache
cms/admin/placeholderadmin.py:PlaceholderAdmin.clear_placeholder
cms/admin/placeholderadmin.py:impl:3
cms/plugin_pool.py:PluginPool
cms/plugin_pool.py:PluginPool.__init__
cms/plugin_pool.py:PluginPool._clear_cached
cms/plugin_pool.py:PluginPool.clear
cms/plugin_pool.py:PluginPool.discover_plugins
menus/menu_pool.py:MenuPool.register_modifier
menus/menu_pool.py:MenuPool.register_menu
menus/menu_pool.py:MenuPool.clear
menus/menu_pool.py:MenuPool.get_registered_modifiers
cms/models/placeholdermodel.py:Placeholder.get_plugin_tree_order
cms/models/placeholdermodel.py:Placeholder.clear_cache
cms/admin/placeholderadmin.py:PlaceholderAdmin._copy_plugin_to_clipboard
cms/models/placeholdermodel.py:Placeholder.__repr__
cms/models/placeholdermodel.py:Placeholder
cms/models/placeholdermodel.py:Placeholder.__str__
cms/models/placeholdermodel.py:Placeholder.get_extra_context
cms/models/placeholdermodel.py:Placeholder.clear
cms/models/placeholdermodel.py:Placeholder.Meta
cms/models/placeholdermodel.py:Placeholder.get_label
cms/models/placeholdermodel.py:Placeholder.get_extra_menu_items
cms/cache/placeholder.py:_get_placeholder_cache_version
cms/models/pagemodel.py:Page.clear_cache
cms/admin/placeholderadmin.py:PlaceholderAdmin.clear_placeholder
cms/admin/placeholderadmin.py:impl:3
cms/plugin_pool.py:PluginPool
cms/plugin_pool.py:PluginPool.__init__
cms/plugin_pool.py:PluginPool._clear_cached
cms/plugin_pool.py:PluginPool.clear
cms/plugin_pool.py:PluginPool.discover_plugins
menus/menu_pool.py:MenuPool.register_modifier
menus/menu_pool.py:MenuPool.register_menu
menus/menu_pool.py:MenuPool.clear
menus/menu_pool.py:MenuPool.get_registered_modifiers
cms/models/placeholdermodel.py:Placeholder.get_plugin_tree_order
cms/models/placeholdermodel.py:Placeholder.clear_cache
cms/admin/placeholderadmin.py:PlaceholderAdmin._copy_plugin_to_clipboard
##Searching for term "reset.*limit_visibility"...
### Search Result:
Found `cms/migrations/0020_old_tree_cleanup.py:Migration`.
Source: Retrieved code content using keyword search (bm25).
```
 1 | # -*- coding: utf-8 -*-
 2 | # Generated by Django 1.10.8 on 2018-01-03 19:50
 3 | from __future__ import unicode_literals
 4 | 
 5 | import django
 6 | import django.contrib.auth.models
 7 | from django.db import migrations, models
 8 | import django.db.models.deletion
 9 | 
10 | from . import IrreversibleMigration
11 | 
12 | 
13 | class Migration(IrreversibleMigration):
14 | 
15 |     dependencies = [
16 |         ('cms', '0019_set_pagenode'),
17 |     ]
18 | 
19 |     operations = [
20 |         migrations.AlterModelOptions(
21 |             name='page',
22 |             options={'verbose_name': 'page', 'verbose_name_plural': 'pages', 'permissions': (
23 |             ('view_page', 'Can view page'), ('publish_page', 'Can publish page'),
24 |             ('edit_static_placeholder', 'Can edit static placeholders'))},
25 |         ),
26 |         migrations.AlterField(
27 |             model_name='page',
28 |             name='node',
29 |             field=models.ForeignKey(on_delete=django.db.models.deletion.CASCADE, related_name='cms_pages',
30 |                                     to='cms.TreeNode'),
31 |         ),
32 |         migrations.RemoveField(
33 |             model_name='page',
34 |             name='migration_0018_control',
35 |         ),
36 |         migrations.RemoveField(
37 |             model_name='page',
38 |             name='site',
39 |         ),
40 |         migrations.RemoveField(
41 |             model_name='page',
42 |             name='parent',
43 |         ),
44 |         migrations.RemoveField(
45 |             model_name='page',
46 |             name='revision_id',
47 |         ),
48 |         migrations.RemoveField(
49 |             model_name='page',
50 |             name='depth',
51 |         ),
52 |         migrations.RemoveField(
53 |             model_name='page',
54 |             name='numchild',
55 |         ),
56 |         migrations.RemoveField(
57 |             model_name='page',
58 |             name='path',
59 |         ),
60 |     ]
```
Hint: 
The code for class `cms/migrations/0020_old_tree_cleanup.py:Migration` is incomplete; search `cms/migrations/0020_old_tree_cleanup.py:Migration` for the full content if needed.

Found `cms/migrations/0021_auto_20180507_1432.py:Migration`.
Source: Retrieved code content using keyword search (bm25).
```
 1 | # -*- coding: utf-8 -*-
 2 | # Generated by Django 1.11.13 on 2018-05-07 14:32
 3 | from __future__ import unicode_literals
 4 | 
 5 | from django.db import migrations, models
 6 | 
 7 | 
 8 | class Migration(migrations.Migration):
 9 | 
10 |     dependencies = [
11 |         ('cms', '0020_old_tree_cleanup'),
12 |     ]
13 | 
14 |     operations = [
15 |         migrations.AlterField(
16 |             model_name='title',
17 |             name='meta_description',
18 |             field=models.TextField(blank=True, help_text='The text displayed in search engines.', null=True, verbose_name='description'),
19 |         ),
20 |     ]
21 | 
```

Found function `cms/models/pagemodel.py:Page.get_limit_visibility_in_menu`.
Source: Retrieved entity using keyword search (bm25).
```
1060 | def get_limit_visibility_in_menu(self, language=None, fallback=True, force_reload=False):
1061 |         return self.get_page_content_obj_attribute("limit_visibility_in_menu", language, fallback, force_reload)
```

Found function `cms/cms_menus.py:get_visible_nodes`.
Source: Retrieved entity using keyword search (bm25).
```
25 | def get_visible_nodes(request, pages, site):
26 |     """
27 |      This code is basically a many-pages-at-once version of
28 |      cms.utils.page_permissions.user_can_view_page
29 |      pages contains all published pages
30 |     """
31 |     user = request.user
32 |     public_for = get_cms_setting('PUBLIC_FOR')
33 |     can_see_unrestricted = public_for == 'all' or (public_for == 'staff' and user.is_staff)
34 | 
35 |     if not user.is_authenticated and not can_see_unrestricted:
36 |         # User is not authenticated and can't see unrestricted pages,
37 |         # no need to check for page restrictions because if there's some,
38 |         # user is anon and if there is not any, user can't see unrestricted.
39 |         return []
40 | 
41 |     if user_can_view_all_pages(user, site):
42 |         return list(pages)
43 | 
44 |     restricted_pages = get_view_restrictions(pages)
45 | 
46 |     if not restricted_pages:
47 |         # If there's no restrictions, let the user see all pages
48 |         # only if he can see unrestricted, otherwise return no pages.
49 |         return list(pages) if can_see_unrestricted else []
50 | 
51 |     user_id = user.pk
52 |     user_groups = SimpleLazyObject(lambda: frozenset(user.groups.values_list('pk', flat=True)))
53 |     is_auth_user = user.is_authenticated
54 | 
55 |     def user_can_see_page(page):
56 |         page_permissions = restricted_pages.get(page.pk, [])
57 | 
58 |         if not page_permissions:
59 |             # Page has no view restrictions, fallback to the project's
60 |             # CMS_PUBLIC_FOR setting.
61 |             return can_see_unrestricted
62 | 
63 |         if not is_auth_user:
64 |             return False
65 | 
66 |         for perm in page_permissions:
67 |             if perm.user_id == user_id or perm.group_id in user_groups:
68 |                 return True
69 |         return False
70 |     return [page for page in pages if user_can_see_page(page)]
```

Found function `cms/migrations/0020_old_tree_cleanup.py:Migration.apply`.
Source: Retrieved code content using keyword search (bm25).
```
62 | def apply(self, project_state, schema_editor, collect_sql=False):
63 |         connection = schema_editor.connection
64 |         column_names = [
65 |             column.name for column in
66 |             connection.introspection.get_table_description(connection.cursor(), 'cms_page')
67 |         ]
68 | 
69 |         if 'migration_0018_control' in column_names:
70 |             # The new 0018 migration has been applied
71 |             return super(Migration, self).apply(project_state, schema_editor, collect_sql)
72 | 
73 |         # The old 0018 migration was applied
74 |         # Move the project state forward without actually running
75 |         # any of the operations against the database.
76 |         for operation in self.operations:
77 |             operation.state_forwards(self.app_label, project_state)
78 |         return project_state
```

Found class `cms/migrations/0019_set_pagenode.py:Migration`.
Source: Retrieved code content using keyword search (bm25).
```
53 | class Migration(IrreversibleMigration):
54 | 
55 |     dependencies = [
56 |         ('cms', '0018_create_pagenode'),
57 |     ]
58 | 
59 |     operations = [
60 |         migrations.RunPython(unpublish_never_published_pages),
61 |         migrations.RunPython(set_page_nodes),
62 |     ]
63 | 
64 |     def apply(self, project_state, schema_editor, collect_sql=False):
65 |         connection = schema_editor.connection
66 |         column_names = [
67 |             column.name for column in
68 |             connection.introspection.get_table_description(connection.cursor(), 'cms_page')
69 |         ]
70 | 
71 |         if 'migration_0018_control' in column_names:
72 |             # The new 0018 migration has been applied
73 |             return super(Migration, self).apply(project_state, schema_editor, collect_sql)
74 | 
75 |         # The old 0018 migration was applied
76 |         # Move the project state forward without actually running
77 |         # any of the operations against the database.
78 |         for operation in self.operations:
79 |             operation.state_forwards(self.app_label, project_state)
80 |         return project_state
```

Found file `cms/forms/__init__.py`.
Source: Retrieved entity using keyword search (bm25).
Hint: Search `cms/forms/__init__.py` for the full content if needed.



##Searching for term "reset.*limit_visibility", "reset.*limit_visibility clear.*limit_visibility"...
### Search Result:
Found function `cms/cache/placeholder.py:_get_placeholder_cache_version`.
Source: Retrieved code content using keyword search (bm25).
```
55 | def _get_placeholder_cache_version(placeholder, lang, site_id):
56 |     """
57 |     Gets the (placeholder x lang)'s current version and vary-on header-names
58 |     list, if present, otherwise resets to («timestamp», []).
59 |     """
60 |     from django.core.cache import cache
61 | 
62 |     key = _get_placeholder_cache_version_key(placeholder, lang, site_id)
63 |     cached = cache.get(key)
64 |     if cached:
65 |         version, vary_on_list = cached
66 |     else:
67 |         version = int(time.time() * 1000000)
68 |         vary_on_list = []
69 |         _set_placeholder_cache_version(placeholder, lang, site_id, version, vary_on_list)
70 |     return version, vary_on_list
```



##Searching for term "clear.*limit_visibility", "reset.*limit_visibility clear.*limit_visibility"...
### Search Result:
Found class `cms/plugin_pool.py:PluginPool`.
Source: Retrieved code content using keyword search (bm25).
Just show the structure of this class due to response length limitations:
```
class PluginPool(object):

    def __init__(self):
...
    def _clear_cached(self):
...
    def discover_plugins(self):
...
    def clear(self):
...
    def validate_templates(self, plugin=None):
...
    def register_plugin(self, plugin):
...
    def unregister_plugin(self, plugin):
...
    def get_all_plugins(self, placeholder=None, page=None, setting_key="plugins", include_page_only=True):
...
    def get_text_enabled_plugins(self, placeholder, page):
...
    def get_plugin(self, name):
...
    def get_patterns(self):
...
    def get_system_plugins(self):
...
    @cached_property
    def registered_plugins(self):
...
    @cached_property
    def plugins_with_extra_menu(self):
...
    @cached_property
    def plugins_with_extra_placeholder_menu(self):

```
Hint: Search `cms/plugin_pool.py:PluginPool` to get the full content if needed.

Found function `cms/toolbar_pool.py:ToolbarPool.clear`.
Source: Retrieved entity using keyword search (bm25).
```
32 | def clear(self):
33 |         self.toolbars = OrderedDict()
34 |         self._discovered = False
```

Found function `cms/apphook_pool.py:ApphookPool.clear`.
Source: Retrieved entity using keyword search (bm25).
```
20 | def clear(self):
21 |         # TODO: remove this method, it's Python, we don't need it.
22 |         self.apphooks = []
23 |         self.apps = {}
24 |         self.discovered = False
```

Found function `menus/menu_pool.py:MenuPool.clear`.
Source: Retrieved entity using keyword search (bm25).
```
304 | def clear(self, site_id=None, language=None, all=False):
305 |         '''
306 |         This invalidates the cache for a given menu (site_id and language)
307 |         '''
308 |         if all:
309 |             cache_keys = CacheKey.objects.get_keys()
310 |         else:
311 |             cache_keys = CacheKey.objects.get_keys(site_id, language)
312 | 
313 |         to_be_deleted = cache_keys.distinct().values_list('key', flat=True)
314 | 
315 |         if to_be_deleted:
316 |             cache.delete_many(to_be_deleted)
317 |             cache_keys.delete()
```

Found function `cms/models/pagemodel.py:Page.clear_cache`.
Source: Retrieved code content using keyword search (bm25).
```
646 | def clear_cache(self, language=None, menu=False, placeholder=False):
647 |         from cms.cache import invalidate_cms_page_cache
648 | 
649 |         if get_cms_setting('PAGE_CACHE'):
650 |             # Clears all the page caches
651 |             invalidate_cms_page_cache()
652 | 
653 |         if placeholder and get_cms_setting('PLACEHOLDER_CACHE'):
654 |             assert language, 'language is required when clearing placeholder cache'
655 | 
656 |             placeholders = self.get_placeholders(language)
657 | 
658 |             for placeholder in placeholders:
659 |                 placeholder.clear_cache(language, site_id=self.node.site_id)
660 | 
661 |         if menu:
662 |             # Clears all menu caches for this page's site
663 |             menu_pool.clear(site_id=self.node.site_id)
```

Found function `cms/admin/placeholderadmin.py:PlaceholderAdmin.clear_placeholder`.
Source: Retrieved code content using keyword search (bm25).
```
1031 | def clear_placeholder(self, request, placeholder_id):
1032 |         placeholder = get_object_or_404(Placeholder, pk=placeholder_id)
1033 |         language = request.GET.get('language')
1034 | 
1035 |         if placeholder.pk == request.toolbar.clipboard.pk:
1036 |             # User is clearing the clipboard, no need for permission
1037 |             # checks here as the clipboard is unique per user.
1038 |             # There could be a case where a plugin has relationship to
1039 |             # an object the user does not have permission to delete.
1040 |             placeholder.clear(language)
1041 |             return HttpResponseRedirect(admin_reverse('index', current_app=self.admin_site.name))
1042 | 
1043 |         if not self.has_clear_placeholder_permission(request, placeholder, language):
1044 |             return HttpResponseForbidden(force_text(_("You do not have permission to clear this placeholder")))
1045 | 
1046 |         if not placeholder.check_source(request.user):
1047 |             message = force_text(_("You do not have permission to clear this placeholder"))
1048 |             raise PermissionDenied(message)
1049 | 
1050 |         opts = Placeholder._meta
1051 |         using = router.db_for_write(Placeholder)
1052 |         plugins = placeholder.get_plugins_list(language)
1053 | 
1054 |         if DJANGO_2_0:
1055 |             get_deleted_objects_additional_kwargs = {
1056 |                 'opts': opts,
1057 |                 'using': using,
1058 |                 'user': request.user,
1059 |             }
1060 |         else:
1061 |             get_deleted_objects_additional_kwargs = {'request': request}
1062 |         deleted_objects, __, perms_needed, protected = get_deleted_objects(
1063 |             plugins, admin_site=self.admin_site,
1064 |             **get_deleted_objects_additional_kwargs
1065 |         )
1066 | 
1067 |         obj_display = force_text(placeholder)
1068 | 
1069 |         if request.POST:
1070 |             # The user has already confirmed the deletion.
1071 |             if perms_needed:
1072 |                 return HttpResponseForbidden(force_text(_("You do not have permission to clear this placeholder")))
1073 | 
1074 |             operation_token = self._send_pre_placeholder_operation(
1075 |                 request,
1076 |                 operation=operations.CLEAR_PLACEHOLDER,
1077 |                 plugins=plugins,
1078 |                 placeholder=placeholder,
1079 |             )
1080 | 
1081 |             placeholder.clear(language)
1082 |             placeholder.clear_cache(language)
1083 | 
1084 |             self.message_user(request, _('The placeholder "%(obj)s" was cleared successfully.') % {
1085 |                 'obj': obj_display})
1086 | 
1087 |             self._send_post_placeholder_operation(
1088 |                 request,
1089 |                 operation=operations.CLEAR_PLACEHOLDER,
1090 |                 token=operation_token,
1091 |                 plugins=plugins,
1092 |                 placeholder=placeholder,
1093 |             )
1094 |             return HttpResponseRedirect(admin_reverse('index', current_app=self.admin_site.name))
1095 | 
1096 |         if perms_needed or protected:
1097 |             title = _("Cannot delete %(name)s") % {"name": obj_display}
1098 |         else:
1099 |             title = _("Are you sure?")
1100 | 
1101 |         context = {
1102 |             "title": title,
1103 |             "object_name": _("placeholder"),
1104 |             "object": placeholder,
1105 |             "deleted_objects": deleted_objects,
1106 |             "perms_lacking": perms_needed,
1107 |             "protected": protected,
1108 |             "opts": opts,
1109 |             "app_label": opts.app_label,
1110 |         }
1111 |         request.current_app = self.admin_site.name
1112 |         return TemplateResponse(request, "admin/cms/page/plugin/delete_confirmation.html", context)
```

Found function `cms/plugin_pool.py:PluginPool._clear_cached`.
Source: Retrieved code content using keyword search (bm25).
```
26 | def _clear_cached(self):
27 |         if 'registered_plugins' in self.__dict__:
28 |             del self.__dict__['registered_plugins']
29 | 
30 |         if 'plugins_with_extra_menu' in self.__dict__:
31 |             del self.__dict__['plugins_with_extra_menu']
32 | 
33 |         if 'plugins_with_extra_placeholder_menu' in self.__dict__:
34 |             del self.__dict__['plugins_with_extra_placeholder_menu']
```



##Searching for term "clear.*limit_visibility"...
### Search Result:
Found function `cms/plugin_pool.py:PluginPool.clear`.
Source: Retrieved code content using keyword search (bm25).
```
47 | def clear(self):
48 |         self.discovered = False
49 |         self.plugins = {}
50 |         self._clear_cached()
```

2026-09-16 22:24:25 utils.py INFO 
LiteLLM completion() model= qwen/qwen3-coder; provider = openrouter
2026-09-16 22:24:38 utils.py INFO Wrapper: Completed Call, calling success_handler
2026-09-16 22:24:38 utils.py INFO 
LiteLLM completion() model= qwen/qwen3-coder; provider = openrouter
2026-09-16 22:24:50 utils.py INFO Wrapper: Completed Call, calling success_handler
2026-09-16 22:24:50 auto_search_main.py INFO Executing code:
```
print(search_code_snippets(**{'search_terms': ['limit_visibility_in_menu.*default', 'limit_visibility_in_menu.*null', 'limit_visibility_in_menu.*blank']}))
```
2026-09-16 22:24:50 __init__.py DEBUG Building index from IDs objects
2026-09-16 22:24:51 __init__.py DEBUG Building index from IDs objects
2026-09-16 22:24:51 __init__.py DEBUG Building index from IDs objects
2026-09-16 22:24:51 __init__.py DEBUG Building index from IDs objects
2026-09-16 22:24:51 __init__.py DEBUG Building index from IDs objects
2026-09-16 22:24:52 __init__.py DEBUG Building index from IDs objects
2026-09-16 22:24:52 auto_search_main.py INFO OBSERVATION:
cms/admin/forms.py:ChangePageForm.__init__
cms/admin/forms.py:ChangePageForm
cms/admin/forms.py:ChangePageForm._language
cms/api.py:create_title
cms/cms_menus.py:get_menu_node_for_page
cms/api.py:create_page
cms/models/titlemodels.py:PageContent.has_placeholder_change_permission
cms/models/titlemodels.py:PageContent.update
cms/models/titlemodels.py:PageContent.toggle_in_navigation
cms/models/titlemodels.py:PageContent.__str__
cms/models/titlemodels.py:PageContent.save
cms/models/titlemodels.py:PageContent.Meta
cms/models/titlemodels.py:PageContent.__repr__
cms/models/titlemodels.py:PageContent
cms/models/titlemodels.py:PageContent.rescan_placeholders
cms/migrations/0001_initial.py:Migration
cms/api.py:create_page
cms/api.py:_verify_plugin_type
cms/admin/forms.py:ChangePageForm.__init__
cms/admin/forms.py:ChangePageForm
cms/admin/forms.py:ChangePageForm._language
cms/cms_menus.py:get_menu_node_for_page
cms/api.py:create_page
cms/api.py:create_title
cms/migrations/0001_initial.py:Migration
cms/models/pagemodel.py:Page
cms/models/pagemodel.py:Page.__init__
cms/models/pagemodel.py:Page.__str__
cms/models/pagemodel.py:Page.Meta
cms/admin/forms.py:ChangePageForm.__init__
cms/admin/forms.py:ChangePageForm
cms/admin/forms.py:ChangePageForm._language
cms/cms_menus.py:get_menu_node_for_page
cms/api.py:create_page
cms/api.py:create_title
cms/migrations/0001_initial.py:Migration
cms/models/pagemodel.py:Page
cms/models/pagemodel.py:Page.__init__
cms/models/pagemodel.py:Page.__str__
cms/models/pagemodel.py:Page.Meta
cms/admin/forms.py:ChangePageForm.__init__
cms/admin/forms.py:ChangePageForm
cms/admin/forms.py:ChangePageForm._language
cms/api.py:create_title
cms/cms_menus.py:get_menu_node_for_page
cms/api.py:create_page
cms/migrations/0001_initial.py:Migration
cms/models/titlemodels.py:PageContent.has_placeholder_change_permission
cms/models/titlemodels.py:PageContent.update
cms/models/titlemodels.py:PageContent.toggle_in_navigation
cms/models/titlemodels.py:PageContent.__str__
cms/models/titlemodels.py:PageContent.save
cms/models/titlemodels.py:PageContent.Meta
cms/models/titlemodels.py:PageContent.__repr__
cms/models/titlemodels.py:PageContent
cms/models/titlemodels.py:PageContent.rescan_placeholders
cms/api.py:create_page
cms/api.py:_verify_plugin_type
cms/models/permissionmodels.py:AbstractPagePermission
cms/models/permissionmodels.py:AbstractPagePermission.Meta
##Searching for term "limit_visibility_in_menu.*default"...
### Search Result:
Found `cms/migrations/0030_auto_20180810_0629.py:update_titles`.
Source: Retrieved code content using keyword search (bm25).
```
 1 | # -*- coding: utf-8 -*-
 2 | # Generated by Django 1.11.13 on 2018-08-10 10:29
 3 | from __future__ import unicode_literals
 4 | 
 5 | from django.db import migrations
 6 | 
 7 | 
 8 | def update_titles(apps, schema_editor):
 9 |     db_alias = schema_editor.connection.alias
10 |     Page = apps.get_model('cms', 'Page')
11 |     for page in Page.objects.using(db_alias):
12 |         page.title_set.update(
13 |             created_by=page.created_by,
14 |             changed_by=page.changed_by,
15 |             changed_date=page.changed_date,
16 |             in_navigation=page.in_navigation,
17 |             soft_root=page.soft_root,
18 |             limit_visibility_in_menu=page.limit_visibility_in_menu,
19 |             template=page.template,
20 |             xframe_options=page.xframe_options,
21 |         )
```



##Searching for term "limit_visibility_in_menu.*default", "limit_visibility_in_menu.*default limit_visibility_in_menu.*null limit_visibility_in_menu.*blank"...
### Search Result:
Found function `cms/utils/conf.py:default`.
Source: Retrieved entity using keyword search (bm25).
```
33 | def default(name):
34 |     def decorator(wrapped):
35 |         def wrapper():
36 |             if hasattr(settings, name):
37 |                 return getattr(settings, name)
38 |             return wrapped()
39 | 
40 |         update_wrapper(wrapper, wrapped)
41 |         return wrapped
42 | 
43 |     return decorator
```

Found function `cms/utils/encoder.py:SafeJSONEncoder.default`.
Source: Retrieved entity using keyword search (bm25).
```
26 | def default(self, o):
27 |         if isinstance(o, Promise):
28 |             return force_text(o)
29 |         return super(SafeJSONEncoder, self).default(o)
```

Found function `cms/api.py:create_title`.
Source: Retrieved code content using keyword search (bm25).
```
203 | def create_title(language, title, page, menu_title=None, slug=None,
204 |                  redirect=None, meta_description=None, parent=None,
205 |                  overwrite_url=None, page_title=None, path=None,
206 |                  created_by='python-api', soft_root=False, in_navigation=False,
207 |                  template=TEMPLATE_INHERITANCE_MAGIC,
208 |                  limit_visibility_in_menu=constants.VISIBILITY_ALL,
209 |                  xframe_options=constants.X_FRAME_OPTIONS_INHERIT):
210 |     """
211 |     Create a title.
212 | 
213 |     Parent is only used if slug=None.
214 | 
215 |     See docs/extending_cms/api_reference.rst for more info
216 |     """
217 |     # validate template
218 |     if not template == TEMPLATE_INHERITANCE_MAGIC:
219 |         assert template in [tpl[0] for tpl in get_cms_setting('TEMPLATES')]
220 |         get_template(template)
221 | 
222 |     # validate page
223 |     assert isinstance(page, Page)
224 | 
225 |     # validate language:
226 |     assert language in get_language_list(page.node.site_id)
227 | 
228 |     # validate menu visibility
229 |     accepted_limitations = (constants.VISIBILITY_ALL, constants.VISIBILITY_USERS, constants.VISIBILITY_ANONYMOUS)
230 |     assert limit_visibility_in_menu in accepted_limitations
231 | 
232 |     # set default slug:
233 |     if not slug:
234 |         base = page.get_path_for_slug(slugify(title), language)
235 |         slug = get_available_slug(page.node.site, base, language)
236 | 
237 |     if overwrite_url:
238 |         path = overwrite_url.strip('/')
239 |     elif path is None:
240 |         path = page.get_path_for_slug(slug, language)
241 | 
242 |     if created_by and isinstance(created_by, get_user_model()):
243 |         created_by = get_clean_username(created_by)
244 | 
245 |     page.urls.create(
246 |         slug=slug,
247 |         path=path,
248 |         page=page,
249 |         managed=not bool(overwrite_url),
250 |         language=language,
251 |     )
252 | 
253 |     title = PageContent.objects.create(
254 |         language=language,
255 |         title=title,
256 |         menu_title=menu_title,
257 |         page_title=page_title,
258 |         redirect=redirect,
259 |         meta_description=meta_description,
260 |         page=page,
261 |         created_by=created_by,
262 |         changed_by=created_by,
263 |         soft_root=soft_root,
264 |         in_navigation=in_navigation,
265 |         template=template,
266 |         limit_visibility_in_menu=limit_visibility_in_menu,
267 |         xframe_options=xframe_options,
268 |     )
269 |     title.rescan_placeholders()
270 | 
271 |     page_languages = page.get_languages()
272 | 
273 |     if language not in page_languages:
274 |         page.update_languages(page_languages + [language])
275 |     return title
```



##Searching for term "limit_visibility_in_menu.*default", "limit_visibility_in_menu.*null", "limit_visibility_in_menu.*blank", "limit_visibility_in_menu.*default limit_visibility_in_menu.*null limit_visibility_in_menu.*blank"...
### Search Result:
Found class `cms/admin/forms.py:ChangePageForm`.
Source: Retrieved code content using keyword search (bm25).
Just show the structure of this class due to response length limitations:
```
class ChangePageForm(BasePageContentForm):
    overwrite_url = forms.CharField(
        label=_('Overwrite URL'),
        max_length=255,
        required=False,
        help_text=_('Keep this field empty if standard path should be used.'),
    )
    soft_root = forms.BooleanField(
        label=_('Soft root'),
        required=False,
        help_text=_("All ancestors will not be displayed in the navigation"),
    )
    redirect = PageSmartLinkField(
        label=_('Redirect'),
        required=False,
        help_text=_('Redirects to this URL.'),
        placeholder_text=_('Start typing...'),
        ajax_view='admin:cms_page_get_list',
    )
    limit_visibility_in_menu = forms.TypedChoiceField(
        choices=PageContent._meta.get_field('limit_visibility_in_menu').choices,
        label=_("menu visibility"),
        help_text=_("limit when this page is visible in the menu"),
        initial=PageContent._meta.get_field('limit_visibility_in_menu').default,
        required=False,
        coerce=int,
        empty_value=None,
    )

    fieldsets = (
        (None, {
            'fields': ('title', 'slug', 'template', 'page_title', 'meta_description'),
        }),
        (_('URL options'), {
            'fields': ('overwrite_url', 'redirect'),
            'classes': ['collapse'],
        }),
        (_('Menu options'), {
            'fields': ('soft_root', 'menu_title', 'limit_visibility_in_menu'),
            'classes': ['collapse'],
        })
    )

    def __init__(self, *args, **kwargs):
...
    @cached_property
    def _language(self):
...
    def clean(self):
...
    def clean_xframe_options(self):
...
    def save(self, commit=True):

```
Hint: Search `cms/admin/forms.py:ChangePageForm` to get the full content if needed.

Found function `cms/admin/forms.py:ChangePageForm._language`.
Source: Retrieved code content using keyword search (bm25).
```
492 | def _language(self):
493 |         return self.instance.language
```

Found function `cms/cms_menus.py:get_menu_node_for_page`.
Source: Retrieved code content using keyword search (bm25).
```
 73 | def get_menu_node_for_page(renderer, page, language, fallbacks=None):
 74 |     """
 75 |     Transform a CMS page into a navigation node.
 76 | 
 77 |     :param renderer: MenuRenderer instance bound to the request
 78 |     :param page: the page you wish to transform
 79 |     :param language: The current language used to render the menu
 80 |     """
 81 |     if fallbacks is None:
 82 |         fallbacks = []
 83 | 
 84 |     # Theses are simple to port over, since they are not calculated.
 85 |     # Other attributes will be added conditionally later.
 86 |     attr = {
 87 |         'is_page': True,
 88 |         'soft_root': page.get_soft_root(language),
 89 |         'auth_required': page.login_required,
 90 |         'reverse_id': page.reverse_id,
 91 |     }
 92 | 
 93 |     limit_visibility_in_menu = page.get_limit_visibility_in_menu(language)
 94 | 
 95 |     if limit_visibility_in_menu is constants.VISIBILITY_ALL:
 96 |         attr['visible_for_authenticated'] = True
 97 |         attr['visible_for_anonymous'] = True
 98 |     else:
 99 |         attr['visible_for_authenticated'] = limit_visibility_in_menu == constants.VISIBILITY_USERS
100 |         attr['visible_for_anonymous'] = limit_visibility_in_menu == constants.VISIBILITY_ANONYMOUS
101 |     attr['is_home'] = page.is_home
102 |     # Extenders can be either navigation extenders or from apphooks.
103 |     extenders = []
104 |     if page.navigation_extenders:
105 |         if page.navigation_extenders in renderer.menus:
106 |             extenders.append(page.navigation_extenders)
107 |         elif "{0}:{1}".format(page.navigation_extenders, page.pk) in renderer.menus:
108 |             extenders.append("{0}:{1}".format(page.navigation_extenders, page.pk))
109 |     # Is this page an apphook? If so, we need to handle the apphooks's nodes
110 |     # Only run this if we have a translation in the requested language for this
111 |     # object. The title cache should have been prepopulated in CMSMenu.get_nodes
112 |     # but otherwise, just request the title normally
113 |     if page.title_cache.get(language) and page.application_urls:
114 |         # it means it is an apphook
115 |         app = apphook_pool.get_apphook(page.application_urls)
116 | 
117 |         if app:
118 |             extenders += app.get_menus(page, language)
119 |     exts = []
120 |     for ext in extenders:
121 |         if hasattr(ext, "get_instances"):
122 |             # CMSAttachMenus are treated a bit differently to allow them to be
123 |             # able to be attached to multiple points in the navigation.
124 |             exts.append("{0}:{1}".format(ext.__name__, page.pk))
125 |         elif hasattr(ext, '__name__'):
126 |             exts.append(ext.__name__)
127 |         else:
128 |             exts.append(ext)
129 |     if exts:
130 |         attr['navigation_extenders'] = exts
131 | 
132 |     for lang in [language] + fallbacks:
133 |         translation = page.title_cache[lang]
134 | 
135 |         if translation:
136 |             page_url = page.urls_cache[lang]
137 |             # Do we have a redirectURL?
138 |             attr['redirect_url'] = translation.redirect  # save redirect URL if any
139 | 
140 |             # Now finally, build the NavigationNode object and return it.
141 |             # The parent_id is manually set by the menu get_nodes method.
142 |             ret_node = CMSNavigationNode(
143 |                 title=translation.menu_title or translation.title,
144 |                 url='',
145 |                 id=page.pk,
146 |                 attr=attr,
147 |                 visible=page.get_in_navigation(translation.language),
148 |                 path=page_url.path or page_url.slug,
149 |                 language=(translation.language if translation.language != language else None),
150 |             )
151 |             return ret_node
152 |     else:
153 |         raise RuntimeError('Unable to render cms menu. There is a language misconfiguration.')
```



##Searching for term "limit_visibility_in_menu.*null"...
### Search Result:
Found `cms/migrations/0030_auto_20180810_0629.py:update_titles`.
Source: Retrieved code content using keyword search (bm25).
```
 1 | # -*- coding: utf-8 -*-
 2 | # Generated by Django 1.11.13 on 2018-08-10 10:29
 3 | from __future__ import unicode_literals
 4 | 
 5 | from django.db import migrations
 6 | 
 7 | 
 8 | def update_titles(apps, schema_editor):
 9 |     db_alias = schema_editor.connection.alias
10 |     Page = apps.get_model('cms', 'Page')
11 |     for page in Page.objects.using(db_alias):
12 |         page.title_set.update(
13 |             created_by=page.created_by,
14 |             changed_by=page.changed_by,
15 |             changed_date=page.changed_date,
16 |             in_navigation=page.in_navigation,
17 |             soft_root=page.soft_root,
18 |             limit_visibility_in_menu=page.limit_visibility_in_menu,
19 |             template=page.template,
20 |             xframe_options=page.xframe_options,
21 |         )
```

Found function `cms/cms_menus.py:get_visible_nodes`.
Source: Retrieved entity using keyword search (bm25).
```
25 | def get_visible_nodes(request, pages, site):
26 |     """
27 |      This code is basically a many-pages-at-once version of
28 |      cms.utils.page_permissions.user_can_view_page
29 |      pages contains all published pages
30 |     """
31 |     user = request.user
32 |     public_for = get_cms_setting('PUBLIC_FOR')
33 |     can_see_unrestricted = public_for == 'all' or (public_for == 'staff' and user.is_staff)
34 | 
35 |     if not user.is_authenticated and not can_see_unrestricted:
36 |         # User is not authenticated and can't see unrestricted pages,
37 |         # no need to check for page restrictions because if there's some,
38 |         # user is anon and if there is not any, user can't see unrestricted.
39 |         return []
40 | 
41 |     if user_can_view_all_pages(user, site):
42 |         return list(pages)
43 | 
44 |     restricted_pages = get_view_restrictions(pages)
45 | 
46 |     if not restricted_pages:
47 |         # If there's no restrictions, let the user see all pages
48 |         # only if he can see unrestricted, otherwise return no pages.
49 |         return list(pages) if can_see_unrestricted else []
50 | 
51 |     user_id = user.pk
52 |     user_groups = SimpleLazyObject(lambda: frozenset(user.groups.values_list('pk', flat=True)))
53 |     is_auth_user = user.is_authenticated
54 | 
55 |     def user_can_see_page(page):
56 |         page_permissions = restricted_pages.get(page.pk, [])
57 | 
58 |         if not page_permissions:
59 |             # Page has no view restrictions, fallback to the project's
60 |             # CMS_PUBLIC_FOR setting.
61 |             return can_see_unrestricted
62 | 
63 |         if not is_auth_user:
64 |             return False
65 | 
66 |         for perm in page_permissions:
67 |             if perm.user_id == user_id or perm.group_id in user_groups:
68 |                 return True
69 |         return False
70 |     return [page for page in pages if user_can_see_page(page)]
```



##Searching for term "limit_visibility_in_menu.*null", "limit_visibility_in_menu.*blank"...
### Search Result:
Found function `cms/models/pagemodel.py:Page.get_limit_visibility_in_menu`.
Source: Retrieved entity using keyword search (bm25).
```
1060 | def get_limit_visibility_in_menu(self, language=None, fallback=True, force_reload=False):
1061 |         return self.get_page_content_obj_attribute("limit_visibility_in_menu", language, fallback, force_reload)
```

Found function `cms/api.py:create_page`.
Source: Retrieved code content using keyword search (bm25).
```
101 | def create_page(title, template, language, menu_title=None, slug=None,
102 |                 apphook=None, apphook_namespace=None, redirect=None, meta_description=None,
103 |                 created_by='python-api', parent=None,
104 |                 publication_date=None, publication_end_date=None,
105 |                 in_navigation=False, soft_root=False, reverse_id=None,
106 |                 navigation_extenders=None, published=None, site=None,
107 |                 login_required=False, limit_visibility_in_menu=constants.VISIBILITY_ALL,
108 |                 position="last-child", overwrite_url=None,
109 |                 xframe_options=constants.X_FRAME_OPTIONS_INHERIT):
110 |     """
111 |     Create a CMS Page and it's title for the given language
112 | 
113 |     See docs/extending_cms/api_reference.rst for more info
114 |     """
115 |     if published != None:
116 |         warnings.warn('This API function no longer accepts a published argument', UserWarning)
117 | 
118 |     # validate template
119 |     if not template == TEMPLATE_INHERITANCE_MAGIC:
120 |         assert template in [tpl[0] for tpl in get_cms_setting('TEMPLATES')]
121 |         get_template(template)
122 | 
123 |     # validate site
124 |     if not site:
125 |         site = get_current_site()
126 |     else:
127 |         assert isinstance(site, Site)
128 | 
129 |     # validate language:
130 |     assert language in get_language_list(site), get_cms_setting('LANGUAGES').get(site.pk)
131 | 
132 |     # validate parent
133 |     if parent:
134 |         assert isinstance(parent, Page)
135 | 
136 |     if navigation_extenders:
137 |         raw_menus = menu_pool.get_menus_by_attribute("cms_enabled", True)
138 |         menus = [menu[0] for menu in raw_menus]
139 |         assert navigation_extenders in menus
140 | 
141 |     # validate menu visibility
142 |     accepted_limitations = (constants.VISIBILITY_ALL, constants.VISIBILITY_USERS, constants.VISIBILITY_ANONYMOUS)
143 |     assert limit_visibility_in_menu in accepted_limitations
144 | 
145 |     # validate position
146 |     assert position in ('last-child', 'first-child', 'left', 'right')
147 |     target_node = parent.node if parent else None
148 | 
149 |     # validate and normalize apphook
150 |     if apphook:
151 |         application_urls = _verify_apphook(apphook, apphook_namespace)
152 |     else:
153 |         application_urls = None
154 | 
155 |     # ugly permissions hack
156 |     if created_by and isinstance(created_by, get_user_model()):
157 |         _thread_locals.user = created_by
158 |         created_by = get_clean_username(created_by)
159 |     else:
160 |         _thread_locals.user = None
161 | 
162 |     if reverse_id:
163 |         if Page.objects.filter(reverse_id=reverse_id, node__site=site).exists():
164 |             raise FieldError('A page with the reverse_id="%s" already exist.' % reverse_id)
165 | 
166 |     page = Page(
167 |         created_by=created_by,
168 |         changed_by=created_by,
169 |         reverse_id=reverse_id,
170 |         navigation_extenders=navigation_extenders,
171 |         application_urls=application_urls,
172 |         application_namespace=apphook_namespace,
173 |         login_required=login_required,
174 |     )
175 |     page.set_tree_node(site=site, target=target_node, position=position)
176 |     page.save()
177 | 
178 |     create_title(
179 |         language=language,
180 |         title=title,
181 |         menu_title=menu_title,
182 |         slug=slug,
183 |         created_by=created_by,
184 |         redirect=redirect,
185 |         meta_description=meta_description,
186 |         page=page,
187 |         overwrite_url=overwrite_url,
188 |         soft_root=soft_root,
189 |         in_navigation=in_navigation,
190 |         template=template,
191 |         limit_visibility_in_menu=limit_visibility_in_menu,
192 |         xframe_options=xframe_options,
193 |     )
194 | 
195 |     if parent and position in ('last-child', 'first-child'):
196 |         parent._clear_node_cache()
197 | 
198 |     del _thread_locals.user
199 |     return page
```

Found file `menus/__init__.py`.
Source: Retrieved entity using keyword search (bm25).
Hint: Search `menus/__init__.py` for the full content if needed.



##Searching for term "limit_visibility_in_menu.*blank"...
### Search Result:
Found `cms/migrations/0030_auto_20180810_0629.py:update_titles`.
Source: Retrieved code content using keyword search (bm25).
```
 1 | # -*- coding: utf-8 -*-
 2 | # Generated by Django 1.11.13 on 2018-08-10 10:29
 3 | from __future__ import unicode_literals
 4 | 
 5 | from django.db import migrations
 6 | 
 7 | 
 8 | def update_titles(apps, schema_editor):
 9 |     db_alias = schema_editor.connection.alias
10 |     Page = apps.get_model('cms', 'Page')
11 |     for page in Page.objects.using(db_alias):
12 |         page.title_set.update(
13 |             created_by=page.created_by,
14 |             changed_by=page.changed_by,
15 |             changed_date=page.changed_date,
16 |             in_navigation=page.in_navigation,
17 |             soft_root=page.soft_root,
18 |             limit_visibility_in_menu=page.limit_visibility_in_menu,
19 |             template=page.template,
20 |             xframe_options=page.xframe_options,
21 |         )
```

Found file `menus/migrations/__init__.py`.
Source: Retrieved entity using keyword search (bm25).
Hint: Search `menus/migrations/__init__.py` for the full content if needed.



##Searching for term "limit_visibility_in_menu.*default limit_visibility_in_menu.*null limit_visibility_in_menu.*blank"...
### Search Result:
Found `cms/migrations/0030_auto_20180810_0629.py:update_titles`.
Source: Retrieved code content using keyword search (bm25).
```
 1 | # -*- coding: utf-8 -*-
 2 | # Generated by Django 1.11.13 on 2018-08-10 10:29
 3 | from __future__ import unicode_literals
 4 | 
 5 | from django.db import migrations
 6 | 
 7 | 
 8 | def update_titles(apps, schema_editor):
 9 |     db_alias = schema_editor.connection.alias
10 |     Page = apps.get_model('cms', 'Page')
11 |     for page in Page.objects.using(db_alias):
12 |         page.title_set.update(
13 |             created_by=page.created_by,
14 |             changed_by=page.changed_by,
15 |             changed_date=page.changed_date,
16 |             in_navigation=page.in_navigation,
17 |             soft_root=page.soft_root,
18 |             limit_visibility_in_menu=page.limit_visibility_in_menu,
19 |             template=page.template,
20 |             xframe_options=page.xframe_options,
21 |         )
```

2026-09-16 22:24:52 utils.py INFO 
LiteLLM completion() model= qwen/qwen3-coder; provider = openrouter
2026-09-16 22:25:11 utils.py INFO Wrapper: Completed Call, calling success_handler
2026-09-16 22:25:11 utils.py INFO 
LiteLLM completion() model= qwen/qwen3-coder; provider = openrouter
2026-09-16 22:25:25 utils.py INFO Wrapper: Completed Call, calling success_handler
2026-09-16 22:25:25 auto_search_main.py INFO Executing code:
```
print(get_entity_contents(**{'entity_names': ['cms/models/titlemodels.py:PageContent']}))
```
2026-09-16 22:25:25 auto_search_main.py INFO OBSERVATION:
##Searching for entity `cms/models/titlemodels.py:PageContent`...
### Search Result:
Found class `cms/models/titlemodels.py:PageContent`.
Source: Exact match found for entity name `cms/models/titlemodels.py:PageContent`.
```
 15 | class PageContent(models.Model):
 16 |     LIMIT_VISIBILITY_IN_MENU_CHOICES = (
 17 |         (constants.VISIBILITY_USERS, _('for logged in users only')),
 18 |         (constants.VISIBILITY_ANONYMOUS, _('for anonymous users only')),
 19 |     )
 20 |     TEMPLATE_DEFAULT = constants.TEMPLATE_INHERITANCE_MAGIC if get_cms_setting('TEMPLATE_INHERITANCE') else get_cms_setting('TEMPLATES')[0][0]
 21 | 
 22 |     X_FRAME_OPTIONS_CHOICES = (
 23 |         (constants.X_FRAME_OPTIONS_INHERIT, _('Inherit from parent page')),
 24 |         (constants.X_FRAME_OPTIONS_DENY, _('Deny')),
 25 |         (constants.X_FRAME_OPTIONS_SAMEORIGIN, _('Only this website')),
 26 |         (constants.X_FRAME_OPTIONS_ALLOW, _('Allow'))
 27 |     )
 28 | 
 29 |     template_choices = [(x, _(y)) for x, y in get_cms_setting('TEMPLATES')]
 30 | 
 31 |     # These are the fields whose values are compared when saving
 32 |     # a PageContent object to know if it has changed.
 33 |     editable_fields = [
 34 |         'title',
 35 |         'redirect',
 36 |         'page_title',
 37 |         'menu_title',
 38 |         'meta_description',
 39 |     ]
 40 | 
 41 |     language = models.CharField(_("language"), max_length=15, db_index=True)
 42 |     title = models.CharField(_("title"), max_length=255)
 43 |     page_title = models.CharField(_("title"), max_length=255, blank=True, null=True,
 44 |                                   help_text=_("overwrite the title (html title tag)"))
 45 |     menu_title = models.CharField(_("title"), max_length=255, blank=True, null=True,
 46 |                                   help_text=_("overwrite the title in the menu"))
 47 |     meta_description = models.TextField(_("description"), blank=True, null=True,
 48 |                                         help_text=_("The text displayed in search engines."))
 49 |     redirect = models.CharField(_("redirect"), max_length=2048, blank=True, null=True)
 50 |     page = models.ForeignKey(Page, on_delete=models.CASCADE, verbose_name=_("page"), related_name="pagecontent_set")
 51 |     creation_date = models.DateTimeField(_("creation date"), editable=False, default=timezone.now)
 52 |     # Placeholders (plugins)
 53 |     placeholders = PlaceholderRelationField()
 54 | 
 55 |     created_by = models.CharField(
 56 |         _("created by"), max_length=constants.PAGE_USERNAME_MAX_LENGTH,
 57 |         editable=False)
 58 |     changed_by = models.CharField(
 59 |         _("changed by"), max_length=constants.PAGE_USERNAME_MAX_LENGTH,
 60 |         editable=False)
 61 |     changed_date = models.DateTimeField(auto_now=True)
 62 | 
 63 |     in_navigation = models.BooleanField(_("in navigation"), default=True, db_index=True)
 64 |     soft_root = models.BooleanField(_("soft root"), db_index=True, default=False,
 65 |                                     help_text=_("All ancestors will not be displayed in the navigation"))
 66 |     template = models.CharField(_("template"), max_length=100, choices=template_choices,
 67 |                                 help_text=_('The template used to render the content.'),
 68 |                                 default=TEMPLATE_DEFAULT)
 69 |     limit_visibility_in_menu = models.SmallIntegerField(_("menu visibility"), default=None, null=True, blank=True,
 70 |                                                         choices=LIMIT_VISIBILITY_IN_MENU_CHOICES, db_index=True,
 71 |                                                         help_text=_("limit when this page is visible in the menu"))
 72 | 
 73 |     # X Frame Options for clickjacking protection
 74 |     xframe_options = models.IntegerField(
 75 |         choices=X_FRAME_OPTIONS_CHOICES,
 76 |         default=get_cms_setting('DEFAULT_X_FRAME_OPTIONS'),
 77 |     )
 78 | 
 79 |     objects = PageContentManager()
 80 | 
 81 |     class Meta:
 82 |         default_permissions = []
 83 |         unique_together = (('language', 'page'),)
 84 |         app_label = 'cms'
 85 | 
 86 |     def __str__(self):
 87 |         return u"%s (%s)" % (self.title, self.language)
 88 | 
 89 |     def __repr__(self):
 90 |         display = '<{module}.{class_name} id={id} object at {location}>'.format(
 91 |             module=self.__module__,
 92 |             class_name=self.__class__.__name__,
 93 |             id=self.pk,
 94 |             location=hex(id(self)),
 95 |         )
 96 |         return display
 97 | 
 98 |     def update(self, **data):
 99 |         cls = self.__class__
100 |         cls.objects.filter(pk=self.pk).update(**data)
101 | 
102 |         for field, value in data.items():
103 |             setattr(self, field, value)
104 |         return
105 | 
106 |     def save(self, **kwargs):
107 |         # delete template cache
108 |         if hasattr(self, '_template_cache'):
109 |             delattr(self, '_template_cache')
110 |         super(PageContent, self).save(**kwargs)
111 | 
112 |     def toggle_in_navigation(self, set_to=None):
113 |         '''
114 |         Toggles (or sets) in_navigation and invalidates the cms page cache
115 |         '''
116 |         old = bool(self.in_navigation)
117 | 
118 |         if set_to in [True, False]:
119 |             new = set_to
120 |         else:
121 |             new = not old
122 | 
123 |         self.update(in_navigation=new)
124 | 
125 |         # If there was a change, invalidate the cms page cache
126 |         if new != old:
127 |             self.page.clear_cache()
128 |         return new
129 | 
130 |     def has_placeholder_change_permission(self, user):
131 |         return self.page.has_change_permission(user)
132 | 
133 |     def rescan_placeholders(self):
134 |         """
135 |         Rescan and if necessary create placeholders in the current template.
136 |         """
137 |         from cms.utils.placeholder import rescan_placeholders_for_obj
138 | 
139 |         return rescan_placeholders_for_obj(self)
140 | 
141 |     def get_placeholders(self):
142 |         if not hasattr(self, '_placeholder_cache'):
143 |             self._placeholder_cache = self.placeholders.all()
144 |         return self._placeholder_cache
145 | 
146 |     def get_ancestor_titles(self):
147 |         return PageContent.objects.filter(
148 |             page__in=self.page.get_ancestor_pages(),
149 |             language=self.language,
150 |         )
151 | 
152 |     def get_template(self):
153 |         """
154 |         get the template of this page if defined or if closer parent if
155 |         defined or DEFAULT_PAGE_TEMPLATE otherwise
156 |         """
157 |         if hasattr(self, '_template_cache'):
158 |             return self._template_cache
159 | 
160 |         if self.template != constants.TEMPLATE_INHERITANCE_MAGIC:
161 |             self._template_cache = self.template or get_cms_setting('TEMPLATES')[0][0]
162 |             return self._template_cache
163 | 
164 |         templates = (
165 |             self
166 |             .get_ancestor_titles()
167 |             .exclude(template=constants.TEMPLATE_INHERITANCE_MAGIC)
168 |             .order_by('-page__node__path')
169 |             .values_list('template', flat=True)
170 |         )
171 | 
172 |         try:
173 |             self._template_cache = templates[0]
174 |         except IndexError:
175 |             self._template_cache = get_cms_setting('TEMPLATES')[0][0]
176 |         return self._template_cache
177 | 
178 |     def get_template_name(self):
179 |         """
180 |         get the textual name (2nd parameter in get_cms_setting('TEMPLATES'))
181 |         of the template of this title. failing to find that, return the
182 |         name of the default template.
183 |         """
184 |         template = self.get_template()
185 |         for t in get_cms_setting('TEMPLATES'):
186 |             if t[0] == template:
187 |                 return t[1]
188 |         return _("default")
189 | 
190 |     def get_xframe_options(self):
191 |         """ Finds X_FRAME_OPTION from tree if inherited """
192 |         xframe_options = self.xframe_options or constants.X_FRAME_OPTIONS_INHERIT
193 | 
194 |         if xframe_options != constants.X_FRAME_OPTIONS_INHERIT:
195 |             return xframe_options
196 | 
197 |         # Ignore those pages which just inherit their value
198 |         ancestors = self.get_ancestor_titles().order_by('-page__node__path')
199 |         ancestors = ancestors.exclude(xframe_options=constants.X_FRAME_OPTIONS_INHERIT)
200 | 
201 |         # Now just give me the clickjacking setting (not anything else)
202 |         xframe_options = ancestors.values_list('xframe_options', flat=True)
203 | 
204 |         try:
205 |             return xframe_options[0]
206 |         except IndexError:
207 |             return None
208 | 
209 |     def get_absolute_url(self, language=None):
210 |         return self.page.get_absolute_url(language=language)
```

2026-09-16 22:25:25 utils.py INFO 
LiteLLM completion() model= qwen/qwen3-coder; provider = openrouter
2026-09-16 22:25:38 utils.py INFO Wrapper: Completed Call, calling success_handler
2026-09-16 22:25:38 auto_search_main.py INFO Executing code:
```
print(get_entity_contents(**{'entity_names': ['cms/constants.py']}))
```
2026-09-16 22:25:38 auto_search_main.py INFO OBSERVATION:
##Searching for entity `cms/constants.py`...
### Search Result:
Found file `cms/constants.py`.
Source: Exact match found for entity name `cms/constants.py`.
```
 1 | # -*- coding: utf-8 -*-
 2 | 
 3 | TEMPLATE_INHERITANCE_MAGIC = 'INHERIT'
 4 | REFRESH_PAGE = 'REFRESH_PAGE'
 5 | FOLLOW_REDIRECT = 'FOLLOW_REDIRECT'
 6 | URL_CHANGE = 'URL_CHANGE'
 7 | RIGHT = object() # this is a trick so "foo is RIGHT" will only ever work for this, same goes for LEFT.
 8 | LEFT = object()
 9 | 
10 | PAGE_TYPES_ID = "page_types"
11 | PAGE_TREE_POSITIONS = ('last-child', 'first-child', 'left', 'right')
12 | 
13 | VISIBILITY_ALL = None
14 | VISIBILITY_USERS = 1
15 | VISIBILITY_ANONYMOUS = 2
16 | 
17 | X_FRAME_OPTIONS_INHERIT = 0
18 | X_FRAME_OPTIONS_DENY = 1
19 | X_FRAME_OPTIONS_SAMEORIGIN = 2
20 | X_FRAME_OPTIONS_ALLOW = 3
21 | 
22 | PAGE_USERNAME_MAX_LENGTH = 255
23 | 
24 | SLUG_REGEXP = '[0-9A-Za-z-_.//]+'
25 | 
26 | EXPIRE_NOW = 0
27 | # HTTP Specification says max caching should only be up to one year.
28 | MAX_EXPIRATION_TTL = 365 * 24 * 3600
29 | 
30 | PLUGIN_TOOLBAR_JS = "CMS._plugins.push([\"cms-plugin-%(pk)s\", %(config)s]);\n"
31 | 
32 | PLACEHOLDER_TOOLBAR_JS = "CMS._plugins.push([\"cms-placeholder-%(pk)s\", %(config)s]);"
33 | 
34 | # In the permissions system we use user levels to determine
35 | # the depth in which the user has permissions.
36 | # This constant represents a user that can see pages at all depths.
37 | ROOT_USER_LEVEL = -1
38 | 
39 | GRANT_ALL_PERMISSIONS = 'All'
40 | 
41 | PUBLISH_COMMENT = "Publish"
42 | 
43 | SCRIPT_USERNAME = 'script'
44 | 
45 | CMS_CONFIG_NAME = 'cms_config'
46 | 
```

2026-09-16 22:25:38 utils.py INFO 
LiteLLM completion() model= qwen/qwen3-coder; provider = openrouter
2026-09-16 22:25:52 utils.py INFO Wrapper: Completed Call, calling success_handler
2026-09-16 22:25:52 auto_search_main.py INFO Executing code:
```
print(get_entity_contents(**{'entity_names': ['cms/admin/forms.py:ChangePageForm']}))
```
2026-09-16 22:25:52 auto_search_main.py INFO OBSERVATION:
##Searching for entity `cms/admin/forms.py:ChangePageForm`...
### Search Result:
Found class `cms/admin/forms.py:ChangePageForm`.
Source: Exact match found for entity name `cms/admin/forms.py:ChangePageForm`.
```
437 | class ChangePageForm(BasePageContentForm):
438 |     overwrite_url = forms.CharField(
439 |         label=_('Overwrite URL'),
440 |         max_length=255,
441 |         required=False,
442 |         help_text=_('Keep this field empty if standard path should be used.'),
443 |     )
444 |     soft_root = forms.BooleanField(
445 |         label=_('Soft root'),
446 |         required=False,
447 |         help_text=_("All ancestors will not be displayed in the navigation"),
448 |     )
449 |     redirect = PageSmartLinkField(
450 |         label=_('Redirect'),
451 |         required=False,
452 |         help_text=_('Redirects to this URL.'),
453 |         placeholder_text=_('Start typing...'),
454 |         ajax_view='admin:cms_page_get_list',
455 |     )
456 |     limit_visibility_in_menu = forms.TypedChoiceField(
457 |         choices=PageContent._meta.get_field('limit_visibility_in_menu').choices,
458 |         label=_("menu visibility"),
459 |         help_text=_("limit when this page is visible in the menu"),
460 |         initial=PageContent._meta.get_field('limit_visibility_in_menu').default,
461 |         required=False,
462 |         coerce=int,
463 |         empty_value=None,
464 |     )
465 | 
466 |     fieldsets = (
467 |         (None, {
468 |             'fields': ('title', 'slug', 'template', 'page_title', 'meta_description'),
469 |         }),
470 |         (_('URL options'), {
471 |             'fields': ('overwrite_url', 'redirect'),
472 |             'classes': ['collapse'],
473 |         }),
474 |         (_('Menu options'), {
475 |             'fields': ('soft_root', 'menu_title', 'limit_visibility_in_menu'),
476 |             'classes': ['collapse'],
477 |         })
478 |     )
479 | 
480 |     def __init__(self, *args, **kwargs):
481 |         super(ChangePageForm, self).__init__(*args, **kwargs)
482 | 
483 |         self.url_obj = self.instance.page.get_url(self._language)
484 |         self.fields['slug'].initial = self.url_obj.slug
485 |         self.fields['redirect'].widget.language = self._language
486 |         self.fields['redirect'].initial = self.instance.redirect
487 | 
488 |         if not self.url_obj.managed:
489 |             self.fields['overwrite_url'].initial = self.url_obj.path
490 | 
491 |     @cached_property
492 |     def _language(self):
493 |         return self.instance.language
494 | 
495 |     def clean(self):
496 |         data = super(ChangePageForm, self).clean()
497 | 
498 |         if self._errors:
499 |             # Form already has errors, best to let those be
500 |             # addressed first.
501 |             return data
502 | 
503 |         page = self.instance.page
504 | 
505 |         if page.is_home:
506 |             data['path'] = ''
507 |             return data
508 | 
509 |         slug = data['slug']
510 |         path_override = self.cleaned_data.get('overwrite_url')
511 |         parent_page = page.parent_page
512 | 
513 |         if path_override:
514 |             path = path_override.strip('/')
515 |         elif parent_page and parent_page.is_home:
516 |             path = slug
517 |         elif parent_page:
518 |             base_path = parent_page.get_path(self._language)
519 |             path = u'%s/%s' % (base_path, slug) if base_path else None
520 |         else:
521 |             path = slug
522 | 
523 |         if path is None:
524 |             data['path'] = None
525 |             return data
526 | 
527 |         user_language = get_site_language_from_request(self._request, site_id=self._site.pk)
528 | 
529 |         try:
530 |             # Validate the url
531 |             validate_url_uniqueness(
532 |                 self._site,
533 |                 path=path,
534 |                 language=self._language,
535 |                 user_language=user_language,
536 |                 exclude_page=page,
537 |             )
538 |         except ValidationError as error:
539 |             field = 'overwrite_url' if path_override else 'slug'
540 |             self.add_error(field, error)
541 |         else:
542 |             data['path'] = path
543 |         return data
544 | 
545 |     def clean_xframe_options(self):
546 |         if 'xframe_options' not in self.fields:
547 |             return  # nothing to do, field isn't present
548 | 
549 |         xframe_options = self.cleaned_data['xframe_options']
550 | 
551 |         if xframe_options == '':
552 |             return PageContent._meta.get_field('xframe_options').default
553 |         return xframe_options
554 | 
555 |     def save(self, commit=True):
556 |         operation_token = send_pre_page_operation(
557 |             request=self._request,
558 |             operation=CHANGE_PAGE_TRANSLATION,
559 |             language=self._language,
560 |         )
561 | 
562 |         data = self.cleaned_data.copy()
563 |         page = self.instance.page
564 |         page_slug = data.pop('slug', None)
565 |         page_path = data.pop('path', None)
566 |         page_overwrite_url = data.pop('overwrite_url', None)
567 |         page_content = super(ChangePageForm, self).save(commit=False)
568 |         page_content.update(
569 |             changed_by=get_clean_username(self._request.user),
570 |             changed_date=timezone.now(),
571 |             **data
572 |         )
573 |         page.update_urls(
574 |             self._language,
575 |             path=page_path,
576 |             slug=page_slug,
577 |             managed=not bool(page_overwrite_url),
578 |         )
579 |         page._update_url_path_recursive(self._language)
580 |         page.clear_cache(menu=True)
581 | 
582 |         if page.application_urls and 'slug' in self.changed_data:
583 |             # Connects the apphook restart handler to the request finished signal
584 |             set_restart_trigger()
585 |         send_post_page_operation(
586 |             request=self._request,
587 |             operation=CHANGE_PAGE_TRANSLATION,
588 |             token=operation_token,
589 |             obj=page,
590 |             language=self._language,
591 |         )
592 |         return page_content
```

2026-09-16 22:25:52 utils.py INFO 
LiteLLM completion() model= qwen/qwen3-coder; provider = openrouter
2026-09-16 22:26:08 utils.py INFO Wrapper: Completed Call, calling success_handler
2026-09-16 22:26:08 utils.py INFO 
LiteLLM completion() model= qwen/qwen3-coder; provider = openrouter
2026-09-16 22:26:28 utils.py INFO Wrapper: Completed Call, calling success_handler
2026-09-16 22:26:28 auto_search_main.py INFO Executing code:
```
print(search_code_snippets(**{'search_terms': ['limit_visibility_in_menu.*save', 'limit_visibility_in_menu.* None']}))
```
2026-09-16 22:26:28 __init__.py DEBUG Building index from IDs objects
2026-09-16 22:26:28 __init__.py DEBUG Building index from IDs objects
2026-09-16 22:26:29 __init__.py DEBUG Building index from IDs objects
2026-09-16 22:26:29 __init__.py DEBUG Building index from IDs objects
2026-09-16 22:26:29 auto_search_main.py INFO OBSERVATION:
cms/api.py:create_page
cms/admin/forms.py:ChangePageForm.__init__
cms/admin/forms.py:ChangePageForm
cms/admin/forms.py:ChangePageForm._language
cms/cms_menus.py:get_menu_node_for_page
cms/api.py:create_title
cms/models/titlemodels.py:PageContent.has_placeholder_change_permission
cms/models/titlemodels.py:PageContent.update
cms/models/titlemodels.py:PageContent.toggle_in_navigation
cms/models/titlemodels.py:PageContent.__str__
cms/models/titlemodels.py:PageContent.save
cms/models/titlemodels.py:PageContent.Meta
cms/models/titlemodels.py:PageContent.__repr__
cms/models/titlemodels.py:PageContent
cms/models/titlemodels.py:PageContent.rescan_placeholders
cms/admin/forms.py:GenericCmsPermissionForm.populate_initials
cms/admin/forms.py:GenericCmsPermissionForm.save
cms/api.py:create_page
cms/api.py:_verify_plugin_type
cms/admin/forms.py:PageUserAddForm
cms/admin/forms.py:PageUserAddForm.get_subordinates
cms/admin/forms.py:PageUserAddForm.__init__
cms/admin/forms.py:PageUserAddForm.Meta
cms/admin/forms.py:PageUserAddForm.save
cms/api.py:create_page
cms/api.py:create_title
cms/admin/forms.py:ChangePageForm.__init__
cms/admin/forms.py:ChangePageForm
cms/admin/forms.py:ChangePageForm._language
cms/cms_menus.py:get_menu_node_for_page
cms/api.py:create_page
cms/api.py:_verify_plugin_type
cms/models/pagemodel.py:Page.rescan_placeholders
cms/models/pagemodel.py:Page.get_soft_root
cms/models/pagemodel.py:Page.get_in_navigation
cms/models/pagemodel.py:Page.get_xframe_options
cms/models/pagemodel.py:Page.reload
cms/models/pagemodel.py:Page.get_declared_placeholders
cms/models/pagemodel.py:Page.get_limit_visibility_in_menu
cms/models/titlemodels.py:PageContent.has_placeholder_change_permission
cms/models/titlemodels.py:PageContent.update
cms/models/titlemodels.py:PageContent.toggle_in_navigation
cms/models/titlemodels.py:PageContent.__str__
cms/models/titlemodels.py:PageContent.save
cms/models/titlemodels.py:PageContent.Meta
cms/models/titlemodels.py:PageContent.__repr__
cms/models/titlemodels.py:PageContent
cms/models/titlemodels.py:PageContent.rescan_placeholders
cms/api.py:create_page
cms/api.py:create_title
cms/admin/forms.py:ChangePageForm.__init__
cms/admin/forms.py:ChangePageForm
cms/admin/forms.py:ChangePageForm._language
cms/cms_menus.py:get_menu_node_for_page
cms/api.py:create_page
cms/api.py:_verify_plugin_type
cms/models/titlemodels.py:PageContent.has_placeholder_change_permission
cms/models/titlemodels.py:PageContent.update
cms/models/titlemodels.py:PageContent.toggle_in_navigation
cms/models/titlemodels.py:PageContent.__str__
cms/models/titlemodels.py:PageContent.save
cms/models/titlemodels.py:PageContent.Meta
cms/models/titlemodels.py:PageContent.__repr__
cms/models/titlemodels.py:PageContent
cms/models/titlemodels.py:PageContent.rescan_placeholders
cms/models/pagemodel.py:Page.rescan_placeholders
cms/models/pagemodel.py:Page.get_soft_root
cms/models/pagemodel.py:Page.get_in_navigation
cms/models/pagemodel.py:Page.get_xframe_options
cms/models/pagemodel.py:Page.reload
cms/models/pagemodel.py:Page.get_declared_placeholders
cms/models/pagemodel.py:Page.get_limit_visibility_in_menu
##Searching for term "limit_visibility_in_menu.*save"...
### Search Result:
Found `cms/migrations/0030_auto_20180810_0629.py:update_titles`.
Source: Retrieved code content using keyword search (bm25).
```
 1 | # -*- coding: utf-8 -*-
 2 | # Generated by Django 1.11.13 on 2018-08-10 10:29
 3 | from __future__ import unicode_literals
 4 | 
 5 | from django.db import migrations
 6 | 
 7 | 
 8 | def update_titles(apps, schema_editor):
 9 |     db_alias = schema_editor.connection.alias
10 |     Page = apps.get_model('cms', 'Page')
11 |     for page in Page.objects.using(db_alias):
12 |         page.title_set.update(
13 |             created_by=page.created_by,
14 |             changed_by=page.changed_by,
15 |             changed_date=page.changed_date,
16 |             in_navigation=page.in_navigation,
17 |             soft_root=page.soft_root,
18 |             limit_visibility_in_menu=page.limit_visibility_in_menu,
19 |             template=page.template,
20 |             xframe_options=page.xframe_options,
21 |         )
```



##Searching for term "limit_visibility_in_menu.*save", "limit_visibility_in_menu.*save limit_visibility_in_menu.* None"...
### Search Result:
Found function `cms/admin/forms.py:AdvancedSettingsForm.save`.
Source: Retrieved entity using keyword search (bm25).
```
779 | def save(self, *args, **kwargs):
780 |         page = super(AdvancedSettingsForm, self).save(*args, **kwargs)
781 |         page.clear_cache(menu=True)
782 |         clear_permission_cache()
783 | 
784 |         if self.has_changed_apphooks():
785 |             set_restart_trigger()
786 |         return page
```

Found function `cms/admin/forms.py:PageUserAddForm.save`.
Source: Retrieved entity using keyword search (bm25).
```
1186 | def save(self, commit=True):
1187 |         user = self.cleaned_data['user']
1188 |         instance = super(PageUserAddForm, self).save(commit=False)
1189 |         instance.created_by = self._current_user
1190 | 
1191 |         for field in user._meta.fields:
1192 |             # assign all the fields - we can do this, because object is
1193 |             # subclassing User (one to one relation)
1194 |             value = getattr(user, field.name)
1195 |             setattr(instance, field.name, value)
1196 | 
1197 |         if commit:
1198 |             instance.save()
1199 |         return instance
```

Found function `cms/forms/wizards.py:CreateCMSPageForm.save`.
Source: Retrieved entity using keyword search (bm25).
```
155 | def save(self, **kwargs):
156 |         from cms.api import add_plugin
157 | 
158 |         new_translation = super(CreateCMSPageForm, self).save(**kwargs)
159 |         new_page = new_translation.page
160 | 
161 |         if self.cleaned_data.get("page_type"):
162 |             return new_page
163 | 
164 |         # If the user provided content, then use that instead.
165 |         content = self.cleaned_data.get('content')
166 |         plugin_type = get_cms_setting('PAGE_WIZARD_CONTENT_PLUGIN')
167 |         plugin_body = get_cms_setting('PAGE_WIZARD_CONTENT_PLUGIN_BODY')
168 |         slot = get_cms_setting('PAGE_WIZARD_CONTENT_PLACEHOLDER')
169 | 
170 |         if plugin_type in plugin_pool.plugins and plugin_body:
171 |             if content and permissions.has_plugin_permission(
172 |                     self._user, plugin_type, "add"):
173 |                 placeholder = self.get_placeholder(new_translation, slot=slot)
174 |                 if placeholder:
175 |                     opts = {
176 |                         'placeholder': placeholder,
177 |                         'plugin_type': plugin_type,
178 |                         'language': self.language_code,
179 |                         plugin_body: content,
180 |                     }
181 |                     add_plugin(**opts)
182 |         return new_page
```



##Searching for term "limit_visibility_in_menu.*save", "limit_visibility_in_menu.* None", "limit_visibility_in_menu.*save limit_visibility_in_menu.* None"...
### Search Result:
Found class `cms/admin/forms.py:ChangePageForm`.
Source: Retrieved code content using keyword search (bm25).
Just show the structure of this class due to response length limitations:
```
class ChangePageForm(BasePageContentForm):
    overwrite_url = forms.CharField(
        label=_('Overwrite URL'),
        max_length=255,
        required=False,
        help_text=_('Keep this field empty if standard path should be used.'),
    )
    soft_root = forms.BooleanField(
        label=_('Soft root'),
        required=False,
        help_text=_("All ancestors will not be displayed in the navigation"),
    )
    redirect = PageSmartLinkField(
        label=_('Redirect'),
        required=False,
        help_text=_('Redirects to this URL.'),
        placeholder_text=_('Start typing...'),
        ajax_view='admin:cms_page_get_list',
    )
    limit_visibility_in_menu = forms.TypedChoiceField(
        choices=PageContent._meta.get_field('limit_visibility_in_menu').choices,
        label=_("menu visibility"),
        help_text=_("limit when this page is visible in the menu"),
        initial=PageContent._meta.get_field('limit_visibility_in_menu').default,
        required=False,
        coerce=int,
        empty_value=None,
    )

    fieldsets = (
        (None, {
            'fields': ('title', 'slug', 'template', 'page_title', 'meta_description'),
        }),
        (_('URL options'), {
            'fields': ('overwrite_url', 'redirect'),
            'classes': ['collapse'],
        }),
        (_('Menu options'), {
            'fields': ('soft_root', 'menu_title', 'limit_visibility_in_menu'),
            'classes': ['collapse'],
        })
    )

    def __init__(self, *args, **kwargs):
...
    @cached_property
    def _language(self):
...
    def clean(self):
...
    def clean_xframe_options(self):
...
    def save(self, commit=True):

```
Hint: Search `cms/admin/forms.py:ChangePageForm` to get the full content if needed.

Found function `cms/api.py:create_page`.
Source: Retrieved code content using keyword search (bm25).
```
101 | def create_page(title, template, language, menu_title=None, slug=None,
102 |                 apphook=None, apphook_namespace=None, redirect=None, meta_description=None,
103 |                 created_by='python-api', parent=None,
104 |                 publication_date=None, publication_end_date=None,
105 |                 in_navigation=False, soft_root=False, reverse_id=None,
106 |                 navigation_extenders=None, published=None, site=None,
107 |                 login_required=False, limit_visibility_in_menu=constants.VISIBILITY_ALL,
108 |                 position="last-child", overwrite_url=None,
109 |                 xframe_options=constants.X_FRAME_OPTIONS_INHERIT):
110 |     """
111 |     Create a CMS Page and it's title for the given language
112 | 
113 |     See docs/extending_cms/api_reference.rst for more info
114 |     """
115 |     if published != None:
116 |         warnings.warn('This API function no longer accepts a published argument', UserWarning)
117 | 
118 |     # validate template
119 |     if not template == TEMPLATE_INHERITANCE_MAGIC:
120 |         assert template in [tpl[0] for tpl in get_cms_setting('TEMPLATES')]
121 |         get_template(template)
122 | 
123 |     # validate site
124 |     if not site:
125 |         site = get_current_site()
126 |     else:
127 |         assert isinstance(site, Site)
128 | 
129 |     # validate language:
130 |     assert language in get_language_list(site), get_cms_setting('LANGUAGES').get(site.pk)
131 | 
132 |     # validate parent
133 |     if parent:
134 |         assert isinstance(parent, Page)
135 | 
136 |     if navigation_extenders:
137 |         raw_menus = menu_pool.get_menus_by_attribute("cms_enabled", True)
138 |         menus = [menu[0] for menu in raw_menus]
139 |         assert navigation_extenders in menus
140 | 
141 |     # validate menu visibility
142 |     accepted_limitations = (constants.VISIBILITY_ALL, constants.VISIBILITY_USERS, constants.VISIBILITY_ANONYMOUS)
143 |     assert limit_visibility_in_menu in accepted_limitations
144 | 
145 |     # validate position
146 |     assert position in ('last-child', 'first-child', 'left', 'right')
147 |     target_node = parent.node if parent else None
148 | 
149 |     # validate and normalize apphook
150 |     if apphook:
151 |         application_urls = _verify_apphook(apphook, apphook_namespace)
152 |     else:
153 |         application_urls = None
154 | 
155 |     # ugly permissions hack
156 |     if created_by and isinstance(created_by, get_user_model()):
157 |         _thread_locals.user = created_by
158 |         created_by = get_clean_username(created_by)
159 |     else:
160 |         _thread_locals.user = None
161 | 
162 |     if reverse_id:
163 |         if Page.objects.filter(reverse_id=reverse_id, node__site=site).exists():
164 |             raise FieldError('A page with the reverse_id="%s" already exist.' % reverse_id)
165 | 
166 |     page = Page(
167 |         created_by=created_by,
168 |         changed_by=created_by,
169 |         reverse_id=reverse_id,
170 |         navigation_extenders=navigation_extenders,
171 |         application_urls=application_urls,
172 |         application_namespace=apphook_namespace,
173 |         login_required=login_required,
174 |     )
175 |     page.set_tree_node(site=site, target=target_node, position=position)
176 |     page.save()
177 | 
178 |     create_title(
179 |         language=language,
180 |         title=title,
181 |         menu_title=menu_title,
182 |         slug=slug,
183 |         created_by=created_by,
184 |         redirect=redirect,
185 |         meta_description=meta_description,
186 |         page=page,
187 |         overwrite_url=overwrite_url,
188 |         soft_root=soft_root,
189 |         in_navigation=in_navigation,
190 |         template=template,
191 |         limit_visibility_in_menu=limit_visibility_in_menu,
192 |         xframe_options=xframe_options,
193 |     )
194 | 
195 |     if parent and position in ('last-child', 'first-child'):
196 |         parent._clear_node_cache()
197 | 
198 |     del _thread_locals.user
199 |     return page
```

Found function `cms/admin/forms.py:ChangePageForm._language`.
Source: Retrieved code content using keyword search (bm25).
```
492 | def _language(self):
493 |         return self.instance.language
```

Found function `cms/cms_menus.py:get_menu_node_for_page`.
Source: Retrieved code content using keyword search (bm25).
```
 73 | def get_menu_node_for_page(renderer, page, language, fallbacks=None):
 74 |     """
 75 |     Transform a CMS page into a navigation node.
 76 | 
 77 |     :param renderer: MenuRenderer instance bound to the request
 78 |     :param page: the page you wish to transform
 79 |     :param language: The current language used to render the menu
 80 |     """
 81 |     if fallbacks is None:
 82 |         fallbacks = []
 83 | 
 84 |     # Theses are simple to port over, since they are not calculated.
 85 |     # Other attributes will be added conditionally later.
 86 |     attr = {
 87 |         'is_page': True,
 88 |         'soft_root': page.get_soft_root(language),
 89 |         'auth_required': page.login_required,
 90 |         'reverse_id': page.reverse_id,
 91 |     }
 92 | 
 93 |     limit_visibility_in_menu = page.get_limit_visibility_in_menu(language)
 94 | 
 95 |     if limit_visibility_in_menu is constants.VISIBILITY_ALL:
 96 |         attr['visible_for_authenticated'] = True
 97 |         attr['visible_for_anonymous'] = True
 98 |     else:
 99 |         attr['visible_for_authenticated'] = limit_visibility_in_menu == constants.VISIBILITY_USERS
100 |         attr['visible_for_anonymous'] = limit_visibility_in_menu == constants.VISIBILITY_ANONYMOUS
101 |     attr['is_home'] = page.is_home
102 |     # Extenders can be either navigation extenders or from apphooks.
103 |     extenders = []
104 |     if page.navigation_extenders:
105 |         if page.navigation_extenders in renderer.menus:
106 |             extenders.append(page.navigation_extenders)
107 |         elif "{0}:{1}".format(page.navigation_extenders, page.pk) in renderer.menus:
108 |             extenders.append("{0}:{1}".format(page.navigation_extenders, page.pk))
109 |     # Is this page an apphook? If so, we need to handle the apphooks's nodes
110 |     # Only run this if we have a translation in the requested language for this
111 |     # object. The title cache should have been prepopulated in CMSMenu.get_nodes
112 |     # but otherwise, just request the title normally
113 |     if page.title_cache.get(language) and page.application_urls:
114 |         # it means it is an apphook
115 |         app = apphook_pool.get_apphook(page.application_urls)
116 | 
117 |         if app:
118 |             extenders += app.get_menus(page, language)
119 |     exts = []
120 |     for ext in extenders:
121 |         if hasattr(ext, "get_instances"):
122 |             # CMSAttachMenus are treated a bit differently to allow them to be
123 |             # able to be attached to multiple points in the navigation.
124 |             exts.append("{0}:{1}".format(ext.__name__, page.pk))
125 |         elif hasattr(ext, '__name__'):
126 |             exts.append(ext.__name__)
127 |         else:
128 |             exts.append(ext)
129 |     if exts:
130 |         attr['navigation_extenders'] = exts
131 | 
132 |     for lang in [language] + fallbacks:
133 |         translation = page.title_cache[lang]
134 | 
135 |         if translation:
136 |             page_url = page.urls_cache[lang]
137 |             # Do we have a redirectURL?
138 |             attr['redirect_url'] = translation.redirect  # save redirect URL if any
139 | 
140 |             # Now finally, build the NavigationNode object and return it.
141 |             # The parent_id is manually set by the menu get_nodes method.
142 |             ret_node = CMSNavigationNode(
143 |                 title=translation.menu_title or translation.title,
144 |                 url='',
145 |                 id=page.pk,
146 |                 attr=attr,
147 |                 visible=page.get_in_navigation(translation.language),
148 |                 path=page_url.path or page_url.slug,
149 |                 language=(translation.language if translation.language != language else None),
150 |             )
151 |             return ret_node
152 |     else:
153 |         raise RuntimeError('Unable to render cms menu. There is a language misconfiguration.')
```



##Searching for term "limit_visibility_in_menu.* None"...
### Search Result:
Found function `cms/models/pagemodel.py:Page.get_limit_visibility_in_menu`.
Source: Retrieved entity using keyword search (bm25).
```
1060 | def get_limit_visibility_in_menu(self, language=None, fallback=True, force_reload=False):
1061 |         return self.get_page_content_obj_attribute("limit_visibility_in_menu", language, fallback, force_reload)
```

Found file `menus/__init__.py`.
Found file `menus/migrations/__init__.py`.
Source: Retrieved entity using keyword search (bm25).
Hint: Use more detailed query to get the full content of some if needed.



##Searching for term "limit_visibility_in_menu.* None", "limit_visibility_in_menu.*save limit_visibility_in_menu.* None"...
### Search Result:
Found function `cms/api.py:create_title`.
Source: Retrieved code content using keyword search (bm25).
```
203 | def create_title(language, title, page, menu_title=None, slug=None,
204 |                  redirect=None, meta_description=None, parent=None,
205 |                  overwrite_url=None, page_title=None, path=None,
206 |                  created_by='python-api', soft_root=False, in_navigation=False,
207 |                  template=TEMPLATE_INHERITANCE_MAGIC,
208 |                  limit_visibility_in_menu=constants.VISIBILITY_ALL,
209 |                  xframe_options=constants.X_FRAME_OPTIONS_INHERIT):
210 |     """
211 |     Create a title.
212 | 
213 |     Parent is only used if slug=None.
214 | 
215 |     See docs/extending_cms/api_reference.rst for more info
216 |     """
217 |     # validate template
218 |     if not template == TEMPLATE_INHERITANCE_MAGIC:
219 |         assert template in [tpl[0] for tpl in get_cms_setting('TEMPLATES')]
220 |         get_template(template)
221 | 
222 |     # validate page
223 |     assert isinstance(page, Page)
224 | 
225 |     # validate language:
226 |     assert language in get_language_list(page.node.site_id)
227 | 
228 |     # validate menu visibility
229 |     accepted_limitations = (constants.VISIBILITY_ALL, constants.VISIBILITY_USERS, constants.VISIBILITY_ANONYMOUS)
230 |     assert limit_visibility_in_menu in accepted_limitations
231 | 
232 |     # set default slug:
233 |     if not slug:
234 |         base = page.get_path_for_slug(slugify(title), language)
235 |         slug = get_available_slug(page.node.site, base, language)
236 | 
237 |     if overwrite_url:
238 |         path = overwrite_url.strip('/')
239 |     elif path is None:
240 |         path = page.get_path_for_slug(slug, language)
241 | 
242 |     if created_by and isinstance(created_by, get_user_model()):
243 |         created_by = get_clean_username(created_by)
244 | 
245 |     page.urls.create(
246 |         slug=slug,
247 |         path=path,
248 |         page=page,
249 |         managed=not bool(overwrite_url),
250 |         language=language,
251 |     )
252 | 
253 |     title = PageContent.objects.create(
254 |         language=language,
255 |         title=title,
256 |         menu_title=menu_title,
257 |         page_title=page_title,
258 |         redirect=redirect,
259 |         meta_description=meta_description,
260 |         page=page,
261 |         created_by=created_by,
262 |         changed_by=created_by,
263 |         soft_root=soft_root,
264 |         in_navigation=in_navigation,
265 |         template=template,
266 |         limit_visibility_in_menu=limit_visibility_in_menu,
267 |         xframe_options=xframe_options,
268 |     )
269 |     title.rescan_placeholders()
270 | 
271 |     page_languages = page.get_languages()
272 | 
273 |     if language not in page_languages:
274 |         page.update_languages(page_languages + [language])
275 |     return title
```

2026-09-16 22:26:29 utils.py INFO 
LiteLLM completion() model= qwen/qwen3-coder; provider = openrouter
2026-09-16 22:26:54 utils.py INFO Wrapper: Completed Call, calling success_handler
2026-09-16 22:26:54 utils.py INFO 
LiteLLM completion() model= qwen/qwen3-coder; provider = openrouter
2026-09-16 22:49:41 auto_search_main.py WARNING djangocms-rc-66c70394c9e1 attempt 1 execution flow reconstruction exceeded timeout. Terminating.
2026-09-16 22:49:41 auto_search_main.py WARNING Processing time exceeded 15 minutes. Try again.
2026-09-16 22:49:41 auto_search_main.py INFO ==== localizing djangocms-rc-66c70394c9e1 failed, save empty outputs ====
