2026-09-14 23:12:43 auto_search_main.py INFO Limiting evaluation to first 6 instances.
2026-09-14 23:12:50 auto_search_main.py INFO ============================================================
2026-09-14 23:12:50 auto_search_main.py INFO ==== rank 0 setup localize djangocms-rc-0daae01f2f65 ====
2026-09-14 23:12:50 git_repo_manager.py INFO Clone Github repo https://github.com/djangocms/djangocms.git to playground/289520b2-337e-449b-b851-0ce7bef8e6e4/djangocms_djangocms and checkout commit d7ee89da24ee687ac5b3bb08f671de90fa1010dc
2026-09-14 23:12:50 git_repo_manager.py INFO Directory 'playground/289520b2-337e-449b-b851-0ce7bef8e6e4/djangocms_djangocms' was created.
2026-09-14 23:12:50 git_repo_manager.py INFO Cloning repo 'https://github.com/djangocms/djangocms.git'
2026-09-14 23:12:56 git_repo_manager.py INFO Repo 'https://github.com/djangocms/djangocms.git' was cloned to 'playground/289520b2-337e-449b-b851-0ce7bef8e6e4/djangocms_djangocms'
2026-09-14 23:13:02 repo_ops.py INFO [0] Processed djangocms-rc-0daae01f2f65
2026-09-14 23:13:02 auto_search_main.py INFO ============================================================
2026-09-14 23:13:02 auto_search_main.py INFO ==== rank 0 begin localizing djangocms-rc-0daae01f2f65 ====
2026-09-14 23:13:02 auto_search_main.py INFO ============================================================
2026-09-14 23:13:02 auto_search_main.py INFO ==== djangocms-rc-0daae01f2f65 Count down: attempt 1 ====
2026-09-14 23:13:02 auto_search_main.py INFO ==== djangocms-rc-0daae01f2f65 start auto search ====
2026-09-14 23:13:02 utils.py INFO 
LiteLLM completion() model= qwen/qwen3-coder; provider = openrouter
2026-09-14 23:13:07 utils.py INFO Wrapper: Completed Call, calling success_handler
2026-09-14 23:13:07 auto_search_main.py INFO convert none fncall messages failed.
2026-09-14 23:13:07 utils.py INFO 
LiteLLM completion() model= qwen/qwen3-coder; provider = openrouter
2026-09-14 23:13:21 utils.py INFO Wrapper: Completed Call, calling success_handler
2026-09-14 23:13:21 auto_search_main.py INFO convert none fncall messages failed.
2026-09-14 23:13:21 utils.py INFO 
LiteLLM completion() model= qwen/qwen3-coder; provider = openrouter
2026-09-14 23:13:26 utils.py INFO Wrapper: Completed Call, calling success_handler
2026-09-14 23:13:26 auto_search_main.py INFO convert none fncall messages failed.
2026-09-14 23:13:26 utils.py INFO 
LiteLLM completion() model= qwen/qwen3-coder; provider = openrouter
2026-09-14 23:13:33 utils.py INFO Wrapper: Completed Call, calling success_handler
2026-09-14 23:13:33 auto_search_main.py INFO Executing code:
```
print(explore_tree_structure(**{'start_entities': ['/'], 'traversal_depth': 2, 'dependency_type_filter': '["contains"]'}))
```
2026-09-14 23:13:33 auto_search_main.py INFO OBSERVATION:
/
├── contains ── manage.py
│               ├── contains ── manage.py:install_auth_user_model
│               └── contains ── manage.py:DisableMigrations
├── contains ── setup.py
├── contains ── docs
│               ├── contains ── docs/conf.py
│               └── contains ── docs/_ext
├── contains ── cms
│               ├── contains ── cms/toolbar_base.py
│               ├── contains ── cms/context_processors.py
│               ├── contains ── cms/app_base.py
│               ├── contains ── cms/apphook_pool.py
│               ├── contains ── cms/menu_bases.py
│               ├── contains ── cms/plugin_pool.py
│               ├── contains ── cms/plugin_processors.py
│               ├── contains ── cms/page_rendering.py
│               ├── contains ── cms/operations.py
│               ├── contains ── cms/cms_menus.py
│               ├── contains ── cms/api.py
│               ├── contains ── cms/constants.py
│               ├── contains ── cms/apps.py
│               ├── contains ── cms/cms_toolbars.py
│               ├── contains ── cms/urls.py
│               ├── contains ── cms/__init__.py
│               ├── contains ── cms/views.py
│               ├── contains ── cms/appresolver.py
│               ├── contains ── cms/plugin_rendering.py
│               ├── contains ── cms/cms_plugins.py
│               ├── contains ── cms/toolbar_pool.py
│               ├── contains ── cms/exceptions.py
│               ├── contains ── cms/cms_wizards.py
│               ├── contains ── cms/templates.py
│               ├── contains ── cms/plugin_base.py
│               ├── contains ── cms/migrations
│               ├── contains ── cms/middleware
│               ├── contains ── cms/signals
│               ├── contains ── cms/toolbar
│               ├── contains ── cms/models
│               ├── contains ── cms/publisher
│               ├── contains ── cms/forms
│               ├── contains ── cms/extensions
│               ├── contains ── cms/wizards
│               ├── contains ── cms/admin
│               ├── contains ── cms/utils
│               ├── contains ── cms/sitemaps
│               ├── contains ── cms/cache
│               ├── contains ── cms/management
│               └── contains ── cms/templatetags
└── contains ── menus
                ├── contains ── menus/models.py
                ├── contains ── menus/modifiers.py
                ├── contains ── menus/base.py
                ├── contains ── menus/utils.py
                ├── contains ── menus/apps.py
                ├── contains ── menus/menu_pool.py
                ├── contains ── menus/__init__.py
                ├── contains ── menus/exceptions.py
                ├── contains ── menus/migrations
                └── contains ── menus/templatetags

2026-09-14 23:13:33 utils.py INFO 
LiteLLM completion() model= qwen/qwen3-coder; provider = openrouter
2026-09-14 23:13:35 utils.py INFO Wrapper: Completed Call, calling success_handler
2026-09-14 23:13:35 auto_search_main.py INFO Executing code:
```
print(explore_tree_structure(**{'start_entities': ['cms/'], 'traversal_depth': 3, 'entity_type_filter': '["file", "directory"]', 'dependency_type_filter': '["contains"]'}))
```
2026-09-14 23:13:35 auto_search_main.py INFO OBSERVATION:
cms
├── contains ── cms/toolbar_base.py
├── contains ── cms/context_processors.py
├── contains ── cms/app_base.py
├── contains ── cms/apphook_pool.py
├── contains ── cms/menu_bases.py
├── contains ── cms/plugin_pool.py
├── contains ── cms/plugin_processors.py
├── contains ── cms/page_rendering.py
├── contains ── cms/operations.py
├── contains ── cms/cms_menus.py
├── contains ── cms/api.py
├── contains ── cms/constants.py
├── contains ── cms/apps.py
├── contains ── cms/cms_toolbars.py
├── contains ── cms/urls.py
├── contains ── cms/__init__.py
├── contains ── cms/views.py
├── contains ── cms/appresolver.py
├── contains ── cms/plugin_rendering.py
├── contains ── cms/cms_plugins.py
├── contains ── cms/toolbar_pool.py
├── contains ── cms/exceptions.py
├── contains ── cms/cms_wizards.py
├── contains ── cms/templates.py
├── contains ── cms/plugin_base.py
├── contains ── cms/migrations
│               ├── contains ── cms/migrations/0006_auto_20140924_1110.py
│               ├── contains ── cms/migrations/0007_auto_20141028_1559.py
│               ├── contains ── cms/migrations/0010_migrate_use_structure.py
│               ├── contains ── cms/migrations/0009_merge.py
│               ├── contains ── cms/migrations/0002_auto_20140816_1918.py
│               ├── contains ── cms/migrations/0014_auto_20160404_1908.py
│               ├── contains ── cms/migrations/0011_auto_20150419_1006.py
│               ├── contains ── cms/migrations/0012_auto_20150607_2207.py
│               ├── contains ── cms/migrations/0005_auto_20140924_1039.py
│               ├── contains ── cms/migrations/0008_auto_20150121_0059.py
│               ├── contains ── cms/migrations/0015_auto_20160421_0000.py
│               ├── contains ── cms/migrations/0013_urlconfrevision.py
│               ├── contains ── cms/migrations/0004_auto_20140924_1038.py
│               ├── contains ── cms/migrations/0017_pagetype.py
│               ├── contains ── cms/migrations/__init__.py
│               ├── contains ── cms/migrations/0008_auto_20150208_2149.py
│               ├── contains ── cms/migrations/0001_initial.py
│               ├── contains ── cms/migrations/0003_auto_20140926_2347.py
│               ├── contains ── cms/migrations/0016_auto_20160608_1535.py
│               └── contains ── cms/migrations/0018_pagenode.py
├── contains ── cms/middleware
│               ├── contains ── cms/middleware/language.py
│               ├── contains ── cms/middleware/toolbar.py
│               ├── contains ── cms/middleware/utils.py
│               ├── contains ── cms/middleware/page.py
│               ├── contains ── cms/middleware/__init__.py
│               └── contains ── cms/middleware/user.py
├── contains ── cms/signals
│               ├── contains ── cms/signals/title.py
│               ├── contains ── cms/signals/utils.py
│               ├── contains ── cms/signals/plugins.py
│               ├── contains ── cms/signals/placeholder.py
│               ├── contains ── cms/signals/page.py
│               ├── contains ── cms/signals/permissions.py
│               ├── contains ── cms/signals/apphook.py
│               └── contains ── cms/signals/__init__.py
├── contains ── cms/toolbar
│               ├── contains ── cms/toolbar/toolbar.py
│               ├── contains ── cms/toolbar/utils.py
│               ├── contains ── cms/toolbar/__init__.py
│               └── contains ── cms/toolbar/items.py
├── contains ── cms/models
│               ├── contains ── cms/models/aliaspluginmodel.py
│               ├── contains ── cms/models/placeholdermodel.py
│               ├── contains ── cms/models/query.py
│               ├── contains ── cms/models/pagemodel.py
│               ├── contains ── cms/models/fields.py
│               ├── contains ── cms/models/managers.py
│               ├── contains ── cms/models/static_placeholder.py
│               ├── contains ── cms/models/titlemodels.py
│               ├── contains ── cms/models/settingmodels.py
│               ├── contains ── cms/models/permissionmodels.py
│               ├── contains ── cms/models/__init__.py
│               ├── contains ── cms/models/metaclasses.py
│               ├── contains ── cms/models/apphooks_reload.py
│               ├── contains ── cms/models/placeholderpluginmodel.py
│               └── contains ── cms/models/pluginmodel.py
├── contains ── cms/publisher
│               ├── contains ── cms/publisher/models.py
│               ├── contains ── cms/publisher/query.py
│               ├── contains ── cms/publisher/errors.py
│               ├── contains ── cms/publisher/manager.py
│               └── contains ── cms/publisher/__init__.py
├── contains ── cms/forms
│               ├── contains ── cms/forms/utils.py
│               ├── contains ── cms/forms/fields.py
│               ├── contains ── cms/forms/wizards.py
│               ├── contains ── cms/forms/widgets.py
│               ├── contains ── cms/forms/__init__.py
│               ├── contains ── cms/forms/validators.py
│               └── contains ── cms/forms/login.py
├── contains ── cms/extensions
│               ├── contains ── cms/extensions/toolbar.py
│               ├── contains ── cms/extensions/models.py
│               ├── contains ── cms/extensions/admin.py
│               ├── contains ── cms/extensions/__init__.py
│               └── contains ── cms/extensions/extension_pool.py
├── contains ── cms/wizards
│               ├── contains ── cms/wizards/wizard_pool.py
│               ├── contains ── cms/wizards/wizard_base.py
│               ├── contains ── cms/wizards/forms.py
│               ├── contains ── cms/wizards/urls.py
│               ├── contains ── cms/wizards/__init__.py
│               └── contains ── cms/wizards/views.py
├── contains ── cms/admin
│               ├── contains ── cms/admin/pageadmin.py
│               ├── contains ── cms/admin/placeholderadmin.py
│               ├── contains ── cms/admin/permissionadmin.py
│               ├── contains ── cms/admin/useradmin.py
│               ├── contains ── cms/admin/forms.py
│               ├── contains ── cms/admin/static_placeholder.py
│               ├── contains ── cms/admin/__init__.py
│               └── contains ── cms/admin/settingsadmin.py
├── contains ── cms/utils
│               ├── contains ── cms/utils/helpers.py
│               ├── contains ── cms/utils/apphook_reload.py
│               ├── contains ── cms/utils/mail.py
│               ├── contains ── cms/utils/urlutils.py
│               ├── contains ── cms/utils/request_ip_resolvers.py
│               ├── contains ── cms/utils/conf.py
│               ├── contains ── cms/utils/page_permissions.py
│               ├── contains ── cms/utils/encoder.py
│               ├── contains ── cms/utils/plugins.py
│               ├── contains ── cms/utils/placeholder.py
│               ├── contains ── cms/utils/reversion_hacks.py
│               ├── contains ── cms/utils/copy_plugins.py
│               ├── contains ── cms/utils/moderator.py
│               ├── contains ── cms/utils/page.py
│               ├── contains ── cms/utils/django_load.py
│               ├── contains ── cms/utils/permissions.py
│               ├── contains ── cms/utils/admin.py
│               ├── contains ── cms/utils/__init__.py
│               ├── contains ── cms/utils/decorators.py
│               ├── contains ── cms/utils/i18n.py
│               ├── contains ── cms/utils/check.py
│               ├── contains ── cms/utils/setup.py
│               └── contains ── cms/utils/compat
│                               ├── contains ── cms/utils/compat/dj.py
│                               ├── contains ── cms/utils/compat/forms.py
│                               └── contains ── cms/utils/compat/__init__.py
├── contains ── cms/sitemaps
│               ├── contains ── cms/sitemaps/__init__.py
│               └── contains ── cms/sitemaps/cms_sitemap.py
├── contains ── cms/cache
│               ├── contains ── cms/cache/placeholder.py
│               ├── contains ── cms/cache/choices.py
│               ├── contains ── cms/cache/page.py
│               ├── contains ── cms/cache/permissions.py
│               └── contains ── cms/cache/__init__.py
├── contains ── cms/management
│               ├── contains ── cms/management/__init__.py
│               └── contains ── cms/management/commands
│                               ├── contains ── cms/management/commands/cms.py
│                               ├── contains ── cms/management/commands/__init__.py
│                               └── contains ── cms/management/commands/subcommands
└── contains ── cms/templatetags
                ├── contains ── cms/templatetags/cms_alias_tags.py
                ├── contains ── cms/templatetags/cms_admin.py
                ├── contains ── cms/templatetags/cms_js_tags.py
                ├── contains ── cms/templatetags/cms_tags.py
                ├── contains ── cms/templatetags/__init__.py
                ├── contains ── cms/templatetags/cms_static.py
                └── contains ── cms/templatetags/cms_wizard_tags.py

2026-09-14 23:13:35 utils.py INFO 
LiteLLM completion() model= qwen/qwen3-coder; provider = openrouter
2026-09-14 23:13:40 utils.py INFO Wrapper: Completed Call, calling success_handler
2026-09-14 23:13:40 auto_search_main.py INFO Executing code:
```
print(search_code_snippets(**{'search_terms': ['paste', 'clipboard', 'page']}))
```
2026-09-14 23:13:41 __init__.py DEBUG Building index from IDs objects
2026-09-14 23:13:41 __init__.py DEBUG Building index from IDs objects
2026-09-14 23:13:41 git_repo_manager.py INFO Clone Github repo https://github.com/djangocms/djangocms.git to playground/289520b2-337e-449b-b851-0ce7bef8e6e4/djangocms_djangocms and checkout commit d7ee89da24ee687ac5b3bb08f671de90fa1010dc
2026-09-14 23:13:59 __init__.py DEBUG Building index from IDs objects
2026-09-14 23:13:59 __init__.py DEBUG Building index from IDs objects
2026-09-14 23:13:59 __init__.py DEBUG Building index from IDs objects
2026-09-14 23:14:00 __init__.py DEBUG Building index from IDs objects
2026-09-14 23:14:00 __init__.py DEBUG Building index from IDs objects
2026-09-14 23:14:00 auto_search_main.py INFO OBSERVATION:
cms/admin/placeholderadmin.py:PlaceholderAdminMixin._paste_plugin
cms/admin/placeholderadmin.py:PlaceholderAdminMixin._paste_placeholder
cms/admin/pageadmin.py:BasePageAdmin.copy_page
cms/models/pagemodel.py:Page.copy_with_descendants
cms/admin/placeholderadmin.py:PlaceholderAdminMixin.move_plugin
cms/models/fields.py:PlaceholderField.pre_save
cms/models/managers.py:TitleManager.set_or_create
cms/models/managers.py:BasicPagePermissionManager.get_with_permission
cms/models/managers.py:BasicPagePermissionManager.get_with_change_pages_permission
cms/models/managers.py:BasicPagePermissionManager.with_user
cms/models/managers.py:BasicPagePermissionManager.get_with_view_permissions
cms/models/managers.py:BasicPagePermissionManager.get_with_change_permissions
cms/models/managers.py:BasicPagePermissionManager
cms/models/managers.py:BasicPagePermissionManager.get_with_add_pages_permission
cms/admin/placeholderadmin.py:PlaceholderAdminMixin._copy_placeholder_to_clipboard
cms/cms_toolbars.py:BasicToolbar
cms/cms_toolbars.py:BasicToolbar.add_admin_menu
cms/cms_toolbars.py:BasicToolbar.populate
cms/cms_toolbars.py:BasicToolbar.init_from_request
cms/cms_plugins.py:AliasPlugin.create_alias
cms/cms_plugins.py:impl:2
cms/toolbar/toolbar.py:CMSToolbar.user_settings
cms/toolbar/toolbar.py:CMSToolbar._reorder_toolbars
cms/toolbar/toolbar.py:CMSToolbar.edit_mode
cms/toolbar/toolbar.py:CMSToolbar.get_menu
cms/toolbar/toolbar.py:CMSToolbar.csrf_token
cms/toolbar/toolbar.py:CMSToolbar.clipboard_plugin
cms/toolbar/toolbar.py:CMSToolbar.get_user_settings
cms/admin/placeholderadmin.py:PlaceholderAdminMixin._cut_plugin
cms/toolbar/toolbar.py:CMSToolbar.init_toolbar
cms/toolbar/utils.py:get_plugin_tree_as_json
cms/toolbar/utils.py:get_toolbar_from_request
cms/admin/placeholderadmin.py:PlaceholderAdminMixin.clear_placeholder
cms/admin/placeholderadmin.py:PlaceholderAdminMixin.has_clear_placeholder_permission
cms/admin/placeholderadmin.py:PlaceholderAdminMixin.get_placeholder_template
cms/admin/placeholderadmin.py:PlaceholderAdminMixin.has_move_plugin_permission
cms/admin/placeholderadmin.py:PlaceholderAdminMixin.has_add_plugin_permission
cms/admin/placeholderadmin.py:PlaceholderAdminMixin.has_change_plugin_permission
cms/admin/placeholderadmin.py:PlaceholderAdminMixin.has_copy_from_clipboard_permission
cms/admin/placeholderadmin.py:PlaceholderAdminMixin.has_delete_plugin_permission
cms/admin/placeholderadmin.py:PlaceholderAdminMixin.has_copy_from_placeholder_permission
cms/admin/placeholderadmin.py:PlaceholderAdminMixin.has_copy_plugins_permission
cms/admin/placeholderadmin.py:PlaceholderAdminMixin._copy_placeholder_to_clipboard
cms/cms_toolbars.py:BasicToolbar
cms/cms_toolbars.py:BasicToolbar.add_admin_menu
cms/cms_toolbars.py:BasicToolbar.populate
cms/cms_toolbars.py:BasicToolbar.init_from_request
cms/cms_plugins.py:AliasPlugin.create_alias
cms/cms_plugins.py:impl:2
cms/toolbar/toolbar.py:CMSToolbar.user_settings
cms/toolbar/toolbar.py:CMSToolbar._reorder_toolbars
cms/toolbar/toolbar.py:CMSToolbar.edit_mode
cms/toolbar/toolbar.py:CMSToolbar.get_menu
cms/toolbar/toolbar.py:CMSToolbar.csrf_token
cms/toolbar/toolbar.py:CMSToolbar.clipboard_plugin
cms/toolbar/toolbar.py:CMSToolbar.get_user_settings
cms/admin/placeholderadmin.py:PlaceholderAdminMixin.move_plugin
cms/admin/placeholderadmin.py:PlaceholderAdminMixin._cut_plugin
cms/toolbar/toolbar.py:CMSToolbar.init_toolbar
cms/toolbar/utils.py:get_plugin_tree_as_json
cms/toolbar/utils.py:get_toolbar_from_request
cms/admin/placeholderadmin.py:PlaceholderAdminMixin.clear_placeholder
##Searching for term "paste"...
### Search Result:
Found function `cms/admin/placeholderadmin.py:PlaceholderAdminMixin.move_plugin`.
Source: Retrieved code content using keyword search (bm25).
```
581 | def move_plugin(self, request):
582 |         """
583 |         Performs a move or a "paste" operation (when «move_a_copy» is set)
584 | 
585 |         POST request with following parameters:
586 |         - plugin_id
587 |         - placeholder_id
588 |         - plugin_language (optional)
589 |         - plugin_parent (optional)
590 |         - plugin_order (array, optional)
591 |         - move_a_copy (Boolean, optional) (anything supplied here except a case-
592 |                                         insensitive "false" is True)
593 |         NOTE: If move_a_copy is set, the plugin_order should contain an item
594 |               '__COPY__' with the desired destination of the copied plugin.
595 |         """
596 |         # plugin_id and placeholder_id are required, so, if nothing is supplied,
597 |         # an ValueError exception will be raised by get_int().
598 |         try:
599 |             plugin_id = get_int(request.POST.get('plugin_id'))
600 |         except TypeError:
601 |             raise RuntimeError("'plugin_id' is a required parameter.")
602 | 
603 |         plugin = self._get_plugin_from_id(plugin_id)
604 | 
605 |         try:
606 |             placeholder_id = get_int(request.POST.get('placeholder_id'))
607 |         except TypeError:
608 |             raise RuntimeError("'placeholder_id' is a required parameter.")
609 |         except ValueError:
610 |             raise RuntimeError("'placeholder_id' must be an integer string.")
611 | 
612 |         placeholder = Placeholder.objects.get(pk=placeholder_id)
613 | 
614 |         # The rest are optional
615 |         parent_id = get_int(request.POST.get('plugin_parent', ""), None)
616 |         target_language = request.POST['target_language']
617 |         move_a_copy = request.POST.get('move_a_copy')
618 |         move_a_copy = (move_a_copy and move_a_copy != "0" and
619 |                        move_a_copy.lower() != "false")
620 |         move_to_clipboard = placeholder == request.toolbar.clipboard
621 |         source_placeholder = plugin.placeholder
622 | 
623 |         order = request.POST.getlist("plugin_order[]")
624 | 
625 |         if placeholder != source_placeholder:
626 |             try:
627 |                 template = self.get_placeholder_template(request, placeholder)
628 |                 has_reached_plugin_limit(placeholder, plugin.plugin_type,
629 |                                          target_language, template=template)
630 |             except PluginLimitReached as er:
631 |                 return HttpResponseBadRequest(er)
632 | 
633 |         # order should be a list of plugin primary keys
634 |         # it's important that the plugins being referenced
635 |         # are all part of the same tree.
636 |         exclude_from_order_check = ['__COPY__', str(plugin.pk)]
637 |         ordered_plugin_ids = [int(pk) for pk in order if pk not in exclude_from_order_check]
638 |         plugins_in_tree_count = (
639 |             placeholder
640 |             .get_plugins(target_language)
641 |             .filter(parent=parent_id, pk__in=ordered_plugin_ids)
642 |             .count()
643 |         )
644 | 
645 |         if len(ordered_plugin_ids) != plugins_in_tree_count:
646 |             # order does not match the tree on the db
647 |             message = _('order parameter references plugins in different trees')
648 |             return HttpResponseBadRequest(force_text(message))
649 | 
650 |         # True if the plugin is not being moved from the clipboard
651 |         # to a placeholder or from a placeholder to the clipboard.
652 |         move_a_plugin = not move_a_copy and not move_to_clipboard
653 | 
654 |         if parent_id and plugin.parent_id != parent_id:
655 |             target_parent = get_object_or_404(CMSPlugin, pk=parent_id)
656 | 
657 |             if move_a_plugin and target_parent.placeholder_id != placeholder.pk:
658 |                 return HttpResponseBadRequest(force_text(
659 |                     _('parent must be in the same placeholder')))
660 | 
661 |             if move_a_plugin and target_parent.language != target_language:
662 |                 return HttpResponseBadRequest(force_text(
663 |                     _('parent must be in the same language as '
664 |                       'plugin_language')))
665 |         elif parent_id:
666 |             target_parent = plugin.parent
667 |         else:
668 |             target_parent = None
669 | 
670 |         new_plugin = None
671 |         fetch_tree = False
672 | 
673 |         if move_a_copy and plugin.plugin_type == "PlaceholderPlugin":
674 |             new_plugins = self._paste_placeholder(
675 |                 request,
676 |                 plugin=plugin,
677 |                 target_language=target_language,
678 |                 target_placeholder=placeholder,
679 |                 tree_order=order,
680 |             )
681 |         elif move_a_copy:
682 |             fetch_tree = True
683 |             new_plugin = self._paste_plugin(
684 |                 request,
685 |                 plugin=plugin,
686 |                 target_parent=target_parent,
687 |                 target_language=target_language,
688 |                 target_placeholder=placeholder,
689 |                 tree_order=order,
690 |             )
691 |         elif move_to_clipboard:
692 |             new_plugin = self._cut_plugin(
693 |                 request,
694 |                 plugin=plugin,
695 |                 target_language=target_language,
696 |                 target_placeholder=placeholder,
697 |             )
698 |             new_plugins = [new_plugin]
699 |         else:
700 |             fetch_tree = True
701 |             new_plugin = self._move_plugin(
702 |                 request,
703 |                 plugin=plugin,
704 |                 target_parent=target_parent,
705 |                 target_language=target_language,
706 |                 target_placeholder=placeholder,
707 |                 tree_order=order,
708 |             )
709 | 
710 |         if new_plugin and fetch_tree:
711 |             root = (new_plugin.parent or new_plugin)
712 |             new_plugins = [root] + list(root.get_descendants().order_by('path'))
713 | 
714 |         # Mark the target placeholder as dirty
715 |         placeholder.mark_as_dirty(target_language)
716 | 
717 |         if placeholder != source_placeholder:
718 |             # Plugin is being moved or copied into a separate placeholder
719 |             # Mark source placeholder as dirty
720 |             source_placeholder.mark_as_dirty(plugin.language)
721 |         data = get_plugin_tree_as_json(request, new_plugins)
722 |         return HttpResponse(data, content_type='application/json')
```

Found function `cms/admin/placeholderadmin.py:PlaceholderAdminMixin._paste_plugin`.
Source: Retrieved entity using keyword search (bm25).
```
724 | def _paste_plugin(self, request, plugin, target_language,
725 |                       target_placeholder, tree_order, target_parent=None):
726 |         plugins = (
727 |             CMSPlugin
728 |             .get_tree(parent=plugin)
729 |             .filter(placeholder=plugin.placeholder_id)
730 |             .order_by('path')
731 |         )
732 |         plugins = list(plugins)
733 | 
734 |         if not self.has_copy_from_clipboard_permission(request, target_placeholder, plugins):
735 |             message = force_text(_("You have no permission to paste this plugin"))
736 |             raise PermissionDenied(message)
737 | 
738 |         if target_parent:
739 |             target_parent_id = target_parent.pk
740 |         else:
741 |             target_parent_id = None
742 | 
743 |         target_tree_order = [int(pk) for pk in tree_order if not pk == '__COPY__']
744 | 
745 |         action_token = self._send_pre_placeholder_operation(
746 |             request,
747 |             operation=operations.PASTE_PLUGIN,
748 |             plugin=plugin,
749 |             target_language=target_language,
750 |             target_placeholder=target_placeholder,
751 |             target_parent_id=target_parent_id,
752 |             target_order=target_tree_order,
753 |         )
754 | 
755 |         plugin_pairs = copy_plugins.copy_plugins_to(
756 |             plugins,
757 |             to_placeholder=target_placeholder,
758 |             to_language=target_language,
759 |             parent_plugin_id=target_parent_id,
760 |         )
761 |         root_plugin = plugin_pairs[0][0]
762 | 
763 |         # If an ordering was supplied, replace the item that has
764 |         # been copied with the new copy
765 |         target_tree_order.insert(tree_order.index('__COPY__'), root_plugin.pk)
766 | 
767 |         reorder_plugins(
768 |             target_placeholder,
769 |             parent_id=target_parent_id,
770 |             language=target_language,
771 |             order=target_tree_order,
772 |         )
773 | 
774 |         # Fetch from db to update position and other tree values
775 |         root_plugin.refresh_from_db()
776 | 
777 |         self._send_post_placeholder_operation(
778 |             request,
779 |             operation=operations.PASTE_PLUGIN,
780 |             plugin=root_plugin.get_bound_plugin(),
781 |             token=action_token,
782 |             target_language=target_language,
783 |             target_placeholder=target_placeholder,
784 |             target_parent_id=target_parent_id,
785 |             target_order=target_tree_order,
786 |         )
787 |         return root_plugin
```

Found function `cms/admin/placeholderadmin.py:PlaceholderAdminMixin._paste_placeholder`.
Source: Retrieved entity using keyword search (bm25).
```
789 | def _paste_placeholder(self, request, plugin, target_language,
790 |                            target_placeholder, tree_order):
791 |         plugins = plugin.placeholder_ref.get_plugins_list()
792 | 
793 |         if not self.has_copy_from_clipboard_permission(request, target_placeholder, plugins):
794 |             message = force_text(_("You have no permission to paste this placeholder"))
795 |             raise PermissionDenied(message)
796 | 
797 |         target_tree_order = [int(pk) for pk in tree_order if not pk == '__COPY__']
798 | 
799 |         action_token = self._send_pre_placeholder_operation(
800 |             request,
801 |             operation=operations.PASTE_PLACEHOLDER,
802 |             plugins=plugins,
803 |             target_language=target_language,
804 |             target_placeholder=target_placeholder,
805 |             target_order=target_tree_order,
806 |         )
807 | 
808 |         new_plugins = copy_plugins.copy_plugins_to(
809 |             plugins,
810 |             to_placeholder=target_placeholder,
811 |             to_language=target_language,
812 |         )
813 | 
814 |         new_plugin_ids = (new.pk for new, old in new_plugins)
815 | 
816 |         # Creates a list of PKs for the top-level plugins ordered by
817 |         # their position.
818 |         top_plugins = (pair for pair in new_plugins if not pair[0].parent_id)
819 |         top_plugins_pks = [p[0].pk for p in sorted(top_plugins, key=lambda pair: pair[1].position)]
820 | 
821 |         # If an ordering was supplied, we should replace the item that has
822 |         # been copied with the new plugins
823 |         target_tree_order[tree_order.index('__COPY__'):0] = top_plugins_pks
824 | 
825 |         reorder_plugins(
826 |             target_placeholder,
827 |             parent_id=None,
828 |             language=target_language,
829 |             order=target_tree_order,
830 |         )
831 | 
832 |         new_plugins = (
833 |             CMSPlugin
834 |             .objects
835 |             .filter(pk__in=new_plugin_ids)
836 |             .order_by('path')
837 |             .select_related('placeholder')
838 |         )
839 |         new_plugins = list(new_plugins)
840 | 
841 |         self._send_post_placeholder_operation(
842 |             request,
843 |             operation=operations.PASTE_PLACEHOLDER,
844 |             token=action_token,
845 |             plugins=new_plugins,
846 |             target_language=target_language,
847 |             target_placeholder=target_placeholder,
848 |             target_order=target_tree_order,
849 |         )
850 |         return new_plugins
```

Found function `cms/admin/pageadmin.py:BasePageAdmin.copy_page`.
Source: Retrieved code content using keyword search (bm25).
```
911 | def copy_page(self, request, page_id):
912 |         """
913 |         Copy the page and all its plugins and descendants to the requested
914 |         target, at the given position
915 |         """
916 |         page = self.get_page_from_id(page_id)
917 | 
918 |         if page is None:
919 |             return jsonify_request(HttpResponseBadRequest("error"))
920 | 
921 |         user = request.user
922 |         site = self.get_site(request)
923 |         form = self.copy_form(request.POST or None, page=page, site=site)
924 | 
925 |         if not form.is_valid():
926 |             return jsonify_request(HttpResponseBadRequest("error"))
927 | 
928 |         target = form.cleaned_data['target']
929 |         source_site = form.cleaned_data['source_site']
930 | 
931 |         # User can only copy pages he can see
932 |         can_copy_page = page_permissions.user_can_view_page(user, page, source_site)
933 | 
934 |         if can_copy_page and target:
935 |             # User can only copy a page into another one if he has permission
936 |             # to add a page under the target page.
937 |             can_copy_page = page_permissions.user_can_add_subpage(user, target, site)
938 |         elif can_copy_page:
939 |             # User can only copy / paste a page if he has permission to add a page
940 |             can_copy_page = page_permissions.user_can_add_page(user, site)
941 | 
942 |         if not can_copy_page:
943 |             message = force_text(_("Error! You don't have permissions to copy this page."))
944 |             return jsonify_request(HttpResponseForbidden(message))
945 | 
946 |         new_page = form.copy_page()
947 |         return HttpResponse(json.dumps({"id": new_page.pk}), content_type='application/json')
```

Found function `cms/models/pagemodel.py:Page.copy_with_descendants`.
Source: Retrieved code content using keyword search (bm25).
```
695 | def copy_with_descendants(self, site, target_node=None, position=None,
696 |                               copy_permissions=True, target_site=None):
697 |         """
698 |         Copy a page [ and all its descendants to a new location ]
699 |         """
700 |         if not self.publisher_is_draft:
701 |             raise PublicIsUnmodifiable("copy page is not allowed for public pages")
702 | 
703 |         if target_site is None:
704 |             target_site = site
705 | 
706 |         if position in ('first-child', 'last-child'):
707 |             parent_node = target_node
708 |         elif target_node:
709 |             parent_node = target_node.parent
710 |         else:
711 |             parent_node = None
712 | 
713 |         node = self.get_node_object(site)
714 |         # Evaluate the descendants queryset BEFORE copying the page.
715 |         # Otherwise, if the page is copied and pasted on itself, it will duplicate.
716 |         descendants = list(node.get_descendants().prefetch_related('page__title_set'))
717 |         new_root_page = self.copy(target_site, parent_node=parent_node)
718 |         new_root_node = new_root_page.get_node_object(target_site)
719 | 
720 |         if target_node and position in ('first-child'):
721 |             # target node is a parent and user has requested to
722 |             # insert the new page as its first child
723 |             new_root_node.move(target_node, position)
724 |             new_root_node.refresh_from_db(fields=('path', 'depth'))
725 | 
726 |         if target_node and position in ('left', 'last-child'):
727 |             # target node is a sibling
728 |             new_root_node.move(target_node, position)
729 |             new_root_node.refresh_from_db(fields=('path', 'depth'))
730 | 
731 |         nodes_by_id = {node.pk: new_root_node}
732 | 
733 |         for node in descendants:
734 |             parent = nodes_by_id[node.parent_id]
735 |             new_page = node.page.copy(
736 |                 target_site,
737 |                 parent_node=parent,
738 |                 translations=True,
739 |                 permissions=copy_permissions,
740 |             )
741 |             nodes_by_id[node.pk] = new_page.get_node_object(target_site)
742 |         return new_root_page
```

Found file `setup.py`.
Source: Retrieved entity using keyword search (bm25).
Hint: Search `setup.py` for the full content if needed.



##Searching for term "clipboard", "paste clipboard"...
### Search Result:
Found class `cms/cms_toolbars.py:BasicToolbar`.
Source: Retrieved code content using keyword search (bm25).
Just show the structure of this class due to response length limitations:
```
class BasicToolbar(CMSToolbar):
    page = None
    _language_menu = None
    _admin_menu = None

    def init_from_request(self):
...
    def populate(self):
...
    def add_admin_menu(self):
...
    def add_users_button(self, parent):
...
    def add_logout_button(self, parent):
...
    def add_language_menu(self):
...
    def get_username(self, user=None, default=''):

```
Hint: Search `cms/cms_toolbars.py:BasicToolbar` to get the full content if needed.

Found function `cms/toolbar/toolbar.py:CMSToolbar.clipboard_plugin`.
Source: Retrieved entity using keyword search (bm25).
```
227 | def clipboard_plugin(self):
228 |         if not self.clipboard:
229 |             return None
230 | 
231 |         try:
232 |             plugin = self.clipboard.get_plugins().select_related('placeholder')[0]
233 |         except IndexError:
234 |             bound_plugin = None
235 |         else:
236 |             bound_plugin = plugin.get_bound_plugin()
237 |         return bound_plugin
```

Found function `cms/admin/placeholderadmin.py:PlaceholderAdminMixin.has_copy_from_clipboard_permission`.
Source: Retrieved entity using keyword search (bm25).
```
254 | def has_copy_from_clipboard_permission(self, request, placeholder, plugins):
255 |         return placeholder.has_add_plugins_permission(request.user, plugins)
```

Found function `cms/admin/placeholderadmin.py:PlaceholderAdminMixin._copy_plugin_to_clipboard`.
Source: Retrieved entity using keyword search (bm25).
```
407 | def _copy_plugin_to_clipboard(self, request, source_placeholder, target_placeholder):
408 |         source_language = request.POST['source_language']
409 |         source_plugin_id = request.POST.get('source_plugin_id')
410 |         target_language = request.POST['target_language']
411 | 
412 |         source_plugin = get_object_or_404(
413 |             CMSPlugin,
414 |             pk=source_plugin_id,
415 |             language=source_language,
416 |         )
417 | 
418 |         old_plugins = (
419 |             CMSPlugin
420 |             .get_tree(parent=source_plugin)
421 |             .filter(placeholder=source_placeholder)
422 |             .order_by('path')
423 |         )
424 | 
425 |         if not self.has_copy_plugins_permission(request, old_plugins):
426 |             message = _('You do not have permission to copy these plugins.')
427 |             raise PermissionDenied(force_text(message))
428 | 
429 |         # Empty the clipboard
430 |         target_placeholder.clear()
431 | 
432 |         plugin_pairs = copy_plugins.copy_plugins_to(
433 |             old_plugins,
434 |             to_placeholder=target_placeholder,
435 |             to_language=target_language,
436 |         )
437 |         return plugin_pairs[0][0]
```

Found function `cms/admin/placeholderadmin.py:PlaceholderAdminMixin._copy_placeholder_to_clipboard`.
Source: Retrieved code content using keyword search (bm25).
```
439 | def _copy_placeholder_to_clipboard(self, request, source_placeholder, target_placeholder):
440 |         source_language = request.POST['source_language']
441 |         target_language = request.POST['target_language']
442 | 
443 |         # User is copying the whole placeholder to the clipboard.
444 |         old_plugins = source_placeholder.get_plugins_list(language=source_language)
445 | 
446 |         if not self.has_copy_plugins_permission(request, old_plugins):
447 |             message = _('You do not have permission to copy this placeholder.')
448 |             raise PermissionDenied(force_text(message))
449 | 
450 |         # Empty the clipboard
451 |         target_placeholder.clear()
452 | 
453 |         # Create a PlaceholderReference plugin which in turn
454 |         # creates a blank placeholder called "clipboard"
455 |         # the real clipboard has the reference placeholder inside but the plugins
456 |         # are inside of the newly created blank clipboard.
457 |         # This allows us to wrap all plugins in the clipboard under one plugin
458 |         reference = PlaceholderReference.objects.create(
459 |             name=source_placeholder.get_label(),
460 |             plugin_type='PlaceholderPlugin',
461 |             language=target_language,
462 |             placeholder=target_placeholder,
463 |         )
464 | 
465 |         copy_plugins.copy_plugins_to(
466 |             old_plugins,
467 |             to_placeholder=reference.placeholder_ref,
468 |             to_language=target_language,
469 |         )
470 |         return reference
```

Found function `cms/cms_toolbars.py:BasicToolbar.init_from_request`.
Source: Retrieved code content using keyword search (bm25).
```
104 | def init_from_request(self):
105 |         self.page = get_page_draft(self.request.current_page)
```

Found function `cms/cms_toolbars.py:BasicToolbar.populate`.
Source: Retrieved code content using keyword search (bm25).
```
107 | def populate(self):
108 |         if not self.page:
109 |             self.init_from_request()
110 |             self.clipboard = self.request.toolbar.user_settings.clipboard
111 |             self.add_admin_menu()
112 |             self.add_language_menu()
```

Found function `cms/cms_toolbars.py:BasicToolbar.add_admin_menu`.
Source: Retrieved code content using keyword search (bm25).
```
114 | def add_admin_menu(self):
115 |         if not self._admin_menu:
116 |             self._admin_menu = self.toolbar.get_or_create_menu(ADMIN_MENU_IDENTIFIER, self.current_site.name)
117 |             # Users button
118 |             self.add_users_button(self._admin_menu)
119 | 
120 |             # sites menu
121 |             sites_queryset = get_user_sites_queryset(self.request.user)
122 | 
123 |             if len(sites_queryset) > 1:
124 |                 sites_menu = self._admin_menu.get_or_create_menu('sites', _('Sites'))
125 |                 sites_menu.add_sideframe_item(_('Admin Sites'), url=admin_reverse('sites_site_changelist'))
126 |                 sites_menu.add_break(ADMIN_SITES_BREAK)
127 |                 for site in sites_queryset:
128 |                     sites_menu.add_link_item(site.name, url='http://%s' % site.domain,
129 |                                              active=site.pk == self.current_site.pk)
130 | 
131 |             # admin
132 |             self._admin_menu.add_sideframe_item(_('Administration'), url=admin_reverse('index'))
133 |             self._admin_menu.add_break(ADMINISTRATION_BREAK)
134 | 
135 |             # cms users settings
136 |             self._admin_menu.add_sideframe_item(_('User settings'), url=admin_reverse('cms_usersettings_change'))
137 |             self._admin_menu.add_break(USER_SETTINGS_BREAK)
138 | 
139 |             # clipboard
140 |             if self.toolbar.edit_mode_active:
141 |                 # True if the clipboard exists and there's plugins in it.
142 |                 clipboard_is_bound = self.toolbar.clipboard_plugin
143 | 
144 |                 self._admin_menu.add_link_item(_('Clipboard...'), url='#',
145 |                         extra_classes=['cms-clipboard-trigger'],
146 |                         disabled=not clipboard_is_bound)
147 |                 self._admin_menu.add_link_item(_('Clear clipboard'), url='#',
148 |                         extra_classes=['cms-clipboard-empty'],
149 |                         disabled=not clipboard_is_bound)
150 |                 self._admin_menu.add_break(CLIPBOARD_BREAK)
151 | 
152 |             # Disable toolbar
153 |             self._admin_menu.add_link_item(_('Disable toolbar'), url='?%s' % get_cms_setting('CMS_TOOLBAR_URL__DISABLE'))
154 |             self._admin_menu.add_break(TOOLBAR_DISABLE_BREAK)
155 |             self._admin_menu.add_link_item(_('Shortcuts...'), url='#',
156 |                     extra_classes=('cms-show-shortcuts',))
157 |             self._admin_menu.add_break(SHORTCUTS_BREAK)
158 | 
159 |             # logout
160 |             self.add_logout_button(self._admin_menu)
```



##Searching for term "page"...
### Search Result:
Found function `cms/models/pluginmodel.py:CMSPlugin.page`.
Source: Match found for entity name `page`.
```
309 | def page(self):
310 |         warnings.warn(
311 |             "Don't use the page attribute on CMSPlugins! CMSPlugins are not "
312 |             "guaranteed to have a page associated with them!",
313 |             DontUsePageAttributeWarning,
314 |             stacklevel=2,
315 |         )
316 |         return self.placeholder.page if self.placeholder_id else None
```

Found file `cms/middleware/page.py`.
Found file `cms/signals/page.py`.
Found file `cms/utils/page.py`.
Found file `cms/cache/page.py`.
Source: Match found for entity name `page`.
Hint: Use more detailed query to get the full content of some if needed.
Finding newlines for mmindex:   0%|          | 0.00/2.59M [00:00<?, ?B/s]Finding newlines for mmindex: 100%|##########| 2.59M/2.59M [00:00<00:00, 572MB/s]

2026-09-14 23:14:00 utils.py INFO 
LiteLLM completion() model= qwen/qwen3-coder; provider = openrouter
2026-09-14 23:14:03 utils.py INFO Wrapper: Completed Call, calling success_handler
2026-09-14 23:14:03 auto_search_main.py INFO Executing code:
```
print(search_code_snippets(**{'search_terms': ['translation', 'site', 'current site', 'language']}))
```
2026-09-14 23:14:03 __init__.py DEBUG Building index from IDs objects
2026-09-14 23:14:03 __init__.py DEBUG Building index from IDs objects
2026-09-14 23:14:03 __init__.py DEBUG Building index from IDs objects
2026-09-14 23:14:04 __init__.py DEBUG Building index from IDs objects
2026-09-14 23:14:04 __init__.py DEBUG Building index from IDs objects
2026-09-14 23:14:04 __init__.py DEBUG Building index from IDs objects
2026-09-14 23:14:04 __init__.py DEBUG Building index from IDs objects
2026-09-14 23:14:04 __init__.py DEBUG Building index from IDs objects
2026-09-14 23:14:04 auto_search_main.py INFO OBSERVATION:
cms/admin/pageadmin.py:BasePageAdmin.publish_page
cms/admin/pageadmin.py:BasePageAdmin.revert_to_live
cms/cms_menus.py:get_menu_node_for_page
cms/admin/pageadmin.py:BasePageAdmin.delete_translation
cms/admin/pageadmin.py:BasePageAdmin.delete_translation
cms/models/pagemodel.py:Page.copy
cms/utils/page_permissions.py:skip_if_permissions_disabled
cms/utils/page_permissions.py:change_permission_required
cms/utils/page_permissions.py:user_can_add_page
cms/utils/page_permissions.py:user_can_move_page
cms/utils/page_permissions.py:user_can_change_page_permissions
cms/utils/page_permissions.py:user_can_change_page_advanced_settings
cms/utils/page_permissions.py:user_can_publish_page
cms/models/pagemodel.py:Page.get_child_nodes
cms/models/pagemodel.py:Page._get_node_object
cms/models/pagemodel.py:Page.get_node_object
cms/models/pagemodel.py:Page.get_descendant_pages
cms/models/pagemodel.py:Page.get_child_pages
cms/models/pagemodel.py:Page.get_attached_sites
cms/models/pagemodel.py:Page.get_descendant_nodes
cms/models/pagemodel.py:Page.mark_descendants_pending
cms/models/pagemodel.py:Page.copy
cms/admin/pageadmin.py:BasePageAdmin.has_revert_to_live_permission
cms/admin/pageadmin.py:BasePageAdmin.has_delete_translation_permission
cms/admin/pageadmin.py:BasePageAdmin.has_change_advanced_settings_permission
cms/admin/pageadmin.py:BasePageAdmin.get_placeholder_template
cms/admin/pageadmin.py:BasePageAdmin.has_change_permissions_permission
cms/admin/pageadmin.py:BasePageAdmin.has_publish_permission
cms/admin/pageadmin.py:BasePageAdmin.lookup_allowed
cms/admin/pageadmin.py:BasePageAdmin.has_delete_permission
cms/admin/pageadmin.py:BasePageAdmin.has_move_page_permission
cms/utils/page_permissions.py:user_can_change_all_pages
cms/utils/page_permissions.py:user_can_change_at_least_one_page
cms/utils/page_permissions.py:user_can_view_page_draft
cms/utils/page_permissions.py:user_can_change_page
cms/utils/page_permissions.py:get_change_permissions_id_list
cms/utils/page_permissions.py:get_add_id_list
cms/utils/page_permissions.py:get_change_advanced_settings_id_list
cms/utils/page_permissions.py:get_change_id_list
cms/utils/page_permissions.py:get_delete_id_list
cms/models/pagemodel.py:Page.mark_descendants_as_published
cms/admin/pageadmin.py:BasePageAdmin.has_change_permission
cms/admin/pageadmin.py:BasePageAdmin.has_add_permission
menus/utils.py:DefaultLanguageChanger.get_page_path
cms/utils/page_permissions.py:user_can_add_subpage
cms/cms_menus.py:CMSMenu.get_nodes
cms/cms_menus.py:CMSMenu
cms/forms/widgets.py:PageSelectWidget.Media
cms/forms/widgets.py:PageSelectWidget.decompress
cms/forms/widgets.py:PageSelectWidget
cms/forms/widgets.py:PageSelectWidget.__init__
cms/cms_menus.py:SoftRootCutter
cms/forms/validators.py:validate_url_uniqueness
cms/admin/forms.py:AddPageTypeForm
cms/admin/forms.py:AddPageTypeForm.get_or_create_root
cms/views.py:details
cms/cms_menus.py:CMSMenu.get_nodes
cms/cms_menus.py:CMSMenu
cms/models/pagemodel.py:Page.copy
menus/utils.py:DefaultLanguageChanger.get_page_path
cms/admin/pageadmin.py:BasePageAdmin.has_change_permission
cms/admin/pageadmin.py:BasePageAdmin.has_add_permission
cms/utils/page_permissions.py:user_can_add_subpage
cms/models/pagemodel.py:Page._set_title_root_path
cms/forms/utils.py:get_page_choices_for_site
cms/models/pagemodel.py:Page._remove_title_root_path
cms/admin/pageadmin.py:BasePageAdmin.get_page_from_id
cms/admin/pageadmin.py:BasePageAdmin.get_queryset
cms/admin/pageadmin.py:BasePageAdmin.get_nodes_queryset
cms/admin/pageadmin.py:BasePageAdmin
cms/admin/pageadmin.py:BasePageAdmin.get_object_with_translation
cms/admin/pageadmin.py:BasePageAdmin.get_admin_url
cms/admin/pageadmin.py:BasePageAdmin.get_site
##Searching for term "translation"...
### Search Result:
Found `cms/utils/i18n.py:force_language`.
Source: Retrieved code content using keyword search (bm25).
```
  1 | # -*- coding: utf-8 -*-
  2 | from contextlib import contextmanager
  3 | 
  4 | from django.core.urlresolvers import get_resolver, LocaleRegexURLResolver
  5 | from django.conf import settings
  6 | from django.utils import translation
  7 | from django.utils.translation import ugettext_lazy as _
  8 | 
  9 | from cms.exceptions import LanguageError
 10 | from cms.utils.conf import get_cms_setting, get_site_id
 11 | 
 12 | 
 13 | @contextmanager
 14 | def force_language(new_lang):
 15 |     old_lang = get_current_language()
 16 |     if old_lang != new_lang:
 17 |         translation.activate(new_lang)
 18 |     yield
 19 |     translation.activate(old_lang)
```

Found function `cms/admin/pageadmin.py:BasePageAdmin.publish_page`.
Source: Retrieved code content using keyword search (bm25).
```
 997 | def publish_page(self, request, page_id, language):
 998 |         page = self.get_object(request, object_id=page_id)
 999 | 
1000 |         if page and not self.has_publish_permission(request, obj=page):
1001 |             return HttpResponseForbidden(force_text(_("You do not have permission to publish this page")))
1002 | 
1003 |         if page:
1004 |             translation = page.get_title_obj(language, fallback=False)
1005 |         else:
1006 |             translation = None
1007 | 
1008 |         if page and not translation:
1009 |             raise Http404('No translation matches requested language.')
1010 | 
1011 |         all_published = True
1012 | 
1013 |         statics = request.GET.get('statics', '')
1014 | 
1015 |         if not statics and not page:
1016 |             raise Http404("No page or static placeholder found for publishing.")
1017 | 
1018 |         if translation and translation.publisher_public:
1019 |             reload_urls = translation._url_properties_changed()
1020 |         else:
1021 |             reload_urls = bool(page and page.application_urls and translation)
1022 | 
1023 |         if page:
1024 |             operation_token = self._send_pre_page_operation(
1025 |                 request,
1026 |                 operation=operations.PUBLISH_PAGE_TRANSLATION,
1027 |                 obj=page,
1028 |                 translation=translation,
1029 |             )
1030 |             all_published = page.publish(language)
1031 |             page = page.reload()
1032 |             self._send_post_page_operation(
1033 |                 request,
1034 |                 operation=operations.PUBLISH_PAGE_TRANSLATION,
1035 |                 token=operation_token,
1036 |                 obj=page,
1037 |                 translation=translation,
1038 |                 successful=all_published,
1039 |             )
1040 | 
1041 |         if statics:
1042 |             static_ids = statics.split(',')
1043 |             static_placeholders = StaticPlaceholder.objects.filter(pk__in=static_ids)
1044 | 
1045 |             for static_placeholder in static_placeholders.iterator():
1046 |                 # TODO: Maybe only send one signal...
1047 |                 # this would break the obj signal format though
1048 |                 operation_token = self._send_pre_page_operation(
1049 |                     request,
1050 |                     operation=operations.PUBLISH_STATIC_PLACEHOLDER,
1051 |                     obj=static_placeholder,
1052 |                     target_language=language,
1053 |                 )
1054 | 
1055 |                 published = static_placeholder.publish(request, language)
1056 | 
1057 |                 self._send_post_page_operation(
1058 |                     request,
1059 |                     operation=operations.PUBLISH_STATIC_PLACEHOLDER,
1060 |                     token=operation_token,
1061 |                     obj=static_placeholder,
1062 |                     target_language=language,
1063 |                 )
1064 |                 if not published:
1065 |                     all_published = False
1066 | 
1067 |         if page:
1068 |             if all_published:
1069 |                 if reload_urls:
1070 |                     set_restart_trigger()
1071 | 
1072 |                 if page.get_publisher_state(language) == PUBLISHER_STATE_PENDING:
1073 |                     messages.warning(request, _("Page not published! A parent page is not published yet."))
1074 |                 else:
1075 |                     messages.info(request, _('The content was successfully published.'))
1076 |                 LogEntry.objects.log_action(
1077 |                     user_id=request.user.id,
1078 |                     content_type_id=ContentType.objects.get_for_model(Page).pk,
1079 |                     object_id=page_id,
1080 |                     object_repr=page.get_title(language),
1081 |                     action_flag=CHANGE,
1082 |                 )
1083 |             else:
1084 |                 if page.get_publisher_state(language) == PUBLISHER_STATE_PENDING:
1085 |                     messages.warning(request, _("Page not published! A parent page is not published yet."))
1086 |                 else:
1087 |                     messages.warning(request, _("There was a problem publishing your content"))
1088 | 
1089 |         if 'node' in request.GET or 'node' in request.POST:
1090 |             # if request comes from tree..
1091 |             # 204 -> request was successful but no response returned.
1092 |             return HttpResponse(status=204)
1093 | 
1094 |         if 'redirect' in request.GET:
1095 |             return HttpResponseRedirect(request.GET['redirect'])
1096 |         referrer = request.META.get('HTTP_REFERER', '')
1097 | 
1098 |         path = admin_reverse("cms_page_changelist")
1099 |         if request.GET.get('redirect_language'):
1100 |             path = "%s?language=%s&page_id=%s" % (path, request.GET.get('redirect_language'), request.GET.get('redirect_page_id'))
1101 |         if admin_reverse('index') not in referrer:
1102 |             if all_published:
1103 |                 if page:
1104 |                     if page.get_publisher_state(language) == PUBLISHER_STATE_PENDING:
1105 |                         path = page.get_absolute_url(language, fallback=True)
1106 |                     else:
1107 |                         public_page = Page.objects.get(publisher_public=page.pk)
1108 |                         path = '%s?preview&%s' % (public_page.get_absolute_url(language, fallback=True), get_cms_setting('CMS_TOOLBAR_URL__EDIT_OFF'))
1109 |                 else:
1110 |                     path = '%s?preview&%s' % (referrer, get_cms_setting('CMS_TOOLBAR_URL__EDIT_OFF'))
1111 |             else:
1112 |                 path = '/?preview&%s' % get_cms_setting('CMS_TOOLBAR_URL__EDIT_OFF')
1113 | 
1114 |         return HttpResponseRedirect(path)
```

Found function `cms/admin/pageadmin.py:BasePageAdmin.delete_translation`.
Source: Retrieved code content using keyword search (bm25).
```
1164 | def delete_translation(self, request, object_id, extra_context=None):
1165 |         if 'language' in request.GET:
1166 |             language = request.GET['language']
1167 |         else:
1168 |             language = get_language_from_request(request)
1169 | 
1170 |         site = self.get_site(request)
1171 |         page, translation = self.get_object_with_translation(
1172 |             request=request,
1173 |             object_id=object_id,
1174 |             language=language,
1175 |         )
1176 | 
1177 |         if not self.has_delete_translation_permission(request, language, page):
1178 |             return HttpResponseForbidden(force_text(_("You do not have permission to delete this page")))
1179 | 
1180 |         if page is None:
1181 |             raise self._get_404_exception(object_id)
1182 | 
1183 |         if not len(list(page.get_languages())) > 1:
1184 |             return HttpResponseBadRequest('There only exists one translation for this page')
1185 | 
1186 |         if translation is None:
1187 |             raise Http404('No translation matches requested language.')
1188 | 
1189 |         titleopts = Title._meta
1190 |         app_label = titleopts.app_label
1191 |         pluginopts = CMSPlugin._meta
1192 | 
1193 |         saved_plugins = CMSPlugin.objects.filter(placeholder__page__id=object_id, language=language)
1194 | 
1195 |         using = router.db_for_read(self.model)
1196 |         kwargs = {
1197 |             'admin_site': self.admin_site,
1198 |             'user': request.user,
1199 |             'using': using
1200 |         }
1201 | 
1202 |         deleted_objects, __, perms_needed = get_deleted_objects(
1203 |             [translation],
1204 |             titleopts,
1205 |             **kwargs
1206 |         )[:3]
1207 |         to_delete_plugins, __, perms_needed_plugins = get_deleted_objects(
1208 |             saved_plugins,
1209 |             pluginopts,
1210 |             **kwargs
1211 |         )[:3]
1212 | 
1213 |         deleted_objects.append(to_delete_plugins)
1214 |         perms_needed = set(list(perms_needed) + list(perms_needed_plugins))
1215 | 
1216 |         if request.method == 'POST':
1217 |             if perms_needed:
1218 |                 raise PermissionDenied
1219 | 
1220 |             operation_token = self._send_pre_page_operation(
1221 |                 request,
1222 |                 operation=operations.DELETE_PAGE_TRANSLATION,
1223 |                 obj=page,
1224 |                 translation=translation,
1225 |             )
1226 | 
1227 |             message = _('Title and plugins with language %(language)s was deleted') % {
1228 |                 'language': force_text(get_language_object(language)['name'])
1229 |             }
1230 |             self.log_change(request, translation, message)
1231 |             messages.success(request, message)
1232 | 
1233 |             translation.delete()
1234 |             for p in saved_plugins:
1235 |                 p.delete()
1236 | 
1237 |             page.remove_language(language)
1238 | 
1239 |             if page.node.is_branch:
1240 |                 page.mark_descendants_pending(language, site=site)
1241 | 
1242 |             self._send_post_page_operation(
1243 |                 request,
1244 |                 operation=operations.DELETE_PAGE_TRANSLATION,
1245 |                 token=operation_token,
1246 |                 obj=page,
1247 |                 translation=translation,
1248 |             )
1249 | 
1250 |             if not self.has_change_permission(request, None):
1251 |                 return HttpResponseRedirect(admin_reverse('index'))
1252 |             return HttpResponseRedirect(self.get_admin_url('changelist'))
1253 | 
1254 |         context = {
1255 |             "title": _("Are you sure?"),
1256 |             "object_name": force_text(titleopts.verbose_name),
1257 |             "object": translation,
1258 |             "deleted_objects": deleted_objects,
1259 |             "perms_lacking": perms_needed,
1260 |             "opts": self.opts,
1261 |             "root_path": admin_reverse('index'),
1262 |             "app_label": app_label,
1263 |         }
1264 |         context.update(extra_context or {})
1265 |         request.current_app = self.admin_site.name
1266 |         return render(request, self.delete_confirmation_template or [
1267 |             "admin/%s/%s/delete_confirmation.html" % (app_label, titleopts.object_name.lower()),
1268 |             "admin/%s/delete_confirmation.html" % app_label,
1269 |             "admin/delete_confirmation.html"
1270 |         ], context)
```

Found function `cms/models/pagemodel.py:Page.has_delete_translation_permission`.
Source: Retrieved entity using keyword search (bm25).
```
1550 | def has_delete_translation_permission(self, user, language):
1551 |         from cms.utils.page_permissions import user_can_delete_page_translation
1552 |         return user_can_delete_page_translation(user, page=self, language=language)
```

Found function `cms/admin/pageadmin.py:BasePageAdmin.get_object_with_translation`.
Source: Retrieved entity using keyword search (bm25).
```
148 | def get_object_with_translation(self, language, *args, **kwargs):
149 |         page = self.get_object(*args, **kwargs)
150 | 
151 |         if page is None:
152 |             return (None, None)
153 | 
154 |         try:
155 |             translation = page.title_set.get(language=language)
156 |         except Title.DoesNotExist:
157 |             translation = None
158 |         return (page, translation)
```

Found function `cms/admin/pageadmin.py:BasePageAdmin.revert_to_live`.
Source: Retrieved code content using keyword search (bm25).
```
951 | def revert_to_live(self, request, page_id, language):
952 |         """
953 |         Resets the draft version of the page to match the live one
954 |         """
955 |         page = self.get_object(request, object_id=page_id)
956 | 
957 |         if not self.has_revert_to_live_permission(request, language, obj=page):
958 |             return HttpResponseForbidden(force_text(_("You do not have permission to revert this page.")))
959 | 
960 |         if page is None:
961 |             raise self._get_404_exception(page_id)
962 | 
963 |         try:
964 |             translation = page.title_set.get(language=language)
965 |         except Title.DoesNotExist:
966 |             raise Http404('No translation matches requested language.')
967 | 
968 |         page.title_cache[language] = translation
969 |         operation_token = self._send_pre_page_operation(
970 |             request,
971 |             operation=operations.REVERT_PAGE_TRANSLATION_TO_LIVE,
972 |             obj=page,
973 |             translation=translation,
974 |         )
975 | 
976 |         page.revert_to_live(language)
977 | 
978 |         # Fetch updated translation
979 |         translation.refresh_from_db()
980 | 
981 |         self._send_post_page_operation(
982 |             request,
983 |             operation=operations.REVERT_PAGE_TRANSLATION_TO_LIVE,
984 |             token=operation_token,
985 |             obj=page,
986 |             translation=translation,
987 |         )
988 | 
989 |         messages.info(request, _('"%s" was reverted to the live version.') % page)
990 | 
991 |         path = page.get_absolute_url(language=language)
992 |         path = '%s?%s' % (path, get_cms_setting('CMS_TOOLBAR_URL__EDIT_OFF'))
993 |         return HttpResponseRedirect(path)
```

Found function `cms/cms_menus.py:get_menu_node_for_page`.
Source: Retrieved code content using keyword search (bm25).
```
 75 | def get_menu_node_for_page(renderer, page, language, fallbacks=None):
 76 |     """
 77 |     Transform a CMS page into a navigation node.
 78 | 
 79 |     :param renderer: MenuRenderer instance bound to the request
 80 |     :param page: the page you wish to transform
 81 |     :param language: The current language used to render the menu
 82 |     """
 83 |     if fallbacks is None:
 84 |         fallbacks = []
 85 | 
 86 |     node = page.get_node_object(renderer.site)
 87 |     # Theses are simple to port over, since they are not calculated.
 88 |     # Other attributes will be added conditionally later.
 89 |     attr = {
 90 |         'is_page': True,
 91 |         'soft_root': page.soft_root,
 92 |         'auth_required': page.login_required,
 93 |         'reverse_id': page.reverse_id,
 94 |     }
 95 | 
 96 |     if node.parent_id and page.publisher_is_draft:
 97 |         parent_page = node.parent.page
 98 |         hide_parent = (parent_page.is_home and not parent_page.in_navigation)
 99 |     elif node.parent_id and not page.publisher_is_draft:
100 |         parent_page = node.parent.get_public_page()
101 |         hide_parent = (parent_page.is_home and not parent_page.in_navigation)
102 |     else:
103 |         parent_page = None
104 |         hide_parent = False
105 | 
106 |     if parent_page and not hide_parent:
107 |         parent_id = parent_page.pk
108 |     else:
109 |         parent_id = None
110 | 
111 |     if page.limit_visibility_in_menu is constants.VISIBILITY_ALL:
112 |         attr['visible_for_authenticated'] = True
113 |         attr['visible_for_anonymous'] = True
114 |     else:
115 |         attr['visible_for_authenticated'] = page.limit_visibility_in_menu == constants.VISIBILITY_USERS
116 |         attr['visible_for_anonymous'] = page.limit_visibility_in_menu == constants.VISIBILITY_ANONYMOUS
117 |     attr['is_home'] = page.is_home
118 |     # Extenders can be either navigation extenders or from apphooks.
119 |     extenders = []
120 |     if page.navigation_extenders:
121 |         if page.navigation_extenders in renderer.menus:
122 |             extenders.append(page.navigation_extenders)
123 |         elif "{0}:{1}".format(page.navigation_extenders, page.pk) in renderer.menus:
124 |             extenders.append("{0}:{1}".format(page.navigation_extenders, page.pk))
125 |     # Is this page an apphook? If so, we need to handle the apphooks's nodes
126 |     # Only run this if we have a translation in the requested language for this
127 |     # object. The title cache should have been prepopulated in CMSMenu.get_nodes
128 |     # but otherwise, just request the title normally
129 |     if page.title_cache.get(language) and page.application_urls:
130 |         # it means it is an apphook
131 |         app = apphook_pool.get_apphook(page.application_urls)
132 | 
133 |         if app:
134 |             extenders += app.get_menus(page, language)
135 |     exts = []
136 |     for ext in extenders:
137 |         if hasattr(ext, "get_instances"):
138 |             # CMSAttachMenus are treated a bit differently to allow them to be
139 |             # able to be attached to multiple points in the navigation.
140 |             exts.append("{0}:{1}".format(ext.__name__, page.pk))
141 |         elif hasattr(ext, '__name__'):
142 |             exts.append(ext.__name__)
143 |         else:
144 |             exts.append(ext)
145 |     if exts:
146 |         attr['navigation_extenders'] = exts
147 | 
148 |     for lang in [language] + fallbacks:
149 |         translation = page.title_cache[lang]
150 | 
151 |         if translation:
152 |             # Do we have a redirectURL?
153 |             attr['redirect_url'] = translation.redirect  # save redirect URL if any
154 | 
155 |             # Now finally, build the NavigationNode object and return it.
156 |             ret_node = CMSNavigationNode(
157 |                 title=translation.menu_title or translation.title,
158 |                 url='',
159 |                 id=page.pk,
160 |                 parent_id=parent_id,
161 |                 attr=attr,
162 |                 visible=page.in_navigation,
163 |                 path=translation.path or translation.slug,
164 |                 language=(translation.language if translation.language != language else None),
165 |             )
166 |             return ret_node
167 |     else:
168 |         raise RuntimeError('Unable to render cms menu. There is a language misconfiguration.')
```



##Searching for term "translation", "translation site current site"...
### Search Result:
Found function `cms/models/pagemodel.py:Page.has_translation`.
Source: Retrieved entity using keyword search (bm25).
```
836 | def has_translation(self, language):
837 |         return self.title_set.filter(language=language).exists()
```



##Searching for term "site", "current site", "translation site current site"...
### Search Result:
Found function `cms/plugin_rendering.py:BaseRenderer.current_site`.
Source: Retrieved entity using keyword search (bm25).
```
92 | def current_site(self):
93 |         return Site.objects.get_current(self.request)
```



##Searching for term "site"...
### Search Result:
Found function `cms/toolbar/toolbar.py:BaseToolbar.site_language`.
Source: Retrieved entity using keyword search (bm25).
```
50 | def site_language(self):
51 |         cms_page = get_page_draft(self.request.current_page)
52 |         return get_site_language_from_request(self.request, cms_page)
```

Found function `cms/models/query.py:PageQuerySet.on_site`.
Source: Retrieved entity using keyword search (bm25).
```
14 | def on_site(self, site=None):
15 |         from cms.utils import get_current_site
16 | 
17 |         if site is None:
18 |             site = get_current_site()
19 |         return self.filter(site=site)
```

Found function `cms/utils/page_permissions.py:change_permission_required`.
Source: Retrieved code content using keyword search (bm25).
```
 96 | def change_permission_required(func):
 97 |     @wraps(func, assigned=available_attrs(func))
 98 |     def wrapper(user, page, site=None):
 99 |         if not user_can_change_page(user, page, site=site):
100 |             return False
101 |         return func(user, page, site=site)
102 |     return wrapper
```

Found function `cms/utils/page_permissions.py:skip_if_permissions_disabled`.
Source: Retrieved code content using keyword search (bm25).
```
105 | def skip_if_permissions_disabled(func):
106 |     @wraps(func, assigned=available_attrs(func))
107 |     def wrapper(user, page, site=None):
108 |         if not get_cms_setting('PERMISSION'):
109 |             return True
110 |         return func(user, page, site=site)
111 |     return wrapper
```

Found function `cms/utils/page_permissions.py:user_can_add_page`.
Source: Retrieved code content using keyword search (bm25).
```
116 | def user_can_add_page(user, site=None):
117 |     if site is None:
118 |         site = get_current_site()
119 |     return has_global_permission(user, site, action='add_page')
```

Found function `cms/utils/page_permissions.py:user_can_change_page_permissions`.
Source: Retrieved code content using keyword search (bm25).
```
276 | def user_can_change_page_permissions(user, page, site=None):
277 |     has_perm = has_generic_permission(
278 |         page=page,
279 |         user=user,
280 |         action='change_page_permissions',
281 |         site=site,
282 |     )
283 |     return has_perm
```

Found function `cms/utils/page_permissions.py:user_can_move_page`.
Source: Retrieved code content using keyword search (bm25).
```
289 | def user_can_move_page(user, page, site=None):
290 |     has_perm = has_generic_permission(
291 |         page=page,
292 |         user=user,
293 |         action='move_page',
294 |         site=site,
295 |     )
296 |     return has_perm
```



##Searching for term "current site", "translation site current site"...
### Search Result:
Found function `cms/utils/__init__.py:get_current_site`.
Source: Retrieved entity using keyword search (bm25).
```
13 | def get_current_site():
14 |     from django.contrib.sites.models import Site
15 | 
16 |     return Site.objects.get_current()
```

Found function `cms/admin/pageadmin.py:BasePageAdmin.has_change_permission`.
Source: Retrieved code content using keyword search (bm25).
```
593 | def has_change_permission(self, request, obj=None):
594 |         """
595 |         Return true if the current user has permission on the page.
596 |         Return the string 'All' if the user has all rights.
597 |         """
598 |         site = self.get_site(request)
599 | 
600 |         if obj:
601 |             return page_permissions.user_can_change_page(request.user, page=obj, site=site)
602 |         can_change_page = page_permissions.user_can_change_at_least_one_page(
603 |             user=request.user,
604 |             site=self.get_site(request),
605 |             use_cache=False,
606 |         )
607 |         return can_change_page
```

Found function `menus/utils.py:DefaultLanguageChanger.get_page_path`.
Source: Retrieved code content using keyword search (bm25).
```
 98 | def get_page_path(self, lang):
 99 |         page = getattr(self.request, 'current_page', None)
100 | 
101 |         if not page:
102 |             return '/%s/' % lang if settings.USE_I18N else '/'
103 | 
104 |         page_languages = page.get_published_languages()
105 | 
106 |         if lang in page_languages:
107 |             return page.get_absolute_url(lang, fallback=False)
108 | 
109 |         site = get_current_site()
110 | 
111 |         if is_valid_site_language(lang, site_id=site.pk):
112 |             _valid_language = True
113 |             _hide_untranslated = hide_untranslated(lang, site.pk)
114 |         else:
115 |             _valid_language = False
116 |             _hide_untranslated = False
117 | 
118 |         if _hide_untranslated and settings.USE_I18N:
119 |             return '/%s/' % lang
120 | 
121 |         default_language = get_default_language_for_site(site.pk)
122 | 
123 |         if not _valid_language and default_language in page_languages:
124 |             # The request language is not configured for the current site.
125 |             # Fallback to the default language configured for the current site.
126 |             return page.get_absolute_url(default_language, fallback=False)
127 | 
128 |         if _valid_language:
129 |             fallbacks = get_fallback_languages(lang, site_id=site.pk) or []
130 |             fallbacks = [_lang for _lang in fallbacks if _lang in page_languages]
131 |         else:
132 |             fallbacks = []
133 | 
134 |         if fallbacks:
135 |             return page.get_absolute_url(fallbacks[0], fallback=False)
136 |         return '/%s/' % lang if settings.USE_I18N else '/'
```

Found function `cms/cms_menus.py:CMSMenu.get_nodes`.
Source: Retrieved code content using keyword search (bm25).
```
200 | def get_nodes(self, request):
201 |         from cms.models import Title
202 | 
203 |         site = self.renderer.site
204 |         lang = self.renderer.request_language
205 |         nodes = get_node_queryset(
206 |             site,
207 |             published=not self.renderer.draft_mode_active,
208 |         )
209 | 
210 |         if is_valid_site_language(lang, site_id=site.pk):
211 |             _valid_language = True
212 |             _hide_untranslated = hide_untranslated(lang, site.pk)
213 |         else:
214 |             _valid_language = False
215 |             _hide_untranslated = False
216 | 
217 |         if _valid_language:
218 |             # The request language has been explicitly configured
219 |             # for the current site.
220 |             if _hide_untranslated:
221 |                 fallbacks = []
222 |             else:
223 |                 fallbacks = get_fallback_languages(lang, site_id=site.pk)
224 |             languages = [lang] + [_lang for _lang in fallbacks if _lang != lang]
225 |         else:
226 |             # The request language is not configured for the current site.
227 |             # Fallback to all configured public languages for the current site.
228 |             languages = get_public_languages(site.pk)
229 |             fallbacks = languages
230 | 
231 |         if self.renderer.draft_mode_active:
232 |             nodes = nodes.filter(page__title_set__language__in=languages)
233 |             nodes = nodes.select_related('page', 'parent__page')
234 |         else:
235 |             nodes = nodes.filter(page__publisher_public__title_set__language__in=languages)
236 |             nodes = nodes.select_related(
237 |                 'page__publisher_public',
238 |                 'parent__page__publisher_public',
239 |             )
240 |         nodes = nodes.distinct()
241 |         nodes = get_visible_nodes(request, nodes, site)
242 | 
243 |         if self.renderer.draft_mode_active:
244 |             pages = [node.get_page() for node in nodes]
245 |         else:
246 |             pages = [node.get_public_page() for node in nodes]
247 | 
248 |         if not pages:
249 |             return []
250 | 
251 |         titles = Title.objects.filter(
252 |             language__in=languages,
253 |             publisher_is_draft=bool(self.renderer.draft_mode_active),
254 |         )
255 | 
256 |         lookup = Prefetch(
257 |             'title_set',
258 |             to_attr='filtered_translations',
259 |             queryset=titles,
260 |         )
261 | 
262 |         if DJANGO_1_9:
263 |             # This function was made public in django 1.10
264 |             # and as a result its signature changed
265 |             prefetch_related_objects(pages, [lookup])
266 |         else:
267 |             prefetch_related_objects(pages, lookup)
268 | 
269 |         # Build the blank title instances only once
270 |         blank_title_cache = {language: EmptyTitle(language=language) for language in languages}
271 | 
272 |         if lang not in blank_title_cache:
273 |             blank_title_cache[lang] = EmptyTitle(language=lang)
274 | 
275 |         def _page_to_node(page):
276 |             # EmptyTitle is used to prevent the cms from trying
277 |             # to find a translation in the database
278 |             page.title_cache = blank_title_cache.copy()
279 | 
280 |             for trans in page.filtered_translations:
281 |                 page.title_cache[trans.language] = trans
282 |             return get_menu_node_for_page(self.renderer, page, language=lang, fallbacks=fallbacks)
283 |         return [_page_to_node(page=page) for page in pages]
```



##Searching for term "current site"...
### Search Result:
Found function `cms/toolbar_base.py:CMSToolbar.check_current_app`.
Source: Retrieved entity using keyword search (bm25).
```
31 | def check_current_app(cls, key, app_name):
32 |         if cls.supported_apps is None:
33 |             local_apps = ".".join(key.split(".")[:-2]),
34 |         else:
35 |             local_apps = cls.supported_apps
36 |         for local_app in local_apps:
37 |             if app_name and local_app and app_name.startswith(local_app):
38 |                 return True
39 |         return False
```

Found function `cms/admin/pageadmin.py:BasePageAdmin.has_add_permission`.
Source: Retrieved code content using keyword search (bm25).
```
587 | def has_add_permission(self, request):
588 |         """
589 |         Return true if the current user has permission to add a new page.
590 |         """
591 |         return self._has_add_permission_from_request(request)
```

Found function `cms/utils/page_permissions.py:user_can_add_subpage`.
Source: Retrieved code content using keyword search (bm25).
```
124 | def user_can_add_subpage(user, target, site=None):
125 |     """
126 |     Return true if the current user has permission to add a new page
127 |     under target.
128 |     :param user:
129 |     :param target: a Page object
130 |     :param site: optional Site object (not just PK)
131 |     :return: Boolean
132 |     """
133 |     has_perm = has_generic_permission(
134 |         page=target,
135 |         user=user,
136 |         action='add_page',
137 |         site=site,
138 |     )
139 |     return has_perm
```



##Searching for term "language"...
### Search Result:
Found file `cms/middleware/language.py`.
Source: Match found for entity name `language`.
```
 1 | # -*- coding: utf-8 -*-
 2 | import datetime
 3 | 
 4 | from django.utils.translation import LANGUAGE_SESSION_KEY, get_language
 5 | from django.conf import settings
 6 | 
 7 | from cms.utils.compat.dj import MiddlewareMixin
 8 | 
 9 | 
10 | class LanguageCookieMiddleware(MiddlewareMixin):
11 |     def process_response(self, request, response):
12 |         language = get_language()
13 |         if hasattr(request, 'session'):
14 |             session_language = request.session.get(LANGUAGE_SESSION_KEY, None)
15 |             if session_language and not session_language == language:
16 |                 request.session[LANGUAGE_SESSION_KEY] = language
17 |                 request.session.save()
18 |         if settings.LANGUAGE_COOKIE_NAME in request.COOKIES and \
19 |                         request.COOKIES[settings.LANGUAGE_COOKIE_NAME] == language:
20 |             return response
21 |         max_age = 365 * 24 * 60 * 60  # 10 years
22 |         expires = datetime.datetime.utcnow() + datetime.timedelta(seconds=max_age)
23 |         response.set_cookie(settings.LANGUAGE_COOKIE_NAME, language, expires=expires)
24 |         return response
25 | 
```

Found function `cms/toolbar/toolbar.py:BaseToolbar.language`.
Source: Match found for entity name `language`.
```
40 | def language(self):
41 |         # Backwards compatibility
42 |         warnings.warn(
43 |             "toolbar.language has been deprecated "
44 |             "and will be removed in django CMS 3.6",
45 |             PendingDeprecationWarning
46 |         )
47 |         return self.request_language
```



##Searching for term "translation site current site"...
### Search Result:
Found function `cms/models/pagemodel.py:Page.copy`.
Source: Retrieved code content using keyword search (bm25).
```
591 | def copy(self, site, parent_node=None, language=None,
592 |              translations=True, permissions=False, extensions=True):
593 |         from cms.utils.page import get_available_slug
594 | 
595 |         new_page = copy.copy(self)
596 |         new_page.pk = None
597 |         new_page.site = site
598 |         new_page.publisher_public_id = None
599 |         new_page.is_home = False
600 |         new_page.reverse_id = None
601 |         new_page.publication_date = None
602 |         new_page.publication_end_date = None
603 |         new_page.title_cache = {}
604 |         new_page.languages = ''
605 |         new_page.save()
606 | 
607 |         if 'node' in new_page.__dict__:
608 |             del new_page.__dict__['node']
609 | 
610 |         if hasattr(new_page, '_prefetched_objects_cache'):
611 |             del new_page._prefetched_objects_cache
612 | 
613 |         if parent_node:
614 |             new_node = parent_node.add_child(page=new_page, site=site)
615 |             parent_page = parent_node.page
616 |         else:
617 |             new_node = PageNode.add_root(page=new_page, site=site)
618 |             parent_page = None
619 | 
620 |         new_page._nodes_cache = {site.pk: new_node}
621 | 
622 |         if language and translations:
623 |             translations = self.title_set.filter(language=language)
624 |         elif translations:
625 |             translations = self.title_set.all()
626 |         else:
627 |             translations = self.title_set.none()
628 | 
629 |         # copy titles of this page
630 |         for title in translations:
631 |             title = copy.copy(title)
632 |             title.pk = None
633 |             title.page = new_page
634 |             title.published = False
635 |             title.publisher_public = None
636 | 
637 |             if parent_node:
638 |                 base = parent_page.get_path(title.language)
639 |                 path = u'%s/%s' % (base, title.slug)
640 |             else:
641 |                 base = ''
642 |                 path = title.slug
643 | 
644 |             slug = get_available_slug(site, path, title.language)
645 | 
646 |             title.slug = slug
647 |             title.path = '%s/%s' % (base, slug) if base else slug
648 |             title.save()
649 | 
650 |             new_page.title_cache[title.language] = title
651 | 
652 |         # copy the placeholders (and plugins on those placeholders!)
653 |         for placeholder in self.placeholders.iterator():
654 |             new_placeholder = copy.copy(placeholder)
655 |             new_placeholder.pk = None
656 |             new_placeholder.save()
657 |             new_page.placeholders.add(new_placeholder)
658 |             placeholder.copy_plugins(new_placeholder, language=language)
659 | 
660 |         if extensions:
661 |             from cms.extensions import extension_pool
662 |             extension_pool.copy_extensions(self, new_page)
663 | 
664 |         # copy permissions if requested
665 |         if permissions and get_cms_setting('PERMISSION'):
666 |             permissions = self.pagepermission_set.iterator()
667 |             permissions_new = []
668 | 
669 |             for permission in permissions:
670 |                 permission.pk = None
671 |                 permission.page = new_page
672 |                 permissions_new.append(permission)
673 | 
674 |             if permissions_new:
675 |                 new_page.pagepermission_set.bulk_create(permissions_new)
676 | 
677 |         if self.site_is_secondary(site):
678 |             return new_page
679 | 
680 |         # user is copying a primary page
681 |         # create a node for each site the page was attached to
682 |         attached_sites = self.get_attached_sites().exclude(pk=site.pk)
683 | 
684 |         if parent_node:
685 |             # There's a parent node, filter out sites that the parent
686 |             # page has not been attached to.
687 |             for site in attached_sites.filter(djangocms_page_nodes__page=parent_page):
688 |                 target = parent_node.get_remote(site)
689 |                 target.add_child(page=new_page, site=site)
690 |         else:
691 |             for site in attached_sites:
692 |                 PageNode.add_root(page=new_page, site=site)
693 |         return new_page
```

Found class `cms/cms_menus.py:CMSMenu`.
Source: Retrieved code content using keyword search (bm25).
```
198 | class CMSMenu(Menu):
199 | 
200 |     def get_nodes(self, request):
201 |         from cms.models import Title
202 | 
203 |         site = self.renderer.site
204 |         lang = self.renderer.request_language
205 |         nodes = get_node_queryset(
206 |             site,
207 |             published=not self.renderer.draft_mode_active,
208 |         )
209 | 
210 |         if is_valid_site_language(lang, site_id=site.pk):
211 |             _valid_language = True
212 |             _hide_untranslated = hide_untranslated(lang, site.pk)
213 |         else:
214 |             _valid_language = False
215 |             _hide_untranslated = False
216 | 
217 |         if _valid_language:
218 |             # The request language has been explicitly configured
219 |             # for the current site.
220 |             if _hide_untranslated:
221 |                 fallbacks = []
222 |             else:
223 |                 fallbacks = get_fallback_languages(lang, site_id=site.pk)
224 |             languages = [lang] + [_lang for _lang in fallbacks if _lang != lang]
225 |         else:
226 |             # The request language is not configured for the current site.
227 |             # Fallback to all configured public languages for the current site.
228 |             languages = get_public_languages(site.pk)
229 |             fallbacks = languages
230 | 
231 |         if self.renderer.draft_mode_active:
232 |             nodes = nodes.filter(page__title_set__language__in=languages)
233 |             nodes = nodes.select_related('page', 'parent__page')
234 |         else:
235 |             nodes = nodes.filter(page__publisher_public__title_set__language__in=languages)
236 |             nodes = nodes.select_related(
237 |                 'page__publisher_public',
238 |                 'parent__page__publisher_public',
239 |             )
240 |         nodes = nodes.distinct()
241 |         nodes = get_visible_nodes(request, nodes, site)
242 | 
243 |         if self.renderer.draft_mode_active:
244 |             pages = [node.get_page() for node in nodes]
245 |         else:
246 |             pages = [node.get_public_page() for node in nodes]
247 | 
248 |         if not pages:
249 |             return []
250 | 
251 |         titles = Title.objects.filter(
252 |             language__in=languages,
253 |             publisher_is_draft=bool(self.renderer.draft_mode_active),
254 |         )
255 | 
256 |         lookup = Prefetch(
257 |             'title_set',
258 |             to_attr='filtered_translations',
259 |             queryset=titles,
260 |         )
261 | 
262 |         if DJANGO_1_9:
263 |             # This function was made public in django 1.10
264 |             # and as a result its signature changed
265 |             prefetch_related_objects(pages, [lookup])
266 |         else:
267 |             prefetch_related_objects(pages, lookup)
268 | 
269 |         # Build the blank title instances only once
270 |         blank_title_cache = {language: EmptyTitle(language=language) for language in languages}
271 | 
272 |         if lang not in blank_title_cache:
273 |             blank_title_cache[lang] = EmptyTitle(language=lang)
274 | 
275 |         def _page_to_node(page):
276 |             # EmptyTitle is used to prevent the cms from trying
277 |             # to find a translation in the database
278 |             page.title_cache = blank_title_cache.copy()
279 | 
280 |             for trans in page.filtered_translations:
281 |                 page.title_cache[trans.language] = trans
282 |             return get_menu_node_for_page(self.renderer, page, language=lang, fallbacks=fallbacks)
283 |         return [_page_to_node(page=page) for page in pages]
```

2026-09-14 23:14:04 utils.py INFO 
LiteLLM completion() model= qwen/qwen3-coder; provider = openrouter
2026-09-14 23:14:08 utils.py INFO Wrapper: Completed Call, calling success_handler
2026-09-14 23:14:08 auto_search_main.py INFO Executing code:
```
print(search_code_snippets(**{'search_terms': ['copy page', 'paste page', 'translation check']}))
```
2026-09-14 23:14:08 __init__.py DEBUG Building index from IDs objects
2026-09-14 23:14:08 __init__.py DEBUG Building index from IDs objects
2026-09-14 23:14:08 __init__.py DEBUG Building index from IDs objects
2026-09-14 23:14:08 __init__.py DEBUG Building index from IDs objects
2026-09-14 23:14:09 auto_search_main.py INFO OBSERVATION:
cms/models/pagemodel.py:Page.copy
cms/api.py:can_change_page
cms/api.py:copy_plugins_to_language
cms/models/pagemodel.py:Page.copy_with_descendants
cms/admin/pageadmin.py:BasePageAdmin.copy_page
cms/cms_toolbars.py:PageToolbar.change_language_menu
cms/admin/pageadmin.py:BasePageAdmin.duplicate
cms/management/commands/subcommands/copy.py:CopyLangCommand.handle
cms/models/pagemodel.py:Page.copy
cms/management/commands/subcommands/copy.py:CopySiteCommand.get_site
cms/management/commands/subcommands/copy.py:CopySiteCommand.add_arguments
cms/management/commands/subcommands/copy.py:CopySiteCommand
cms/management/commands/subcommands/copy.py:CopyCommand
cms/management/commands/subcommands/copy.py:CopySiteCommand.handle
cms/admin/pageadmin.py:BasePageAdmin.copy_page
cms/models/pagemodel.py:Page.copy_with_descendants
cms/admin/placeholderadmin.py:PlaceholderAdminMixin._paste_plugin
cms/admin/placeholderadmin.py:PlaceholderAdminMixin._paste_placeholder
cms/admin/placeholderadmin.py:PlaceholderAdminMixin.move_plugin
cms/api.py:get_page_draft
cms/cms_menus.py:get_menu_node_for_page
cms/utils/check.py:check
cms/admin/pageadmin.py:BasePageAdmin.publish_page
cms/admin/pageadmin.py:BasePageAdmin.revert_to_live
cms/cms_menus.py:get_menu_node_for_page
cms/admin/pageadmin.py:BasePageAdmin.delete_translation
cms/models/pagemodel.py:Page.copy_with_descendants
cms/api.py:can_change_page
cms/api.py:copy_plugins_to_language
cms/admin/pageadmin.py:BasePageAdmin.copy_page
cms/models/pagemodel.py:Page.copy
cms/cms_toolbars.py:PageToolbar.change_language_menu
cms/models/pagemodel.py:Page.copy
cms/admin/pageadmin.py:BasePageAdmin.get_urls
cms/admin/pageadmin.py:BasePageAdmin.publish_page
cms/admin/pageadmin.py:BasePageAdmin.revert_to_live
cms/cms_menus.py:get_menu_node_for_page
##Searching for term "copy page", "copy page paste page translation check"...
### Search Result:
Found function `cms/models/pagemodel.py:Page.copy`.
Source: Retrieved entity using keyword search (bm25).
```
591 | def copy(self, site, parent_node=None, language=None,
592 |              translations=True, permissions=False, extensions=True):
593 |         from cms.utils.page import get_available_slug
594 | 
595 |         new_page = copy.copy(self)
596 |         new_page.pk = None
597 |         new_page.site = site
598 |         new_page.publisher_public_id = None
599 |         new_page.is_home = False
600 |         new_page.reverse_id = None
601 |         new_page.publication_date = None
602 |         new_page.publication_end_date = None
603 |         new_page.title_cache = {}
604 |         new_page.languages = ''
605 |         new_page.save()
606 | 
607 |         if 'node' in new_page.__dict__:
608 |             del new_page.__dict__['node']
609 | 
610 |         if hasattr(new_page, '_prefetched_objects_cache'):
611 |             del new_page._prefetched_objects_cache
612 | 
613 |         if parent_node:
614 |             new_node = parent_node.add_child(page=new_page, site=site)
615 |             parent_page = parent_node.page
616 |         else:
617 |             new_node = PageNode.add_root(page=new_page, site=site)
618 |             parent_page = None
619 | 
620 |         new_page._nodes_cache = {site.pk: new_node}
621 | 
622 |         if language and translations:
623 |             translations = self.title_set.filter(language=language)
624 |         elif translations:
625 |             translations = self.title_set.all()
626 |         else:
627 |             translations = self.title_set.none()
628 | 
629 |         # copy titles of this page
630 |         for title in translations:
631 |             title = copy.copy(title)
632 |             title.pk = None
633 |             title.page = new_page
634 |             title.published = False
635 |             title.publisher_public = None
636 | 
637 |             if parent_node:
638 |                 base = parent_page.get_path(title.language)
639 |                 path = u'%s/%s' % (base, title.slug)
640 |             else:
641 |                 base = ''
642 |                 path = title.slug
643 | 
644 |             slug = get_available_slug(site, path, title.language)
645 | 
646 |             title.slug = slug
647 |             title.path = '%s/%s' % (base, slug) if base else slug
648 |             title.save()
649 | 
650 |             new_page.title_cache[title.language] = title
651 | 
652 |         # copy the placeholders (and plugins on those placeholders!)
653 |         for placeholder in self.placeholders.iterator():
654 |             new_placeholder = copy.copy(placeholder)
655 |             new_placeholder.pk = None
656 |             new_placeholder.save()
657 |             new_page.placeholders.add(new_placeholder)
658 |             placeholder.copy_plugins(new_placeholder, language=language)
659 | 
660 |         if extensions:
661 |             from cms.extensions import extension_pool
662 |             extension_pool.copy_extensions(self, new_page)
663 | 
664 |         # copy permissions if requested
665 |         if permissions and get_cms_setting('PERMISSION'):
666 |             permissions = self.pagepermission_set.iterator()
667 |             permissions_new = []
668 | 
669 |             for permission in permissions:
670 |                 permission.pk = None
671 |                 permission.page = new_page
672 |                 permissions_new.append(permission)
673 | 
674 |             if permissions_new:
675 |                 new_page.pagepermission_set.bulk_create(permissions_new)
676 | 
677 |         if self.site_is_secondary(site):
678 |             return new_page
679 | 
680 |         # user is copying a primary page
681 |         # create a node for each site the page was attached to
682 |         attached_sites = self.get_attached_sites().exclude(pk=site.pk)
683 | 
684 |         if parent_node:
685 |             # There's a parent node, filter out sites that the parent
686 |             # page has not been attached to.
687 |             for site in attached_sites.filter(djangocms_page_nodes__page=parent_page):
688 |                 target = parent_node.get_remote(site)
689 |                 target.add_child(page=new_page, site=site)
690 |         else:
691 |             for site in attached_sites:
692 |                 PageNode.add_root(page=new_page, site=site)
693 |         return new_page
```

Found function `cms/api.py:copy_plugins_to_language`.
Source: Retrieved code content using keyword search (bm25).
```
487 | def copy_plugins_to_language(page, source_language, target_language,
488 |                              only_empty=True):
489 |     """
490 |     Copy the plugins to another language in the same page for all the page
491 |     placeholders.
492 | 
493 |     By default plugins are copied only if placeholder has no plugin for the
494 |     target language; use ``only_empty=False`` to change this.
495 | 
496 |     .. warning: This function skips permissions checks
497 | 
498 |     :param page: the page to copy
499 |     :type page: :class:`cms.models.pagemodel.Page` instance
500 |     :param string source_language: The source language code,
501 |      must be in :setting:`django:LANGUAGES`
502 |     :param string target_language: The source language code,
503 |      must be in :setting:`django:LANGUAGES`
504 |     :param bool only_empty: if False, plugin are copied even if
505 |      plugins exists in the target language (on a placeholder basis).
506 |     :return int: number of copied plugins
507 |     """
508 |     copied = 0
509 |     placeholders = page.get_placeholders()
510 |     for placeholder in placeholders:
511 |         # only_empty is True we check if the placeholder already has plugins and
512 |         # we skip it if has some
513 |         if not only_empty or not placeholder.get_plugins(language=target_language).exists():
514 |             plugins = list(
515 |                 placeholder.get_plugins(language=source_language).order_by('path'))
516 |             copied_plugins = copy_plugins.copy_plugins_to(plugins, placeholder, target_language)
517 |             copied += len(copied_plugins)
518 |     return copied
```

Found function `cms/api.py:can_change_page`.
Source: Retrieved code content using keyword search (bm25).
```
521 | def can_change_page(request):
522 |     """
523 |     Check whether a user has the permission to change the page.
524 | 
525 |     This will work across all permission-related setting, with a unified interface
526 |     to permission checking.
527 |     """
528 |     from cms.utils import page_permissions
529 | 
530 |     user = request.user
531 |     current_page = request.current_page
532 | 
533 |     if current_page:
534 |         return page_permissions.user_can_change_page(user, current_page)
535 | 
536 |     site = Site.objects.get_current(request)
537 |     return page_permissions.user_can_change_all_pages(user, site)
```



##Searching for term "copy page"...
### Search Result:
Found function `cms/utils/placeholder.py:PlaceholderNoAction.copy`.
Source: Retrieved entity using keyword search (bm25).
```
129 | def copy(self, **kwargs):
130 |         return False
```

Found function `cms/extensions/models.py:BaseExtension.copy`.
Source: Retrieved entity using keyword search (bm25).
```
37 | def copy(self, target, language):
38 |         """
39 |         This method copies this extension to an unrelated-target. If you intend
40 |         to "publish" this extension to the publisher counterpart of target, then
41 |         use copy_to_publish() instead.
42 |         """
43 |         clone = self.__class__.objects.get(pk=self.pk)  # get a copy of this instance
44 |         clone.pk = None
45 |         clone.public_extension = None
46 |         clone.extended_object = target  # set the new public object
47 | 
48 |         # Nullify all concrete parent primary keys. See issue #5494
49 |         for parent, field in clone._meta.parents.items():
50 |             if field:
51 |                 setattr(clone, parent._meta.pk.attname, None)
52 | 
53 |         clone.save(mark_page=False)
54 | 
55 |         # If the target we're copying already has a publisher counterpart, then
56 |         # connect the dots.
57 |         target_prime = getattr(target, 'publisher_public')
58 |         if target_prime:
59 |             related_name = self.__class__.__name__.lower()
60 |             clone_prime = getattr(target_prime, related_name)
61 |             if clone_prime:
62 |                 clone.public_extension = clone_prime
63 |             else:
64 |                 clone.public_extension = None
65 | 
66 |         clone.copy_relations(self, language)
67 |         clone.save(force_update=True, mark_page=False)
68 |         return clone
```

Found file `cms/management/commands/subcommands/copy.py`.
Source: Retrieved entity using keyword search (bm25).
Hint: Search `cms/management/commands/subcommands/copy.py` for the full content if needed.



##Searching for term "copy page", "paste page", "copy page paste page translation check"...
### Search Result:
Found function `cms/models/pagemodel.py:Page.copy_with_descendants`.
Source: Retrieved code content using keyword search (bm25).
```
695 | def copy_with_descendants(self, site, target_node=None, position=None,
696 |                               copy_permissions=True, target_site=None):
697 |         """
698 |         Copy a page [ and all its descendants to a new location ]
699 |         """
700 |         if not self.publisher_is_draft:
701 |             raise PublicIsUnmodifiable("copy page is not allowed for public pages")
702 | 
703 |         if target_site is None:
704 |             target_site = site
705 | 
706 |         if position in ('first-child', 'last-child'):
707 |             parent_node = target_node
708 |         elif target_node:
709 |             parent_node = target_node.parent
710 |         else:
711 |             parent_node = None
712 | 
713 |         node = self.get_node_object(site)
714 |         # Evaluate the descendants queryset BEFORE copying the page.
715 |         # Otherwise, if the page is copied and pasted on itself, it will duplicate.
716 |         descendants = list(node.get_descendants().prefetch_related('page__title_set'))
717 |         new_root_page = self.copy(target_site, parent_node=parent_node)
718 |         new_root_node = new_root_page.get_node_object(target_site)
719 | 
720 |         if target_node and position in ('first-child'):
721 |             # target node is a parent and user has requested to
722 |             # insert the new page as its first child
723 |             new_root_node.move(target_node, position)
724 |             new_root_node.refresh_from_db(fields=('path', 'depth'))
725 | 
726 |         if target_node and position in ('left', 'last-child'):
727 |             # target node is a sibling
728 |             new_root_node.move(target_node, position)
729 |             new_root_node.refresh_from_db(fields=('path', 'depth'))
730 | 
731 |         nodes_by_id = {node.pk: new_root_node}
732 | 
733 |         for node in descendants:
734 |             parent = nodes_by_id[node.parent_id]
735 |             new_page = node.page.copy(
736 |                 target_site,
737 |                 parent_node=parent,
738 |                 translations=True,
739 |                 permissions=copy_permissions,
740 |             )
741 |             nodes_by_id[node.pk] = new_page.get_node_object(target_site)
742 |         return new_root_page
```

Found function `cms/admin/pageadmin.py:BasePageAdmin.copy_page`.
Source: Retrieved code content using keyword search (bm25).
```
911 | def copy_page(self, request, page_id):
912 |         """
913 |         Copy the page and all its plugins and descendants to the requested
914 |         target, at the given position
915 |         """
916 |         page = self.get_page_from_id(page_id)
917 | 
918 |         if page is None:
919 |             return jsonify_request(HttpResponseBadRequest("error"))
920 | 
921 |         user = request.user
922 |         site = self.get_site(request)
923 |         form = self.copy_form(request.POST or None, page=page, site=site)
924 | 
925 |         if not form.is_valid():
926 |             return jsonify_request(HttpResponseBadRequest("error"))
927 | 
928 |         target = form.cleaned_data['target']
929 |         source_site = form.cleaned_data['source_site']
930 | 
931 |         # User can only copy pages he can see
932 |         can_copy_page = page_permissions.user_can_view_page(user, page, source_site)
933 | 
934 |         if can_copy_page and target:
935 |             # User can only copy a page into another one if he has permission
936 |             # to add a page under the target page.
937 |             can_copy_page = page_permissions.user_can_add_subpage(user, target, site)
938 |         elif can_copy_page:
939 |             # User can only copy / paste a page if he has permission to add a page
940 |             can_copy_page = page_permissions.user_can_add_page(user, site)
941 | 
942 |         if not can_copy_page:
943 |             message = force_text(_("Error! You don't have permissions to copy this page."))
944 |             return jsonify_request(HttpResponseForbidden(message))
945 | 
946 |         new_page = form.copy_page()
947 |         return HttpResponse(json.dumps({"id": new_page.pk}), content_type='application/json')
```



##Searching for term "paste page", "copy page paste page translation check"...
### Search Result:
Found file `cms/cache/page.py`.
Found file `cms/middleware/page.py`.
Found file `cms/utils/page.py`.
Found file `cms/signals/page.py`.
Source: Retrieved entity using keyword search (bm25).
Hint: Use more detailed query to get the full content of some if needed.



##Searching for term "paste page"...
### Search Result:
Found function `cms/admin/placeholderadmin.py:PlaceholderAdminMixin.move_plugin`.
Source: Retrieved code content using keyword search (bm25).
```
581 | def move_plugin(self, request):
582 |         """
583 |         Performs a move or a "paste" operation (when «move_a_copy» is set)
584 | 
585 |         POST request with following parameters:
586 |         - plugin_id
587 |         - placeholder_id
588 |         - plugin_language (optional)
589 |         - plugin_parent (optional)
590 |         - plugin_order (array, optional)
591 |         - move_a_copy (Boolean, optional) (anything supplied here except a case-
592 |                                         insensitive "false" is True)
593 |         NOTE: If move_a_copy is set, the plugin_order should contain an item
594 |               '__COPY__' with the desired destination of the copied plugin.
595 |         """
596 |         # plugin_id and placeholder_id are required, so, if nothing is supplied,
597 |         # an ValueError exception will be raised by get_int().
598 |         try:
599 |             plugin_id = get_int(request.POST.get('plugin_id'))
600 |         except TypeError:
601 |             raise RuntimeError("'plugin_id' is a required parameter.")
602 | 
603 |         plugin = self._get_plugin_from_id(plugin_id)
604 | 
605 |         try:
606 |             placeholder_id = get_int(request.POST.get('placeholder_id'))
607 |         except TypeError:
608 |             raise RuntimeError("'placeholder_id' is a required parameter.")
609 |         except ValueError:
610 |             raise RuntimeError("'placeholder_id' must be an integer string.")
611 | 
612 |         placeholder = Placeholder.objects.get(pk=placeholder_id)
613 | 
614 |         # The rest are optional
615 |         parent_id = get_int(request.POST.get('plugin_parent', ""), None)
616 |         target_language = request.POST['target_language']
617 |         move_a_copy = request.POST.get('move_a_copy')
618 |         move_a_copy = (move_a_copy and move_a_copy != "0" and
619 |                        move_a_copy.lower() != "false")
620 |         move_to_clipboard = placeholder == request.toolbar.clipboard
621 |         source_placeholder = plugin.placeholder
622 | 
623 |         order = request.POST.getlist("plugin_order[]")
624 | 
625 |         if placeholder != source_placeholder:
626 |             try:
627 |                 template = self.get_placeholder_template(request, placeholder)
628 |                 has_reached_plugin_limit(placeholder, plugin.plugin_type,
629 |                                          target_language, template=template)
630 |             except PluginLimitReached as er:
631 |                 return HttpResponseBadRequest(er)
632 | 
633 |         # order should be a list of plugin primary keys
634 |         # it's important that the plugins being referenced
635 |         # are all part of the same tree.
636 |         exclude_from_order_check = ['__COPY__', str(plugin.pk)]
637 |         ordered_plugin_ids = [int(pk) for pk in order if pk not in exclude_from_order_check]
638 |         plugins_in_tree_count = (
639 |             placeholder
640 |             .get_plugins(target_language)
641 |             .filter(parent=parent_id, pk__in=ordered_plugin_ids)
642 |             .count()
643 |         )
644 | 
645 |         if len(ordered_plugin_ids) != plugins_in_tree_count:
646 |             # order does not match the tree on the db
647 |             message = _('order parameter references plugins in different trees')
648 |             return HttpResponseBadRequest(force_text(message))
649 | 
650 |         # True if the plugin is not being moved from the clipboard
651 |         # to a placeholder or from a placeholder to the clipboard.
652 |         move_a_plugin = not move_a_copy and not move_to_clipboard
653 | 
654 |         if parent_id and plugin.parent_id != parent_id:
655 |             target_parent = get_object_or_404(CMSPlugin, pk=parent_id)
656 | 
657 |             if move_a_plugin and target_parent.placeholder_id != placeholder.pk:
658 |                 return HttpResponseBadRequest(force_text(
659 |                     _('parent must be in the same placeholder')))
660 | 
661 |             if move_a_plugin and target_parent.language != target_language:
662 |                 return HttpResponseBadRequest(force_text(
663 |                     _('parent must be in the same language as '
664 |                       'plugin_language')))
665 |         elif parent_id:
666 |             target_parent = plugin.parent
667 |         else:
668 |             target_parent = None
669 | 
670 |         new_plugin = None
671 |         fetch_tree = False
672 | 
673 |         if move_a_copy and plugin.plugin_type == "PlaceholderPlugin":
674 |             new_plugins = self._paste_placeholder(
675 |                 request,
676 |                 plugin=plugin,
677 |                 target_language=target_language,
678 |                 target_placeholder=placeholder,
679 |                 tree_order=order,
680 |             )
681 |         elif move_a_copy:
682 |             fetch_tree = True
683 |             new_plugin = self._paste_plugin(
684 |                 request,
685 |                 plugin=plugin,
686 |                 target_parent=target_parent,
687 |                 target_language=target_language,
688 |                 target_placeholder=placeholder,
689 |                 tree_order=order,
690 |             )
691 |         elif move_to_clipboard:
692 |             new_plugin = self._cut_plugin(
693 |                 request,
694 |                 plugin=plugin,
695 |                 target_language=target_language,
696 |                 target_placeholder=placeholder,
697 |             )
698 |             new_plugins = [new_plugin]
699 |         else:
700 |             fetch_tree = True
701 |             new_plugin = self._move_plugin(
702 |                 request,
703 |                 plugin=plugin,
704 |                 target_parent=target_parent,
705 |                 target_language=target_language,
706 |                 target_placeholder=placeholder,
707 |                 tree_order=order,
708 |             )
709 | 
710 |         if new_plugin and fetch_tree:
711 |             root = (new_plugin.parent or new_plugin)
712 |             new_plugins = [root] + list(root.get_descendants().order_by('path'))
713 | 
714 |         # Mark the target placeholder as dirty
715 |         placeholder.mark_as_dirty(target_language)
716 | 
717 |         if placeholder != source_placeholder:
718 |             # Plugin is being moved or copied into a separate placeholder
719 |             # Mark source placeholder as dirty
720 |             source_placeholder.mark_as_dirty(plugin.language)
721 |         data = get_plugin_tree_as_json(request, new_plugins)
722 |         return HttpResponse(data, content_type='application/json')
```

Found function `cms/cache/page.py:_page_cache_key`.
Source: Retrieved entity using keyword search (bm25).
```
19 | def _page_cache_key(request):
20 |     #sha1 key of current path
21 |     cache_key = "%s:%d:%s" % (
22 |         get_cms_setting("CACHE_PREFIX"),
23 |         settings.SITE_ID,
24 |         hashlib.sha1(iri_to_uri(request.get_full_path()).encode('utf-8')).hexdigest()
25 |     )
26 |     if settings.USE_TZ:
27 |         cache_key += '.%s' % get_timezone_name()
28 |     return cache_key
```

Found function `cms/admin/placeholderadmin.py:PlaceholderAdminMixin._paste_plugin`.
Source: Retrieved code content using keyword search (bm25).
```
724 | def _paste_plugin(self, request, plugin, target_language,
725 |                       target_placeholder, tree_order, target_parent=None):
726 |         plugins = (
727 |             CMSPlugin
728 |             .get_tree(parent=plugin)
729 |             .filter(placeholder=plugin.placeholder_id)
730 |             .order_by('path')
731 |         )
732 |         plugins = list(plugins)
733 | 
734 |         if not self.has_copy_from_clipboard_permission(request, target_placeholder, plugins):
735 |             message = force_text(_("You have no permission to paste this plugin"))
736 |             raise PermissionDenied(message)
737 | 
738 |         if target_parent:
739 |             target_parent_id = target_parent.pk
740 |         else:
741 |             target_parent_id = None
742 | 
743 |         target_tree_order = [int(pk) for pk in tree_order if not pk == '__COPY__']
744 | 
745 |         action_token = self._send_pre_placeholder_operation(
746 |             request,
747 |             operation=operations.PASTE_PLUGIN,
748 |             plugin=plugin,
749 |             target_language=target_language,
750 |             target_placeholder=target_placeholder,
751 |             target_parent_id=target_parent_id,
752 |             target_order=target_tree_order,
753 |         )
754 | 
755 |         plugin_pairs = copy_plugins.copy_plugins_to(
756 |             plugins,
757 |             to_placeholder=target_placeholder,
758 |             to_language=target_language,
759 |             parent_plugin_id=target_parent_id,
760 |         )
761 |         root_plugin = plugin_pairs[0][0]
762 | 
763 |         # If an ordering was supplied, replace the item that has
764 |         # been copied with the new copy
765 |         target_tree_order.insert(tree_order.index('__COPY__'), root_plugin.pk)
766 | 
767 |         reorder_plugins(
768 |             target_placeholder,
769 |             parent_id=target_parent_id,
770 |             language=target_language,
771 |             order=target_tree_order,
772 |         )
773 | 
774 |         # Fetch from db to update position and other tree values
775 |         root_plugin.refresh_from_db()
776 | 
777 |         self._send_post_placeholder_operation(
778 |             request,
779 |             operation=operations.PASTE_PLUGIN,
780 |             plugin=root_plugin.get_bound_plugin(),
781 |             token=action_token,
782 |             target_language=target_language,
783 |             target_placeholder=target_placeholder,
784 |             target_parent_id=target_parent_id,
785 |             target_order=target_tree_order,
786 |         )
787 |         return root_plugin
```

Found function `cms/admin/placeholderadmin.py:PlaceholderAdminMixin._paste_placeholder`.
Source: Retrieved code content using keyword search (bm25).
```
789 | def _paste_placeholder(self, request, plugin, target_language,
790 |                            target_placeholder, tree_order):
791 |         plugins = plugin.placeholder_ref.get_plugins_list()
792 | 
793 |         if not self.has_copy_from_clipboard_permission(request, target_placeholder, plugins):
794 |             message = force_text(_("You have no permission to paste this placeholder"))
795 |             raise PermissionDenied(message)
796 | 
797 |         target_tree_order = [int(pk) for pk in tree_order if not pk == '__COPY__']
798 | 
799 |         action_token = self._send_pre_placeholder_operation(
800 |             request,
801 |             operation=operations.PASTE_PLACEHOLDER,
802 |             plugins=plugins,
803 |             target_language=target_language,
804 |             target_placeholder=target_placeholder,
805 |             target_order=target_tree_order,
806 |         )
807 | 
808 |         new_plugins = copy_plugins.copy_plugins_to(
809 |             plugins,
810 |             to_placeholder=target_placeholder,
811 |             to_language=target_language,
812 |         )
813 | 
814 |         new_plugin_ids = (new.pk for new, old in new_plugins)
815 | 
816 |         # Creates a list of PKs for the top-level plugins ordered by
817 |         # their position.
818 |         top_plugins = (pair for pair in new_plugins if not pair[0].parent_id)
819 |         top_plugins_pks = [p[0].pk for p in sorted(top_plugins, key=lambda pair: pair[1].position)]
820 | 
821 |         # If an ordering was supplied, we should replace the item that has
822 |         # been copied with the new plugins
823 |         target_tree_order[tree_order.index('__COPY__'):0] = top_plugins_pks
824 | 
825 |         reorder_plugins(
826 |             target_placeholder,
827 |             parent_id=None,
828 |             language=target_language,
829 |             order=target_tree_order,
830 |         )
831 | 
832 |         new_plugins = (
833 |             CMSPlugin
834 |             .objects
835 |             .filter(pk__in=new_plugin_ids)
836 |             .order_by('path')
837 |             .select_related('placeholder')
838 |         )
839 |         new_plugins = list(new_plugins)
840 | 
841 |         self._send_post_placeholder_operation(
842 |             request,
843 |             operation=operations.PASTE_PLACEHOLDER,
844 |             token=action_token,
845 |             plugins=new_plugins,
846 |             target_language=target_language,
847 |             target_placeholder=target_placeholder,
848 |             target_order=target_tree_order,
849 |         )
850 |         return new_plugins
```



##Searching for term "translation check"...
### Search Result:
Found `cms/management/commands/subcommands/check.py:CheckInstallation`, `cms/management/commands/subcommands/check.py:CheckInstallation.handle`.
Source: Retrieved code content using keyword search (bm25).
```
 1 | # -*- coding: utf-8 -*-
 2 | from __future__ import absolute_import, print_function, unicode_literals
 3 | 
 4 | from django.core.management.base import CommandError
 5 | 
 6 | from cms.utils.check import FileOutputWrapper, check
 7 | 
 8 | from .base import SubcommandsCommand
 9 | 
10 | 
11 | class CheckInstallation(SubcommandsCommand):
12 |     help_string = 'Checks your settings and environment'
13 |     command_name = 'check'
14 | 
15 |     def handle(self, *args, **options):
16 |         if not check(FileOutputWrapper(self.stdout, self.stderr)):
17 |             raise CommandError()
18 | 
```

Found code snippet in file `cms/api.py`.
Source: Retrieved code content using keyword search (bm25).
```
  1 | # -*- coding: utf-8 -*-
  2 | """
  3 | Public Python API to create CMS contents.
  4 | 
  5 | WARNING: None of the functions defined in this module checks for permissions.
  6 | You must implement the necessary permission checks in your own code before
  7 | calling these methods!
  8 | """
  9 | import datetime
 10 | import warnings
 11 | 
 12 | from django.contrib.auth import get_user_model
 13 | from django.contrib.sites.models import Site
 14 | from django.core.exceptions import FieldError
 15 | from django.core.exceptions import PermissionDenied
 16 | from django.core.exceptions import ValidationError
 17 | from django.db import transaction
 18 | from django.template.defaultfilters import slugify
 19 | from django.template.loader import get_template
 20 | from django.utils import six
 21 | from django.utils.translation import activate
 22 | 
 23 | from cms import constants
 24 | from cms.app_base import CMSApp
 25 | from cms.apphook_pool import apphook_pool
 26 | from cms.constants import TEMPLATE_INHERITANCE_MAGIC
 27 | from cms.models.pagemodel import Page
 28 | from cms.models.permissionmodels import (PageUser, PagePermission, GlobalPagePermission,
 29 |                                          ACCESS_PAGE_AND_DESCENDANTS)
 30 | from cms.models.placeholdermodel import Placeholder
 31 | from cms.models.pluginmodel import CMSPlugin
 32 | from cms.models.titlemodels import Title
 33 | from cms.plugin_base import CMSPluginBase
 34 | from cms.plugin_pool import plugin_pool
 35 | from cms.utils import copy_plugins, get_current_site
 36 | from cms.utils.conf import get_cms_setting
 37 | from cms.utils.i18n import get_language_list
 38 | from cms.utils.page import get_available_slug
 39 | from cms.utils.permissions import _thread_locals, current_user
 40 | from menus.menu_pool import menu_pool
```

Found function `cms/admin/pageadmin.py:BasePageAdmin.publish_page`.
Source: Retrieved code content using keyword search (bm25).
```
 997 | def publish_page(self, request, page_id, language):
 998 |         page = self.get_object(request, object_id=page_id)
 999 | 
1000 |         if page and not self.has_publish_permission(request, obj=page):
1001 |             return HttpResponseForbidden(force_text(_("You do not have permission to publish this page")))
1002 | 
1003 |         if page:
1004 |             translation = page.get_title_obj(language, fallback=False)
1005 |         else:
1006 |             translation = None
1007 | 
1008 |         if page and not translation:
1009 |             raise Http404('No translation matches requested language.')
1010 | 
1011 |         all_published = True
1012 | 
1013 |         statics = request.GET.get('statics', '')
1014 | 
1015 |         if not statics and not page:
1016 |             raise Http404("No page or static placeholder found for publishing.")
1017 | 
1018 |         if translation and translation.publisher_public:
1019 |             reload_urls = translation._url_properties_changed()
1020 |         else:
1021 |             reload_urls = bool(page and page.application_urls and translation)
1022 | 
1023 |         if page:
1024 |             operation_token = self._send_pre_page_operation(
1025 |                 request,
1026 |                 operation=operations.PUBLISH_PAGE_TRANSLATION,
1027 |                 obj=page,
1028 |                 translation=translation,
1029 |             )
1030 |             all_published = page.publish(language)
1031 |             page = page.reload()
1032 |             self._send_post_page_operation(
1033 |                 request,
1034 |                 operation=operations.PUBLISH_PAGE_TRANSLATION,
1035 |                 token=operation_token,
1036 |                 obj=page,
1037 |                 translation=translation,
1038 |                 successful=all_published,
1039 |             )
1040 | 
1041 |         if statics:
1042 |             static_ids = statics.split(',')
1043 |             static_placeholders = StaticPlaceholder.objects.filter(pk__in=static_ids)
1044 | 
1045 |             for static_placeholder in static_placeholders.iterator():
1046 |                 # TODO: Maybe only send one signal...
1047 |                 # this would break the obj signal format though
1048 |                 operation_token = self._send_pre_page_operation(
1049 |                     request,
1050 |                     operation=operations.PUBLISH_STATIC_PLACEHOLDER,
1051 |                     obj=static_placeholder,
1052 |                     target_language=language,
1053 |                 )
1054 | 
1055 |                 published = static_placeholder.publish(request, language)
1056 | 
1057 |                 self._send_post_page_operation(
1058 |                     request,
1059 |                     operation=operations.PUBLISH_STATIC_PLACEHOLDER,
1060 |                     token=operation_token,
1061 |                     obj=static_placeholder,
1062 |                     target_language=language,
1063 |                 )
1064 |                 if not published:
1065 |                     all_published = False
1066 | 
1067 |         if page:
1068 |             if all_published:
1069 |                 if reload_urls:
1070 |                     set_restart_trigger()
1071 | 
1072 |                 if page.get_publisher_state(language) == PUBLISHER_STATE_PENDING:
1073 |                     messages.warning(request, _("Page not published! A parent page is not published yet."))
1074 |                 else:
1075 |                     messages.info(request, _('The content was successfully published.'))
1076 |                 LogEntry.objects.log_action(
1077 |                     user_id=request.user.id,
1078 |                     content_type_id=ContentType.objects.get_for_model(Page).pk,
1079 |                     object_id=page_id,
1080 |                     object_repr=page.get_title(language),
1081 |                     action_flag=CHANGE,
1082 |                 )
1083 |             else:
1084 |                 if page.get_publisher_state(language) == PUBLISHER_STATE_PENDING:
1085 |                     messages.warning(request, _("Page not published! A parent page is not published yet."))
1086 |                 else:
1087 |                     messages.warning(request, _("There was a problem publishing your content"))
1088 | 
1089 |         if 'node' in request.GET or 'node' in request.POST:
1090 |             # if request comes from tree..
1091 |             # 204 -> request was successful but no response returned.
1092 |             return HttpResponse(status=204)
1093 | 
1094 |         if 'redirect' in request.GET:
1095 |             return HttpResponseRedirect(request.GET['redirect'])
1096 |         referrer = request.META.get('HTTP_REFERER', '')
1097 | 
1098 |         path = admin_reverse("cms_page_changelist")
1099 |         if request.GET.get('redirect_language'):
1100 |             path = "%s?language=%s&page_id=%s" % (path, request.GET.get('redirect_language'), request.GET.get('redirect_page_id'))
1101 |         if admin_reverse('index') not in referrer:
1102 |             if all_published:
1103 |                 if page:
1104 |                     if page.get_publisher_state(language) == PUBLISHER_STATE_PENDING:
1105 |                         path = page.get_absolute_url(language, fallback=True)
1106 |                     else:
1107 |                         public_page = Page.objects.get(publisher_public=page.pk)
1108 |                         path = '%s?preview&%s' % (public_page.get_absolute_url(language, fallback=True), get_cms_setting('CMS_TOOLBAR_URL__EDIT_OFF'))
1109 |                 else:
1110 |                     path = '%s?preview&%s' % (referrer, get_cms_setting('CMS_TOOLBAR_URL__EDIT_OFF'))
1111 |             else:
1112 |                 path = '/?preview&%s' % get_cms_setting('CMS_TOOLBAR_URL__EDIT_OFF')
1113 | 
1114 |         return HttpResponseRedirect(path)
```

Found class `cms/utils/check.py:FileSectionWrapper`.
Source: Retrieved entity using keyword search (bm25).
```
114 | class FileSectionWrapper(FileOutputWrapper):
115 |     """
116 |     Used from FileOutputWrapper to report checks in a section.
117 | 
118 |     If you want to provide your own output class, you may want to subclass
119 |     this class for the section reporting too. If you want to use your own,
120 |     you must defined at least the same API as FileOutputWrapper, as well
121 |     as these four additional methods:
122 | 
123 |         finish_success(message): End the section (successfully)
124 |         finish_error(message): End the section with errors
125 |         finish_warning(message): End this section with a warning
126 |         finish_skip(message): End this (skipped) section
127 |     """
128 |     def __init__(self, wrapper):
129 |         super(FileSectionWrapper, self).__init__(wrapper.stdout, wrapper.stderr)
130 |         self.wrapper = wrapper
131 | 
132 |     def write_line(self, message=''):
133 |         self.write(u'  - %s\n' % message)
134 | 
135 |     def write_stderr_line(self, message=''):
136 |         self.write_stderr(u'  - %s\n' % message)
137 | 
138 |     def finish_success(self, message):
139 |         self.wrapper.write_line()
140 |         self.wrapper.success(message)
141 | 
142 |     def finish_error(self, message):
143 |         self.wrapper.write_line()
144 |         self.wrapper.error(message)
145 | 
146 |     def finish_warning(self, message):
147 |         self.wrapper.write_line()
148 |         self.wrapper.warning(message)
149 | 
150 |     def finish_skip(self, message):
151 |         self.wrapper.write_lin()
152 |         self.wrapper.skip(message)
```

Found function `cms/utils/check.py:check_deprecated_settings`.
Source: Retrieved entity using keyword search (bm25).
```
260 | def check_deprecated_settings(output):
261 |     with output.section("Deprecated settings") as section:
262 |         found = False
263 |         for deprecated, new_setting in DEPRECATED_CMS_SETTINGS.items():
264 |             if not hasattr(settings, deprecated):
265 |                 continue
266 |             if new_setting:
267 |                 message = "Deprecated setting %s found. This setting has been replaced by %s" % new_setting
268 |                 section.warn(message)
269 |             else:
270 |                 message = "Deprecated setting %s found. This setting is no longer in use and can be removed" % deprecated
271 |                 section.warn(message)
272 |             found = True
273 |         if not found:
274 |             section.skip("No deprecated settings found")
```

Found function `cms/utils/check.py:check`.
Source: Retrieved entity using keyword search (bm25).
```
372 | def check(output):
373 |     """
374 |     Checks the configuration/environment of this django CMS installation.
375 | 
376 |     'output' should be an object that provides the same API as FileOutputWrapper.
377 | 
378 |     Returns whether the configuration/environment are okay (has no errors)
379 |     """
380 |     title = "Checking django CMS installation"
381 |     border = '*' * len(title)
382 |     output.write_line(output.colorize(border, opts=['bold']))
383 |     output.write_line(output.colorize(title, opts=['bold']))
384 |     output.write_line(output.colorize(border, opts=['bold']))
385 |     output.write_line()
386 |     for checker in CHECKERS:
387 |         checker(output)
388 |     output.write_line()
389 |     with output.section("OVERALL RESULTS"):
390 |         if output.errors:
391 |             output.write_stderr_line(output.colorize("%s errors!" % output.errors, opts=['bold'], fg='red'))
392 |         if output.warnings:
393 |             output.write_stderr_line(output.colorize("%s warnings!" % output.warnings, opts=['bold'], fg='yellow'))
394 |         if output.skips:
395 |             output.write_line(output.colorize("%s checks skipped!" % output.skips, opts=['bold'], fg='blue'))
396 |         output.write_line(output.colorize("%s checks successful!" % output.successes, opts=['bold'], fg='green'))
397 |         output.write_line()
398 |         if output.errors:
399 |             output.write_stderr_line(output.colorize('Please check the errors above', opts=['bold'], fg='red'))
400 |         elif output.warnings:
401 |             output.write_stderr_line(output.colorize('Installation okay, but please check warnings above',
402 |                                                      opts=['bold'], fg='yellow'))
403 |         else:
404 |             output.write_line(output.colorize('Installation okay', opts=['bold'], fg='green'))
405 |     return output.successful
```

Found function `cms/admin/pageadmin.py:BasePageAdmin.revert_to_live`.
Source: Retrieved code content using keyword search (bm25).
```
951 | def revert_to_live(self, request, page_id, language):
952 |         """
953 |         Resets the draft version of the page to match the live one
954 |         """
955 |         page = self.get_object(request, object_id=page_id)
956 | 
957 |         if not self.has_revert_to_live_permission(request, language, obj=page):
958 |             return HttpResponseForbidden(force_text(_("You do not have permission to revert this page.")))
959 | 
960 |         if page is None:
961 |             raise self._get_404_exception(page_id)
962 | 
963 |         try:
964 |             translation = page.title_set.get(language=language)
965 |         except Title.DoesNotExist:
966 |             raise Http404('No translation matches requested language.')
967 | 
968 |         page.title_cache[language] = translation
969 |         operation_token = self._send_pre_page_operation(
970 |             request,
971 |             operation=operations.REVERT_PAGE_TRANSLATION_TO_LIVE,
972 |             obj=page,
973 |             translation=translation,
974 |         )
975 | 
976 |         page.revert_to_live(language)
977 | 
978 |         # Fetch updated translation
979 |         translation.refresh_from_db()
980 | 
981 |         self._send_post_page_operation(
982 |             request,
983 |             operation=operations.REVERT_PAGE_TRANSLATION_TO_LIVE,
984 |             token=operation_token,
985 |             obj=page,
986 |             translation=translation,
987 |         )
988 | 
989 |         messages.info(request, _('"%s" was reverted to the live version.') % page)
990 | 
991 |         path = page.get_absolute_url(language=language)
992 |         path = '%s?%s' % (path, get_cms_setting('CMS_TOOLBAR_URL__EDIT_OFF'))
993 |         return HttpResponseRedirect(path)
```

Found file `cms/utils/check.py`.
Source: Retrieved entity using keyword search (bm25).
Hint: Search `cms/utils/check.py` for the full content if needed.

2026-09-14 23:14:09 utils.py INFO 
LiteLLM completion() model= qwen/qwen3-coder; provider = openrouter
2026-09-14 23:14:15 utils.py INFO Wrapper: Completed Call, calling success_handler
2026-09-14 23:14:15 auto_search_main.py INFO Executing code:
```
print(get_entity_contents(**{'entity_names': ['cms/admin/pageadmin.py:BasePageAdmin.copy_page']}))
```
2026-09-14 23:14:15 auto_search_main.py INFO OBSERVATION:
##Searching for entity `cms/admin/pageadmin.py:BasePageAdmin.copy_page`...
### Search Result:
Found function `cms/admin/pageadmin.py:BasePageAdmin.copy_page`.
Source: Exact match found for entity name `cms/admin/pageadmin.py:BasePageAdmin.copy_page`.
```
911 | def copy_page(self, request, page_id):
912 |         """
913 |         Copy the page and all its plugins and descendants to the requested
914 |         target, at the given position
915 |         """
916 |         page = self.get_page_from_id(page_id)
917 | 
918 |         if page is None:
919 |             return jsonify_request(HttpResponseBadRequest("error"))
920 | 
921 |         user = request.user
922 |         site = self.get_site(request)
923 |         form = self.copy_form(request.POST or None, page=page, site=site)
924 | 
925 |         if not form.is_valid():
926 |             return jsonify_request(HttpResponseBadRequest("error"))
927 | 
928 |         target = form.cleaned_data['target']
929 |         source_site = form.cleaned_data['source_site']
930 | 
931 |         # User can only copy pages he can see
932 |         can_copy_page = page_permissions.user_can_view_page(user, page, source_site)
933 | 
934 |         if can_copy_page and target:
935 |             # User can only copy a page into another one if he has permission
936 |             # to add a page under the target page.
937 |             can_copy_page = page_permissions.user_can_add_subpage(user, target, site)
938 |         elif can_copy_page:
939 |             # User can only copy / paste a page if he has permission to add a page
940 |             can_copy_page = page_permissions.user_can_add_page(user, site)
941 | 
942 |         if not can_copy_page:
943 |             message = force_text(_("Error! You don't have permissions to copy this page."))
944 |             return jsonify_request(HttpResponseForbidden(message))
945 | 
946 |         new_page = form.copy_page()
947 |         return HttpResponse(json.dumps({"id": new_page.pk}), content_type='application/json')
```

2026-09-14 23:14:15 utils.py INFO 
LiteLLM completion() model= qwen/qwen3-coder; provider = openrouter
2026-09-14 23:14:20 utils.py INFO Wrapper: Completed Call, calling success_handler
2026-09-14 23:14:20 auto_search_main.py INFO Executing code:
```
print(get_entity_contents(**{'entity_names': ['cms/admin/placeholderadmin.py:PlaceholderAdminMixin._paste_plugin', 'cms/admin/placeholderadmin.py:PlaceholderAdminMixin._paste_placeholder']}))
```
2026-09-14 23:14:20 auto_search_main.py INFO OBSERVATION:
##Searching for entity `cms/admin/placeholderadmin.py:PlaceholderAdminMixin._paste_plugin`...
### Search Result:
Found function `cms/admin/placeholderadmin.py:PlaceholderAdminMixin._paste_plugin`.
Source: Exact match found for entity name `cms/admin/placeholderadmin.py:PlaceholderAdminMixin._paste_plugin`.
```
724 | def _paste_plugin(self, request, plugin, target_language,
725 |                       target_placeholder, tree_order, target_parent=None):
726 |         plugins = (
727 |             CMSPlugin
728 |             .get_tree(parent=plugin)
729 |             .filter(placeholder=plugin.placeholder_id)
730 |             .order_by('path')
731 |         )
732 |         plugins = list(plugins)
733 | 
734 |         if not self.has_copy_from_clipboard_permission(request, target_placeholder, plugins):
735 |             message = force_text(_("You have no permission to paste this plugin"))
736 |             raise PermissionDenied(message)
737 | 
738 |         if target_parent:
739 |             target_parent_id = target_parent.pk
740 |         else:
741 |             target_parent_id = None
742 | 
743 |         target_tree_order = [int(pk) for pk in tree_order if not pk == '__COPY__']
744 | 
745 |         action_token = self._send_pre_placeholder_operation(
746 |             request,
747 |             operation=operations.PASTE_PLUGIN,
748 |             plugin=plugin,
749 |             target_language=target_language,
750 |             target_placeholder=target_placeholder,
751 |             target_parent_id=target_parent_id,
752 |             target_order=target_tree_order,
753 |         )
754 | 
755 |         plugin_pairs = copy_plugins.copy_plugins_to(
756 |             plugins,
757 |             to_placeholder=target_placeholder,
758 |             to_language=target_language,
759 |             parent_plugin_id=target_parent_id,
760 |         )
761 |         root_plugin = plugin_pairs[0][0]
762 | 
763 |         # If an ordering was supplied, replace the item that has
764 |         # been copied with the new copy
765 |         target_tree_order.insert(tree_order.index('__COPY__'), root_plugin.pk)
766 | 
767 |         reorder_plugins(
768 |             target_placeholder,
769 |             parent_id=target_parent_id,
770 |             language=target_language,
771 |             order=target_tree_order,
772 |         )
773 | 
774 |         # Fetch from db to update position and other tree values
775 |         root_plugin.refresh_from_db()
776 | 
777 |         self._send_post_placeholder_operation(
778 |             request,
779 |             operation=operations.PASTE_PLUGIN,
780 |             plugin=root_plugin.get_bound_plugin(),
781 |             token=action_token,
782 |             target_language=target_language,
783 |             target_placeholder=target_placeholder,
784 |             target_parent_id=target_parent_id,
785 |             target_order=target_tree_order,
786 |         )
787 |         return root_plugin
```


##Searching for entity `cms/admin/placeholderadmin.py:PlaceholderAdminMixin._paste_placeholder`...
### Search Result:
Found function `cms/admin/placeholderadmin.py:PlaceholderAdminMixin._paste_placeholder`.
Source: Exact match found for entity name `cms/admin/placeholderadmin.py:PlaceholderAdminMixin._paste_placeholder`.
```
789 | def _paste_placeholder(self, request, plugin, target_language,
790 |                            target_placeholder, tree_order):
791 |         plugins = plugin.placeholder_ref.get_plugins_list()
792 | 
793 |         if not self.has_copy_from_clipboard_permission(request, target_placeholder, plugins):
794 |             message = force_text(_("You have no permission to paste this placeholder"))
795 |             raise PermissionDenied(message)
796 | 
797 |         target_tree_order = [int(pk) for pk in tree_order if not pk == '__COPY__']
798 | 
799 |         action_token = self._send_pre_placeholder_operation(
800 |             request,
801 |             operation=operations.PASTE_PLACEHOLDER,
802 |             plugins=plugins,
803 |             target_language=target_language,
804 |             target_placeholder=target_placeholder,
805 |             target_order=target_tree_order,
806 |         )
807 | 
808 |         new_plugins = copy_plugins.copy_plugins_to(
809 |             plugins,
810 |             to_placeholder=target_placeholder,
811 |             to_language=target_language,
812 |         )
813 | 
814 |         new_plugin_ids = (new.pk for new, old in new_plugins)
815 | 
816 |         # Creates a list of PKs for the top-level plugins ordered by
817 |         # their position.
818 |         top_plugins = (pair for pair in new_plugins if not pair[0].parent_id)
819 |         top_plugins_pks = [p[0].pk for p in sorted(top_plugins, key=lambda pair: pair[1].position)]
820 | 
821 |         # If an ordering was supplied, we should replace the item that has
822 |         # been copied with the new plugins
823 |         target_tree_order[tree_order.index('__COPY__'):0] = top_plugins_pks
824 | 
825 |         reorder_plugins(
826 |             target_placeholder,
827 |             parent_id=None,
828 |             language=target_language,
829 |             order=target_tree_order,
830 |         )
831 | 
832 |         new_plugins = (
833 |             CMSPlugin
834 |             .objects
835 |             .filter(pk__in=new_plugin_ids)
836 |             .order_by('path')
837 |             .select_related('placeholder')
838 |         )
839 |         new_plugins = list(new_plugins)
840 | 
841 |         self._send_post_placeholder_operation(
842 |             request,
843 |             operation=operations.PASTE_PLACEHOLDER,
844 |             token=action_token,
845 |             plugins=new_plugins,
846 |             target_language=target_language,
847 |             target_placeholder=target_placeholder,
848 |             target_order=target_tree_order,
849 |         )
850 |         return new_plugins
```

2026-09-14 23:14:20 utils.py INFO 
LiteLLM completion() model= qwen/qwen3-coder; provider = openrouter
2026-09-14 23:14:26 utils.py INFO Wrapper: Completed Call, calling success_handler
2026-09-14 23:14:26 auto_search_main.py INFO Executing code:
```
print(get_entity_contents(**{'entity_names': ['cms/models/pagemodel.py:Page.copy', 'cms/models/pagemodel.py:Page.copy_with_descendants']}))
```
2026-09-14 23:14:26 auto_search_main.py INFO OBSERVATION:
##Searching for entity `cms/models/pagemodel.py:Page.copy`...
### Search Result:
Found function `cms/models/pagemodel.py:Page.copy`.
Source: Exact match found for entity name `cms/models/pagemodel.py:Page.copy`.
```
591 | def copy(self, site, parent_node=None, language=None,
592 |              translations=True, permissions=False, extensions=True):
593 |         from cms.utils.page import get_available_slug
594 | 
595 |         new_page = copy.copy(self)
596 |         new_page.pk = None
597 |         new_page.site = site
598 |         new_page.publisher_public_id = None
599 |         new_page.is_home = False
600 |         new_page.reverse_id = None
601 |         new_page.publication_date = None
602 |         new_page.publication_end_date = None
603 |         new_page.title_cache = {}
604 |         new_page.languages = ''
605 |         new_page.save()
606 | 
607 |         if 'node' in new_page.__dict__:
608 |             del new_page.__dict__['node']
609 | 
610 |         if hasattr(new_page, '_prefetched_objects_cache'):
611 |             del new_page._prefetched_objects_cache
612 | 
613 |         if parent_node:
614 |             new_node = parent_node.add_child(page=new_page, site=site)
615 |             parent_page = parent_node.page
616 |         else:
617 |             new_node = PageNode.add_root(page=new_page, site=site)
618 |             parent_page = None
619 | 
620 |         new_page._nodes_cache = {site.pk: new_node}
621 | 
622 |         if language and translations:
623 |             translations = self.title_set.filter(language=language)
624 |         elif translations:
625 |             translations = self.title_set.all()
626 |         else:
627 |             translations = self.title_set.none()
628 | 
629 |         # copy titles of this page
630 |         for title in translations:
631 |             title = copy.copy(title)
632 |             title.pk = None
633 |             title.page = new_page
634 |             title.published = False
635 |             title.publisher_public = None
636 | 
637 |             if parent_node:
638 |                 base = parent_page.get_path(title.language)
639 |                 path = u'%s/%s' % (base, title.slug)
640 |             else:
641 |                 base = ''
642 |                 path = title.slug
643 | 
644 |             slug = get_available_slug(site, path, title.language)
645 | 
646 |             title.slug = slug
647 |             title.path = '%s/%s' % (base, slug) if base else slug
648 |             title.save()
649 | 
650 |             new_page.title_cache[title.language] = title
651 | 
652 |         # copy the placeholders (and plugins on those placeholders!)
653 |         for placeholder in self.placeholders.iterator():
654 |             new_placeholder = copy.copy(placeholder)
655 |             new_placeholder.pk = None
656 |             new_placeholder.save()
657 |             new_page.placeholders.add(new_placeholder)
658 |             placeholder.copy_plugins(new_placeholder, language=language)
659 | 
660 |         if extensions:
661 |             from cms.extensions import extension_pool
662 |             extension_pool.copy_extensions(self, new_page)
663 | 
664 |         # copy permissions if requested
665 |         if permissions and get_cms_setting('PERMISSION'):
666 |             permissions = self.pagepermission_set.iterator()
667 |             permissions_new = []
668 | 
669 |             for permission in permissions:
670 |                 permission.pk = None
671 |                 permission.page = new_page
672 |                 permissions_new.append(permission)
673 | 
674 |             if permissions_new:
675 |                 new_page.pagepermission_set.bulk_create(permissions_new)
676 | 
677 |         if self.site_is_secondary(site):
678 |             return new_page
679 | 
680 |         # user is copying a primary page
681 |         # create a node for each site the page was attached to
682 |         attached_sites = self.get_attached_sites().exclude(pk=site.pk)
683 | 
684 |         if parent_node:
685 |             # There's a parent node, filter out sites that the parent
686 |             # page has not been attached to.
687 |             for site in attached_sites.filter(djangocms_page_nodes__page=parent_page):
688 |                 target = parent_node.get_remote(site)
689 |                 target.add_child(page=new_page, site=site)
690 |         else:
691 |             for site in attached_sites:
692 |                 PageNode.add_root(page=new_page, site=site)
693 |         return new_page
```


##Searching for entity `cms/models/pagemodel.py:Page.copy_with_descendants`...
### Search Result:
Found function `cms/models/pagemodel.py:Page.copy_with_descendants`.
Source: Exact match found for entity name `cms/models/pagemodel.py:Page.copy_with_descendants`.
```
695 | def copy_with_descendants(self, site, target_node=None, position=None,
696 |                               copy_permissions=True, target_site=None):
697 |         """
698 |         Copy a page [ and all its descendants to a new location ]
699 |         """
700 |         if not self.publisher_is_draft:
701 |             raise PublicIsUnmodifiable("copy page is not allowed for public pages")
702 | 
703 |         if target_site is None:
704 |             target_site = site
705 | 
706 |         if position in ('first-child', 'last-child'):
707 |             parent_node = target_node
708 |         elif target_node:
709 |             parent_node = target_node.parent
710 |         else:
711 |             parent_node = None
712 | 
713 |         node = self.get_node_object(site)
714 |         # Evaluate the descendants queryset BEFORE copying the page.
715 |         # Otherwise, if the page is copied and pasted on itself, it will duplicate.
716 |         descendants = list(node.get_descendants().prefetch_related('page__title_set'))
717 |         new_root_page = self.copy(target_site, parent_node=parent_node)
718 |         new_root_node = new_root_page.get_node_object(target_site)
719 | 
720 |         if target_node and position in ('first-child'):
721 |             # target node is a parent and user has requested to
722 |             # insert the new page as its first child
723 |             new_root_node.move(target_node, position)
724 |             new_root_node.refresh_from_db(fields=('path', 'depth'))
725 | 
726 |         if target_node and position in ('left', 'last-child'):
727 |             # target node is a sibling
728 |             new_root_node.move(target_node, position)
729 |             new_root_node.refresh_from_db(fields=('path', 'depth'))
730 | 
731 |         nodes_by_id = {node.pk: new_root_node}
732 | 
733 |         for node in descendants:
734 |             parent = nodes_by_id[node.parent_id]
735 |             new_page = node.page.copy(
736 |                 target_site,
737 |                 parent_node=parent,
738 |                 translations=True,
739 |                 permissions=copy_permissions,
740 |             )
741 |             nodes_by_id[node.pk] = new_page.get_node_object(target_site)
742 |         return new_root_page
```

2026-09-14 23:14:26 utils.py INFO 
LiteLLM completion() model= qwen/qwen3-coder; provider = openrouter
2026-09-14 23:14:30 utils.py INFO Wrapper: Completed Call, calling success_handler
2026-09-14 23:14:30 auto_search_main.py INFO Executing code:
```
print(get_entity_contents(**{'entity_names': ['cms/admin/pageadmin.py']}))
```
2026-09-14 23:14:30 auto_search_main.py INFO OBSERVATION:
##Searching for entity `cms/admin/pageadmin.py`...
### Search Result:
Found file `cms/admin/pageadmin.py`.
Source: Exact match found for entity name `cms/admin/pageadmin.py`.
```
   1 | # -*- coding: utf-8 -*-
   2 | from collections import namedtuple
   3 | import copy
   4 | import json
   5 | import sys
   6 | import uuid
   7 | 
   8 | 
   9 | import django
  10 | from django.contrib.admin.helpers import AdminForm
  11 | from django.conf import settings
  12 | from django.conf.urls import url
  13 | from django.contrib import admin, messages
  14 | from django.contrib.admin.models import LogEntry, CHANGE
  15 | from django.contrib.admin.options import IS_POPUP_VAR
  16 | from django.contrib.admin.utils import get_deleted_objects
  17 | from django.contrib.contenttypes.models import ContentType
  18 | from django.contrib.sites.models import Site
  19 | from django.core.exceptions import (ObjectDoesNotExist,
  20 |                                     PermissionDenied, ValidationError)
  21 | from django.db import router, transaction
  22 | from django.db.models import Q, Prefetch
  23 | from django.http import (
  24 |     HttpResponseRedirect,
  25 |     HttpResponse,
  26 |     Http404,
  27 |     HttpResponseBadRequest,
  28 |     HttpResponseForbidden,
  29 | )
  30 | from django.shortcuts import render, get_object_or_404
  31 | from django.template.defaultfilters import escape
  32 | from django.template.loader import get_template
  33 | from django.template.response import SimpleTemplateResponse, TemplateResponse
  34 | from django.utils.encoding import force_text
  35 | from django.utils.translation import ugettext, ugettext_lazy as _, get_language
  36 | from django.utils.decorators import method_decorator
  37 | from django.views.decorators.http import require_POST
  38 | from django.http import QueryDict
  39 | 
  40 | from cms import operations
  41 | from cms.admin.forms import (
  42 |     AddPageForm,
  43 |     AddPageTypeForm,
  44 |     AdvancedSettingsForm,
  45 |     ChangePageForm,
  46 |     ChangeListForm,
  47 |     CopyPageForm,
  48 |     CopyPermissionForm,
  49 |     DuplicatePageForm,
  50 |     MovePageForm,
  51 |     PagePermissionForm,
  52 |     PublicationDatesForm,
  53 | )
  54 | from cms.admin.permissionadmin import PERMISSION_ADMIN_INLINES
  55 | from cms.admin.placeholderadmin import PlaceholderAdminMixin
  56 | from cms.constants import PUBLISHER_STATE_PENDING
  57 | from cms.models import (
  58 |     EmptyTitle, Page, PageNode, PageType,
  59 |     Title, CMSPlugin, PagePermission,
  60 |     GlobalPagePermission, StaticPlaceholder,
  61 | )
  62 | from cms.plugin_pool import plugin_pool
  63 | from cms.signals import pre_obj_operation, post_obj_operation
  64 | from cms.signals.apphook import set_restart_trigger
  65 | from cms.toolbar_pool import toolbar_pool
  66 | from cms.utils import permissions, get_current_site, get_language_from_request, copy_plugins
  67 | from cms.utils import page_permissions
  68 | from cms.utils.i18n import (
  69 |     get_language_list,
  70 |     get_language_tuple,
  71 |     get_language_object,
  72 |     get_site_language_from_request,
  73 | )
  74 | from cms.utils.admin import jsonify_request
  75 | from cms.utils.conf import get_cms_setting
  76 | from cms.utils.urlutils import admin_reverse
  77 | 
  78 | require_POST = method_decorator(require_POST)
  79 | 
  80 | 
  81 | PUBLISH_COMMENT = "Publish"
  82 | 
  83 | 
  84 | class PageNodeAdmin(admin.ModelAdmin):
  85 |     list_filter = ['site']
  86 |     list_display = ['id', 'path', 'page', 'numchild', 'depth', 'parent_display', 'site']
  87 |     readonly_fields = ['parent', 'page']
  88 |     search_fields = (
  89 |         '=page__id',
  90 |         'page__title_set__slug',
  91 |         'page__title_set__title',
  92 |         'page__reverse_id',
  93 |     )
  94 | 
  95 |     def parent_display(self, obj):
  96 |         if obj.parent_id:
  97 |             return str(obj.parent)
  98 |         return ''
  99 |     parent_display.short_description = 'parent'
 100 | 
 101 | 
 102 | class BasePageAdmin(PlaceholderAdminMixin, admin.ModelAdmin):
 103 |     form = AddPageForm
 104 |     search_fields = ('=id', 'title_set__slug', 'title_set__title', 'reverse_id')
 105 |     add_general_fields = ['title', 'slug', 'language', 'template']
 106 |     change_list_template = "admin/cms/page/tree/base.html"
 107 |     actions_menu_template = 'admin/cms/page/tree/actions_dropdown.html'
 108 |     page_tree_row_template = 'admin/cms/page/tree/menu.html'
 109 |     title_frontend_editable_fields = ['title', 'menu_title', 'page_title']
 110 | 
 111 |     add_form = AddPageForm
 112 |     change_form = ChangePageForm
 113 |     copy_form = CopyPageForm
 114 |     advanced_form = AdvancedSettingsForm
 115 |     move_form = MovePageForm
 116 |     changelist_form = ChangeListForm
 117 |     duplicate_form = DuplicatePageForm
 118 | 
 119 |     node_admin = PageNodeAdmin
 120 | 
 121 |     inlines = PERMISSION_ADMIN_INLINES
 122 | 
 123 |     def get_admin_url(self, action, *args):
 124 |         url_name = "{}_{}_{}".format(
 125 |             self.opts.app_label,
 126 |             self.opts.model_name,
 127 |             action,
 128 |         )
 129 |         return admin_reverse(url_name, args=args)
 130 | 
 131 |     def get_queryset(self, request):
 132 |         site = self.get_site(request)
 133 |         queryset  = super(BasePageAdmin, self).get_queryset(request)
 134 |         return queryset.filter(nodes__site=site)
 135 | 
 136 |     def get_nodes_queryset(self, request):
 137 |         site = self.get_site(request)
 138 |         nodes = PageNode.objects.get_for_site(site)
 139 |         nodes = nodes.prefetch_related(
 140 |             Prefetch(
 141 |                 'page__title_set',
 142 |                 to_attr='filtered_translations',
 143 |                 queryset=Title.objects.filter(language__in=get_language_list(site.pk))
 144 |             ),
 145 |         )
 146 |         return nodes
 147 | 
 148 |     def get_object_with_translation(self, language, *args, **kwargs):
 149 |         page = self.get_object(*args, **kwargs)
 150 | 
 151 |         if page is None:
 152 |             return (None, None)
 153 | 
 154 |         try:
 155 |             translation = page.title_set.get(language=language)
 156 |         except Title.DoesNotExist:
 157 |             translation = None
 158 |         return (page, translation)
 159 | 
 160 |     def get_page_from_id(self, page_id):
 161 |         page_id = self.model._meta.pk.to_python(page_id)
 162 | 
 163 |         try:
 164 |             page = self.model.objects.get(
 165 |                 pk=page_id,
 166 |                 publisher_is_draft=True,
 167 |             )
 168 |         except self.model.DoesNotExist:
 169 |             page = None
 170 |         return page
 171 | 
 172 |     def get_site(self, request):
 173 |         site_id = request.session.get('cms_admin_site')
 174 | 
 175 |         if not site_id:
 176 |             return get_current_site()
 177 | 
 178 |         try:
 179 |             site = Site.objects._get_site_by_id(site_id)
 180 |         except Site.DoesNotExist:
 181 |             site = get_current_site()
 182 |         return site
 183 | 
 184 |     def get_urls(self):
 185 |         """Get the admin urls
 186 |         """
 187 |         info = "%s_%s" % (self.model._meta.app_label, self.model._meta.model_name)
 188 |         pat = lambda regex, fn: url(regex, self.admin_site.admin_view(fn), name='%s_%s' % (info, fn.__name__))
 189 | 
 190 |         url_patterns = [
 191 |             pat(r'^([0-9]+)/advanced-settings/$', self.advanced),
 192 |             pat(r'^([0-9]+)/duplicate/$', self.duplicate),
 193 |             pat(r'^([0-9]+)/actions-menu/$', self.actions_menu),
 194 |             pat(r'^([0-9]+)/dates/$', self.dates),
 195 |             pat(r'^([0-9]+)/permission-settings/$', self.permissions),
 196 |             pat(r'^([0-9]+)/delete-translation/$', self.delete_translation),
 197 |             pat(r'^([0-9]+)/move-page/$', self.move_page),
 198 |             pat(r'^([0-9]+)/copy-page/$', self.copy_page),
 199 |             pat(r'^([0-9]+)/copy-language/$', self.copy_language),
 200 |             pat(r'^([0-9]+)/dialog/copy/$', self.get_copy_dialog),  # copy dialog
 201 |             pat(r'^([0-9]+)/change-navigation/$', self.change_innavigation),
 202 |             pat(r'^([0-9]+)/permissions/$', self.get_permissions),
 203 |             pat(r'^([0-9]+)/change-template/$', self.change_template),
 204 |             pat(r'^([0-9]+)/([a-z\-]+)/edit-field/$', self.edit_title_fields),
 205 |             pat(r'^([0-9]+)/([a-z\-]+)/publish/$', self.publish_page),
 206 |             pat(r'^([0-9]+)/([a-z\-]+)/unpublish/$', self.unpublish),
 207 |             pat(r'^([0-9]+)/([a-z\-]+)/preview/$', self.preview_page),
 208 |             pat(r'^([0-9]+)/([a-z\-]+)/revert-to-live/$', self.revert_to_live),
 209 |             url(r'^resolve/$', self.resolve, name="cms_page_resolve"),
 210 |             pat(r'^get-tree/$', self.get_tree),
 211 |         ]
 212 |         return url_patterns + super(BasePageAdmin, self).get_urls()
 213 | 
 214 |     def _send_pre_page_operation(self, request, operation, **kwargs):
 215 |         token = str(uuid.uuid4())
 216 |         pre_obj_operation.send(
 217 |             sender=self.__class__,
 218 |             operation=operation,
 219 |             request=request,
 220 |             token=token,
 221 |             **kwargs
 222 |         )
 223 |         return token
 224 | 
 225 |     def _send_post_page_operation(self, request, operation, token, **kwargs):
 226 |         post_obj_operation.send(
 227 |             sender=self.__class__,
 228 |             operation=operation,
 229 |             request=request,
 230 |             token=token,
 231 |             **kwargs
 232 |         )
 233 | 
 234 |     def save_related(self, request, form, formsets, change):
 235 |         if hasattr(form, 'save_m2m'):
 236 |             form.save_m2m()
 237 | 
 238 |         for formset in formsets:
 239 |             self.save_formset(request, form, formset, change=change)
 240 | 
 241 |     def get_fieldsets(self, request, obj=None):
 242 |         form = self.get_form(request, obj, fields=None)
 243 | 
 244 |         try:
 245 |             fieldsets = form.fieldsets
 246 |         except AttributeError:
 247 |             fields = list(form.base_fields) + list(self.get_readonly_fields(request, obj))
 248 |             fieldsets = [(None, {'fields': fields})]
 249 |         return fieldsets
 250 | 
 251 |     def get_inline_instances(self, request, obj=None):
 252 |         if obj and 'permission' in request.path_info:
 253 |             return super(BasePageAdmin, self).get_inline_instances(request, obj)
 254 |         return []
 255 | 
 256 |     def get_form_class(self, request, obj=None, **kwargs):
 257 |         if 'advanced' in request.path_info:
 258 |             return self.advanced_form
 259 |         elif 'permission' in request.path_info:
 260 |             return PagePermissionForm
 261 |         elif 'dates' in request.path_info:
 262 |             return PublicationDatesForm
 263 |         elif 'change' in request.path_info or obj and obj.pk:
 264 |             return self.change_form
 265 |         elif 'duplicate' in request.path_info:
 266 |             return self.duplicate_form
 267 |         return self.add_form
 268 | 
 269 |     def get_form(self, request, obj=None, **kwargs):
 270 |         """
 271 |         Get PageForm for the Page model and modify its fields depending on
 272 |         the request.
 273 |         """
 274 |         form = super(BasePageAdmin, self).get_form(
 275 |             request,
 276 |             obj,
 277 |             form=self.get_form_class(request, obj),
 278 |             **kwargs
 279 |         )
 280 |         form._user = request.user
 281 |         form._site = self.get_site(request)
 282 |         form._language = get_site_language_from_request(request, obj)
 283 |         return form
 284 | 
 285 |     def duplicate(self, request, object_id):
 286 |         """
 287 |         Leverages the add view logic to duplicate the page.
 288 |         """
 289 |         page = self.get_object(request, object_id=object_id)
 290 | 
 291 |         if page is None:
 292 |             raise self._get_404_exception(object_id)
 293 | 
 294 |         request = copy.copy(request)
 295 | 
 296 |         if request.method == 'GET':
 297 |             # source is a field in the form
 298 |             # because its value is in the url,
 299 |             # we have to set the initial value manually
 300 |             request.GET = request.GET.copy()
 301 |             request.GET['source'] = page.pk
 302 |         return self.add_view(request)
 303 | 
 304 |     def advanced(self, request, object_id):
 305 |         page = self.get_object(request, object_id=object_id)
 306 | 
 307 |         if not self.has_change_advanced_settings_permission(request, obj=page):
 308 |             raise PermissionDenied("No permission for editing advanced settings")
 309 | 
 310 |         if page is None:
 311 |             raise self._get_404_exception(object_id)
 312 | 
 313 |         # always returns a valid language
 314 |         language = get_site_language_from_request(request, current_page=page)
 315 |         language_obj = get_language_object(language, site_id=page.site_id)
 316 | 
 317 |         if not page.has_translation(language):
 318 |             # Can't edit advanced settings for a page translation (title)
 319 |             # that does not exist.
 320 |             message = _("Please create the %(language)s page "
 321 |                         "translation before editing it's advanced settings.")
 322 |             message = message % {'language': language_obj['name']}
 323 |             self.message_user(request, message, level=messages.ERROR)
 324 |             path = self.get_admin_url('change', object_id)
 325 |             return HttpResponseRedirect("%s?language=%s" % (path, language))
 326 |         return self.change_view(request, object_id, extra_context={'advanced_settings': True, 'title': _("Advanced Settings")})
 327 | 
 328 |     def actions_menu(self, request, object_id, extra_context=None):
 329 |         page = self.get_object(request, object_id=object_id)
 330 | 
 331 |         if page is None:
 332 |             raise self._get_404_exception(object_id)
 333 | 
 334 |         site = self.get_site(request)
 335 |         paste_enabled = request.GET.get('has_copy') or request.GET.get('has_cut')
 336 |         context = {
 337 |             'page': page,
 338 |             'node': page.get_node_object(site),
 339 |             'opts': self.opts,
 340 |             'site': site,
 341 |             'is_shared_page': page.site_is_secondary(site),
 342 |             'page_is_restricted': page.has_view_restrictions(site),
 343 |             'paste_enabled': paste_enabled,
 344 |             'has_add_permission': page_permissions.user_can_add_subpage(request.user, target=page),
 345 |             'has_copy_page_permission': page_permissions.user_can_view_page_draft(request.user, page, site=site),
 346 |             'has_change_permission': self.has_change_permission(request, obj=page),
 347 |             'has_change_advanced_settings_permission': self.has_change_advanced_settings_permission(request, obj=page),
 348 |             'has_change_permissions_permission': self.has_change_permissions_permission(request, obj=page),
 349 |             'has_move_page_permission':  self.has_move_page_permission(request, obj=page),
 350 |             'has_delete_permission':  self.has_delete_permission(request, obj=page),
 351 |             'CMS_PERMISSION': get_cms_setting('PERMISSION'),
 352 |         }
 353 | 
 354 |         if extra_context:
 355 |             context.update(extra_context)
 356 |         return render(request, self.actions_menu_template, context)
 357 | 
 358 |     def dates(self, request, object_id):
 359 |         return self.change_view(request, object_id, extra_context={'publishing_dates': True, 'title': _("Publishing dates")})
 360 | 
 361 |     def permissions(self, request, object_id):
 362 |         page = self.get_object(request, object_id=object_id)
 363 | 
 364 |         if not self.has_change_permissions_permission(request, obj=page):
 365 |             raise PermissionDenied("No permission for editing advanced settings")
 366 | 
 367 |         if page is None:
 368 |             raise self._get_404_exception(object_id)
 369 |         return self.change_view(request, object_id, extra_context={'show_permissions': True, 'title': _("Change Permissions")})
 370 | 
 371 |     def get_unihandecode_context(self, language):
 372 |         if language[:2] in get_cms_setting('UNIHANDECODE_DECODERS'):
 373 |             uhd_lang = language[:2]
 374 |         else:
 375 |             uhd_lang = get_cms_setting('UNIHANDECODE_DEFAULT_DECODER')
 376 |         uhd_host = get_cms_setting('UNIHANDECODE_HOST')
 377 |         uhd_version = get_cms_setting('UNIHANDECODE_VERSION')
 378 |         if uhd_lang and uhd_host and uhd_version:
 379 |             uhd_urls = [
 380 |                 '%sunihandecode-%s.core.min.js' % (uhd_host, uhd_version),
 381 |                 '%sunihandecode-%s.%s.min.js' % (uhd_host, uhd_version, uhd_lang),
 382 |             ]
 383 |         else:
 384 |             uhd_urls = []
 385 |         return {'unihandecode_lang': uhd_lang, 'unihandecode_urls': uhd_urls}
 386 | 
 387 |     def add_view(self, request, form_url='', extra_context=None):
 388 |         if extra_context is None:
 389 |             extra_context = {}
 390 |         language = get_site_language_from_request(request)
 391 |         extra_context.update({
 392 |             'language': language,
 393 |         })
 394 |         extra_context.update(self.get_unihandecode_context(language))
 395 |         return super(BasePageAdmin, self).add_view(request, form_url, extra_context=extra_context)
 396 | 
 397 |     def change_view(self, request, object_id, form_url='', extra_context=None):
 398 |         """
 399 |         The 'change' admin view for the Page model.
 400 |         """
 401 |         if extra_context is None:
 402 |             extra_context = {'basic_info': True}
 403 | 
 404 |         obj = self.get_object(request, object_id=object_id)
 405 | 
 406 |         if not self.has_change_permission(request, obj):
 407 |             raise PermissionDenied
 408 | 
 409 |         if obj is None:
 410 |             raise self._get_404_exception(object_id)
 411 | 
 412 |         context = {
 413 |             'page': obj,
 414 |             'CMS_PERMISSION': get_cms_setting('PERMISSION'),
 415 |             'can_change': self.has_change_permission(request, obj=obj),
 416 |             'can_change_permissions': self.has_change_permissions_permission(request, obj=obj),
 417 |         }
 418 |         context.update(extra_context or {})
 419 |         extra_context = self.update_language_tab_context(request, obj, context)
 420 | 
 421 |         if 'advanced_settings' in extra_context or 'basic_info' in extra_context:
 422 |             _has_advanced_settings_perm = self.has_change_advanced_settings_permission(request, obj=obj)
 423 |             extra_context['can_change_advanced_settings'] = _has_advanced_settings_perm
 424 | 
 425 |         tab_language = get_site_language_from_request(request)
 426 |         extra_context.update(self.get_unihandecode_context(tab_language))
 427 | 
 428 |         response = super(BasePageAdmin, self).change_view(
 429 |             request, object_id, form_url=form_url, extra_context=extra_context)
 430 |         if tab_language and response.status_code == 302 and response._headers['location'][1] == request.path_info:
 431 |             location = response._headers['location']
 432 |             response._headers['location'] = (location[0], "%s?language=%s" % (location[1], tab_language))
 433 |         return response
 434 | 
 435 |     def delete_view(self, request, object_id, extra_context=None):
 436 |         obj = self.get_object(request, object_id=object_id)
 437 | 
 438 |         if not self.has_delete_permission(request, obj):
 439 |             raise PermissionDenied
 440 | 
 441 |         if obj is None:
 442 |             raise self._get_404_exception(object_id)
 443 |         return super(BasePageAdmin, self).delete_view(request, object_id, extra_context)
 444 | 
 445 |     def delete_model(self, request, obj):
 446 |         operation_token = self._send_pre_page_operation(
 447 |             request,
 448 |             operation=operations.DELETE_PAGE,
 449 |             obj=obj,
 450 |         )
 451 | 
 452 |         super(BasePageAdmin, self).delete_model(request, obj)
 453 | 
 454 |         self._send_post_page_operation(
 455 |             request,
 456 |             operation=operations.DELETE_PAGE,
 457 |             token=operation_token,
 458 |             obj=obj,
 459 |         )
 460 | 
 461 |     def get_copy_dialog(self, request, page_id):
 462 |         if not get_cms_setting('PERMISSION'):
 463 |             return HttpResponse('')
 464 | 
 465 |         page = self.get_page_from_id(page_id)
 466 | 
 467 |         if page is None:
 468 |             raise self._get_404_exception(page_id)
 469 | 
 470 |         if request.method == 'GET':
 471 |             data = request.GET
 472 |         else:
 473 |             data = request.POST
 474 | 
 475 |         target_id = data.get('target')
 476 | 
 477 |         try:
 478 |             source_site_id = data['source_site']
 479 |             source_site = Site.objects.get(pk=source_site_id)
 480 |         except (KeyError, ObjectDoesNotExist):
 481 |             return HttpResponseBadRequest('source_site is required')
 482 | 
 483 |         site = self.get_site(request)
 484 |         user = request.user
 485 |         can_view_page = page_permissions.user_can_view_page(user, page, source_site)
 486 | 
 487 |         if not can_view_page:
 488 |             raise PermissionDenied
 489 | 
 490 |         if target_id:
 491 |             try:
 492 |                 target = Page.objects.get(pk=target_id)
 493 |             except Page.DoesNotExist:
 494 |                 raise Http404
 495 | 
 496 |             if not page_permissions.user_can_add_subpage(user, target, site):
 497 |                 raise PermissionDenied
 498 |         elif not page_permissions.user_can_add_page(user, site):
 499 |             raise PermissionDenied
 500 | 
 501 |         context = {
 502 |             'dialog_id': 'dialog-copy',
 503 |             'form': CopyPermissionForm(),  # class needs to be instantiated
 504 |             'opts': self.opts,
 505 |         }
 506 |         return render(request, "admin/cms/page/tree/copy_premissions.html", context)
 507 | 
 508 |     def get_filled_languages(self, request, obj):
 509 |         filled_languages = []
 510 | 
 511 |         if obj:
 512 |             filled_languages = [t[0] for t in obj.title_set.filter(title__isnull=False).values_list('language')]
 513 |         allowed_languages = [lang[0] for lang in self._get_site_languages(request, obj)]
 514 |         return [lang for lang in filled_languages if lang in allowed_languages]
 515 | 
 516 |     def render_change_form(self, request, context, add=False, change=False, form_url='', obj=None):
 517 |         context['filled_languages'] = self.get_filled_languages(request, obj)
 518 |         return super(BasePageAdmin, self).render_change_form(request, context, add, change, form_url, obj)
 519 | 
 520 |     def _get_site_languages(self, request, obj=None):
 521 |         if obj:
 522 |             site_id = obj.site_id
 523 |         else:
 524 |             site_id = self.get_site(request).pk
 525 |         return get_language_tuple(site_id)
 526 | 
 527 |     def update_language_tab_context(self, request, obj=None, context=None):
 528 |         if context is None:
 529 |             context = {}
 530 | 
 531 |         language = get_site_language_from_request(request, obj)
 532 |         languages = self._get_site_languages(request, obj)
 533 |         context.update({
 534 |             'language': language,
 535 |             'language_tabs': languages,
 536 |             # Dates are not language dependent, thus we hide the language
 537 |             # selection bar: the language is forced through the form class
 538 |             'show_language_tabs': len(list(languages)) > 1 and not context.get('publishing_dates', False),
 539 |         })
 540 |         return context
 541 | 
 542 |     def get_preserved_filters(self, request):
 543 |         """
 544 |         This override is in place to preserve the "language" get parameter in
 545 |         the "Save" page redirect
 546 |         """
 547 |         preserved_filters_encoded = super(BasePageAdmin, self).get_preserved_filters(request)
 548 |         preserved_filters = QueryDict(preserved_filters_encoded).copy()
 549 |         lang = request.GET.get('language')
 550 | 
 551 |         if lang:
 552 |             preserved_filters.update({
 553 |                 'language': lang
 554 |             })
 555 | 
 556 |         return preserved_filters.urlencode()
 557 | 
 558 |     def _get_404_exception(self, object_id):
 559 |         exception = Http404(_('%(name)s object with primary key %(key)r does not exist.') % {
 560 |             'name': force_text(self.opts.verbose_name),
 561 |             'key': escape(object_id),
 562 |         })
 563 |         return exception
 564 | 
 565 |     def _has_add_permission_from_request(self, request):
 566 |         site = self.get_site(request)
 567 |         parent_node_id = request.GET.get('parent_node', None)
 568 | 
 569 |         if parent_node_id:
 570 |             try:
 571 |                 parent_node = PageNode.objects.get(pk=parent_node_id)
 572 |             except Page.DoesNotExist:
 573 |                 return False
 574 |         else:
 575 |             parent_node = None
 576 | 
 577 |         if parent_node:
 578 |             has_perm = page_permissions.user_can_add_subpage(
 579 |                 request.user,
 580 |                 target=parent_node.page,
 581 |                 site=site,
 582 |             )
 583 |         else:
 584 |             has_perm = page_permissions.user_can_add_page(request.user, site=site)
 585 |         return has_perm
 586 | 
 587 |     def has_add_permission(self, request):
 588 |         """
 589 |         Return true if the current user has permission to add a new page.
 590 |         """
 591 |         return self._has_add_permission_from_request(request)
 592 | 
 593 |     def has_change_permission(self, request, obj=None):
 594 |         """
 595 |         Return true if the current user has permission on the page.
 596 |         Return the string 'All' if the user has all rights.
 597 |         """
 598 |         site = self.get_site(request)
 599 | 
 600 |         if obj:
 601 |             return page_permissions.user_can_change_page(request.user, page=obj, site=site)
 602 |         can_change_page = page_permissions.user_can_change_at_least_one_page(
 603 |             user=request.user,
 604 |             site=self.get_site(request),
 605 |             use_cache=False,
 606 |         )
 607 |         return can_change_page
 608 | 
 609 |     def has_change_advanced_settings_permission(self, request, obj=None):
 610 |         if not obj:
 611 |             return False
 612 |         site = self.get_site(request)
 613 |         return page_permissions.user_can_change_page_advanced_settings(request.user, page=obj, site=site)
 614 | 
 615 |     def has_change_permissions_permission(self, request, obj=None):
 616 |         if not obj:
 617 |             return False
 618 |         site = self.get_site(request)
 619 |         return page_permissions.user_can_change_page_permissions(request.user, page=obj, site=site)
 620 | 
 621 |     def has_delete_permission(self, request, obj=None):
 622 |         """
 623 |         Returns True if the current user has permission to delete the page.
 624 |         """
 625 |         if not obj:
 626 |             return False
 627 |         site = self.get_site(request)
 628 |         return page_permissions.user_can_delete_page(request.user, page=obj, site=site)
 629 | 
 630 |     def has_delete_translation_permission(self, request, language, obj=None):
 631 |         if not obj:
 632 |             return False
 633 | 
 634 |         site = self.get_site(request)
 635 |         has_perm = page_permissions.user_can_delete_page_translation(
 636 |             user=request.user,
 637 |             page=obj,
 638 |             language=language,
 639 |             site=site,
 640 |         )
 641 |         return has_perm
 642 | 
 643 |     def has_move_page_permission(self, request, obj=None):
 644 |         if not obj:
 645 |             return False
 646 |         site = self.get_site(request)
 647 |         return page_permissions.user_can_move_page(user=request.user, page=obj, site=site)
 648 | 
 649 |     def has_publish_permission(self, request, obj=None):
 650 |         if not obj:
 651 |             return False
 652 |         site = self.get_site(request)
 653 |         return page_permissions.user_can_publish_page(request.user, page=obj, site=site)
 654 | 
 655 |     def has_revert_to_live_permission(self, request, language, obj=None):
 656 |         if not obj:
 657 |             return False
 658 | 
 659 |         site = self.get_site(request)
 660 |         has_perm = page_permissions.user_can_revert_page_to_live(
 661 |             request.user,
 662 |             page=obj,
 663 |             language=language,
 664 |             site=site,
 665 |         )
 666 |         return has_perm
 667 | 
 668 |     def get_placeholder_template(self, request, placeholder):
 669 |         page = placeholder.page
 670 |         return page.get_template() if page else None
 671 | 
 672 |     def lookup_allowed(self, key, *args, **kwargs):
 673 |         if key == 'site__exact':
 674 |             return True
 675 |         return super(BasePageAdmin, self).lookup_allowed(key, *args, **kwargs)
 676 | 
 677 |     def changelist_view(self, request, extra_context=None):
 678 |         from django.contrib.admin.views.main import ERROR_FLAG
 679 | 
 680 |         if not self.has_change_permission(request, obj=None):
 681 |             raise PermissionDenied
 682 | 
 683 |         if request.method == 'POST' and 'site' in request.POST:
 684 |             site_id = request.POST['site']
 685 | 
 686 |             if site_id.isdigit() and Site.objects.filter(pk=site_id).exists():
 687 |                 request.session['cms_admin_site'] = site_id
 688 | 
 689 |         site = self.get_site(request)
 690 |         # Language may be present in the GET dictionary but empty
 691 |         language = request.GET.get('language', get_language())
 692 | 
 693 |         if not language:
 694 |             language = get_language()
 695 | 
 696 |         node_admin = self.node_admin(model=PageNode, admin_site=self.admin_site)
 697 | 
 698 |         query = request.GET.get('q', '')
 699 |         nodes = self.get_nodes_queryset(request)
 700 |         nodes, use_distinct = node_admin.get_search_results(request, nodes, query)
 701 | 
 702 |         changelist_form = self.changelist_form(request.GET)
 703 | 
 704 |         try:
 705 |             changelist_form.full_clean()
 706 |             nodes = changelist_form.run_filters(nodes)
 707 |         except (ValueError, ValidationError):
 708 |             # Wacky lookup parameters were given, so redirect to the main
 709 |             # changelist page, without parameters, and pass an 'invalid=1'
 710 |             # parameter via the query string. If wacky parameters were given
 711 |             # and the 'invalid=1' parameter was already in the query string,
 712 |             # something is screwed up with the database, so display an error
 713 |             # page.
 714 |             if ERROR_FLAG in request.GET.keys():
 715 |                 return SimpleTemplateResponse('admin/invalid_setup.html', {
 716 |                     'title': _('Database error'),
 717 |                 })
 718 |             return HttpResponseRedirect(request.path + '?' + ERROR_FLAG + '=1')
 719 | 
 720 |         if changelist_form.is_filtered():
 721 |             nodes = nodes.distinct() if use_distinct else nodes
 722 |             # Evaluates the queryset
 723 |             has_items = len(nodes) >= 1
 724 |         else:
 725 |             has_items = nodes.exists()
 726 | 
 727 |         context = self.admin_site.each_context(request)
 728 |         context.update({
 729 |             'opts': self.model._meta,
 730 |             'media': self.media,
 731 |             'CMS_MEDIA_URL': get_cms_setting('MEDIA_URL'),
 732 |             'CMS_PERMISSION': get_cms_setting('PERMISSION'),
 733 |             'site_languages': get_language_list(site.pk),
 734 |             'preview_language': language,
 735 |             'changelist_form': changelist_form,
 736 |             'cms_current_site': site,
 737 |             'has_add_permission': self.has_add_permission(request),
 738 |             'module_name': force_text(self.model._meta.verbose_name_plural),
 739 |             'admin': self,
 740 |             #'preserved_filters': self.get_preserved_filters(request),
 741 |             'tree': {
 742 |                 'site': site,
 743 |                 'sites': permissions.get_user_sites_queryset(request.user),
 744 |                 'query': query,
 745 |                 'is_filtered': changelist_form.is_filtered(),
 746 |                 'items': nodes,
 747 |                 'has_items': has_items,
 748 |             },
 749 |         })
 750 |         context.update(extra_context or {})
 751 |         request.current_app = self.admin_site.name
 752 |         return TemplateResponse(request, self.change_list_template, context)
 753 | 
 754 |     @require_POST
 755 |     def change_template(self, request, object_id):
 756 |         page = self.get_object(request, object_id=object_id)
 757 | 
 758 |         if not self.has_change_permission(request, obj=page):
 759 |             raise PermissionDenied('No permissions to change the template')
 760 | 
 761 |         if page is None:
 762 |             raise self._get_404_exception(object_id)
 763 | 
 764 |         to_template = request.POST.get("template", None)
 765 | 
 766 |         if to_template not in dict(get_cms_setting('TEMPLATES')):
 767 |             return HttpResponseBadRequest(force_text(_("Template not valid")))
 768 | 
 769 |         page.template = to_template
 770 |         page.save()
 771 |         return HttpResponse(force_text(_("The template was successfully changed")))
 772 | 
 773 |     @require_POST
 774 |     @transaction.atomic
 775 |     def move_page(self, request, page_id, extra_context=None):
 776 |         """
 777 |         Move the page to the requested target, at the given position.
 778 | 
 779 |         NOTE: We have to change from one "coordinate system" to another to
 780 |         adapt JSTree to Django Treebeard.
 781 | 
 782 |         If the Tree looks like this:
 783 | 
 784 |             <root>
 785 |                ⊢ …
 786 |                ⊢ …
 787 |                ⊢ Page 4
 788 |                    ⊢ Page 5 (position 0)
 789 |                    ⊢ …
 790 | 
 791 |         For example,
 792 |             target=4, position=1 => target=5, position="right"
 793 |             target=4, position=0 => target=4, position="first-child"
 794 | 
 795 |         """
 796 |         site = self.get_site(request)
 797 |         page = self.get_object(request, object_id=page_id)
 798 | 
 799 |         if page is None:
 800 |             return jsonify_request(HttpResponseBadRequest("error"))
 801 | 
 802 |         user = request.user
 803 |         form = self.move_form(request.POST or None, page=page, site=site)
 804 | 
 805 |         if not form.is_valid():
 806 |             return jsonify_request(HttpResponseBadRequest("error"))
 807 | 
 808 |         target = form.cleaned_data['target']
 809 |         can_move_page = self.has_move_page_permission(request, obj=page)
 810 | 
 811 |         # Does the user have permissions to do this...?
 812 |         if not can_move_page or (target and not target.has_add_permission(user)):
 813 |             message = force_text(_("Error! You don't have permissions "
 814 |                                    "to move this page. Please reload the page"))
 815 |             return jsonify_request(HttpResponseForbidden(message))
 816 | 
 817 |         operation_token = self._send_pre_page_operation(
 818 |             request,
 819 |             operation=operations.MOVE_PAGE,
 820 |             obj=page,
 821 |         )
 822 | 
 823 |         form.move_page()
 824 | 
 825 |         self._send_post_page_operation(
 826 |             request,
 827 |             operation=operations.MOVE_PAGE,
 828 |             token=operation_token,
 829 |             obj=page,
 830 |         )
 831 |         return jsonify_request(HttpResponse(status=200))
 832 | 
 833 |     def get_permissions(self, request, page_id):
 834 |         rows = []
 835 |         user = request.user
 836 |         page = self.get_object(request, object_id=page_id)
 837 | 
 838 |         if page is None:
 839 |             raise self._get_404_exception(page_id)
 840 | 
 841 |         site = self.get_site(request)
 842 |         PermissionRow = namedtuple('Permission', ['is_global', 'can_change', 'permission'])
 843 | 
 844 |         global_permissions = GlobalPagePermission.objects.filter(sites__in=[site.pk])
 845 |         can_change_global_permissions = permissions.user_can_change_global_permissions(user, site)
 846 | 
 847 |         for permission in global_permissions.iterator():
 848 |             row = PermissionRow(
 849 |                 is_global=True,
 850 |                 can_change=can_change_global_permissions,
 851 |                 permission=permission,
 852 |             )
 853 |             rows.append(row)
 854 | 
 855 |         _page_permissions = (
 856 |             PagePermission
 857 |             .objects
 858 |             .for_page(page)
 859 |             .select_related('page')
 860 |         )
 861 | 
 862 |         if not can_change_global_permissions:
 863 |             allowed_pages = frozenset(page_permissions.get_change_id_list(user, site, check_global=False))
 864 | 
 865 |         for permission in _page_permissions.iterator():
 866 |             if can_change_global_permissions:
 867 |                 can_change = True
 868 |             else:
 869 |                 can_change = permission.page_id in allowed_pages
 870 | 
 871 |             row = PermissionRow(
 872 |                 is_global=False,
 873 |                 can_change=can_change,
 874 |                 permission=permission,
 875 |             )
 876 |             rows.append(row)
 877 | 
 878 |         context = {
 879 |             'page': page,
 880 |             'rows': rows,
 881 |             'opts': self.opts,
 882 |         }
 883 |         return render(request, 'admin/cms/page/permissions.html', context)
 884 | 
 885 |     @require_POST
 886 |     @transaction.atomic
 887 |     def copy_language(self, request, page_id):
 888 |         page = self.get_object(request, object_id=page_id)
 889 |         source_language = request.POST.get('source_language')
 890 |         target_language = request.POST.get('target_language')
 891 | 
 892 |         if not self.has_change_permission(request, obj=page):
 893 |             raise PermissionDenied
 894 | 
 895 |         if page is None:
 896 |             raise self._get_404_exception(page_id)
 897 | 
 898 |         if not target_language or not target_language in get_language_list(site_id=page.site_id):
 899 |             return HttpResponseBadRequest(force_text(_("Language must be set to a supported language!")))
 900 | 
 901 |         for placeholder in page.get_placeholders():
 902 |             plugins = list(
 903 |                 placeholder.get_plugins(language=source_language).order_by('path'))
 904 |             if not placeholder.has_add_plugins_permission(request.user, plugins):
 905 |                 return HttpResponseForbidden(force_text(_('You do not have permission to copy these plugins.')))
 906 |             copy_plugins.copy_plugins_to(plugins, placeholder, target_language)
 907 |         return HttpResponse("ok")
 908 | 
 909 |     @require_POST
 910 |     @transaction.atomic
 911 |     def copy_page(self, request, page_id):
 912 |         """
 913 |         Copy the page and all its plugins and descendants to the requested
 914 |         target, at the given position
 915 |         """
 916 |         page = self.get_page_from_id(page_id)
 917 | 
 918 |         if page is None:
 919 |             return jsonify_request(HttpResponseBadRequest("error"))
 920 | 
 921 |         user = request.user
 922 |         site = self.get_site(request)
 923 |         form = self.copy_form(request.POST or None, page=page, site=site)
 924 | 
 925 |         if not form.is_valid():
 926 |             return jsonify_request(HttpResponseBadRequest("error"))
 927 | 
 928 |         target = form.cleaned_data['target']
 929 |         source_site = form.cleaned_data['source_site']
 930 | 
 931 |         # User can only copy pages he can see
 932 |         can_copy_page = page_permissions.user_can_view_page(user, page, source_site)
 933 | 
 934 |         if can_copy_page and target:
 935 |             # User can only copy a page into another one if he has permission
 936 |             # to add a page under the target page.
 937 |             can_copy_page = page_permissions.user_can_add_subpage(user, target, site)
 938 |         elif can_copy_page:
 939 |             # User can only copy / paste a page if he has permission to add a page
 940 |             can_copy_page = page_permissions.user_can_add_page(user, site)
 941 | 
 942 |         if not can_copy_page:
 943 |             message = force_text(_("Error! You don't have permissions to copy this page."))
 944 |             return jsonify_request(HttpResponseForbidden(message))
 945 | 
 946 |         new_page = form.copy_page()
 947 |         return HttpResponse(json.dumps({"id": new_page.pk}), content_type='application/json')
 948 | 
 949 |     @require_POST
 950 |     @transaction.atomic
 951 |     def revert_to_live(self, request, page_id, language):
 952 |         """
 953 |         Resets the draft version of the page to match the live one
 954 |         """
 955 |         page = self.get_object(request, object_id=page_id)
 956 | 
 957 |         if not self.has_revert_to_live_permission(request, language, obj=page):
 958 |             return HttpResponseForbidden(force_text(_("You do not have permission to revert this page.")))
 959 | 
 960 |         if page is None:
 961 |             raise self._get_404_exception(page_id)
 962 | 
 963 |         try:
 964 |             translation = page.title_set.get(language=language)
 965 |         except Title.DoesNotExist:
 966 |             raise Http404('No translation matches requested language.')
 967 | 
 968 |         page.title_cache[language] = translation
 969 |         operation_token = self._send_pre_page_operation(
 970 |             request,
 971 |             operation=operations.REVERT_PAGE_TRANSLATION_TO_LIVE,
 972 |             obj=page,
 973 |             translation=translation,
 974 |         )
 975 | 
 976 |         page.revert_to_live(language)
 977 | 
 978 |         # Fetch updated translation
 979 |         translation.refresh_from_db()
 980 | 
 981 |         self._send_post_page_operation(
 982 |             request,
 983 |             operation=operations.REVERT_PAGE_TRANSLATION_TO_LIVE,
 984 |             token=operation_token,
 985 |             obj=page,
 986 |             translation=translation,
 987 |         )
 988 | 
 989 |         messages.info(request, _('"%s" was reverted to the live version.') % page)
 990 | 
 991 |         path = page.get_absolute_url(language=language)
 992 |         path = '%s?%s' % (path, get_cms_setting('CMS_TOOLBAR_URL__EDIT_OFF'))
 993 |         return HttpResponseRedirect(path)
 994 | 
 995 |     @require_POST
 996 |     @transaction.atomic
 997 |     def publish_page(self, request, page_id, language):
 998 |         page = self.get_object(request, object_id=page_id)
 999 | 
1000 |         if page and not self.has_publish_permission(request, obj=page):
1001 |             return HttpResponseForbidden(force_text(_("You do not have permission to publish this page")))
1002 | 
1003 |         if page:
1004 |             translation = page.get_title_obj(language, fallback=False)
1005 |         else:
1006 |             translation = None
1007 | 
1008 |         if page and not translation:
1009 |             raise Http404('No translation matches requested language.')
1010 | 
1011 |         all_published = True
1012 | 
1013 |         statics = request.GET.get('statics', '')
1014 | 
1015 |         if not statics and not page:
1016 |             raise Http404("No page or static placeholder found for publishing.")
1017 | 
1018 |         if translation and translation.publisher_public:
1019 |             reload_urls = translation._url_properties_changed()
1020 |         else:
1021 |             reload_urls = bool(page and page.application_urls and translation)
1022 | 
1023 |         if page:
1024 |             operation_token = self._send_pre_page_operation(
1025 |                 request,
1026 |                 operation=operations.PUBLISH_PAGE_TRANSLATION,
1027 |                 obj=page,
1028 |                 translation=translation,
1029 |             )
1030 |             all_published = page.publish(language)
1031 |             page = page.reload()
1032 |             self._send_post_page_operation(
1033 |                 request,
1034 |                 operation=operations.PUBLISH_PAGE_TRANSLATION,
1035 |                 token=operation_token,
1036 |                 obj=page,
1037 |                 translation=translation,
1038 |                 successful=all_published,
1039 |             )
1040 | 
1041 |         if statics:
1042 |             static_ids = statics.split(',')
1043 |             static_placeholders = StaticPlaceholder.objects.filter(pk__in=static_ids)
1044 | 
1045 |             for static_placeholder in static_placeholders.iterator():
1046 |                 # TODO: Maybe only send one signal...
1047 |                 # this would break the obj signal format though
1048 |                 operation_token = self._send_pre_page_operation(
1049 |                     request,
1050 |                     operation=operations.PUBLISH_STATIC_PLACEHOLDER,
1051 |                     obj=static_placeholder,
1052 |                     target_language=language,
1053 |                 )
1054 | 
1055 |                 published = static_placeholder.publish(request, language)
1056 | 
1057 |                 self._send_post_page_operation(
1058 |                     request,
1059 |                     operation=operations.PUBLISH_STATIC_PLACEHOLDER,
1060 |                     token=operation_token,
1061 |                     obj=static_placeholder,
1062 |                     target_language=language,
1063 |                 )
1064 |                 if not published:
1065 |                     all_published = False
1066 | 
1067 |         if page:
1068 |             if all_published:
1069 |                 if reload_urls:
1070 |                     set_restart_trigger()
1071 | 
1072 |                 if page.get_publisher_state(language) == PUBLISHER_STATE_PENDING:
1073 |                     messages.warning(request, _("Page not published! A parent page is not published yet."))
1074 |                 else:
1075 |                     messages.info(request, _('The content was successfully published.'))
1076 |                 LogEntry.objects.log_action(
1077 |                     user_id=request.user.id,
1078 |                     content_type_id=ContentType.objects.get_for_model(Page).pk,
1079 |                     object_id=page_id,
1080 |                     object_repr=page.get_title(language),
1081 |                     action_flag=CHANGE,
1082 |                 )
1083 |             else:
1084 |                 if page.get_publisher_state(language) == PUBLISHER_STATE_PENDING:
1085 |                     messages.warning(request, _("Page not published! A parent page is not published yet."))
1086 |                 else:
1087 |                     messages.warning(request, _("There was a problem publishing your content"))
1088 | 
1089 |         if 'node' in request.GET or 'node' in request.POST:
1090 |             # if request comes from tree..
1091 |             # 204 -> request was successful but no response returned.
1092 |             return HttpResponse(status=204)
1093 | 
1094 |         if 'redirect' in request.GET:
1095 |             return HttpResponseRedirect(request.GET['redirect'])
1096 |         referrer = request.META.get('HTTP_REFERER', '')
1097 | 
1098 |         path = admin_reverse("cms_page_changelist")
1099 |         if request.GET.get('redirect_language'):
1100 |             path = "%s?language=%s&page_id=%s" % (path, request.GET.get('redirect_language'), request.GET.get('redirect_page_id'))
1101 |         if admin_reverse('index') not in referrer:
1102 |             if all_published:
1103 |                 if page:
1104 |                     if page.get_publisher_state(language) == PUBLISHER_STATE_PENDING:
1105 |                         path = page.get_absolute_url(language, fallback=True)
1106 |                     else:
1107 |                         public_page = Page.objects.get(publisher_public=page.pk)
1108 |                         path = '%s?preview&%s' % (public_page.get_absolute_url(language, fallback=True), get_cms_setting('CMS_TOOLBAR_URL__EDIT_OFF'))
1109 |                 else:
1110 |                     path = '%s?preview&%s' % (referrer, get_cms_setting('CMS_TOOLBAR_URL__EDIT_OFF'))
1111 |             else:
1112 |                 path = '/?preview&%s' % get_cms_setting('CMS_TOOLBAR_URL__EDIT_OFF')
1113 | 
1114 |         return HttpResponseRedirect(path)
1115 | 
1116 |     @require_POST
1117 |     @transaction.atomic
1118 |     def unpublish(self, request, page_id, language):
1119 |         """
1120 |         Publish or unpublish a language of a page
1121 |         """
1122 |         page = self.get_object(request, object_id=page_id)
1123 | 
1124 |         if not self.has_publish_permission(request, obj=page):
1125 |             return HttpResponseForbidden(force_text(_("You do not have permission to unpublish this page")))
1126 | 
1127 |         if page is None:
1128 |             raise self._get_404_exception(page_id)
1129 | 
1130 |         if not page.publisher_public_id:
1131 |             return HttpResponseBadRequest(force_text(_("This page was never published")))
1132 | 
1133 |         has_translation = page.publisher_public.title_set.filter(language=language).exists()
1134 | 
1135 |         if not has_translation:
1136 |             raise Http404('No translation matches requested language.')
1137 | 
1138 |         language_name = get_language_object(language, site_id=page.site_id)['name']
1139 | 
1140 |         try:
1141 |             page.unpublish(language)
1142 |             message = _('The %(language)s page "%(page)s" was successfully unpublished') % {
1143 |                 'language': language_name, 'page': page}
1144 |             messages.info(request, message)
1145 |             LogEntry.objects.log_action(
1146 |                 user_id=request.user.id,
1147 |                 content_type_id=ContentType.objects.get_for_model(Page).pk,
1148 |                 object_id=page_id,
1149 |                 object_repr=page.get_title(),
1150 |                 action_flag=CHANGE,
1151 |                 change_message=message,
1152 |             )
1153 |         except RuntimeError:
1154 |             exc = sys.exc_info()[1]
1155 |             messages.error(request, exc.message)
1156 |         except ValidationError:
1157 |             exc = sys.exc_info()[1]
1158 |             messages.error(request, exc.message)
1159 |         path = admin_reverse("cms_page_changelist")
1160 |         if request.GET.get('redirect_language'):
1161 |             path = "%s?language=%s&page_id=%s" % (path, request.GET.get('redirect_language'), request.GET.get('redirect_page_id'))
1162 |         return HttpResponseRedirect(path)
1163 | 
1164 |     def delete_translation(self, request, object_id, extra_context=None):
1165 |         if 'language' in request.GET:
1166 |             language = request.GET['language']
1167 |         else:
1168 |             language = get_language_from_request(request)
1169 | 
1170 |         site = self.get_site(request)
1171 |         page, translation = self.get_object_with_translation(
1172 |             request=request,
1173 |             object_id=object_id,
1174 |             language=language,
1175 |         )
1176 | 
1177 |         if not self.has_delete_translation_permission(request, language, page):
1178 |             return HttpResponseForbidden(force_text(_("You do not have permission to delete this page")))
1179 | 
1180 |         if page is None:
1181 |             raise self._get_404_exception(object_id)
1182 | 
1183 |         if not len(list(page.get_languages())) > 1:
1184 |             return HttpResponseBadRequest('There only exists one translation for this page')
1185 | 
1186 |         if translation is None:
1187 |             raise Http404('No translation matches requested language.')
1188 | 
1189 |         titleopts = Title._meta
1190 |         app_label = titleopts.app_label
1191 |         pluginopts = CMSPlugin._meta
1192 | 
1193 |         saved_plugins = CMSPlugin.objects.filter(placeholder__page__id=object_id, language=language)
1194 | 
1195 |         using = router.db_for_read(self.model)
1196 |         kwargs = {
1197 |             'admin_site': self.admin_site,
1198 |             'user': request.user,
1199 |             'using': using
1200 |         }
1201 | 
1202 |         deleted_objects, __, perms_needed = get_deleted_objects(
1203 |             [translation],
1204 |             titleopts,
1205 |             **kwargs
1206 |         )[:3]
1207 |         to_delete_plugins, __, perms_needed_plugins = get_deleted_objects(
1208 |             saved_plugins,
1209 |             pluginopts,
1210 |             **kwargs
1211 |         )[:3]
1212 | 
1213 |         deleted_objects.append(to_delete_plugins)
1214 |         perms_needed = set(list(perms_needed) + list(perms_needed_plugins))
1215 | 
1216 |         if request.method == 'POST':
1217 |             if perms_needed:
1218 |                 raise PermissionDenied
1219 | 
1220 |             operation_token = self._send_pre_page_operation(
1221 |                 request,
1222 |                 operation=operations.DELETE_PAGE_TRANSLATION,
1223 |                 obj=page,
1224 |                 translation=translation,
1225 |             )
1226 | 
1227 |             message = _('Title and plugins with language %(language)s was deleted') % {
1228 |                 'language': force_text(get_language_object(language)['name'])
1229 |             }
1230 |             self.log_change(request, translation, message)
1231 |             messages.success(request, message)
1232 | 
1233 |             translation.delete()
1234 |             for p in saved_plugins:
1235 |                 p.delete()
1236 | 
1237 |             page.remove_language(language)
1238 | 
1239 |             if page.node.is_branch:
1240 |                 page.mark_descendants_pending(language, site=site)
1241 | 
1242 |             self._send_post_page_operation(
1243 |                 request,
1244 |                 operation=operations.DELETE_PAGE_TRANSLATION,
1245 |                 token=operation_token,
1246 |                 obj=page,
1247 |                 translation=translation,
1248 |             )
1249 | 
1250 |             if not self.has_change_permission(request, None):
1251 |                 return HttpResponseRedirect(admin_reverse('index'))
1252 |             return HttpResponseRedirect(self.get_admin_url('changelist'))
1253 | 
1254 |         context = {
1255 |             "title": _("Are you sure?"),
1256 |             "object_name": force_text(titleopts.verbose_name),
1257 |             "object": translation,
1258 |             "deleted_objects": deleted_objects,
1259 |             "perms_lacking": perms_needed,
1260 |             "opts": self.opts,
1261 |             "root_path": admin_reverse('index'),
1262 |             "app_label": app_label,
1263 |         }
1264 |         context.update(extra_context or {})
1265 |         request.current_app = self.admin_site.name
1266 |         return render(request, self.delete_confirmation_template or [
1267 |             "admin/%s/%s/delete_confirmation.html" % (app_label, titleopts.object_name.lower()),
1268 |             "admin/%s/delete_confirmation.html" % app_label,
1269 |             "admin/delete_confirmation.html"
1270 |         ], context)
1271 | 
1272 |     def preview_page(self, request, object_id, language):
1273 |         """
1274 |         Redirecting preview function based on draft_id
1275 |         """
1276 |         page = self.get_object(request, object_id=object_id)
1277 | 
1278 |         if page is None:
1279 |             raise self._get_404_exception(object_id)
1280 | 
1281 |         site = get_current_site()
1282 |         active_site = self.get_site(request)
1283 |         is_shared_page = page.site_is_secondary(site)
1284 |         can_see_page = page_permissions.user_can_view_page(request.user, page, active_site)
1285 | 
1286 |         if can_see_page:
1287 |             can_change_page = self.has_change_permission(request, obj=page)
1288 |         else:
1289 |             can_change_page = False
1290 | 
1291 |         if can_see_page and not can_change_page:
1292 |             # User can see the page but has no permission to edit it,
1293 |             # as a result, only let them see it if is published.
1294 |             # Unless the page is a shared page.
1295 |             can_see_page = is_shared_page or page.is_published(language)
1296 | 
1297 |         if not can_see_page:
1298 |             message = ugettext('You don\'t have permissions to see page "%(title)s"')
1299 |             message = message % {'title': force_text(page)}
1300 |             self.message_user(request, message, level=messages.ERROR)
1301 |             return HttpResponseRedirect(self.get_admin_url('changelist'))
1302 | 
1303 |         attrs = "?%s" % get_cms_setting('CMS_TOOLBAR_URL__EDIT_ON')
1304 |         attrs += "&language=" + language
1305 |         url = page.get_absolute_url(language) + attrs
1306 | 
1307 |         if site != active_site and not page.nodes.filter(site=site).exists():
1308 |             # The user has selected a site using the site selector menu
1309 |             # and the page is not available on the current site's tree.
1310 |             # Redirect to the page url in the selected site
1311 |             proto = 'https' if request.is_secure() else 'http'
1312 |             url = "{}://{}{}".format(proto, active_site.domain, url)
1313 |         return HttpResponseRedirect(url)
1314 | 
1315 |     @require_POST
1316 |     def change_innavigation(self, request, page_id):
1317 |         """
1318 |         Switch the in_navigation of a page
1319 |         """
1320 |         page = self.get_object(request, object_id=page_id)
1321 | 
1322 |         if not self.has_change_permission(request, obj=page):
1323 |             message = _("You do not have permission to change this page's in_navigation status")
1324 |             return HttpResponseForbidden(force_text(message))
1325 | 
1326 |         if page is None:
1327 |             raise self._get_404_exception(page_id)
1328 | 
1329 |         page.toggle_in_navigation()
1330 |         # 204 -> request was successful but no response returned.
1331 |         return HttpResponse(status=204)
1332 | 
1333 |     def get_tree(self, request):
1334 |         """
1335 |         Get html for the descendants (only) of given page or if no page_id is
1336 |         provided, all the root nodes.
1337 | 
1338 |         Used for lazy loading pages in cms.pagetree.js
1339 |         """
1340 |         nodes = self.get_nodes_queryset(request)
1341 |         node_id = request.GET.get('nodeId')
1342 |         open_nodes = list(map(int, request.GET.getlist('openNodes[]')))
1343 | 
1344 |         if node_id:
1345 |             node = get_object_or_404(nodes, pk=int(node_id))
1346 |             nodes = nodes.get_descendants(node).filter(Q(pk__in=open_nodes)|Q(parent__in=open_nodes))
1347 |         else:
1348 |             node = None
1349 |             nodes = nodes.filter(
1350 |                 # get all root nodes
1351 |                 Q(depth=1)
1352 |                 # or children which were previously open
1353 |                 | Q(depth=2, pk__in=open_nodes)
1354 |                 # or children of the open descendants
1355 |                 | Q(parent__in=open_nodes)
1356 |             )
1357 | 
1358 |         rows = self.get_tree_rows(
1359 |             request,
1360 |             nodes=nodes,
1361 |             language=get_site_language_from_request(request),
1362 |             depth=(node.depth + 1 if node else 1),
1363 |             follow_descendants=True,
1364 |         )
1365 |         return HttpResponse(u''.join(rows))
1366 | 
1367 |     def get_tree_rows(self, request, nodes, language, depth=1,
1368 |                       follow_descendants=True):
1369 |         """
1370 |         Used for rendering the page tree, inserts into context everything what
1371 |         we need for single item
1372 |         """
1373 |         user = request.user
1374 |         site = self.get_site(request)
1375 |         permissions_on = get_cms_setting('PERMISSION')
1376 |         template = get_template(self.page_tree_row_template)
1377 |         is_popup = (IS_POPUP_VAR in request.POST or IS_POPUP_VAR in request.GET)
1378 |         languages = get_language_list(site.pk)
1379 |         user_can_add = page_permissions.user_can_add_subpage
1380 | 
1381 |         def render_page_row(node):
1382 |             page = node.page
1383 |             page.title_cache = {trans.language: trans for trans in page.filtered_translations}
1384 | 
1385 |             for _language in languages:
1386 |                 # EmptyTitle is used to prevent the cms from trying
1387 |                 # to find a translation in the database
1388 |                 page.title_cache.setdefault(_language, EmptyTitle(language=_language))
1389 | 
1390 |             has_move_page_permission = self.has_move_page_permission(request, obj=page)
1391 | 
1392 |             if permissions_on and not has_move_page_permission:
1393 |                 # TODO: check if this is really needed
1394 |                 metadata = '{"valid_children": False, "draggable": False}'
1395 |             else:
1396 |                 metadata = ''
1397 | 
1398 |             context = {
1399 |                 'admin': self,
1400 |                 'opts': self.opts,
1401 |                 'site': site,
1402 |                 'node': node,
1403 |                 'page': page,
1404 |                 'ancestors': node.get_cached_ancestors(),
1405 |                 'descendants': node.get_cached_descendants(),
1406 |                 'request': request,
1407 |                 'lang': language,
1408 |                 'metadata': metadata,
1409 |                 'is_shared_page': page.site_is_secondary(site),
1410 |                 'page_languages': page.get_languages(),
1411 |                 'preview_language': language,
1412 |                 'follow_descendants': follow_descendants,
1413 |                 'site_languages': languages,
1414 |                 'is_popup': is_popup,
1415 |                 'has_add_page_permission': user_can_add(user, target=page),
1416 |                 'has_change_permission': self.has_change_permission(request, obj=page),
1417 |                 'has_publish_permission':  self.has_publish_permission(request, obj=page),
1418 |                 'has_change_advanced_settings_permission': self.has_change_advanced_settings_permission(request, obj=page),
1419 |                 'has_move_page_permission': has_move_page_permission,
1420 |             }
1421 |             return template.render(context)
1422 | 
1423 |         if follow_descendants:
1424 |             root_nodes = (node for node in nodes if node.depth == depth)
1425 |         else:
1426 |             # When the tree is filtered, it's displayed as a flat structure
1427 |             root_nodes = nodes
1428 | 
1429 |         if depth == 1:
1430 |             for node in root_nodes:
1431 |                 node._set_hierarchy(nodes)
1432 |                 yield render_page_row(node)
1433 |         else:
1434 |             for node in root_nodes:
1435 |                 yield render_page_row(node)
1436 | 
1437 |     def resolve(self, request):
1438 |         if not request.user.is_staff:
1439 |             return HttpResponse('/', content_type='text/plain')
1440 |         obj = False
1441 |         url = False
1442 |         if request.session.get('cms_log_latest', False):
1443 |             log = LogEntry.objects.get(pk=request.session['cms_log_latest'])
1444 |             try:
1445 |                 obj = log.get_edited_object()
1446 |             except (ObjectDoesNotExist, ValueError):
1447 |                 obj = None
1448 |             del request.session['cms_log_latest']
1449 |             if obj and obj.__class__ in toolbar_pool.get_watch_models() and hasattr(obj, 'get_absolute_url'):
1450 |                 # This is a test if the object url can be retrieved
1451 |                 # In case it can't, object it's not taken into account
1452 |                 try:
1453 |                     force_text(obj.get_absolute_url())
1454 |                 except:
1455 |                     obj = None
1456 |             else:
1457 |                 obj = None
1458 |         if not obj:
1459 |             pk = request.GET.get('pk', False) or request.POST.get('pk', False)
1460 |             full_model = request.GET.get('model') or request.POST.get('model', False)
1461 |             if pk and full_model:
1462 |                 app_label, model = full_model.split('.')
1463 |                 if pk and app_label:
1464 |                     ctype = ContentType.objects.get(app_label=app_label, model=model)
1465 |                     try:
1466 |                         obj = ctype.get_object_for_this_type(pk=pk)
1467 |                     except ctype.model_class().DoesNotExist:
1468 |                         obj = None
1469 |                     try:
1470 |                         force_text(obj.get_absolute_url())
1471 |                     except:
1472 |                         obj = None
1473 |         if obj:
1474 |             if not getattr(request, 'toolbar', False) or not getattr(request.toolbar, 'edit_mode_active', False):
1475 |                 if isinstance(obj, Page):
1476 |                     if obj.get_public_object():
1477 |                         url = obj.get_public_object().get_absolute_url()
1478 |                     else:
1479 |                         url = '%s?%s' % (
1480 |                             obj.get_draft_object().get_absolute_url(),
1481 |                             get_cms_setting('CMS_TOOLBAR_URL__EDIT_ON')
1482 |                         )
1483 |                 else:
1484 |                     url = obj.get_absolute_url()
1485 |             else:
1486 |                 url = obj.get_absolute_url()
1487 |         if url:
1488 |             return HttpResponse(force_text(url), content_type='text/plain')
1489 |         return HttpResponse('', content_type='text/plain')
1490 | 
1491 |     def edit_title_fields(self, request, page_id, language):
1492 |         page, translation = self.get_object_with_translation(
1493 |             request=request,
1494 |             object_id=page_id,
1495 |             language=language,
1496 |         )
1497 | 
1498 |         if not self.has_change_permission(request, obj=page):
1499 |             return HttpResponseForbidden(force_text(_("You do not have permission to edit this page")))
1500 | 
1501 |         if page is None:
1502 |             raise self._get_404_exception(page_id)
1503 | 
1504 |         if translation is None:
1505 |             raise Http404('No translation matches requested language.')
1506 | 
1507 |         saved_successfully = False
1508 |         raw_fields = request.GET.get("edit_fields", 'title')
1509 |         edit_fields = [field for field in raw_fields.split(",") if field in self.title_frontend_editable_fields]
1510 |         cancel_clicked = request.POST.get("_cancel", False)
1511 |         opts = Title._meta
1512 | 
1513 |         if not edit_fields:
1514 |             # Defaults to title
1515 |             edit_fields = ('title',)
1516 | 
1517 |         class PageTitleForm(django.forms.ModelForm):
1518 |             """
1519 |             Dynamic form showing only the fields to be edited
1520 |             """
1521 |             class Meta:
1522 |                 model = Title
1523 |                 fields = edit_fields
1524 | 
1525 |         if not cancel_clicked and request.method == 'POST':
1526 |             form = PageTitleForm(instance=translation, data=request.POST)
1527 |             if form.is_valid():
1528 |                 form.save()
1529 |                 saved_successfully = True
1530 |         else:
1531 |             form = PageTitleForm(instance=translation)
1532 |         admin_form = AdminForm(form, fieldsets=[(None, {'fields': edit_fields})], prepopulated_fields={},
1533 |                                model_admin=self)
1534 |         media = self.media + admin_form.media
1535 |         context = {
1536 |             'CMS_MEDIA_URL': get_cms_setting('MEDIA_URL'),
1537 |             'title': 'Title',
1538 |             'plugin': page,
1539 |             'plugin_id': page.pk,
1540 |             'adminform': admin_form,
1541 |             'add': False,
1542 |             'is_popup': True,
1543 |             'media': media,
1544 |             'opts': opts,
1545 |             'change': True,
1546 |             'save_as': False,
1547 |             'has_add_permission': False,
1548 |             'window_close_timeout': 10,
1549 |         }
1550 |         if cancel_clicked:
1551 |             # cancel button was clicked
1552 |             context.update({
1553 |                 'cancel': True,
1554 |             })
1555 |             return render(request, 'admin/cms/page/plugin/confirm_form.html', context)
1556 |         if not cancel_clicked and request.method == 'POST' and saved_successfully:
1557 |             return render(request, 'admin/cms/page/plugin/confirm_form.html', context)
1558 |         return render(request, 'admin/cms/page/plugin/change_form.html', context)
1559 | 
1560 | 
1561 | class PageAdmin(BasePageAdmin):
1562 | 
1563 |     def add_view(self, request, form_url='', extra_context=None):
1564 |         if extra_context is None:
1565 |             extra_context = {}
1566 | 
1567 |         if 'duplicate' in request.path_info:
1568 |             extra_context.update({
1569 |                 'title':  _("Add Page Copy"),
1570 |             })
1571 |         elif 'parent_node' in request.GET:
1572 |             extra_context.update({
1573 |                 'title':  _("New sub page"),
1574 |             })
1575 |         else:
1576 |             extra_context = self.update_language_tab_context(request, context=extra_context)
1577 |             extra_context.update({
1578 |                 'title':  _("New page"),
1579 |             })
1580 |         return super(PageAdmin, self).add_view(request, form_url, extra_context=extra_context)
1581 | 
1582 |     def get_queryset(self, request):
1583 |         queryset  = super(PageAdmin, self).get_queryset(request)
1584 |         return queryset.exclude(is_page_type=True)
1585 | 
1586 |     def get_nodes_queryset(self, request):
1587 |         nodes = super(PageAdmin, self).get_nodes_queryset(request)
1588 |         return nodes.exclude(page__is_page_type=True)
1589 | 
1590 |     def get_urls(self):
1591 |         """Get the admin urls
1592 |         """
1593 |         info = "%s_%s" % (self.model._meta.app_label, self.model._meta.model_name)
1594 |         pat = lambda regex, fn: url(regex, self.admin_site.admin_view(fn), name='%s_%s' % (info, fn.__name__))
1595 | 
1596 |         url_patterns = [
1597 |             pat(r'^([0-9]+)/set-home/$', self.set_home),
1598 |             pat(r'^published-pages/$', self.get_published_pagelist),
1599 |         ]
1600 | 
1601 |         if plugin_pool.registered_plugins:
1602 |             url_patterns += plugin_pool.get_patterns()
1603 |         return url_patterns + super(PageAdmin, self).get_urls()
1604 | 
1605 |     @require_POST
1606 |     @transaction.atomic
1607 |     def set_home(self, request, object_id):
1608 |         page = self.get_object(request, object_id=object_id)
1609 | 
1610 |         if not self.has_change_permission(request, page):
1611 |             raise PermissionDenied("You do not have permission to set 'home'")
1612 | 
1613 |         if page is None:
1614 |             raise self._get_404_exception(object_id)
1615 | 
1616 |         if not page.is_potential_home():
1617 |             return HttpResponseBadRequest(force_text(_("The page is not eligible to be home.")))
1618 | 
1619 |         new_home_tree, old_home_tree = Page.set_homepage(page, user=request.user)
1620 | 
1621 |         # Check if one of the affected pages either from the old homepage
1622 |         # or the homepage had an apphook attached
1623 |         if old_home_tree:
1624 |             apphooks_affected = (
1625 |                 self
1626 |                 .model
1627 |                 .objects
1628 |                 .filter(pk__in=old_home_tree, publisher_is_draft=False)
1629 |                 .has_apphooks()
1630 |             )
1631 |         else:
1632 |             apphooks_affected = False
1633 | 
1634 |         if not apphooks_affected:
1635 |             apphooks_affected = (
1636 |                 self
1637 |                 .model
1638 |                 .objects
1639 |                 .filter(pk__in=new_home_tree, publisher_is_draft=False)
1640 |                 .has_apphooks()
1641 |             )
1642 | 
1643 |         if apphooks_affected:
1644 |             # One or more pages affected by this operation was attached to an apphook.
1645 |             # As a result, fire the apphook reload signal to reload the url patterns.
1646 |             set_restart_trigger()
1647 |         return HttpResponse('ok')
1648 | 
1649 |     def get_published_pagelist(self, *args, **kwargs):
1650 |         """
1651 |          This view is used by the PageSmartLinkWidget as the user type to feed the autocomplete drop-down.
1652 |         """
1653 |         request = args[0]
1654 | 
1655 |         if request.is_ajax():
1656 |             query_term = request.GET.get('q','').strip('/')
1657 | 
1658 |             language_code = request.GET.get('language_code', settings.LANGUAGE_CODE)
1659 |             matching_published_pages = self.model.objects.published().public().filter(
1660 |                 Q(title_set__title__icontains=query_term, title_set__language=language_code)
1661 |                 | Q(title_set__path__icontains=query_term, title_set__language=language_code)
1662 |                 | Q(title_set__menu_title__icontains=query_term, title_set__language=language_code)
1663 |                 | Q(title_set__page_title__icontains=query_term, title_set__language=language_code)
1664 |             ).distinct()
1665 | 
1666 |             results = []
1667 |             for page in matching_published_pages:
1668 |                 results.append(
1669 |                     {
1670 |                         'path': page.get_path(language=language_code),
1671 |                         'title': page.get_title(language=language_code),
1672 |                         'redirect_url': page.get_absolute_url(language=language_code)
1673 |                     }
1674 |                 )
1675 |             return HttpResponse(json.dumps(results), content_type='application/json')
1676 |         return HttpResponseForbidden()
1677 | 
1678 | 
1679 | class PageTypeAdmin(BasePageAdmin):
1680 | 
1681 |     add_form = AddPageTypeForm
1682 |     change_form_template = 'admin/cms/page/change_form.html'
1683 | 
1684 |     def get_queryset(self, request):
1685 |         queryset  = super(PageTypeAdmin, self).get_queryset(request)
1686 |         return queryset.exclude(is_page_type=False)
1687 | 
1688 |     def get_nodes_queryset(self, request):
1689 |         nodes = super(PageTypeAdmin, self).get_nodes_queryset(request)
1690 |         return nodes.exclude(page__is_page_type=False)
1691 | 
1692 | 
1693 | admin.site.register(Page, PageAdmin)
1694 | admin.site.register(PageType, PageTypeAdmin)
1695 | 
```

2026-09-14 23:14:30 utils.py INFO 
LiteLLM completion() model= qwen/qwen3-coder; provider = openrouter
2026-09-14 23:14:57 utils.py INFO Wrapper: Completed Call, calling success_handler
2026-09-14 23:14:58 utils.py INFO 
LiteLLM completion() model= qwen/qwen3-coder; provider = openrouter
2026-09-14 23:15:17 utils.py INFO Wrapper: Completed Call, calling success_handler
2026-09-14 23:15:17 auto_search_main.py INFO Executing code:
```
print(search_code_snippets(**{'search_terms': ['paste page', 'clipboard page', 'page translation check']}))
```
2026-09-14 23:15:17 __init__.py DEBUG Building index from IDs objects
2026-09-14 23:15:17 __init__.py DEBUG Building index from IDs objects
2026-09-14 23:15:18 __init__.py DEBUG Building index from IDs objects
2026-09-14 23:15:18 __init__.py DEBUG Building index from IDs objects
2026-09-14 23:15:18 auto_search_main.py INFO OBSERVATION:
cms/admin/pageadmin.py:BasePageAdmin.copy_page
cms/models/pagemodel.py:Page.copy_with_descendants
cms/admin/placeholderadmin.py:PlaceholderAdminMixin._paste_plugin
cms/admin/placeholderadmin.py:PlaceholderAdminMixin._paste_placeholder
cms/admin/placeholderadmin.py:PlaceholderAdminMixin.move_plugin
cms/api.py:get_page_draft
cms/cms_menus.py:get_menu_node_for_page
cms/cms_toolbars.py:BasicToolbar
cms/cms_toolbars.py:BasicToolbar.add_admin_menu
cms/cms_toolbars.py:BasicToolbar.populate
cms/cms_toolbars.py:BasicToolbar.init_from_request
cms/admin/placeholderadmin.py:PlaceholderAdminMixin._copy_placeholder_to_clipboard
cms/cms_plugins.py:AliasPlugin.create_alias
cms/cms_plugins.py:impl:2
cms/toolbar/toolbar.py:CMSToolbar.user_settings
cms/toolbar/toolbar.py:CMSToolbar._reorder_toolbars
cms/toolbar/toolbar.py:CMSToolbar.edit_mode
cms/toolbar/toolbar.py:CMSToolbar.get_menu
cms/toolbar/toolbar.py:CMSToolbar.csrf_token
cms/toolbar/toolbar.py:CMSToolbar.clipboard_plugin
cms/toolbar/toolbar.py:CMSToolbar.get_user_settings
cms/admin/placeholderadmin.py:PlaceholderAdminMixin._cut_plugin
cms/toolbar/utils.py:get_plugin_tree_as_json
cms/toolbar/utils.py:get_toolbar_from_request
cms/admin/placeholderadmin.py:PlaceholderAdminMixin.clear_placeholder
cms/toolbar/toolbar.py:CMSToolbar.init_toolbar
cms/admin/placeholderadmin.py:PlaceholderAdminMixin.has_clear_placeholder_permission
cms/admin/placeholderadmin.py:PlaceholderAdminMixin.get_placeholder_template
cms/admin/placeholderadmin.py:PlaceholderAdminMixin.has_move_plugin_permission
cms/admin/placeholderadmin.py:PlaceholderAdminMixin.has_add_plugin_permission
cms/admin/placeholderadmin.py:PlaceholderAdminMixin.has_change_plugin_permission
cms/admin/placeholderadmin.py:PlaceholderAdminMixin.has_copy_from_clipboard_permission
cms/admin/placeholderadmin.py:PlaceholderAdminMixin.has_delete_plugin_permission
cms/admin/placeholderadmin.py:PlaceholderAdminMixin.has_copy_from_placeholder_permission
cms/admin/placeholderadmin.py:PlaceholderAdminMixin.has_copy_plugins_permission
cms/admin/pageadmin.py:BasePageAdmin.publish_page
cms/admin/pageadmin.py:BasePageAdmin.revert_to_live
cms/cms_menus.py:get_menu_node_for_page
cms/api.py:can_change_page
cms/api.py:copy_plugins_to_language
cms/admin/pageadmin.py:BasePageAdmin.delete_translation
cms/admin/pageadmin.py:BasePageAdmin.delete_translation
cms/models/pagemodel.py:Page.copy
cms/models/pagemodel.py:Page.copy_with_descendants
cms/cms_toolbars.py:BasicToolbar
cms/cms_toolbars.py:BasicToolbar.add_admin_menu
cms/cms_toolbars.py:BasicToolbar.populate
cms/cms_toolbars.py:BasicToolbar.init_from_request
cms/admin/pageadmin.py:BasePageAdmin.publish_page
cms/admin/pageadmin.py:BasePageAdmin.revert_to_live
cms/admin/pageadmin.py:BasePageAdmin.copy_page
cms/cms_menus.py:get_menu_node_for_page
cms/api.py:can_change_page
cms/api.py:copy_plugins_to_language
cms/models/pagemodel.py:Page._set_title_root_path
##Searching for term "paste page", "clipboard page", "paste page clipboard page page translation check"...
### Search Result:
Found file `cms/cache/page.py`.
Found file `cms/middleware/page.py`.
Found file `cms/utils/page.py`.
Found file `cms/signals/page.py`.
Source: Retrieved entity using keyword search (bm25).
Hint: Use more detailed query to get the full content of some if needed.



##Searching for term "paste page", "clipboard page"...
### Search Result:
Found function `cms/cache/page.py:_page_cache_key`.
Source: Retrieved entity using keyword search (bm25).
```
19 | def _page_cache_key(request):
20 |     #sha1 key of current path
21 |     cache_key = "%s:%d:%s" % (
22 |         get_cms_setting("CACHE_PREFIX"),
23 |         settings.SITE_ID,
24 |         hashlib.sha1(iri_to_uri(request.get_full_path()).encode('utf-8')).hexdigest()
25 |     )
26 |     if settings.USE_TZ:
27 |         cache_key += '.%s' % get_timezone_name()
28 |     return cache_key
```



##Searching for term "paste page"...
### Search Result:
Found function `cms/admin/placeholderadmin.py:PlaceholderAdminMixin.move_plugin`.
Source: Retrieved code content using keyword search (bm25).
```
581 | def move_plugin(self, request):
582 |         """
583 |         Performs a move or a "paste" operation (when «move_a_copy» is set)
584 | 
585 |         POST request with following parameters:
586 |         - plugin_id
587 |         - placeholder_id
588 |         - plugin_language (optional)
589 |         - plugin_parent (optional)
590 |         - plugin_order (array, optional)
591 |         - move_a_copy (Boolean, optional) (anything supplied here except a case-
592 |                                         insensitive "false" is True)
593 |         NOTE: If move_a_copy is set, the plugin_order should contain an item
594 |               '__COPY__' with the desired destination of the copied plugin.
595 |         """
596 |         # plugin_id and placeholder_id are required, so, if nothing is supplied,
597 |         # an ValueError exception will be raised by get_int().
598 |         try:
599 |             plugin_id = get_int(request.POST.get('plugin_id'))
600 |         except TypeError:
601 |             raise RuntimeError("'plugin_id' is a required parameter.")
602 | 
603 |         plugin = self._get_plugin_from_id(plugin_id)
604 | 
605 |         try:
606 |             placeholder_id = get_int(request.POST.get('placeholder_id'))
607 |         except TypeError:
608 |             raise RuntimeError("'placeholder_id' is a required parameter.")
609 |         except ValueError:
610 |             raise RuntimeError("'placeholder_id' must be an integer string.")
611 | 
612 |         placeholder = Placeholder.objects.get(pk=placeholder_id)
613 | 
614 |         # The rest are optional
615 |         parent_id = get_int(request.POST.get('plugin_parent', ""), None)
616 |         target_language = request.POST['target_language']
617 |         move_a_copy = request.POST.get('move_a_copy')
618 |         move_a_copy = (move_a_copy and move_a_copy != "0" and
619 |                        move_a_copy.lower() != "false")
620 |         move_to_clipboard = placeholder == request.toolbar.clipboard
621 |         source_placeholder = plugin.placeholder
622 | 
623 |         order = request.POST.getlist("plugin_order[]")
624 | 
625 |         if placeholder != source_placeholder:
626 |             try:
627 |                 template = self.get_placeholder_template(request, placeholder)
628 |                 has_reached_plugin_limit(placeholder, plugin.plugin_type,
629 |                                          target_language, template=template)
630 |             except PluginLimitReached as er:
631 |                 return HttpResponseBadRequest(er)
632 | 
633 |         # order should be a list of plugin primary keys
634 |         # it's important that the plugins being referenced
635 |         # are all part of the same tree.
636 |         exclude_from_order_check = ['__COPY__', str(plugin.pk)]
637 |         ordered_plugin_ids = [int(pk) for pk in order if pk not in exclude_from_order_check]
638 |         plugins_in_tree_count = (
639 |             placeholder
640 |             .get_plugins(target_language)
641 |             .filter(parent=parent_id, pk__in=ordered_plugin_ids)
642 |             .count()
643 |         )
644 | 
645 |         if len(ordered_plugin_ids) != plugins_in_tree_count:
646 |             # order does not match the tree on the db
647 |             message = _('order parameter references plugins in different trees')
648 |             return HttpResponseBadRequest(force_text(message))
649 | 
650 |         # True if the plugin is not being moved from the clipboard
651 |         # to a placeholder or from a placeholder to the clipboard.
652 |         move_a_plugin = not move_a_copy and not move_to_clipboard
653 | 
654 |         if parent_id and plugin.parent_id != parent_id:
655 |             target_parent = get_object_or_404(CMSPlugin, pk=parent_id)
656 | 
657 |             if move_a_plugin and target_parent.placeholder_id != placeholder.pk:
658 |                 return HttpResponseBadRequest(force_text(
659 |                     _('parent must be in the same placeholder')))
660 | 
661 |             if move_a_plugin and target_parent.language != target_language:
662 |                 return HttpResponseBadRequest(force_text(
663 |                     _('parent must be in the same language as '
664 |                       'plugin_language')))
665 |         elif parent_id:
666 |             target_parent = plugin.parent
667 |         else:
668 |             target_parent = None
669 | 
670 |         new_plugin = None
671 |         fetch_tree = False
672 | 
673 |         if move_a_copy and plugin.plugin_type == "PlaceholderPlugin":
674 |             new_plugins = self._paste_placeholder(
675 |                 request,
676 |                 plugin=plugin,
677 |                 target_language=target_language,
678 |                 target_placeholder=placeholder,
679 |                 tree_order=order,
680 |             )
681 |         elif move_a_copy:
682 |             fetch_tree = True
683 |             new_plugin = self._paste_plugin(
684 |                 request,
685 |                 plugin=plugin,
686 |                 target_parent=target_parent,
687 |                 target_language=target_language,
688 |                 target_placeholder=placeholder,
689 |                 tree_order=order,
690 |             )
691 |         elif move_to_clipboard:
692 |             new_plugin = self._cut_plugin(
693 |                 request,
694 |                 plugin=plugin,
695 |                 target_language=target_language,
696 |                 target_placeholder=placeholder,
697 |             )
698 |             new_plugins = [new_plugin]
699 |         else:
700 |             fetch_tree = True
701 |             new_plugin = self._move_plugin(
702 |                 request,
703 |                 plugin=plugin,
704 |                 target_parent=target_parent,
705 |                 target_language=target_language,
706 |                 target_placeholder=placeholder,
707 |                 tree_order=order,
708 |             )
709 | 
710 |         if new_plugin and fetch_tree:
711 |             root = (new_plugin.parent or new_plugin)
712 |             new_plugins = [root] + list(root.get_descendants().order_by('path'))
713 | 
714 |         # Mark the target placeholder as dirty
715 |         placeholder.mark_as_dirty(target_language)
716 | 
717 |         if placeholder != source_placeholder:
718 |             # Plugin is being moved or copied into a separate placeholder
719 |             # Mark source placeholder as dirty
720 |             source_placeholder.mark_as_dirty(plugin.language)
721 |         data = get_plugin_tree_as_json(request, new_plugins)
722 |         return HttpResponse(data, content_type='application/json')
```

Found function `cms/admin/pageadmin.py:BasePageAdmin.copy_page`.
Source: Retrieved code content using keyword search (bm25).
```
911 | def copy_page(self, request, page_id):
912 |         """
913 |         Copy the page and all its plugins and descendants to the requested
914 |         target, at the given position
915 |         """
916 |         page = self.get_page_from_id(page_id)
917 | 
918 |         if page is None:
919 |             return jsonify_request(HttpResponseBadRequest("error"))
920 | 
921 |         user = request.user
922 |         site = self.get_site(request)
923 |         form = self.copy_form(request.POST or None, page=page, site=site)
924 | 
925 |         if not form.is_valid():
926 |             return jsonify_request(HttpResponseBadRequest("error"))
927 | 
928 |         target = form.cleaned_data['target']
929 |         source_site = form.cleaned_data['source_site']
930 | 
931 |         # User can only copy pages he can see
932 |         can_copy_page = page_permissions.user_can_view_page(user, page, source_site)
933 | 
934 |         if can_copy_page and target:
935 |             # User can only copy a page into another one if he has permission
936 |             # to add a page under the target page.
937 |             can_copy_page = page_permissions.user_can_add_subpage(user, target, site)
938 |         elif can_copy_page:
939 |             # User can only copy / paste a page if he has permission to add a page
940 |             can_copy_page = page_permissions.user_can_add_page(user, site)
941 | 
942 |         if not can_copy_page:
943 |             message = force_text(_("Error! You don't have permissions to copy this page."))
944 |             return jsonify_request(HttpResponseForbidden(message))
945 | 
946 |         new_page = form.copy_page()
947 |         return HttpResponse(json.dumps({"id": new_page.pk}), content_type='application/json')
```

Found function `cms/admin/placeholderadmin.py:PlaceholderAdminMixin._paste_plugin`.
Source: Retrieved code content using keyword search (bm25).
```
724 | def _paste_plugin(self, request, plugin, target_language,
725 |                       target_placeholder, tree_order, target_parent=None):
726 |         plugins = (
727 |             CMSPlugin
728 |             .get_tree(parent=plugin)
729 |             .filter(placeholder=plugin.placeholder_id)
730 |             .order_by('path')
731 |         )
732 |         plugins = list(plugins)
733 | 
734 |         if not self.has_copy_from_clipboard_permission(request, target_placeholder, plugins):
735 |             message = force_text(_("You have no permission to paste this plugin"))
736 |             raise PermissionDenied(message)
737 | 
738 |         if target_parent:
739 |             target_parent_id = target_parent.pk
740 |         else:
741 |             target_parent_id = None
742 | 
743 |         target_tree_order = [int(pk) for pk in tree_order if not pk == '__COPY__']
744 | 
745 |         action_token = self._send_pre_placeholder_operation(
746 |             request,
747 |             operation=operations.PASTE_PLUGIN,
748 |             plugin=plugin,
749 |             target_language=target_language,
750 |             target_placeholder=target_placeholder,
751 |             target_parent_id=target_parent_id,
752 |             target_order=target_tree_order,
753 |         )
754 | 
755 |         plugin_pairs = copy_plugins.copy_plugins_to(
756 |             plugins,
757 |             to_placeholder=target_placeholder,
758 |             to_language=target_language,
759 |             parent_plugin_id=target_parent_id,
760 |         )
761 |         root_plugin = plugin_pairs[0][0]
762 | 
763 |         # If an ordering was supplied, replace the item that has
764 |         # been copied with the new copy
765 |         target_tree_order.insert(tree_order.index('__COPY__'), root_plugin.pk)
766 | 
767 |         reorder_plugins(
768 |             target_placeholder,
769 |             parent_id=target_parent_id,
770 |             language=target_language,
771 |             order=target_tree_order,
772 |         )
773 | 
774 |         # Fetch from db to update position and other tree values
775 |         root_plugin.refresh_from_db()
776 | 
777 |         self._send_post_placeholder_operation(
778 |             request,
779 |             operation=operations.PASTE_PLUGIN,
780 |             plugin=root_plugin.get_bound_plugin(),
781 |             token=action_token,
782 |             target_language=target_language,
783 |             target_placeholder=target_placeholder,
784 |             target_parent_id=target_parent_id,
785 |             target_order=target_tree_order,
786 |         )
787 |         return root_plugin
```

Found function `cms/admin/placeholderadmin.py:PlaceholderAdminMixin._paste_placeholder`.
Source: Retrieved code content using keyword search (bm25).
```
789 | def _paste_placeholder(self, request, plugin, target_language,
790 |                            target_placeholder, tree_order):
791 |         plugins = plugin.placeholder_ref.get_plugins_list()
792 | 
793 |         if not self.has_copy_from_clipboard_permission(request, target_placeholder, plugins):
794 |             message = force_text(_("You have no permission to paste this placeholder"))
795 |             raise PermissionDenied(message)
796 | 
797 |         target_tree_order = [int(pk) for pk in tree_order if not pk == '__COPY__']
798 | 
799 |         action_token = self._send_pre_placeholder_operation(
800 |             request,
801 |             operation=operations.PASTE_PLACEHOLDER,
802 |             plugins=plugins,
803 |             target_language=target_language,
804 |             target_placeholder=target_placeholder,
805 |             target_order=target_tree_order,
806 |         )
807 | 
808 |         new_plugins = copy_plugins.copy_plugins_to(
809 |             plugins,
810 |             to_placeholder=target_placeholder,
811 |             to_language=target_language,
812 |         )
813 | 
814 |         new_plugin_ids = (new.pk for new, old in new_plugins)
815 | 
816 |         # Creates a list of PKs for the top-level plugins ordered by
817 |         # their position.
818 |         top_plugins = (pair for pair in new_plugins if not pair[0].parent_id)
819 |         top_plugins_pks = [p[0].pk for p in sorted(top_plugins, key=lambda pair: pair[1].position)]
820 | 
821 |         # If an ordering was supplied, we should replace the item that has
822 |         # been copied with the new plugins
823 |         target_tree_order[tree_order.index('__COPY__'):0] = top_plugins_pks
824 | 
825 |         reorder_plugins(
826 |             target_placeholder,
827 |             parent_id=None,
828 |             language=target_language,
829 |             order=target_tree_order,
830 |         )
831 | 
832 |         new_plugins = (
833 |             CMSPlugin
834 |             .objects
835 |             .filter(pk__in=new_plugin_ids)
836 |             .order_by('path')
837 |             .select_related('placeholder')
838 |         )
839 |         new_plugins = list(new_plugins)
840 | 
841 |         self._send_post_placeholder_operation(
842 |             request,
843 |             operation=operations.PASTE_PLACEHOLDER,
844 |             token=action_token,
845 |             plugins=new_plugins,
846 |             target_language=target_language,
847 |             target_placeholder=target_placeholder,
848 |             target_order=target_tree_order,
849 |         )
850 |         return new_plugins
```



##Searching for term "paste page", "paste page clipboard page page translation check"...
### Search Result:
Found function `cms/models/pagemodel.py:Page.copy_with_descendants`.
Source: Retrieved code content using keyword search (bm25).
```
695 | def copy_with_descendants(self, site, target_node=None, position=None,
696 |                               copy_permissions=True, target_site=None):
697 |         """
698 |         Copy a page [ and all its descendants to a new location ]
699 |         """
700 |         if not self.publisher_is_draft:
701 |             raise PublicIsUnmodifiable("copy page is not allowed for public pages")
702 | 
703 |         if target_site is None:
704 |             target_site = site
705 | 
706 |         if position in ('first-child', 'last-child'):
707 |             parent_node = target_node
708 |         elif target_node:
709 |             parent_node = target_node.parent
710 |         else:
711 |             parent_node = None
712 | 
713 |         node = self.get_node_object(site)
714 |         # Evaluate the descendants queryset BEFORE copying the page.
715 |         # Otherwise, if the page is copied and pasted on itself, it will duplicate.
716 |         descendants = list(node.get_descendants().prefetch_related('page__title_set'))
717 |         new_root_page = self.copy(target_site, parent_node=parent_node)
718 |         new_root_node = new_root_page.get_node_object(target_site)
719 | 
720 |         if target_node and position in ('first-child'):
721 |             # target node is a parent and user has requested to
722 |             # insert the new page as its first child
723 |             new_root_node.move(target_node, position)
724 |             new_root_node.refresh_from_db(fields=('path', 'depth'))
725 | 
726 |         if target_node and position in ('left', 'last-child'):
727 |             # target node is a sibling
728 |             new_root_node.move(target_node, position)
729 |             new_root_node.refresh_from_db(fields=('path', 'depth'))
730 | 
731 |         nodes_by_id = {node.pk: new_root_node}
732 | 
733 |         for node in descendants:
734 |             parent = nodes_by_id[node.parent_id]
735 |             new_page = node.page.copy(
736 |                 target_site,
737 |                 parent_node=parent,
738 |                 translations=True,
739 |                 permissions=copy_permissions,
740 |             )
741 |             nodes_by_id[node.pk] = new_page.get_node_object(target_site)
742 |         return new_root_page
```



##Searching for term "clipboard page", "paste page clipboard page page translation check"...
### Search Result:
Found class `cms/cms_toolbars.py:BasicToolbar`.
Source: Retrieved code content using keyword search (bm25).
Just show the structure of this class due to response length limitations:
```
class BasicToolbar(CMSToolbar):
    page = None
    _language_menu = None
    _admin_menu = None

    def init_from_request(self):
...
    def populate(self):
...
    def add_admin_menu(self):
...
    def add_users_button(self, parent):
...
    def add_logout_button(self, parent):
...
    def add_language_menu(self):
...
    def get_username(self, user=None, default=''):

```
Hint: Search `cms/cms_toolbars.py:BasicToolbar` to get the full content if needed.

Found function `cms/cms_toolbars.py:BasicToolbar.init_from_request`.
Source: Retrieved code content using keyword search (bm25).
```
104 | def init_from_request(self):
105 |         self.page = get_page_draft(self.request.current_page)
```

Found function `cms/cms_toolbars.py:BasicToolbar.populate`.
Source: Retrieved code content using keyword search (bm25).
```
107 | def populate(self):
108 |         if not self.page:
109 |             self.init_from_request()
110 |             self.clipboard = self.request.toolbar.user_settings.clipboard
111 |             self.add_admin_menu()
112 |             self.add_language_menu()
```

Found function `cms/cms_toolbars.py:BasicToolbar.add_admin_menu`.
Source: Retrieved code content using keyword search (bm25).
```
114 | def add_admin_menu(self):
115 |         if not self._admin_menu:
116 |             self._admin_menu = self.toolbar.get_or_create_menu(ADMIN_MENU_IDENTIFIER, self.current_site.name)
117 |             # Users button
118 |             self.add_users_button(self._admin_menu)
119 | 
120 |             # sites menu
121 |             sites_queryset = get_user_sites_queryset(self.request.user)
122 | 
123 |             if len(sites_queryset) > 1:
124 |                 sites_menu = self._admin_menu.get_or_create_menu('sites', _('Sites'))
125 |                 sites_menu.add_sideframe_item(_('Admin Sites'), url=admin_reverse('sites_site_changelist'))
126 |                 sites_menu.add_break(ADMIN_SITES_BREAK)
127 |                 for site in sites_queryset:
128 |                     sites_menu.add_link_item(site.name, url='http://%s' % site.domain,
129 |                                              active=site.pk == self.current_site.pk)
130 | 
131 |             # admin
132 |             self._admin_menu.add_sideframe_item(_('Administration'), url=admin_reverse('index'))
133 |             self._admin_menu.add_break(ADMINISTRATION_BREAK)
134 | 
135 |             # cms users settings
136 |             self._admin_menu.add_sideframe_item(_('User settings'), url=admin_reverse('cms_usersettings_change'))
137 |             self._admin_menu.add_break(USER_SETTINGS_BREAK)
138 | 
139 |             # clipboard
140 |             if self.toolbar.edit_mode_active:
141 |                 # True if the clipboard exists and there's plugins in it.
142 |                 clipboard_is_bound = self.toolbar.clipboard_plugin
143 | 
144 |                 self._admin_menu.add_link_item(_('Clipboard...'), url='#',
145 |                         extra_classes=['cms-clipboard-trigger'],
146 |                         disabled=not clipboard_is_bound)
147 |                 self._admin_menu.add_link_item(_('Clear clipboard'), url='#',
148 |                         extra_classes=['cms-clipboard-empty'],
149 |                         disabled=not clipboard_is_bound)
150 |                 self._admin_menu.add_break(CLIPBOARD_BREAK)
151 | 
152 |             # Disable toolbar
153 |             self._admin_menu.add_link_item(_('Disable toolbar'), url='?%s' % get_cms_setting('CMS_TOOLBAR_URL__DISABLE'))
154 |             self._admin_menu.add_break(TOOLBAR_DISABLE_BREAK)
155 |             self._admin_menu.add_link_item(_('Shortcuts...'), url='#',
156 |                     extra_classes=('cms-show-shortcuts',))
157 |             self._admin_menu.add_break(SHORTCUTS_BREAK)
158 | 
159 |             # logout
160 |             self.add_logout_button(self._admin_menu)
```



##Searching for term "clipboard page"...
### Search Result:
Found function `cms/admin/placeholderadmin.py:PlaceholderAdminMixin._copy_placeholder_to_clipboard`.
Source: Retrieved code content using keyword search (bm25).
```
439 | def _copy_placeholder_to_clipboard(self, request, source_placeholder, target_placeholder):
440 |         source_language = request.POST['source_language']
441 |         target_language = request.POST['target_language']
442 | 
443 |         # User is copying the whole placeholder to the clipboard.
444 |         old_plugins = source_placeholder.get_plugins_list(language=source_language)
445 | 
446 |         if not self.has_copy_plugins_permission(request, old_plugins):
447 |             message = _('You do not have permission to copy this placeholder.')
448 |             raise PermissionDenied(force_text(message))
449 | 
450 |         # Empty the clipboard
451 |         target_placeholder.clear()
452 | 
453 |         # Create a PlaceholderReference plugin which in turn
454 |         # creates a blank placeholder called "clipboard"
455 |         # the real clipboard has the reference placeholder inside but the plugins
456 |         # are inside of the newly created blank clipboard.
457 |         # This allows us to wrap all plugins in the clipboard under one plugin
458 |         reference = PlaceholderReference.objects.create(
459 |             name=source_placeholder.get_label(),
460 |             plugin_type='PlaceholderPlugin',
461 |             language=target_language,
462 |             placeholder=target_placeholder,
463 |         )
464 | 
465 |         copy_plugins.copy_plugins_to(
466 |             old_plugins,
467 |             to_placeholder=reference.placeholder_ref,
468 |             to_language=target_language,
469 |         )
470 |         return reference
```



##Searching for term "page translation check"...
### Search Result:
Found function `cms/admin/pageadmin.py:BasePageAdmin.publish_page`.
Source: Retrieved code content using keyword search (bm25).
```
 997 | def publish_page(self, request, page_id, language):
 998 |         page = self.get_object(request, object_id=page_id)
 999 | 
1000 |         if page and not self.has_publish_permission(request, obj=page):
1001 |             return HttpResponseForbidden(force_text(_("You do not have permission to publish this page")))
1002 | 
1003 |         if page:
1004 |             translation = page.get_title_obj(language, fallback=False)
1005 |         else:
1006 |             translation = None
1007 | 
1008 |         if page and not translation:
1009 |             raise Http404('No translation matches requested language.')
1010 | 
1011 |         all_published = True
1012 | 
1013 |         statics = request.GET.get('statics', '')
1014 | 
1015 |         if not statics and not page:
1016 |             raise Http404("No page or static placeholder found for publishing.")
1017 | 
1018 |         if translation and translation.publisher_public:
1019 |             reload_urls = translation._url_properties_changed()
1020 |         else:
1021 |             reload_urls = bool(page and page.application_urls and translation)
1022 | 
1023 |         if page:
1024 |             operation_token = self._send_pre_page_operation(
1025 |                 request,
1026 |                 operation=operations.PUBLISH_PAGE_TRANSLATION,
1027 |                 obj=page,
1028 |                 translation=translation,
1029 |             )
1030 |             all_published = page.publish(language)
1031 |             page = page.reload()
1032 |             self._send_post_page_operation(
1033 |                 request,
1034 |                 operation=operations.PUBLISH_PAGE_TRANSLATION,
1035 |                 token=operation_token,
1036 |                 obj=page,
1037 |                 translation=translation,
1038 |                 successful=all_published,
1039 |             )
1040 | 
1041 |         if statics:
1042 |             static_ids = statics.split(',')
1043 |             static_placeholders = StaticPlaceholder.objects.filter(pk__in=static_ids)
1044 | 
1045 |             for static_placeholder in static_placeholders.iterator():
1046 |                 # TODO: Maybe only send one signal...
1047 |                 # this would break the obj signal format though
1048 |                 operation_token = self._send_pre_page_operation(
1049 |                     request,
1050 |                     operation=operations.PUBLISH_STATIC_PLACEHOLDER,
1051 |                     obj=static_placeholder,
1052 |                     target_language=language,
1053 |                 )
1054 | 
1055 |                 published = static_placeholder.publish(request, language)
1056 | 
1057 |                 self._send_post_page_operation(
1058 |                     request,
1059 |                     operation=operations.PUBLISH_STATIC_PLACEHOLDER,
1060 |                     token=operation_token,
1061 |                     obj=static_placeholder,
1062 |                     target_language=language,
1063 |                 )
1064 |                 if not published:
1065 |                     all_published = False
1066 | 
1067 |         if page:
1068 |             if all_published:
1069 |                 if reload_urls:
1070 |                     set_restart_trigger()
1071 | 
1072 |                 if page.get_publisher_state(language) == PUBLISHER_STATE_PENDING:
1073 |                     messages.warning(request, _("Page not published! A parent page is not published yet."))
1074 |                 else:
1075 |                     messages.info(request, _('The content was successfully published.'))
1076 |                 LogEntry.objects.log_action(
1077 |                     user_id=request.user.id,
1078 |                     content_type_id=ContentType.objects.get_for_model(Page).pk,
1079 |                     object_id=page_id,
1080 |                     object_repr=page.get_title(language),
1081 |                     action_flag=CHANGE,
1082 |                 )
1083 |             else:
1084 |                 if page.get_publisher_state(language) == PUBLISHER_STATE_PENDING:
1085 |                     messages.warning(request, _("Page not published! A parent page is not published yet."))
1086 |                 else:
1087 |                     messages.warning(request, _("There was a problem publishing your content"))
1088 | 
1089 |         if 'node' in request.GET or 'node' in request.POST:
1090 |             # if request comes from tree..
1091 |             # 204 -> request was successful but no response returned.
1092 |             return HttpResponse(status=204)
1093 | 
1094 |         if 'redirect' in request.GET:
1095 |             return HttpResponseRedirect(request.GET['redirect'])
1096 |         referrer = request.META.get('HTTP_REFERER', '')
1097 | 
1098 |         path = admin_reverse("cms_page_changelist")
1099 |         if request.GET.get('redirect_language'):
1100 |             path = "%s?language=%s&page_id=%s" % (path, request.GET.get('redirect_language'), request.GET.get('redirect_page_id'))
1101 |         if admin_reverse('index') not in referrer:
1102 |             if all_published:
1103 |                 if page:
1104 |                     if page.get_publisher_state(language) == PUBLISHER_STATE_PENDING:
1105 |                         path = page.get_absolute_url(language, fallback=True)
1106 |                     else:
1107 |                         public_page = Page.objects.get(publisher_public=page.pk)
1108 |                         path = '%s?preview&%s' % (public_page.get_absolute_url(language, fallback=True), get_cms_setting('CMS_TOOLBAR_URL__EDIT_OFF'))
1109 |                 else:
1110 |                     path = '%s?preview&%s' % (referrer, get_cms_setting('CMS_TOOLBAR_URL__EDIT_OFF'))
1111 |             else:
1112 |                 path = '/?preview&%s' % get_cms_setting('CMS_TOOLBAR_URL__EDIT_OFF')
1113 | 
1114 |         return HttpResponseRedirect(path)
```

Found class `cms/utils/check.py:FileSectionWrapper`.
Source: Retrieved entity using keyword search (bm25).
```
114 | class FileSectionWrapper(FileOutputWrapper):
115 |     """
116 |     Used from FileOutputWrapper to report checks in a section.
117 | 
118 |     If you want to provide your own output class, you may want to subclass
119 |     this class for the section reporting too. If you want to use your own,
120 |     you must defined at least the same API as FileOutputWrapper, as well
121 |     as these four additional methods:
122 | 
123 |         finish_success(message): End the section (successfully)
124 |         finish_error(message): End the section with errors
125 |         finish_warning(message): End this section with a warning
126 |         finish_skip(message): End this (skipped) section
127 |     """
128 |     def __init__(self, wrapper):
129 |         super(FileSectionWrapper, self).__init__(wrapper.stdout, wrapper.stderr)
130 |         self.wrapper = wrapper
131 | 
132 |     def write_line(self, message=''):
133 |         self.write(u'  - %s\n' % message)
134 | 
135 |     def write_stderr_line(self, message=''):
136 |         self.write_stderr(u'  - %s\n' % message)
137 | 
138 |     def finish_success(self, message):
139 |         self.wrapper.write_line()
140 |         self.wrapper.success(message)
141 | 
142 |     def finish_error(self, message):
143 |         self.wrapper.write_line()
144 |         self.wrapper.error(message)
145 | 
146 |     def finish_warning(self, message):
147 |         self.wrapper.write_line()
148 |         self.wrapper.warning(message)
149 | 
150 |     def finish_skip(self, message):
151 |         self.wrapper.write_lin()
152 |         self.wrapper.skip(message)
```

Found function `cms/utils/check.py:check_i18n`.
Source: Retrieved entity using keyword search (bm25).
```
200 | def check_i18n(output):
201 |     with output.section("Internationalization") as section:
202 |         if isinstance(getattr(settings, 'CMS_LANGUAGES', {}), dict):
203 |             section.success("New style CMS_LANGUAGES")
204 |         else:
205 |             section.warn("Old style (tuple based) CMS_LANGUAGES, please switch to the new (dictionary based) style")
206 |         if getattr(settings, 'LANGUAGE_CODE', '').find('_') > -1:
207 |             section.warn("LANGUAGE_CODE must contain a valid language code, not a locale (e.g.: 'en-us' instead of "
208 |                          "'en_US'): '%s' provided" % getattr(settings, 'LANGUAGE_CODE', ''))
209 |         for lang in getattr(settings, 'LANGUAGES', ()):
210 |             if lang[0].find('_') > -1:
211 |                 section.warn("LANGUAGES must contain valid language codes, not locales (e.g.: 'en-us' instead of "
212 |                              "'en_US'): '%s' provided" % lang[0])
213 |         if settings.SITE_ID == hash(settings.SITE_ID):
214 |             for site, items in get_cms_setting('LANGUAGES').items():
215 |                 if type(site) == int:
216 |                     for lang in items:
217 |                         if lang['code'].find('_') > -1:
218 |                             section.warn("CMS_LANGUAGES entries must contain valid language codes, not locales (e.g.: "
219 |                                          "'en-us' instead of 'en_US'): '%s' provided" % lang['code'])
220 |         else:
221 |             section.error("SITE_ID must be an integer, not %r" % settings.SITE_ID)
```

Found function `cms/utils/check.py:check`.
Source: Retrieved entity using keyword search (bm25).
```
372 | def check(output):
373 |     """
374 |     Checks the configuration/environment of this django CMS installation.
375 | 
376 |     'output' should be an object that provides the same API as FileOutputWrapper.
377 | 
378 |     Returns whether the configuration/environment are okay (has no errors)
379 |     """
380 |     title = "Checking django CMS installation"
381 |     border = '*' * len(title)
382 |     output.write_line(output.colorize(border, opts=['bold']))
383 |     output.write_line(output.colorize(title, opts=['bold']))
384 |     output.write_line(output.colorize(border, opts=['bold']))
385 |     output.write_line()
386 |     for checker in CHECKERS:
387 |         checker(output)
388 |     output.write_line()
389 |     with output.section("OVERALL RESULTS"):
390 |         if output.errors:
391 |             output.write_stderr_line(output.colorize("%s errors!" % output.errors, opts=['bold'], fg='red'))
392 |         if output.warnings:
393 |             output.write_stderr_line(output.colorize("%s warnings!" % output.warnings, opts=['bold'], fg='yellow'))
394 |         if output.skips:
395 |             output.write_line(output.colorize("%s checks skipped!" % output.skips, opts=['bold'], fg='blue'))
396 |         output.write_line(output.colorize("%s checks successful!" % output.successes, opts=['bold'], fg='green'))
397 |         output.write_line()
398 |         if output.errors:
399 |             output.write_stderr_line(output.colorize('Please check the errors above', opts=['bold'], fg='red'))
400 |         elif output.warnings:
401 |             output.write_stderr_line(output.colorize('Installation okay, but please check warnings above',
402 |                                                      opts=['bold'], fg='yellow'))
403 |         else:
404 |             output.write_line(output.colorize('Installation okay', opts=['bold'], fg='green'))
405 |     return output.successful
```

Found function `cms/admin/pageadmin.py:BasePageAdmin.revert_to_live`.
Source: Retrieved code content using keyword search (bm25).
```
951 | def revert_to_live(self, request, page_id, language):
952 |         """
953 |         Resets the draft version of the page to match the live one
954 |         """
955 |         page = self.get_object(request, object_id=page_id)
956 | 
957 |         if not self.has_revert_to_live_permission(request, language, obj=page):
958 |             return HttpResponseForbidden(force_text(_("You do not have permission to revert this page.")))
959 | 
960 |         if page is None:
961 |             raise self._get_404_exception(page_id)
962 | 
963 |         try:
964 |             translation = page.title_set.get(language=language)
965 |         except Title.DoesNotExist:
966 |             raise Http404('No translation matches requested language.')
967 | 
968 |         page.title_cache[language] = translation
969 |         operation_token = self._send_pre_page_operation(
970 |             request,
971 |             operation=operations.REVERT_PAGE_TRANSLATION_TO_LIVE,
972 |             obj=page,
973 |             translation=translation,
974 |         )
975 | 
976 |         page.revert_to_live(language)
977 | 
978 |         # Fetch updated translation
979 |         translation.refresh_from_db()
980 | 
981 |         self._send_post_page_operation(
982 |             request,
983 |             operation=operations.REVERT_PAGE_TRANSLATION_TO_LIVE,
984 |             token=operation_token,
985 |             obj=page,
986 |             translation=translation,
987 |         )
988 | 
989 |         messages.info(request, _('"%s" was reverted to the live version.') % page)
990 | 
991 |         path = page.get_absolute_url(language=language)
992 |         path = '%s?%s' % (path, get_cms_setting('CMS_TOOLBAR_URL__EDIT_OFF'))
993 |         return HttpResponseRedirect(path)
```

Found function `cms/cms_menus.py:get_menu_node_for_page`.
Source: Retrieved code content using keyword search (bm25).
```
 75 | def get_menu_node_for_page(renderer, page, language, fallbacks=None):
 76 |     """
 77 |     Transform a CMS page into a navigation node.
 78 | 
 79 |     :param renderer: MenuRenderer instance bound to the request
 80 |     :param page: the page you wish to transform
 81 |     :param language: The current language used to render the menu
 82 |     """
 83 |     if fallbacks is None:
 84 |         fallbacks = []
 85 | 
 86 |     node = page.get_node_object(renderer.site)
 87 |     # Theses are simple to port over, since they are not calculated.
 88 |     # Other attributes will be added conditionally later.
 89 |     attr = {
 90 |         'is_page': True,
 91 |         'soft_root': page.soft_root,
 92 |         'auth_required': page.login_required,
 93 |         'reverse_id': page.reverse_id,
 94 |     }
 95 | 
 96 |     if node.parent_id and page.publisher_is_draft:
 97 |         parent_page = node.parent.page
 98 |         hide_parent = (parent_page.is_home and not parent_page.in_navigation)
 99 |     elif node.parent_id and not page.publisher_is_draft:
100 |         parent_page = node.parent.get_public_page()
101 |         hide_parent = (parent_page.is_home and not parent_page.in_navigation)
102 |     else:
103 |         parent_page = None
104 |         hide_parent = False
105 | 
106 |     if parent_page and not hide_parent:
107 |         parent_id = parent_page.pk
108 |     else:
109 |         parent_id = None
110 | 
111 |     if page.limit_visibility_in_menu is constants.VISIBILITY_ALL:
112 |         attr['visible_for_authenticated'] = True
113 |         attr['visible_for_anonymous'] = True
114 |     else:
115 |         attr['visible_for_authenticated'] = page.limit_visibility_in_menu == constants.VISIBILITY_USERS
116 |         attr['visible_for_anonymous'] = page.limit_visibility_in_menu == constants.VISIBILITY_ANONYMOUS
117 |     attr['is_home'] = page.is_home
118 |     # Extenders can be either navigation extenders or from apphooks.
119 |     extenders = []
120 |     if page.navigation_extenders:
121 |         if page.navigation_extenders in renderer.menus:
122 |             extenders.append(page.navigation_extenders)
123 |         elif "{0}:{1}".format(page.navigation_extenders, page.pk) in renderer.menus:
124 |             extenders.append("{0}:{1}".format(page.navigation_extenders, page.pk))
125 |     # Is this page an apphook? If so, we need to handle the apphooks's nodes
126 |     # Only run this if we have a translation in the requested language for this
127 |     # object. The title cache should have been prepopulated in CMSMenu.get_nodes
128 |     # but otherwise, just request the title normally
129 |     if page.title_cache.get(language) and page.application_urls:
130 |         # it means it is an apphook
131 |         app = apphook_pool.get_apphook(page.application_urls)
132 | 
133 |         if app:
134 |             extenders += app.get_menus(page, language)
135 |     exts = []
136 |     for ext in extenders:
137 |         if hasattr(ext, "get_instances"):
138 |             # CMSAttachMenus are treated a bit differently to allow them to be
139 |             # able to be attached to multiple points in the navigation.
140 |             exts.append("{0}:{1}".format(ext.__name__, page.pk))
141 |         elif hasattr(ext, '__name__'):
142 |             exts.append(ext.__name__)
143 |         else:
144 |             exts.append(ext)
145 |     if exts:
146 |         attr['navigation_extenders'] = exts
147 | 
148 |     for lang in [language] + fallbacks:
149 |         translation = page.title_cache[lang]
150 | 
151 |         if translation:
152 |             # Do we have a redirectURL?
153 |             attr['redirect_url'] = translation.redirect  # save redirect URL if any
154 | 
155 |             # Now finally, build the NavigationNode object and return it.
156 |             ret_node = CMSNavigationNode(
157 |                 title=translation.menu_title or translation.title,
158 |                 url='',
159 |                 id=page.pk,
160 |                 parent_id=parent_id,
161 |                 attr=attr,
162 |                 visible=page.in_navigation,
163 |                 path=translation.path or translation.slug,
164 |                 language=(translation.language if translation.language != language else None),
165 |             )
166 |             return ret_node
167 |     else:
168 |         raise RuntimeError('Unable to render cms menu. There is a language misconfiguration.')
```

Found function `cms/api.py:copy_plugins_to_language`.
Source: Retrieved code content using keyword search (bm25).
```
487 | def copy_plugins_to_language(page, source_language, target_language,
488 |                              only_empty=True):
489 |     """
490 |     Copy the plugins to another language in the same page for all the page
491 |     placeholders.
492 | 
493 |     By default plugins are copied only if placeholder has no plugin for the
494 |     target language; use ``only_empty=False`` to change this.
495 | 
496 |     .. warning: This function skips permissions checks
497 | 
498 |     :param page: the page to copy
499 |     :type page: :class:`cms.models.pagemodel.Page` instance
500 |     :param string source_language: The source language code,
501 |      must be in :setting:`django:LANGUAGES`
502 |     :param string target_language: The source language code,
503 |      must be in :setting:`django:LANGUAGES`
504 |     :param bool only_empty: if False, plugin are copied even if
505 |      plugins exists in the target language (on a placeholder basis).
506 |     :return int: number of copied plugins
507 |     """
508 |     copied = 0
509 |     placeholders = page.get_placeholders()
510 |     for placeholder in placeholders:
511 |         # only_empty is True we check if the placeholder already has plugins and
512 |         # we skip it if has some
513 |         if not only_empty or not placeholder.get_plugins(language=target_language).exists():
514 |             plugins = list(
515 |                 placeholder.get_plugins(language=source_language).order_by('path'))
516 |             copied_plugins = copy_plugins.copy_plugins_to(plugins, placeholder, target_language)
517 |             copied += len(copied_plugins)
518 |     return copied
```

Found function `cms/api.py:can_change_page`.
Source: Retrieved code content using keyword search (bm25).
```
521 | def can_change_page(request):
522 |     """
523 |     Check whether a user has the permission to change the page.
524 | 
525 |     This will work across all permission-related setting, with a unified interface
526 |     to permission checking.
527 |     """
528 |     from cms.utils import page_permissions
529 | 
530 |     user = request.user
531 |     current_page = request.current_page
532 | 
533 |     if current_page:
534 |         return page_permissions.user_can_change_page(user, current_page)
535 | 
536 |     site = Site.objects.get_current(request)
537 |     return page_permissions.user_can_change_all_pages(user, site)
```

Found file `cms/utils/check.py`.
Source: Retrieved entity using keyword search (bm25).
Hint: Search `cms/utils/check.py` for the full content if needed.



##Searching for term "paste page clipboard page page translation check"...
### Search Result:
Found function `cms/utils/page.py:get_page_template_from_request`.
Source: Retrieved entity using keyword search (bm25).
```
19 | def get_page_template_from_request(request):
20 |     """
21 |     Gets a valid template from different sources or falls back to the default
22 |     template.
23 |     """
24 |     templates = get_cms_setting('TEMPLATES')
25 |     template_names = frozenset(pair[0] for pair in templates)
26 | 
27 |     if len(templates) == 1:
28 |         # there's only one template
29 |         # avoid any further computation
30 |         return templates[0][0]
31 | 
32 |     manual_template = request.GET.get('template')
33 | 
34 |     if manual_template and manual_template in template_names:
35 |         return manual_template
36 | 
37 |     if request.current_page:
38 |         return request.current_page.get_template()
39 |     return get_cms_setting('TEMPLATES')[0][0]
```

2026-09-14 23:15:18 utils.py INFO 
LiteLLM completion() model= qwen/qwen3-coder; provider = openrouter
2026-09-14 23:15:36 utils.py INFO Wrapper: Completed Call, calling success_handler
2026-09-14 23:15:36 utils.py INFO 
LiteLLM completion() model= qwen/qwen3-coder; provider = openrouter
2026-09-14 23:15:57 utils.py INFO Wrapper: Completed Call, calling success_handler
2026-09-14 23:15:57 auto_search_main.py INFO Executing code:
```
print(get_entity_contents(**{'entity_names': ['cms/admin/forms.py:CopyPageForm']}))
```
2026-09-14 23:15:57 auto_search_main.py INFO OBSERVATION:
##Searching for entity `cms/admin/forms.py:CopyPageForm`...
### Search Result:
Found class `cms/admin/forms.py:CopyPageForm`.
Source: Exact match found for entity name `cms/admin/forms.py:CopyPageForm`.
```
858 | class CopyPageForm(PageTreeForm):
859 |     source_site = forms.ModelChoiceField(queryset=Site.objects.all(), required=True)
860 |     copy_permissions = forms.BooleanField(initial=False, required=False)
861 | 
862 |     def copy_page(self):
863 |         source_site = self.cleaned_data['source_site']
864 |         target, position = self.get_tree_options()
865 |         copy_permissions = self.cleaned_data.get('copy_permissions', False)
866 |         new_page = self.page.copy_with_descendants(
867 |             source_site,
868 |             target_node=target,
869 |             position=position,
870 |             copy_permissions=copy_permissions,
871 |             target_site=self._site,
872 |         )
873 |         return new_page
874 | 
875 |     def _get_tree_options_for_root(self, position):
876 |         try:
877 |             return super(CopyPageForm, self)._get_tree_options_for_root(position)
878 |         except IndexError:
879 |             # The user is copying a page to a site with no pages
880 |             # Add the node as the last root node.
881 |             siblings = PageNode.get_root_nodes().reverse()
882 |             return (siblings[0], 'right')
```

2026-09-14 23:15:57 utils.py INFO 
LiteLLM completion() model= qwen/qwen3-coder; provider = openrouter
2026-09-14 23:16:07 utils.py INFO Wrapper: Completed Call, calling success_handler
2026-09-14 23:16:07 auto_search_main.py INFO Executing code:
```
print(get_entity_contents(**{'entity_names': ['cms/admin/forms.py:PageTreeForm']}))
```
2026-09-14 23:16:07 auto_search_main.py INFO OBSERVATION:
##Searching for entity `cms/admin/forms.py:PageTreeForm`...
### Search Result:
Found class `cms/admin/forms.py:PageTreeForm`.
Source: Exact match found for entity name `cms/admin/forms.py:PageTreeForm`.
```
773 | class PageTreeForm(forms.Form):
774 | 
775 |     position = forms.IntegerField(initial=0, required=True)
776 |     target = forms.ModelChoiceField(queryset=Page.objects.none(), required=False)
777 | 
778 |     def __init__(self, *args, **kwargs):
779 |         self.page = kwargs.pop('page')
780 |         self._site = kwargs.pop('site', Site.objects.get_current())
781 |         super(PageTreeForm, self).__init__(*args, **kwargs)
782 |         self.fields['target'].queryset = Page.objects.drafts().filter(nodes__site=self._site)
783 | 
784 |     def get_parent_node(self, site):
785 |         target_page = self.cleaned_data.get('target')
786 | 
787 |         if target_page:
788 |             return target_page.get_node_object(site)
789 |         return
790 | 
791 |     def get_tree_options(self):
792 |         position = self.cleaned_data['position']
793 |         parent_node = self.get_parent_node(self._site)
794 | 
795 |         if parent_node:
796 |             return self._get_tree_options_for_parent(parent_node, position)
797 |         return self._get_tree_options_for_root(position)
798 | 
799 |     def _get_tree_options_for_root(self, position):
800 |         siblings = PageNode.get_root_nodes().filter(site=self._site)
801 | 
802 |         try:
803 |             target_node = siblings[position]
804 |         except IndexError:
805 |             # The position requested is not occupied.
806 |             # Add the node as the last root node,
807 |             # relative to the current site.
808 |             return (siblings.reverse()[0], 'right')
809 |         return (target_node, 'left')
810 | 
811 |     def _get_tree_options_for_parent(self, parent_node, position):
812 |         if position == 0:
813 |             return (parent_node, 'first-child')
814 | 
815 |         siblings = parent_node.get_children().filter(site=self._site)
816 | 
817 |         try:
818 |             target_node = siblings[position]
819 |         except IndexError:
820 |             # The position requested is not occupied.
821 |             # Add the node to be the parent's first child
822 |             return (parent_node, 'last-child')
823 |         return (target_node, 'left')
```

2026-09-14 23:16:07 utils.py INFO 
LiteLLM completion() model= qwen/qwen3-coder; provider = openrouter
2026-09-14 23:16:26 utils.py INFO Wrapper: Completed Call, calling success_handler
2026-09-14 23:16:26 auto_search_main.py INFO Executing code:
```
print(search_code_snippets(**{'search_terms': ['has_translation', 'get_languages', 'title_set']}))
```
2026-09-14 23:16:26 __init__.py DEBUG Building index from IDs objects
2026-09-14 23:16:26 __init__.py DEBUG Building index from IDs objects
2026-09-14 23:16:26 auto_search_main.py INFO OBSERVATION:
cms/models/pagemodel.py:Page.has_translation
cms/models/pagemodel.py:Page.update
cms/models/pagemodel.py:Page.update_translations
cms/extensions/models.py:PageExtension.get_page
cms/extensions/models.py:PageExtension.Meta
cms/extensions/models.py:PageExtension.delete
cms/extensions/models.py:PageExtension.save
cms/extensions/models.py:PageExtension
cms/models/pagemodel.py:Page._copy_titles
cms/models/pagemodel.py:Page._set_title_root_path
cms/models/pagemodel.py:Page.copy
cms/models/pagemodel.py:Page.move_page
cms/models/pagemodel.py:Page.save_base
cms/models/pagemodel.py:_reversion
cms/models/pagemodel.py:PageNode._set_hierarchy
cms/models/pagemodel.py:impl:3
cms/migrations/0018_pagenode.py:unpublish_never_published_pages
##Searching for term "has_translation", "title_set"...
### Search Result:
Found function `cms/models/pagemodel.py:Page.has_translation`.
Source: Match found for entity name `has_translation`.
```
836 | def has_translation(self, language):
837 |         return self.title_set.filter(language=language).exists()
```



##Searching for term "get_languages"...
### Search Result:
Found function `cms/models/pagemodel.py:Page.get_languages`.
Source: Match found for entity name `get_languages`.
```
1273 | def get_languages(self):
1274 |         if self.languages:
1275 |             return sorted(self.languages.split(','))
1276 |         else:
1277 |             return []
```

Found function `cms/utils/conf.py:get_languages`.
Source: Match found for entity name `get_languages`.
```
223 | def get_languages():
224 |     if settings.SITE_ID != hash(settings.SITE_ID):
225 |         raise ImproperlyConfigured(
226 |             "SITE_ID must be an integer"
227 |         )
228 |     if not settings.USE_I18N:
229 |         return _ensure_languages_settings(
230 |             {settings.SITE_ID: [{'code': settings.LANGUAGE_CODE, 'name': settings.LANGUAGE_CODE}]})
231 |     if settings.LANGUAGE_CODE not in dict(settings.LANGUAGES):
232 |         raise ImproperlyConfigured(
233 |             'LANGUAGE_CODE "%s" must have a matching entry in LANGUAGES' % settings.LANGUAGE_CODE
234 |         )
235 |     languages = getattr(settings, 'CMS_LANGUAGES', {
236 |         settings.SITE_ID: [{'code': code, 'name': _(name)} for code, name in settings.LANGUAGES]
237 |     })
238 |     if VERIFIED in languages:
239 |         return languages
240 |     return _ensure_languages_settings(languages)
```

Found function `cms/utils/i18n.py:get_languages`.
Source: Match found for entity name `get_languages`.
```
22 | def get_languages(site_id=None):
23 |     site_id = get_site_id(site_id)
24 |     result = get_cms_setting('LANGUAGES').get(site_id)
25 |     if not result:
26 |         result = []
27 |         defaults = get_cms_setting('LANGUAGES').get('default', {})
28 |         for code, name in settings.LANGUAGES:
29 |             lang = {'code': code, 'name': _(name)}
30 |             lang.update(defaults)
31 |             result.append(lang)
32 |         get_cms_setting('LANGUAGES')[site_id] = result
33 |     return result
```



##Searching for term "title_set"...
### Search Result:
Found function `cms/models/pagemodel.py:Page._set_title_root_path`.
Source: Retrieved entity using keyword search (bm25).
```
276 | def _set_title_root_path(self, site=None):
277 |         from cms.models import Title
278 | 
279 |         site = site or self.site
280 |         node = self.get_node_object(site)
281 |         node_descendants = node.get_concrete_descendants()
282 |         draft_pages = list(node_descendants.values_list('page', flat=True))
283 |         public_pages = list(
284 |             Page
285 |             .objects
286 |             .filter(publisher_public__in=draft_pages)
287 |             .values_list('pk', flat=True)
288 |         )
289 |         pages = (draft_pages + public_pages)
290 |         translations = Title.objects.filter(page__in=pages, has_url_overwrite=False)
291 | 
292 |         for language, slug in self.title_set.values_list('language', 'slug'):
293 |             # Update the translations for all descendants of this page
294 |             # to include this page's slug as its path prefix
295 |             (translations
296 |              .filter(language=language)
297 |              .update(path=Concat(models.Value(slug), models.Value('/'), 'path')))
298 | 
299 |             # Explicitly update this page's path to match its slug
300 |             # Doing this is cheaper than a TRIM call to remove the "/" characters
301 |             self.title_set.filter(language=language).update(path=slug)
302 |         return pages
```

Found function `cms/models/pagemodel.py:Page.update`.
Source: Retrieved code content using keyword search (bm25).
```
811 | def update(self, refresh=False, draft_only=True, **data):
812 |         assert self.publisher_is_draft
813 | 
814 |         cls = self.__class__
815 | 
816 |         if not draft_only and self.publisher_public_id:
817 |             ids = [self.pk, self.publisher_public_id]
818 |             cls.objects.filter(pk__in=ids).update(**data)
819 |         else:
820 |             cls.objects.filter(pk=self.pk).update(**data)
821 | 
822 |         if refresh:
823 |             return self.reload()
824 |         else:
825 |             for field, value in data.items():
826 |                 setattr(self, field, value)
827 |         return
```

Found function `cms/models/pagemodel.py:Page.update_translations`.
Source: Retrieved code content using keyword search (bm25).
```
829 | def update_translations(self, language=None, **data):
830 |         if language:
831 |             translations = self.title_set.filter(language=language)
832 |         else:
833 |             translations = self.title_set.all()
834 |         return translations.update(**data)
```

Found function `cms/api.py:create_title`.
Source: Retrieved entity using keyword search (bm25).
```
225 | def create_title(language, title, page, menu_title=None, slug=None,
226 |                  redirect=None, meta_description=None, parent=None,
227 |                  overwrite_url=None, with_revision=None, page_title=None, path=None):
228 |     """
229 |     Create a title.
230 | 
231 |     Parent is only used if slug=None.
232 | 
233 |     See docs/extending_cms/api_reference.rst for more info
234 |     """
235 |     # validate page
236 |     assert isinstance(page, Page)
237 | 
238 |     # validate language:
239 |     assert language in get_language_list(page.site_id)
240 | 
241 |     if with_revision in (True, False):
242 |         _raise_revision_warning()
243 | 
244 |     # set default slug:
245 |     if not slug:
246 |         base = page.get_path_for_slug(slugify(title), language)
247 |         slug = get_available_slug(page.site, base, language)
248 | 
249 |     if overwrite_url:
250 |         path = overwrite_url.strip('/')
251 |     elif path is None:
252 |         path = page.get_path_for_slug(slug, language)
253 | 
254 |     title = Title.objects.create(
255 |         language=language,
256 |         title=title,
257 |         menu_title=menu_title,
258 |         page_title=page_title,
259 |         slug=slug,
260 |         path=path,
261 |         redirect=redirect,
262 |         meta_description=meta_description,
263 |         page=page,
264 |         has_url_overwrite=bool(overwrite_url),
265 |     )
266 |     return title
```

Found function `cms/cms_toolbars.py:PageToolbar.get_title`.
Source: Retrieved entity using keyword search (bm25).
```
288 | def get_title(self):
289 |         try:
290 |             return Title.objects.get(page=self.page, language=self.current_lang, publisher_is_draft=True)
291 |         except Title.DoesNotExist:
292 |             return None
```

Found class `cms/extensions/models.py:PageExtension.Meta`.
Source: Retrieved code content using keyword search (bm25).
```
110 | class Meta:
111 |         abstract = True
```

Found function `cms/extensions/models.py:PageExtension.get_page`.
Source: Retrieved code content using keyword search (bm25).
```
113 | def get_page(self):
114 |         return self.extended_object
```

2026-09-14 23:16:26 utils.py INFO 
LiteLLM completion() model= qwen/qwen3-coder; provider = openrouter
2026-09-14 23:16:49 utils.py INFO Wrapper: Completed Call, calling success_handler
2026-09-14 23:16:49 auto_search_main.py INFO Executing code:
```
print(search_code_snippets(**{'search_terms': ['site translation', 'site language']}))
```
2026-09-14 23:16:49 __init__.py DEBUG Building index from IDs objects
2026-09-14 23:16:49 __init__.py DEBUG Building index from IDs objects
2026-09-14 23:16:49 __init__.py DEBUG Building index from IDs objects
2026-09-14 23:16:50 __init__.py DEBUG Building index from IDs objects
2026-09-14 23:16:50 auto_search_main.py INFO OBSERVATION:
cms/models/pagemodel.py:Page.copy
cms/models/pagemodel.py:Page._set_title_root_path
cms/forms/utils.py:get_page_choices_for_site
cms/admin/pageadmin.py:BasePageAdmin.delete_translation
cms/models/pagemodel.py:Page._remove_title_root_path
cms/admin/pageadmin.py:BasePageAdmin.get_page_from_id
cms/admin/pageadmin.py:BasePageAdmin.get_queryset
cms/admin/pageadmin.py:BasePageAdmin.get_nodes_queryset
cms/admin/pageadmin.py:BasePageAdmin
cms/admin/pageadmin.py:BasePageAdmin.get_object_with_translation
cms/admin/pageadmin.py:BasePageAdmin.get_admin_url
cms/admin/pageadmin.py:BasePageAdmin.get_site
cms/models/pagemodel.py:Page.copy
cms/admin/pageadmin.py:BasePageAdmin.delete_translation
cms/admin/forms.py:AddPageForm.save
cms/models/pagemodel.py:Page._update_title_path_recursive
cms/models/pagemodel.py:Page._update_title_path
cms/utils/conf.py:_ensure_languages_settings
cms/models/pagemodel.py:Page.mark_descendants_pending
cms/models/pagemodel.py:Page.mark_descendants_as_published
cms/forms/utils.py:update_site_and_page_choices
cms/cms_menus.py:CMSMenu.get_nodes
cms/cms_menus.py:CMSMenu
cms/models/pagemodel.py:Page.move_page
cms/utils/conf.py:_ensure_languages_settings
cms/models/pagemodel.py:Page.copy
cms/models/pagemodel.py:Page._set_title_root_path
cms/forms/utils.py:get_page_choices_for_site
cms/models/pagemodel.py:Page._remove_title_root_path
cms/admin/pageadmin.py:BasePageAdmin.get_page_from_id
cms/admin/pageadmin.py:BasePageAdmin.get_queryset
cms/admin/pageadmin.py:BasePageAdmin.get_nodes_queryset
cms/admin/pageadmin.py:BasePageAdmin
cms/admin/pageadmin.py:BasePageAdmin.get_object_with_translation
cms/admin/pageadmin.py:BasePageAdmin.get_admin_url
cms/admin/pageadmin.py:BasePageAdmin.get_site
cms/admin/pageadmin.py:BasePageAdmin.delete_translation
cms/cms_menus.py:CMSMenu.get_nodes
cms/cms_menus.py:CMSMenu
cms/models/pagemodel.py:Page.copy
cms/admin/placeholderadmin.py:PlaceholderAdminMixin._get_operation_origin
cms/admin/placeholderadmin.py:PlaceholderAdminMixin._get_attached_admin
cms/admin/placeholderadmin.py:PlaceholderAdminMixin._get_operation_language
cms/admin/placeholderadmin.py:PlaceholderAdminMixin
cms/admin/pageadmin.py:BasePageAdmin.delete_translation
##Searching for term "site translation"...
### Search Result:
Found function `cms/admin/pageadmin.py:BasePageAdmin.delete_translation`.
Source: Retrieved code content using keyword search (bm25).
```
1164 | def delete_translation(self, request, object_id, extra_context=None):
1165 |         if 'language' in request.GET:
1166 |             language = request.GET['language']
1167 |         else:
1168 |             language = get_language_from_request(request)
1169 | 
1170 |         site = self.get_site(request)
1171 |         page, translation = self.get_object_with_translation(
1172 |             request=request,
1173 |             object_id=object_id,
1174 |             language=language,
1175 |         )
1176 | 
1177 |         if not self.has_delete_translation_permission(request, language, page):
1178 |             return HttpResponseForbidden(force_text(_("You do not have permission to delete this page")))
1179 | 
1180 |         if page is None:
1181 |             raise self._get_404_exception(object_id)
1182 | 
1183 |         if not len(list(page.get_languages())) > 1:
1184 |             return HttpResponseBadRequest('There only exists one translation for this page')
1185 | 
1186 |         if translation is None:
1187 |             raise Http404('No translation matches requested language.')
1188 | 
1189 |         titleopts = Title._meta
1190 |         app_label = titleopts.app_label
1191 |         pluginopts = CMSPlugin._meta
1192 | 
1193 |         saved_plugins = CMSPlugin.objects.filter(placeholder__page__id=object_id, language=language)
1194 | 
1195 |         using = router.db_for_read(self.model)
1196 |         kwargs = {
1197 |             'admin_site': self.admin_site,
1198 |             'user': request.user,
1199 |             'using': using
1200 |         }
1201 | 
1202 |         deleted_objects, __, perms_needed = get_deleted_objects(
1203 |             [translation],
1204 |             titleopts,
1205 |             **kwargs
1206 |         )[:3]
1207 |         to_delete_plugins, __, perms_needed_plugins = get_deleted_objects(
1208 |             saved_plugins,
1209 |             pluginopts,
1210 |             **kwargs
1211 |         )[:3]
1212 | 
1213 |         deleted_objects.append(to_delete_plugins)
1214 |         perms_needed = set(list(perms_needed) + list(perms_needed_plugins))
1215 | 
1216 |         if request.method == 'POST':
1217 |             if perms_needed:
1218 |                 raise PermissionDenied
1219 | 
1220 |             operation_token = self._send_pre_page_operation(
1221 |                 request,
1222 |                 operation=operations.DELETE_PAGE_TRANSLATION,
1223 |                 obj=page,
1224 |                 translation=translation,
1225 |             )
1226 | 
1227 |             message = _('Title and plugins with language %(language)s was deleted') % {
1228 |                 'language': force_text(get_language_object(language)['name'])
1229 |             }
1230 |             self.log_change(request, translation, message)
1231 |             messages.success(request, message)
1232 | 
1233 |             translation.delete()
1234 |             for p in saved_plugins:
1235 |                 p.delete()
1236 | 
1237 |             page.remove_language(language)
1238 | 
1239 |             if page.node.is_branch:
1240 |                 page.mark_descendants_pending(language, site=site)
1241 | 
1242 |             self._send_post_page_operation(
1243 |                 request,
1244 |                 operation=operations.DELETE_PAGE_TRANSLATION,
1245 |                 token=operation_token,
1246 |                 obj=page,
1247 |                 translation=translation,
1248 |             )
1249 | 
1250 |             if not self.has_change_permission(request, None):
1251 |                 return HttpResponseRedirect(admin_reverse('index'))
1252 |             return HttpResponseRedirect(self.get_admin_url('changelist'))
1253 | 
1254 |         context = {
1255 |             "title": _("Are you sure?"),
1256 |             "object_name": force_text(titleopts.verbose_name),
1257 |             "object": translation,
1258 |             "deleted_objects": deleted_objects,
1259 |             "perms_lacking": perms_needed,
1260 |             "opts": self.opts,
1261 |             "root_path": admin_reverse('index'),
1262 |             "app_label": app_label,
1263 |         }
1264 |         context.update(extra_context or {})
1265 |         request.current_app = self.admin_site.name
1266 |         return render(request, self.delete_confirmation_template or [
1267 |             "admin/%s/%s/delete_confirmation.html" % (app_label, titleopts.object_name.lower()),
1268 |             "admin/%s/delete_confirmation.html" % app_label,
1269 |             "admin/delete_confirmation.html"
1270 |         ], context)
```

Found function `cms/models/pagemodel.py:Page.has_translation`.
Source: Retrieved entity using keyword search (bm25).
```
836 | def has_translation(self, language):
837 |         return self.title_set.filter(language=language).exists()
```

Found function `cms/models/pagemodel.py:Page.has_delete_translation_permission`.
Source: Retrieved entity using keyword search (bm25).
```
1550 | def has_delete_translation_permission(self, user, language):
1551 |         from cms.utils.page_permissions import user_can_delete_page_translation
1552 |         return user_can_delete_page_translation(user, page=self, language=language)
```

Found function `cms/admin/pageadmin.py:BasePageAdmin.get_object_with_translation`.
Source: Retrieved entity using keyword search (bm25).
```
148 | def get_object_with_translation(self, language, *args, **kwargs):
149 |         page = self.get_object(*args, **kwargs)
150 | 
151 |         if page is None:
152 |             return (None, None)
153 | 
154 |         try:
155 |             translation = page.title_set.get(language=language)
156 |         except Title.DoesNotExist:
157 |             translation = None
158 |         return (page, translation)
```



##Searching for term "site translation", "site translation site language"...
### Search Result:
Found function `cms/models/pagemodel.py:Page.copy`.
Source: Retrieved code content using keyword search (bm25).
```
591 | def copy(self, site, parent_node=None, language=None,
592 |              translations=True, permissions=False, extensions=True):
593 |         from cms.utils.page import get_available_slug
594 | 
595 |         new_page = copy.copy(self)
596 |         new_page.pk = None
597 |         new_page.site = site
598 |         new_page.publisher_public_id = None
599 |         new_page.is_home = False
600 |         new_page.reverse_id = None
601 |         new_page.publication_date = None
602 |         new_page.publication_end_date = None
603 |         new_page.title_cache = {}
604 |         new_page.languages = ''
605 |         new_page.save()
606 | 
607 |         if 'node' in new_page.__dict__:
608 |             del new_page.__dict__['node']
609 | 
610 |         if hasattr(new_page, '_prefetched_objects_cache'):
611 |             del new_page._prefetched_objects_cache
612 | 
613 |         if parent_node:
614 |             new_node = parent_node.add_child(page=new_page, site=site)
615 |             parent_page = parent_node.page
616 |         else:
617 |             new_node = PageNode.add_root(page=new_page, site=site)
618 |             parent_page = None
619 | 
620 |         new_page._nodes_cache = {site.pk: new_node}
621 | 
622 |         if language and translations:
623 |             translations = self.title_set.filter(language=language)
624 |         elif translations:
625 |             translations = self.title_set.all()
626 |         else:
627 |             translations = self.title_set.none()
628 | 
629 |         # copy titles of this page
630 |         for title in translations:
631 |             title = copy.copy(title)
632 |             title.pk = None
633 |             title.page = new_page
634 |             title.published = False
635 |             title.publisher_public = None
636 | 
637 |             if parent_node:
638 |                 base = parent_page.get_path(title.language)
639 |                 path = u'%s/%s' % (base, title.slug)
640 |             else:
641 |                 base = ''
642 |                 path = title.slug
643 | 
644 |             slug = get_available_slug(site, path, title.language)
645 | 
646 |             title.slug = slug
647 |             title.path = '%s/%s' % (base, slug) if base else slug
648 |             title.save()
649 | 
650 |             new_page.title_cache[title.language] = title
651 | 
652 |         # copy the placeholders (and plugins on those placeholders!)
653 |         for placeholder in self.placeholders.iterator():
654 |             new_placeholder = copy.copy(placeholder)
655 |             new_placeholder.pk = None
656 |             new_placeholder.save()
657 |             new_page.placeholders.add(new_placeholder)
658 |             placeholder.copy_plugins(new_placeholder, language=language)
659 | 
660 |         if extensions:
661 |             from cms.extensions import extension_pool
662 |             extension_pool.copy_extensions(self, new_page)
663 | 
664 |         # copy permissions if requested
665 |         if permissions and get_cms_setting('PERMISSION'):
666 |             permissions = self.pagepermission_set.iterator()
667 |             permissions_new = []
668 | 
669 |             for permission in permissions:
670 |                 permission.pk = None
671 |                 permission.page = new_page
672 |                 permissions_new.append(permission)
673 | 
674 |             if permissions_new:
675 |                 new_page.pagepermission_set.bulk_create(permissions_new)
676 | 
677 |         if self.site_is_secondary(site):
678 |             return new_page
679 | 
680 |         # user is copying a primary page
681 |         # create a node for each site the page was attached to
682 |         attached_sites = self.get_attached_sites().exclude(pk=site.pk)
683 | 
684 |         if parent_node:
685 |             # There's a parent node, filter out sites that the parent
686 |             # page has not been attached to.
687 |             for site in attached_sites.filter(djangocms_page_nodes__page=parent_page):
688 |                 target = parent_node.get_remote(site)
689 |                 target.add_child(page=new_page, site=site)
690 |         else:
691 |             for site in attached_sites:
692 |                 PageNode.add_root(page=new_page, site=site)
693 |         return new_page
```

Found function `cms/models/pagemodel.py:Page._set_title_root_path`.
Source: Retrieved code content using keyword search (bm25).
```
276 | def _set_title_root_path(self, site=None):
277 |         from cms.models import Title
278 | 
279 |         site = site or self.site
280 |         node = self.get_node_object(site)
281 |         node_descendants = node.get_concrete_descendants()
282 |         draft_pages = list(node_descendants.values_list('page', flat=True))
283 |         public_pages = list(
284 |             Page
285 |             .objects
286 |             .filter(publisher_public__in=draft_pages)
287 |             .values_list('pk', flat=True)
288 |         )
289 |         pages = (draft_pages + public_pages)
290 |         translations = Title.objects.filter(page__in=pages, has_url_overwrite=False)
291 | 
292 |         for language, slug in self.title_set.values_list('language', 'slug'):
293 |             # Update the translations for all descendants of this page
294 |             # to include this page's slug as its path prefix
295 |             (translations
296 |              .filter(language=language)
297 |              .update(path=Concat(models.Value(slug), models.Value('/'), 'path')))
298 | 
299 |             # Explicitly update this page's path to match its slug
300 |             # Doing this is cheaper than a TRIM call to remove the "/" characters
301 |             self.title_set.filter(language=language).update(path=slug)
302 |         return pages
```

Found function `cms/models/pagemodel.py:Page._remove_title_root_path`.
Source: Retrieved code content using keyword search (bm25).
```
304 | def _remove_title_root_path(self, site=None):
305 |         from cms.models import Title
306 | 
307 |         site = site or self.site
308 |         node = self.get_node_object(site)
309 |         node_descendants = node.get_descendants()
310 |         draft_pages = list(node_descendants.values_list('page', flat=True))
311 |         public_pages = list(
312 |             Page
313 |             .objects
314 |             .filter(publisher_public__in=draft_pages)
315 |             .values_list('pk', flat=True)
316 |         )
317 |         pages = [self.pk] + draft_pages + public_pages
318 | 
319 |         if self.publisher_public_id:
320 |             pages.append(self.publisher_public_id)
321 | 
322 |         translations = Title.objects.filter(page__in=pages, has_url_overwrite=False)
323 | 
324 |         for language, slug in self.title_set.values_list('language', 'slug'):
325 |             # Use 2 because of 1 indexing plus the fact we need to trim
326 |             # the "/" character.
327 |             trim_count = len(slug) + 2
328 |             sql_func = models.Func(
329 |                 models.F('path'),
330 |                 models.Value(trim_count),
331 |                 function='substr',
332 |             )
333 |             (translations
334 |              .filter(language=language, path__startswith=slug)
335 |              .update(path=sql_func))
336 |         return pages
```

Found function `cms/forms/utils.py:get_page_choices_for_site`.
Source: Retrieved code content using keyword search (bm25).
```
28 | def get_page_choices_for_site(site, language):
29 |     fallbacks = i18n.get_fallback_languages(language, site_id=site.pk)
30 |     languages = [language] + fallbacks
31 |     translation_lookup = Prefetch(
32 |         'title_set',
33 |         to_attr='filtered_translations',
34 |         queryset=Title.objects.filter(language__in=languages).only('pk', 'page', 'language', 'title')
35 |     )
36 |     page_lookup = Prefetch(
37 |         'page',
38 |         queryset=Page.objects.only('pk').prefetch_related(translation_lookup)
39 |     )
40 |     nodes = (
41 |         PageNode
42 |         .objects
43 |         .get_for_site(site)
44 |         .prefetch_related(page_lookup)
45 |     )
46 | 
47 |     for node in nodes:
48 |         page = node.page
49 |         translations = page.filtered_translations
50 |         titles_by_language = {trans.language: trans.title for trans in translations}
51 | 
52 |         for language in languages:
53 |             # EmptyTitle is used to prevent the cms from trying
54 |             # to find a translation in the database
55 |             if language in titles_by_language:
56 |                 title = titles_by_language[language]
57 |                 indent = "&nbsp;&nbsp;" * (node.depth - 1)
58 |                 label = mark_safe("%s%s" % (indent, escape(title)))
59 |                 yield (node.page.pk, label)
60 |                 break
```



##Searching for term "site language", "site translation site language"...
### Search Result:
Found class `cms/middleware/language.py:LanguageCookieMiddleware`.
Source: Retrieved entity using keyword search (bm25).
```
10 | class LanguageCookieMiddleware(MiddlewareMixin):
11 |     def process_response(self, request, response):
12 |         language = get_language()
13 |         if hasattr(request, 'session'):
14 |             session_language = request.session.get(LANGUAGE_SESSION_KEY, None)
15 |             if session_language and not session_language == language:
16 |                 request.session[LANGUAGE_SESSION_KEY] = language
17 |                 request.session.save()
18 |         if settings.LANGUAGE_COOKIE_NAME in request.COOKIES and \
19 |                         request.COOKIES[settings.LANGUAGE_COOKIE_NAME] == language:
20 |             return response
21 |         max_age = 365 * 24 * 60 * 60  # 10 years
22 |         expires = datetime.datetime.utcnow() + datetime.timedelta(seconds=max_age)
23 |         response.set_cookie(settings.LANGUAGE_COOKIE_NAME, language, expires=expires)
24 |         return response
```

Found function `cms/toolbar/toolbar.py:BaseToolbar.language`.
Source: Retrieved entity using keyword search (bm25).
```
40 | def language(self):
41 |         # Backwards compatibility
42 |         warnings.warn(
43 |             "toolbar.language has been deprecated "
44 |             "and will be removed in django CMS 3.6",
45 |             PendingDeprecationWarning
46 |         )
47 |         return self.request_language
```

Found file `cms/middleware/language.py`.
Source: Retrieved entity using keyword search (bm25).
Hint: Search `cms/middleware/language.py` for the full content if needed.



##Searching for term "site language"...
### Search Result:
Found function `cms/models/pagemodel.py:Page._update_title_path`.
Source: Retrieved code content using keyword search (bm25).
```
231 | def _update_title_path(self, language):
232 |         parent_page = self.get_parent()
233 | 
234 |         if parent_page:
235 |             base = parent_page.get_path(language, fallback=True)
236 |         else:
237 |             base = ''
238 | 
239 |         title_obj = self.get_title_obj(language, fallback=False)
240 |         new_path = title_obj.get_path_for_base(base)
241 |         title_obj.path = new_path
242 |         title_obj.save()
```

Found function `cms/models/pagemodel.py:Page._update_title_path_recursive`.
Source: Retrieved code content using keyword search (bm25).
```
244 | def _update_title_path_recursive(self, language, site=None):
245 |         from cms.models import Title
246 | 
247 |         if site is None:
248 |             node = self.node
249 |         else:
250 |             node = self.get_node_object(site)
251 | 
252 |         if node.is_leaf() or language not in self.get_languages():
253 |             return
254 | 
255 |         base = self.get_path(language, fallback=True)
256 |         pages = self.get_child_pages(site, concrete=True)
257 | 
258 |         (Title
259 |          .objects
260 |          .filter(language=language, page__in=pages)
261 |          .exclude(has_url_overwrite=True)
262 |          .update(path=Concat(models.Value(base), models.Value('/'), models.F('slug'))))
263 | 
264 |         for child in pages.filter(title_set__language=language).iterator():
265 |             child._update_title_path_recursive(language, site=site)
266 | 
267 |         if self.site_is_secondary(site):
268 |             return
269 | 
270 |         nodes = self.nodes.exclude(pk=node.pk).select_related('site')
271 | 
272 |         for node in nodes:
273 |             self._nodes_cache.setdefault(node.site.pk, node)
274 |             self._update_title_path_recursive(language, site=node.site)
```

Found function `cms/models/pagemodel.py:Page.mark_descendants_pending`.
Source: Retrieved code content using keyword search (bm25).
```
1120 | def mark_descendants_pending(self, language, site=None):
1121 |         from cms.models import Title
1122 | 
1123 |         if not self.publisher_is_draft:
1124 |             raise PublicIsUnmodifiable('The public instance cannot be altered. Use draft.')
1125 | 
1126 |         if site is None:
1127 |             site = self.site
1128 | 
1129 |         node = self.get_node_object(site)
1130 |         descendants = self.get_descendant_pages(
1131 |             site=site,
1132 |             concrete=self.site_is_secondary(site),
1133 |         )
1134 | 
1135 |         if descendants.exists():
1136 |             pending_drafts = Title.objects.filter(
1137 |                 published=True,
1138 |                 language=language,
1139 |                 page__in=descendants,
1140 |             )
1141 | 
1142 |             Title.objects.filter(
1143 |                 published=True,
1144 |                 language=language,
1145 |                 publisher_public__page__in=descendants,
1146 |             ).update(published=False)
1147 | 
1148 |             # Only change the state if the draft page is not dirty
1149 |             # to avoid overriding a dirty state.
1150 |             (pending_drafts
1151 |              .filter(publisher_state=PUBLISHER_STATE_DEFAULT)
1152 |              .update(publisher_state=PUBLISHER_STATE_PENDING))
1153 | 
1154 |         if self.site_is_secondary(site):
1155 |             return
1156 | 
1157 |         nodes = self.nodes.exclude(pk=node.pk).select_related('site')
1158 | 
1159 |         for node in nodes:
1160 |             self._nodes_cache.setdefault(node.site.pk, node)
1161 |             self.mark_descendants_pending(language, site=node.site)
```

Found function `cms/models/pagemodel.py:Page.mark_descendants_as_published`.
Source: Retrieved code content using keyword search (bm25).
```
1178 | def mark_descendants_as_published(self, language, site=None):
1179 |         from cms.models import Title
1180 | 
1181 |         if not self.publisher_is_draft:
1182 |             raise PublicIsUnmodifiable('The public instance cannot be published. Use draft.')
1183 | 
1184 |         if site is None:
1185 |             site = self.site
1186 | 
1187 |         node = self.get_node_object(site)
1188 |         children = self.get_child_pages(
1189 |             site=site,
1190 |             concrete=self.site_is_secondary(site),
1191 |         )
1192 |         base = self.get_path(language, fallback=True)
1193 | 
1194 |         # Drafts
1195 |         draft_translations = Title.objects.filter(
1196 |             published=True,
1197 |             language=language,
1198 |             page__in=children,
1199 |         )
1200 | 
1201 |         # Set public pending titles as published
1202 |         unpublished_public = Title.objects.filter(
1203 |             language=language,
1204 |             publisher_public__published=True,
1205 |             publisher_public__page__in=children,
1206 |         )
1207 | 
1208 |         # Update public title paths
1209 |         unpublished_public.exclude(has_url_overwrite=True).update(
1210 |             path=Concat(models.Value(base), models.Value('/'), models.F('slug'))
1211 |         )
1212 | 
1213 |         # Set unpublished pending titles to published
1214 |         unpublished_public.filter(published=False).update(published=True)
1215 | 
1216 |         # Update drafts
1217 |         (draft_translations
1218 |          .filter(publisher_state=PUBLISHER_STATE_PENDING)
1219 |          .update(publisher_state=PUBLISHER_STATE_DEFAULT))
1220 | 
1221 |         # Continue publishing descendants, one branch at a time.
1222 |         published_children = children.filter(
1223 |             title_set__published=True,
1224 |             title_set__language=language,
1225 |         )
1226 | 
1227 |         for child in published_children.iterator():
1228 |             child.mark_descendants_as_published(language, site)
1229 | 
1230 |         if self.site_is_secondary(site):
1231 |             return
1232 | 
1233 |         nodes = self.nodes.exclude(pk=node.pk).select_related('site')
1234 | 
1235 |         for node in nodes:
1236 |             self._nodes_cache.setdefault(node.site.pk, node)
1237 |             self.mark_descendants_as_published(language, site=node.site)
```

Found function `cms/utils/conf.py:_ensure_languages_settings`.
Source: Retrieved code content using keyword search (bm25).
```
161 | def _ensure_languages_settings(languages):
162 |     valid_language_keys = ['code', 'name', 'fallbacks', 'hide_untranslated', 'redirect_on_fallback', 'public']
163 |     required_language_keys = ['code', 'name']
164 |     simple_defaults = ['public', 'redirect_on_fallback', 'hide_untranslated']
165 | 
166 |     if not isinstance(languages, dict):
167 |         raise ImproperlyConfigured(
168 |             "CMS_LANGUAGES must be a dictionary with site IDs and 'default'"
169 |             " as keys. Please check the format.")
170 | 
171 |     defaults = languages.pop('default', {})
172 |     default_fallbacks = defaults.get('fallbacks')
173 |     needs_fallbacks = []
174 | 
175 |     for key in defaults:
176 |         if key not in valid_language_keys:
177 |             raise ImproperlyConfigured("CMS_LANGUAGES has an invalid property in the default properties: %s" % key)
178 | 
179 |     for key in simple_defaults:
180 |         if key not in defaults:
181 |             defaults[key] = True
182 | 
183 |     for site, language_list in languages.items():
184 |         if site != hash(site):
185 |             raise ImproperlyConfigured(
186 |                 "CMS_LANGUAGES can only be filled with integers (site IDs) and 'default'"
187 |                 " for default values. %s is not a valid key." % site)
188 | 
189 |         for language_object in language_list:
190 |             for required_key in required_language_keys:
191 |                 if required_key not in language_object:
192 |                     raise ImproperlyConfigured("CMS_LANGUAGES has a language which is missing the required key %r "
193 |                                                "in site %r" % (key, site))
194 |             language_code = language_object['code']
195 |             for key in language_object:
196 |                 if key not in valid_language_keys:
197 |                     raise ImproperlyConfigured(
198 |                         "CMS_LANGUAGES has invalid key %r in language %r in site %r" % (key, language_code, site)
199 |                     )
200 | 
201 |             if 'fallbacks' not in language_object:
202 |                 if default_fallbacks:
203 |                     language_object['fallbacks'] = default_fallbacks
204 |                 else:
205 |                     needs_fallbacks.append((site, language_object))
206 |             for key in simple_defaults:
207 |                 if key not in language_object:
208 |                     language_object[key] = defaults[key]
209 | 
210 |     site_fallbacks = {}
211 |     for site, language_object in needs_fallbacks:
212 |         if site not in site_fallbacks:
213 |             site_fallbacks[site] = [lang['code'] for lang in languages[site] if lang['public']]
214 |         language_object['fallbacks'] = [lang_code for lang_code in site_fallbacks[site] if
215 |             lang_code != language_object['code']]
216 | 
217 |     languages['default'] = defaults
218 |     languages[VERIFIED] = True  # this will be busted by @override_settings and cause a re-check
219 | 
220 |     return languages
```



##Searching for term "site translation site language"...
### Search Result:
Found function `cms/admin/pageadmin.py:BasePageAdmin.get_page_from_id`.
Source: Retrieved code content using keyword search (bm25).
```
160 | def get_page_from_id(self, page_id):
161 |         page_id = self.model._meta.pk.to_python(page_id)
162 | 
163 |         try:
164 |             page = self.model.objects.get(
165 |                 pk=page_id,
166 |                 publisher_is_draft=True,
167 |             )
168 |         except self.model.DoesNotExist:
169 |             page = None
170 |         return page
```

2026-09-14 23:16:50 utils.py INFO 
LiteLLM completion() model= qwen/qwen3-coder; provider = openrouter
2026-09-14 23:17:29 utils.py INFO Wrapper: Completed Call, calling success_handler
2026-09-14 23:17:29 utils.py INFO 
LiteLLM completion() model= qwen/qwen3-coder; provider = openrouter
2026-09-14 23:18:08 utils.py INFO Wrapper: Completed Call, calling success_handler
2026-09-14 23:18:08 auto_search_main.py INFO Executing code:
```
print(search_code_snippets(**{'search_terms': ['get_site_languages', 'site translations']}))
```
2026-09-14 23:18:08 __init__.py DEBUG Building index from IDs objects
2026-09-14 23:18:08 __init__.py DEBUG Building index from IDs objects
2026-09-14 23:18:08 __init__.py DEBUG Building index from IDs objects
2026-09-14 23:18:08 __init__.py DEBUG Building index from IDs objects
2026-09-14 23:18:08 __init__.py DEBUG Building index from IDs objects
2026-09-14 23:18:09 __init__.py DEBUG Building index from IDs objects
2026-09-14 23:18:09 auto_search_main.py INFO OBSERVATION:
cms/migrations/0018_pagenode.py:Migration
cms/migrations/0018_pagenode.py:migrate_to_page_nodes
cms/models/managers.py:PageNodeManager.get_queryset
cms/models/managers.py:PageNodeManager
cms/models/managers.py:PageNodeManager.get_for_site
cms/models/managers.py:PageNodeManager.published
cms/models/fields.py:PlaceholderField.save_form_data
cms/models/fields.py:PlaceholderField.contribute_to_class
cms/models/pagemodel.py:Page.copy
cms/models/pagemodel.py:Page._set_title_root_path
cms/forms/utils.py:get_page_choices_for_site
cms/admin/pageadmin.py:BasePageAdmin.delete_translation
cms/models/pagemodel.py:Page._remove_title_root_path
cms/admin/pageadmin.py:BasePageAdmin.get_page_from_id
cms/admin/pageadmin.py:BasePageAdmin.get_queryset
cms/admin/pageadmin.py:BasePageAdmin.get_nodes_queryset
cms/admin/pageadmin.py:BasePageAdmin
cms/admin/pageadmin.py:BasePageAdmin.get_object_with_translation
cms/admin/pageadmin.py:BasePageAdmin.get_admin_url
cms/admin/pageadmin.py:BasePageAdmin.get_site
cms/models/pagemodel.py:Page.copy
cms/admin/pageadmin.py:BasePageAdmin.delete_translation
cms/admin/forms.py:AddPageForm.save
cms/models/pagemodel.py:Page.copy
cms/models/pagemodel.py:Page._set_title_root_path
cms/forms/utils.py:get_page_choices_for_site
cms/admin/pageadmin.py:BasePageAdmin.delete_translation
cms/models/pagemodel.py:Page._remove_title_root_path
cms/admin/pageadmin.py:BasePageAdmin.get_page_from_id
cms/admin/pageadmin.py:BasePageAdmin.get_queryset
cms/admin/pageadmin.py:BasePageAdmin.get_nodes_queryset
cms/admin/pageadmin.py:BasePageAdmin
cms/admin/pageadmin.py:BasePageAdmin.get_object_with_translation
cms/admin/pageadmin.py:BasePageAdmin.get_admin_url
cms/admin/pageadmin.py:BasePageAdmin.get_site
cms/models/pagemodel.py:Page.copy
cms/admin/pageadmin.py:BasePageAdmin.delete_translation
cms/admin/forms.py:AddPageForm.save
##Searching for term "get_site_languages"...
### Search Result:
Found code snippet in file `cms/models/__init__.py`.
Source: Retrieved code content using keyword search (bm25).
```
 1 | # -*- coding: utf-8 -*-
 2 | from .settingmodels import *  # nopyflakes
 3 | from .pagemodel import *  # nopyflakes
 4 | from .permissionmodels import *  # nopyflakes
 5 | from .placeholdermodel import *  # nopyflakes
 6 | from .pluginmodel import *  # nopyflakes
 7 | from .titlemodels import *  # nopyflakes
 8 | from .placeholderpluginmodel import *  # nopyflakes
 9 | from .static_placeholder import *  # nopyflakes
10 | from .aliaspluginmodel import *  # nopyflakes
11 | from .apphooks_reload import *  # nopyflakes
12 | # must be last
13 | from cms import signals as s_import  # nopyflakes
14 | 
```

Found `cms/models/aliaspluginmodel.py:AliasPluginModel`, `cms/models/aliaspluginmodel.py:AliasPluginModel.Meta`, `cms/models/aliaspluginmodel.py:AliasPluginModel.__str__`, `cms/models/aliaspluginmodel.py:AliasPluginModel.get_aliased_placeholder_id`, `cms/models/aliaspluginmodel.py:AliasPluginModel.is_recursive`.
Source: Retrieved code content using keyword search (bm25).
```
 1 | # -*- coding: utf-8 -*-
 2 | from django.db import models
 3 | from django.db.models import Q
 4 | from django.utils.encoding import force_text, python_2_unicode_compatible
 5 | 
 6 | from cms.models import CMSPlugin, Placeholder
 7 | 
 8 | 
 9 | @python_2_unicode_compatible
10 | class AliasPluginModel(CMSPlugin):
11 |     cmsplugin_ptr = models.OneToOneField(CMSPlugin, related_name='cms_aliasplugin', parent_link=True)
12 |     plugin = models.ForeignKey(CMSPlugin, editable=False, related_name="alias_reference", null=True)
13 |     alias_placeholder = models.ForeignKey(Placeholder, editable=False, related_name="alias_placeholder", null=True)
14 | 
15 |     class Meta:
16 |         app_label = 'cms'
17 | 
18 |     def __str__(self):
19 |         if self.plugin_id:
20 |             return "(%s) %s" % (force_text(self.plugin.get_plugin_name()), self.plugin.get_plugin_instance()[0])
21 |         else:
22 |             return force_text(self.alias_placeholder.get_label())
23 | 
24 |     def get_aliased_placeholder_id(self):
25 |         if self.plugin_id:
26 |             placeholder_id = self.plugin.placeholder_id
27 |         else:
28 |             placeholder_id = self.alias_placeholder_id
29 |         return placeholder_id
30 | 
31 |     def is_recursive(self):
32 |         placeholder_id = self.get_aliased_placeholder_id()
33 | 
34 |         if not placeholder_id:
35 |             return False
36 | 
37 |         plugins = AliasPluginModel.objects.filter(
38 |             plugin_type='AliasPlugin',
39 |             placeholder_id=placeholder_id,
40 |         )
41 |         plugins = plugins.filter(
42 |             Q(plugin=self) |
43 |             Q(plugin__placeholder=self.placeholder_id) |
44 |             Q(alias_placeholder=self.placeholder_id)
45 |         )
46 |         return plugins.exists()
47 | 
```

Found `cms/models/apphooks_reload.py:UrlconfRevision`, `cms/models/apphooks_reload.py:UrlconfRevision.Meta`, `cms/models/apphooks_reload.py:UrlconfRevision.save`, `cms/models/apphooks_reload.py:UrlconfRevision.get_or_create_revision`, `cms/models/apphooks_reload.py:UrlconfRevision.update_revision`.
Source: Retrieved code content using keyword search (bm25).
```
 1 | # -*- coding: utf-8 -*-
 2 | 
 3 | from __future__ import unicode_literals
 4 | 
 5 | import uuid
 6 | 
 7 | from django.db import models
 8 | 
 9 | 
10 | class UrlconfRevision(models.Model):
11 |     revision = models.CharField(max_length=255)
12 | 
13 |     class Meta:
14 |         app_label = 'cms'
15 | 
16 |     def save(self, *args, **kwargs):
17 |         """
18 |         Simply forces this model to be a singleton.
19 |         """
20 |         self.pk = 1
21 |         super(UrlconfRevision, self).save(*args, **kwargs)
22 | 
23 |     @classmethod
24 |     def get_or_create_revision(cls, revision=None):
25 |         """
26 |         Convenience method for getting or creating revision.
27 |         """
28 |         if revision is None:
29 |             revision = str(uuid.uuid4())
30 |         obj, created = cls.objects.get_or_create(
31 |             pk=1, defaults=dict(revision=revision))
32 |         return obj.revision, created
33 | 
34 |     @classmethod
35 |     def update_revision(cls, revision):
36 |         """
37 |         Convenience method for updating the revision.
38 |         """
39 |         obj, created = cls.objects.get_or_create(
40 |             pk=1, defaults=dict(revision=revision))
41 |         if not created:
42 |             obj.revision = revision
43 |             obj.save()
44 | 
```

Found function `cms/models/placeholdermodel.py:Placeholder.get_filled_languages`.
Source: Retrieved entity using keyword search (bm25).
```
369 | def get_filled_languages(self):
370 |         """
371 |         Returns language objects for every language for which the placeholder
372 |         has plugins.
373 | 
374 |         This is not cached as it's meant to eb used in the frontend editor.
375 |         """
376 | 
377 |         languages = []
378 |         for lang_code in set(self.get_plugins().values_list('language', flat=True)):
379 |             try:
380 |                 languages.append(get_language_object(lang_code))
381 |             except LanguageError:
382 |                 pass
383 |         return languages
```

Found function `cms/models/pagemodel.py:Page.get_languages`.
Source: Retrieved entity using keyword search (bm25).
```
1273 | def get_languages(self):
1274 |         if self.languages:
1275 |             return sorted(self.languages.split(','))
1276 |         else:
1277 |             return []
```

Found function `cms/migrations/0018_pagenode.py:migrate_to_page_nodes`.
Source: Retrieved code content using keyword search (bm25).
```
50 | def migrate_to_page_nodes(apps, schema_editor):
51 |     Page = apps.get_model('cms', 'Page')
52 |     PageNode = apps.get_model('cms', 'PageNode')
53 |     db_alias = schema_editor.connection.alias
54 | 
55 |     root_draft_pages = Page.objects.using(db_alias).filter(
56 |         publisher_is_draft=True,
57 |         parent__isnull=True,
58 |     )
59 | 
60 |     create_node = PageNode.objects.using(db_alias).create
61 | 
62 |     nodes_by_page = {}
63 | 
64 |     for root in root_draft_pages:
65 |         page_node = create_node(
66 |             page=root,
67 |             site_id=root.site_id,
68 |             path=root.path,
69 |             depth=root.depth,
70 |             numchild=root.numchild,
71 |             parent=None
72 |         )
73 |         nodes_by_page[root.pk] = page_node
74 | 
75 |         for descendant in get_descendants(root):
76 |             descendant_node = create_node(
77 |                 page=descendant,
78 |                 site_id=descendant.site_id,
79 |                 path=descendant.path,
80 |                 depth=descendant.depth,
81 |                 numchild=descendant.numchild,
82 |                 parent=nodes_by_page[descendant.parent_id],
83 |             )
84 |             nodes_by_page[descendant.pk] = descendant_node
```

Found class `cms/migrations/0018_pagenode.py:Migration`.
Source: Retrieved code content using keyword search (bm25).
```
 87 | class Migration(migrations.Migration):
 88 | 
 89 |     dependencies = [
 90 |         ('cms', '0017_pagetype'),
 91 |     ]
 92 | 
 93 |     operations = [
 94 |         migrations.RunPython(unpublish_never_published_pages),
 95 |         migrations.CreateModel(
 96 |             name='PageNode',
 97 |             fields=[
 98 |                 ('id', models.AutoField(auto_created=True, primary_key=True, serialize=False, verbose_name='ID')),
 99 |                 ('path', models.CharField(max_length=255, unique=True)),
100 |                 ('depth', models.PositiveIntegerField()),
101 |                 ('numchild', models.PositiveIntegerField(default=0)),
102 |                 ('page', models.ForeignKey(on_delete=django.db.models.deletion.CASCADE, to='cms.Page', related_name='nodes')),
103 |                 ('parent', models.ForeignKey(blank=True, null=True, on_delete=django.db.models.deletion.CASCADE, related_name='children', to='cms.PageNode')),
104 |                 ('site', models.ForeignKey(help_text='The site the page is accessible at.', on_delete=django.db.models.deletion.CASCADE, related_name='djangocms_page_nodes', to='sites.Site', verbose_name='site')),
105 |             ],
106 |             options={
107 |                 'ordering': ('path',),
108 |                 'default_permissions': (),
109 |             },
110 |         ),
111 |         migrations.AlterUniqueTogether(
112 |             name='pagenode',
113 |             unique_together=set([('page', 'site')]),
114 |         ),
115 |         migrations.RunPython(migrate_to_page_nodes),
116 |         migrations.RemoveField(
117 |             model_name='page',
118 |             name='depth',
119 |         ),
120 |         migrations.RemoveField(
121 |             model_name='page',
122 |             name='numchild',
123 |         ),
124 |         migrations.RemoveField(
125 |             model_name='page',
126 |             name='path',
127 |         ),
128 |         migrations.RemoveField(
129 |             model_name='page',
130 |             name='parent',
131 |         ),
132 |     ]
```



##Searching for term "get_site_languages", "get_site_languages site translations"...
### Search Result:
Found function `cms/admin/pageadmin.py:BasePageAdmin._get_site_languages`.
Source: Retrieved entity using keyword search (bm25).
```
520 | def _get_site_languages(self, request, obj=None):
521 |         if obj:
522 |             site_id = obj.site_id
523 |         else:
524 |             site_id = self.get_site(request).pk
525 |         return get_language_tuple(site_id)
```



##Searching for term "site translations"...
### Search Result:
Found function `cms/models/pagemodel.py:Page.delete_translations`.
Source: Retrieved entity using keyword search (bm25).
```
761 | def delete_translations(self, language=None):
762 |         if language is None:
763 |             languages = self.get_languages()
764 |         else:
765 |             languages = [language]
766 | 
767 |         self.title_set.filter(language__in=languages).delete()
768 | 
769 |         for language in languages:
770 |             self.mark_descendants_pending(language)
```

Found function `cms/models/pagemodel.py:Page.update_translations`.
Source: Retrieved entity using keyword search (bm25).
```
829 | def update_translations(self, language=None, **data):
830 |         if language:
831 |             translations = self.title_set.filter(language=language)
832 |         else:
833 |             translations = self.title_set.all()
834 |         return translations.update(**data)
```

Found function `cms/models/pagemodel.py:Page.set_translations_cache`.
Source: Retrieved entity using keyword search (bm25).
```
1300 | def set_translations_cache(self):
1301 |         for translation in self.title_set.all():
1302 |             self.title_cache.setdefault(translation.language, translation)
```



##Searching for term "site translations", "get_site_languages site translations"...
### Search Result:
Found function `cms/models/pagemodel.py:Page.copy`.
Source: Retrieved code content using keyword search (bm25).
```
591 | def copy(self, site, parent_node=None, language=None,
592 |              translations=True, permissions=False, extensions=True):
593 |         from cms.utils.page import get_available_slug
594 | 
595 |         new_page = copy.copy(self)
596 |         new_page.pk = None
597 |         new_page.site = site
598 |         new_page.publisher_public_id = None
599 |         new_page.is_home = False
600 |         new_page.reverse_id = None
601 |         new_page.publication_date = None
602 |         new_page.publication_end_date = None
603 |         new_page.title_cache = {}
604 |         new_page.languages = ''
605 |         new_page.save()
606 | 
607 |         if 'node' in new_page.__dict__:
608 |             del new_page.__dict__['node']
609 | 
610 |         if hasattr(new_page, '_prefetched_objects_cache'):
611 |             del new_page._prefetched_objects_cache
612 | 
613 |         if parent_node:
614 |             new_node = parent_node.add_child(page=new_page, site=site)
615 |             parent_page = parent_node.page
616 |         else:
617 |             new_node = PageNode.add_root(page=new_page, site=site)
618 |             parent_page = None
619 | 
620 |         new_page._nodes_cache = {site.pk: new_node}
621 | 
622 |         if language and translations:
623 |             translations = self.title_set.filter(language=language)
624 |         elif translations:
625 |             translations = self.title_set.all()
626 |         else:
627 |             translations = self.title_set.none()
628 | 
629 |         # copy titles of this page
630 |         for title in translations:
631 |             title = copy.copy(title)
632 |             title.pk = None
633 |             title.page = new_page
634 |             title.published = False
635 |             title.publisher_public = None
636 | 
637 |             if parent_node:
638 |                 base = parent_page.get_path(title.language)
639 |                 path = u'%s/%s' % (base, title.slug)
640 |             else:
641 |                 base = ''
642 |                 path = title.slug
643 | 
644 |             slug = get_available_slug(site, path, title.language)
645 | 
646 |             title.slug = slug
647 |             title.path = '%s/%s' % (base, slug) if base else slug
648 |             title.save()
649 | 
650 |             new_page.title_cache[title.language] = title
651 | 
652 |         # copy the placeholders (and plugins on those placeholders!)
653 |         for placeholder in self.placeholders.iterator():
654 |             new_placeholder = copy.copy(placeholder)
655 |             new_placeholder.pk = None
656 |             new_placeholder.save()
657 |             new_page.placeholders.add(new_placeholder)
658 |             placeholder.copy_plugins(new_placeholder, language=language)
659 | 
660 |         if extensions:
661 |             from cms.extensions import extension_pool
662 |             extension_pool.copy_extensions(self, new_page)
663 | 
664 |         # copy permissions if requested
665 |         if permissions and get_cms_setting('PERMISSION'):
666 |             permissions = self.pagepermission_set.iterator()
667 |             permissions_new = []
668 | 
669 |             for permission in permissions:
670 |                 permission.pk = None
671 |                 permission.page = new_page
672 |                 permissions_new.append(permission)
673 | 
674 |             if permissions_new:
675 |                 new_page.pagepermission_set.bulk_create(permissions_new)
676 | 
677 |         if self.site_is_secondary(site):
678 |             return new_page
679 | 
680 |         # user is copying a primary page
681 |         # create a node for each site the page was attached to
682 |         attached_sites = self.get_attached_sites().exclude(pk=site.pk)
683 | 
684 |         if parent_node:
685 |             # There's a parent node, filter out sites that the parent
686 |             # page has not been attached to.
687 |             for site in attached_sites.filter(djangocms_page_nodes__page=parent_page):
688 |                 target = parent_node.get_remote(site)
689 |                 target.add_child(page=new_page, site=site)
690 |         else:
691 |             for site in attached_sites:
692 |                 PageNode.add_root(page=new_page, site=site)
693 |         return new_page
```

Found function `cms/admin/pageadmin.py:BasePageAdmin.delete_translation`.
Source: Retrieved code content using keyword search (bm25).
```
1164 | def delete_translation(self, request, object_id, extra_context=None):
1165 |         if 'language' in request.GET:
1166 |             language = request.GET['language']
1167 |         else:
1168 |             language = get_language_from_request(request)
1169 | 
1170 |         site = self.get_site(request)
1171 |         page, translation = self.get_object_with_translation(
1172 |             request=request,
1173 |             object_id=object_id,
1174 |             language=language,
1175 |         )
1176 | 
1177 |         if not self.has_delete_translation_permission(request, language, page):
1178 |             return HttpResponseForbidden(force_text(_("You do not have permission to delete this page")))
1179 | 
1180 |         if page is None:
1181 |             raise self._get_404_exception(object_id)
1182 | 
1183 |         if not len(list(page.get_languages())) > 1:
1184 |             return HttpResponseBadRequest('There only exists one translation for this page')
1185 | 
1186 |         if translation is None:
1187 |             raise Http404('No translation matches requested language.')
1188 | 
1189 |         titleopts = Title._meta
1190 |         app_label = titleopts.app_label
1191 |         pluginopts = CMSPlugin._meta
1192 | 
1193 |         saved_plugins = CMSPlugin.objects.filter(placeholder__page__id=object_id, language=language)
1194 | 
1195 |         using = router.db_for_read(self.model)
1196 |         kwargs = {
1197 |             'admin_site': self.admin_site,
1198 |             'user': request.user,
1199 |             'using': using
1200 |         }
1201 | 
1202 |         deleted_objects, __, perms_needed = get_deleted_objects(
1203 |             [translation],
1204 |             titleopts,
1205 |             **kwargs
1206 |         )[:3]
1207 |         to_delete_plugins, __, perms_needed_plugins = get_deleted_objects(
1208 |             saved_plugins,
1209 |             pluginopts,
1210 |             **kwargs
1211 |         )[:3]
1212 | 
1213 |         deleted_objects.append(to_delete_plugins)
1214 |         perms_needed = set(list(perms_needed) + list(perms_needed_plugins))
1215 | 
1216 |         if request.method == 'POST':
1217 |             if perms_needed:
1218 |                 raise PermissionDenied
1219 | 
1220 |             operation_token = self._send_pre_page_operation(
1221 |                 request,
1222 |                 operation=operations.DELETE_PAGE_TRANSLATION,
1223 |                 obj=page,
1224 |                 translation=translation,
1225 |             )
1226 | 
1227 |             message = _('Title and plugins with language %(language)s was deleted') % {
1228 |                 'language': force_text(get_language_object(language)['name'])
1229 |             }
1230 |             self.log_change(request, translation, message)
1231 |             messages.success(request, message)
1232 | 
1233 |             translation.delete()
1234 |             for p in saved_plugins:
1235 |                 p.delete()
1236 | 
1237 |             page.remove_language(language)
1238 | 
1239 |             if page.node.is_branch:
1240 |                 page.mark_descendants_pending(language, site=site)
1241 | 
1242 |             self._send_post_page_operation(
1243 |                 request,
1244 |                 operation=operations.DELETE_PAGE_TRANSLATION,
1245 |                 token=operation_token,
1246 |                 obj=page,
1247 |                 translation=translation,
1248 |             )
1249 | 
1250 |             if not self.has_change_permission(request, None):
1251 |                 return HttpResponseRedirect(admin_reverse('index'))
1252 |             return HttpResponseRedirect(self.get_admin_url('changelist'))
1253 | 
1254 |         context = {
1255 |             "title": _("Are you sure?"),
1256 |             "object_name": force_text(titleopts.verbose_name),
1257 |             "object": translation,
1258 |             "deleted_objects": deleted_objects,
1259 |             "perms_lacking": perms_needed,
1260 |             "opts": self.opts,
1261 |             "root_path": admin_reverse('index'),
1262 |             "app_label": app_label,
1263 |         }
1264 |         context.update(extra_context or {})
1265 |         request.current_app = self.admin_site.name
1266 |         return render(request, self.delete_confirmation_template or [
1267 |             "admin/%s/%s/delete_confirmation.html" % (app_label, titleopts.object_name.lower()),
1268 |             "admin/%s/delete_confirmation.html" % app_label,
1269 |             "admin/delete_confirmation.html"
1270 |         ], context)
```

Found function `cms/models/pagemodel.py:Page._set_title_root_path`.
Source: Retrieved code content using keyword search (bm25).
```
276 | def _set_title_root_path(self, site=None):
277 |         from cms.models import Title
278 | 
279 |         site = site or self.site
280 |         node = self.get_node_object(site)
281 |         node_descendants = node.get_concrete_descendants()
282 |         draft_pages = list(node_descendants.values_list('page', flat=True))
283 |         public_pages = list(
284 |             Page
285 |             .objects
286 |             .filter(publisher_public__in=draft_pages)
287 |             .values_list('pk', flat=True)
288 |         )
289 |         pages = (draft_pages + public_pages)
290 |         translations = Title.objects.filter(page__in=pages, has_url_overwrite=False)
291 | 
292 |         for language, slug in self.title_set.values_list('language', 'slug'):
293 |             # Update the translations for all descendants of this page
294 |             # to include this page's slug as its path prefix
295 |             (translations
296 |              .filter(language=language)
297 |              .update(path=Concat(models.Value(slug), models.Value('/'), 'path')))
298 | 
299 |             # Explicitly update this page's path to match its slug
300 |             # Doing this is cheaper than a TRIM call to remove the "/" characters
301 |             self.title_set.filter(language=language).update(path=slug)
302 |         return pages
```

Found function `cms/models/pagemodel.py:Page._remove_title_root_path`.
Source: Retrieved code content using keyword search (bm25).
```
304 | def _remove_title_root_path(self, site=None):
305 |         from cms.models import Title
306 | 
307 |         site = site or self.site
308 |         node = self.get_node_object(site)
309 |         node_descendants = node.get_descendants()
310 |         draft_pages = list(node_descendants.values_list('page', flat=True))
311 |         public_pages = list(
312 |             Page
313 |             .objects
314 |             .filter(publisher_public__in=draft_pages)
315 |             .values_list('pk', flat=True)
316 |         )
317 |         pages = [self.pk] + draft_pages + public_pages
318 | 
319 |         if self.publisher_public_id:
320 |             pages.append(self.publisher_public_id)
321 | 
322 |         translations = Title.objects.filter(page__in=pages, has_url_overwrite=False)
323 | 
324 |         for language, slug in self.title_set.values_list('language', 'slug'):
325 |             # Use 2 because of 1 indexing plus the fact we need to trim
326 |             # the "/" character.
327 |             trim_count = len(slug) + 2
328 |             sql_func = models.Func(
329 |                 models.F('path'),
330 |                 models.Value(trim_count),
331 |                 function='substr',
332 |             )
333 |             (translations
334 |              .filter(language=language, path__startswith=slug)
335 |              .update(path=sql_func))
336 |         return pages
```

Found function `cms/forms/utils.py:get_page_choices_for_site`.
Source: Retrieved code content using keyword search (bm25).
```
28 | def get_page_choices_for_site(site, language):
29 |     fallbacks = i18n.get_fallback_languages(language, site_id=site.pk)
30 |     languages = [language] + fallbacks
31 |     translation_lookup = Prefetch(
32 |         'title_set',
33 |         to_attr='filtered_translations',
34 |         queryset=Title.objects.filter(language__in=languages).only('pk', 'page', 'language', 'title')
35 |     )
36 |     page_lookup = Prefetch(
37 |         'page',
38 |         queryset=Page.objects.only('pk').prefetch_related(translation_lookup)
39 |     )
40 |     nodes = (
41 |         PageNode
42 |         .objects
43 |         .get_for_site(site)
44 |         .prefetch_related(page_lookup)
45 |     )
46 | 
47 |     for node in nodes:
48 |         page = node.page
49 |         translations = page.filtered_translations
50 |         titles_by_language = {trans.language: trans.title for trans in translations}
51 | 
52 |         for language in languages:
53 |             # EmptyTitle is used to prevent the cms from trying
54 |             # to find a translation in the database
55 |             if language in titles_by_language:
56 |                 title = titles_by_language[language]
57 |                 indent = "&nbsp;&nbsp;" * (node.depth - 1)
58 |                 label = mark_safe("%s%s" % (indent, escape(title)))
59 |                 yield (node.page.pk, label)
60 |                 break
```



##Searching for term "get_site_languages site translations"...
### Search Result:
Found function `cms/utils/conf.py:get_languages`.
Source: Retrieved entity using keyword search (bm25).
```
223 | def get_languages():
224 |     if settings.SITE_ID != hash(settings.SITE_ID):
225 |         raise ImproperlyConfigured(
226 |             "SITE_ID must be an integer"
227 |         )
228 |     if not settings.USE_I18N:
229 |         return _ensure_languages_settings(
230 |             {settings.SITE_ID: [{'code': settings.LANGUAGE_CODE, 'name': settings.LANGUAGE_CODE}]})
231 |     if settings.LANGUAGE_CODE not in dict(settings.LANGUAGES):
232 |         raise ImproperlyConfigured(
233 |             'LANGUAGE_CODE "%s" must have a matching entry in LANGUAGES' % settings.LANGUAGE_CODE
234 |         )
235 |     languages = getattr(settings, 'CMS_LANGUAGES', {
236 |         settings.SITE_ID: [{'code': code, 'name': _(name)} for code, name in settings.LANGUAGES]
237 |     })
238 |     if VERIFIED in languages:
239 |         return languages
240 |     return _ensure_languages_settings(languages)
```

Found function `cms/utils/i18n.py:get_languages`.
Source: Retrieved entity using keyword search (bm25).
```
22 | def get_languages(site_id=None):
23 |     site_id = get_site_id(site_id)
24 |     result = get_cms_setting('LANGUAGES').get(site_id)
25 |     if not result:
26 |         result = []
27 |         defaults = get_cms_setting('LANGUAGES').get('default', {})
28 |         for code, name in settings.LANGUAGES:
29 |             lang = {'code': code, 'name': _(name)}
30 |             lang.update(defaults)
31 |             result.append(lang)
32 |         get_cms_setting('LANGUAGES')[site_id] = result
33 |     return result
```

2026-09-14 23:18:09 utils.py INFO 
LiteLLM completion() model= qwen/qwen3-coder; provider = openrouter
2026-09-14 23:18:55 utils.py INFO Wrapper: Completed Call, calling success_handler
2026-09-14 23:18:55 utils.py INFO 
LiteLLM completion() model= qwen/qwen3-coder; provider = openrouter
2026-09-14 23:20:13 utils.py INFO Wrapper: Completed Call, calling success_handler
2026-09-14 23:20:13 auto_search_main.py INFO Executing code:
```
print(search_code_snippets(**{'search_terms': ['validation', 'translation validation', 'site validation']}))
```
2026-09-14 23:20:14 __init__.py DEBUG Building index from IDs objects
2026-09-14 23:20:14 __init__.py DEBUG Building index from IDs objects
2026-09-14 23:20:14 __init__.py DEBUG Building index from IDs objects
2026-09-14 23:20:14 __init__.py DEBUG Building index from IDs objects
2026-09-14 23:20:14 auto_search_main.py INFO OBSERVATION:
cms/api.py:_verify_plugin_type
cms/api.py:create_page
cms/forms/wizards.py:CreateCMSPageForm.clean
cms/utils/check.py:check_i18n
cms/wizards/views.py:WizardCreateView.get_form
cms/plugin_base.py:CMSPluginBase.get_child_classes
cms/admin/pageadmin.py:BasePageAdmin.advanced
cms/api.py:_verify_plugin_type
cms/api.py:create_page
cms/forms/wizards.py:CreateCMSPageForm.clean
cms/admin/forms.py:ChangePageForm.clean
cms/api.py:_verify_plugin_type
cms/api.py:create_page
cms/utils/check.py:check_i18n
cms/utils/conf.py:_ensure_languages_settings
cms/api.py:create_title
cms/forms/fields.py:PageSelectFormField.compress
cms/forms/fields.py:PageSelectFormField.__init__
cms/forms/fields.py:PageSelectFormField
cms/forms/wizards.py:CreateCMSPageForm.clean
cms/api.py:_verify_plugin_type
cms/api.py:create_page
cms/utils/check.py:check_i18n
cms/forms/wizards.py:CreateCMSPageForm.clean
cms/wizards/views.py:WizardCreateView.get_form
cms/api.py:create_title
cms/forms/fields.py:PageSelectFormField.compress
cms/forms/fields.py:PageSelectFormField.__init__
cms/forms/fields.py:PageSelectFormField
##Searching for term "validation"...
### Search Result:
Found `cms/forms/validators.py:validate_relative_url`, `cms/forms/validators.py:validate_url`.
Source: Retrieved code content using keyword search (bm25).
```
 1 | from __future__ import unicode_literals
 2 | 
 3 | from django.core.exceptions import ValidationError
 4 | from django.core.validators import RegexValidator, URLValidator
 5 | from django.utils.encoding import force_text
 6 | from django.utils.safestring import mark_safe
 7 | from django.utils.translation import ugettext
 8 | 
 9 | from cms.utils.page import get_all_pages_from_path
10 | from cms.utils.urlutils import admin_reverse, relative_url_regex
11 | 
12 | 
13 | def validate_relative_url(value):
14 |     RegexValidator(regex=relative_url_regex)(value)
15 | 
16 | 
17 | def validate_url(value):
18 |     try:
19 |         # Validate relative urls first
20 |         validate_relative_url(value)
21 |     except ValidationError:
22 |         # Fallback to absolute urls
23 |         URLValidator()(value)
```



##Searching for term "validation", "translation validation", "site validation", "validation translation validation site validation"...
### Search Result:
Found function `cms/api.py:create_page`.
Source: Retrieved code content using keyword search (bm25).
```
110 | def create_page(title, template, language, menu_title=None, slug=None,
111 |                 apphook=None, apphook_namespace=None, redirect=None, meta_description=None,
112 |                 created_by='python-api', parent=None,
113 |                 publication_date=None, publication_end_date=None,
114 |                 in_navigation=False, soft_root=False, reverse_id=None,
115 |                 navigation_extenders=None, published=False, site=None,
116 |                 login_required=False, limit_visibility_in_menu=constants.VISIBILITY_ALL,
117 |                 position="last-child", overwrite_url=None,
118 |                 xframe_options=Page.X_FRAME_OPTIONS_INHERIT, with_revision=None):
119 |     """
120 |     Create a CMS Page and it's title for the given language
121 | 
122 |     See docs/extending_cms/api_reference.rst for more info
123 |     """
124 |     if with_revision in (True, False):
125 |         _raise_revision_warning()
126 | 
127 |     # validate template
128 |     if not template == TEMPLATE_INHERITANCE_MAGIC:
129 |         assert template in [tpl[0] for tpl in get_cms_setting('TEMPLATES')]
130 |         get_template(template)
131 | 
132 |     # validate site
133 |     if not site:
134 |         site = get_current_site()
135 |     else:
136 |         assert isinstance(site, Site)
137 | 
138 |     # validate language:
139 |     assert language in get_language_list(site), get_cms_setting('LANGUAGES').get(site.pk)
140 | 
141 |     # validate parent
142 |     if parent:
143 |         assert isinstance(parent, Page)
144 | 
145 |     # validate publication date
146 |     if publication_date:
147 |         assert isinstance(publication_date, datetime.date)
148 | 
149 |     # validate publication end date
150 |     if publication_end_date:
151 |         assert isinstance(publication_end_date, datetime.date)
152 | 
153 |     if navigation_extenders:
154 |         raw_menus = menu_pool.get_menus_by_attribute("cms_enabled", True)
155 |         menus = [menu[0] for menu in raw_menus]
156 |         assert navigation_extenders in menus
157 | 
158 |     # validate menu visibility
159 |     accepted_limitations = (constants.VISIBILITY_ALL, constants.VISIBILITY_USERS, constants.VISIBILITY_ANONYMOUS)
160 |     assert limit_visibility_in_menu in accepted_limitations
161 | 
162 |     # validate position
163 |     assert position in ('last-child', 'first-child', 'left', 'right')
164 |     target_node = parent.node if parent else None
165 | 
166 |     # validate and normalize apphook
167 |     if apphook:
168 |         application_urls = _verify_apphook(apphook, apphook_namespace)
169 |     else:
170 |         application_urls = None
171 | 
172 |     # ugly permissions hack
173 |     if created_by and isinstance(created_by, get_user_model()):
174 |         _thread_locals.user = created_by
175 |         created_by = getattr(created_by, get_user_model().USERNAME_FIELD)
176 |     else:
177 |         _thread_locals.user = None
178 | 
179 |     if reverse_id:
180 |         if Page.objects.drafts().filter(reverse_id=reverse_id, site=site).exists():
181 |             raise FieldError('A page with the reverse_id="%s" already exist.' % reverse_id)
182 | 
183 |     page = Page.objects.create(
184 |         created_by=created_by,
185 |         changed_by=created_by,
186 |         publication_date=publication_date,
187 |         publication_end_date=publication_end_date,
188 |         in_navigation=in_navigation,
189 |         soft_root=soft_root,
190 |         reverse_id=reverse_id,
191 |         navigation_extenders=navigation_extenders,
192 |         template=template,
193 |         application_urls=application_urls,
194 |         application_namespace=apphook_namespace,
195 |         site=site,
196 |         login_required=login_required,
197 |         limit_visibility_in_menu=limit_visibility_in_menu,
198 |         xframe_options=xframe_options,
199 |     )
200 |     page.attach_site(site=site, target=target_node, position=position)
201 |     page.rescan_placeholders()
202 | 
203 |     create_title(
204 |         language=language,
205 |         title=title,
206 |         menu_title=menu_title,
207 |         slug=slug,
208 |         redirect=redirect,
209 |         meta_description=meta_description,
210 |         page=page,
211 |         overwrite_url=overwrite_url,
212 |     )
213 | 
214 |     if published:
215 |         page.publish(language)
216 | 
217 |     if parent and position in ('last-child', 'first-child'):
218 |         parent._clear_node_cache(site)
219 | 
220 |     del _thread_locals.user
221 |     return page
```

Found function `cms/forms/validators.py:validate_relative_url`.
Source: Retrieved entity using keyword search (bm25).
```
13 | def validate_relative_url(value):
14 |     RegexValidator(regex=relative_url_regex)(value)
```

Found function `cms/forms/validators.py:validate_url`.
Source: Retrieved entity using keyword search (bm25).
```
17 | def validate_url(value):
18 |     try:
19 |         # Validate relative urls first
20 |         validate_relative_url(value)
21 |     except ValidationError:
22 |         # Fallback to absolute urls
23 |         URLValidator()(value)
```

Found function `cms/forms/validators.py:validate_url_uniqueness`.
Source: Retrieved entity using keyword search (bm25).
```
26 | def validate_url_uniqueness(site, path, language, exclude_page=None):
27 |     """ Checks for conflicting urls
28 |     """
29 |     if '/' in path:
30 |         validate_url(path)
31 | 
32 |     path = path.strip('/')
33 |     pages = get_all_pages_from_path(site, path, language)
34 |     pages = pages.select_related('publisher_public')
35 | 
36 |     if exclude_page:
37 |         pages = pages.exclude(pk=exclude_page.pk)
38 | 
39 |         if exclude_page.publisher_public_id:
40 |             pages = pages.exclude(pk=exclude_page.publisher_public_id)
41 | 
42 |     try:
43 |         conflict_page = pages[0]
44 |     except IndexError:
45 |         return True
46 | 
47 |     if conflict_page.publisher_is_draft:
48 |         page_id = conflict_page.pk
49 |     else:
50 |         # rare case where draft points to one url
51 |         # and live points to another which conflicts.
52 |         # Use the draft ID because public page is not editable.
53 |         page_id = conflict_page.publisher_public_id
54 | 
55 |     if conflict_page.is_page_type:
56 |         change_url = admin_reverse('cms_pagetype_change', args=[page_id])
57 |     else:
58 |         change_url = admin_reverse('cms_page_change', args=[page_id])
59 | 
60 |     conflict_url = '<a href="%(change_url)s" target="_blank">%(page_title)s</a>' % {
61 |         'change_url': change_url,
62 |         'page_title': force_text(conflict_page),
63 |     }
64 | 
65 |     if exclude_page:
66 |         message = ugettext('Page %(conflict_page)s has the same url \'%(url)s\' as current page "%(instance)s".')
67 |     else:
68 |         message = ugettext('Page %(conflict_page)s has the same url \'%(url)s\' as current page.')
69 |     message = message % {'conflict_page': conflict_url, 'url': path, 'instance': exclude_page}
70 |     raise ValidationError(mark_safe(message))
```

Found function `cms/api.py:_verify_plugin_type`.
Source: Retrieved code content using keyword search (bm25).
```
 83 | def _verify_plugin_type(plugin_type):
 84 |     """
 85 |     Verifies the given plugin_type is valid and returns a tuple of
 86 |     (plugin_model, plugin_type)
 87 |     """
 88 |     if (hasattr(plugin_type, '__module__') and
 89 |             issubclass(plugin_type, CMSPluginBase)):
 90 |         plugin_model = plugin_type.model
 91 |         assert plugin_type in plugin_pool.plugins.values()
 92 |         plugin_type = plugin_type.__name__
 93 |     elif isinstance(plugin_type, six.string_types):
 94 |         try:
 95 |             plugin_model = plugin_pool.get_plugin(plugin_type).model
 96 |         except KeyError:
 97 |             raise TypeError(
 98 |                 'plugin_type must be CMSPluginBase subclass or string'
 99 |             )
100 |     else:
101 |         raise TypeError('plugin_type must be CMSPluginBase subclass or string')
102 |     return plugin_model, plugin_type
```

Found file `cms/forms/validators.py`.
Source: Retrieved entity using keyword search (bm25).
Hint: Search `cms/forms/validators.py` for the full content if needed.



##Searching for term "validation", "validation translation validation site validation"...
### Search Result:
Found function `cms/forms/wizards.py:CreateCMSPageForm.clean`.
Source: Retrieved code content using keyword search (bm25).
```
 95 | def clean(self):
 96 |         """
 97 |         Validates that either the slug is provided, or that slugification from
 98 |         `title` produces a valid slug.
 99 |         :return:
100 |         """
101 |         data = self.cleaned_data
102 |         slug = data.get('slug') or slugify(data['title'])
103 | 
104 |         parent_node = data.get('parent_node')
105 | 
106 |         if parent_node:
107 |             base = parent_node.page.get_path(self._language)
108 |             path = u'%s/%s' % (base, slug) if base else slug
109 |         else:
110 |             base = ''
111 |             path = slug
112 | 
113 |         data['slug'] = get_available_slug(self._site, path, self._language, suffix=None)
114 |         data['path'] = '%s/%s' % (base, data['slug']) if base else data['slug']
115 | 
116 |         if not data['slug']:
117 |             raise forms.ValidationError("Please provide a valid slug.")
118 |         return data
```



##Searching for term "validation", "site validation", "validation translation validation site validation"...
### Search Result:
Found function `cms/utils/check.py:check_i18n`.
Source: Retrieved code content using keyword search (bm25).
```
200 | def check_i18n(output):
201 |     with output.section("Internationalization") as section:
202 |         if isinstance(getattr(settings, 'CMS_LANGUAGES', {}), dict):
203 |             section.success("New style CMS_LANGUAGES")
204 |         else:
205 |             section.warn("Old style (tuple based) CMS_LANGUAGES, please switch to the new (dictionary based) style")
206 |         if getattr(settings, 'LANGUAGE_CODE', '').find('_') > -1:
207 |             section.warn("LANGUAGE_CODE must contain a valid language code, not a locale (e.g.: 'en-us' instead of "
208 |                          "'en_US'): '%s' provided" % getattr(settings, 'LANGUAGE_CODE', ''))
209 |         for lang in getattr(settings, 'LANGUAGES', ()):
210 |             if lang[0].find('_') > -1:
211 |                 section.warn("LANGUAGES must contain valid language codes, not locales (e.g.: 'en-us' instead of "
212 |                              "'en_US'): '%s' provided" % lang[0])
213 |         if settings.SITE_ID == hash(settings.SITE_ID):
214 |             for site, items in get_cms_setting('LANGUAGES').items():
215 |                 if type(site) == int:
216 |                     for lang in items:
217 |                         if lang['code'].find('_') > -1:
218 |                             section.warn("CMS_LANGUAGES entries must contain valid language codes, not locales (e.g.: "
219 |                                          "'en-us' instead of 'en_US'): '%s' provided" % lang['code'])
220 |         else:
221 |             section.error("SITE_ID must be an integer, not %r" % settings.SITE_ID)
```



##Searching for term "translation validation"...
### Search Result:
Found `cms/forms/validators.py:validate_relative_url`, `cms/forms/validators.py:validate_url`.
Source: Retrieved code content using keyword search (bm25).
```
 1 | from __future__ import unicode_literals
 2 | 
 3 | from django.core.exceptions import ValidationError
 4 | from django.core.validators import RegexValidator, URLValidator
 5 | from django.utils.encoding import force_text
 6 | from django.utils.safestring import mark_safe
 7 | from django.utils.translation import ugettext
 8 | 
 9 | from cms.utils.page import get_all_pages_from_path
10 | from cms.utils.urlutils import admin_reverse, relative_url_regex
11 | 
12 | 
13 | def validate_relative_url(value):
14 |     RegexValidator(regex=relative_url_regex)(value)
15 | 
16 | 
17 | def validate_url(value):
18 |     try:
19 |         # Validate relative urls first
20 |         validate_relative_url(value)
21 |     except ValidationError:
22 |         # Fallback to absolute urls
23 |         URLValidator()(value)
```

Found `cms/utils/request_ip_resolvers.py:get_request_ip_resolver`.
Source: Retrieved code content using keyword search (bm25).
```
 1 | # -*- coding: utf-8 -*-
 2 | 
 3 | import importlib
 4 | 
 5 | from django.core.exceptions import ImproperlyConfigured
 6 | from django.utils.translation import ugettext as _
 7 | 
 8 | from cms.utils.conf import get_cms_setting
 9 | 
10 | 
11 | def get_request_ip_resolver():
12 |     """
13 |     This is the recommended method for obtaining the specified
14 |     CMS_REQUEST_IP_RESOLVER as it also does some basic import validation.
15 | 
16 |     Returns the resolver or raises an ImproperlyConfigured exception.
17 |     """
18 |     module, attribute = get_cms_setting('REQUEST_IP_RESOLVER').rsplit('.', 1)
19 |     try:
20 |         ip_resolver_module = importlib.import_module(module)
21 |         ip_resolver = getattr(ip_resolver_module, attribute)
22 |     except ImportError:
23 |         raise ImproperlyConfigured(
24 |             _('Unable to find the specified CMS_REQUEST_IP_RESOLVER module: '
25 |               '"{0}".').format(module))
26 |     except AttributeError:
27 |         raise ImproperlyConfigured(
28 |             _('Unable to find the specified CMS_REQUEST_IP_RESOLVER function: '
29 |               '"{0}" in module "{1}".').format(attribute, module))
30 |     return ip_resolver
```

Found function `cms/admin/pageadmin.py:BasePageAdmin.advanced`.
Source: Retrieved code content using keyword search (bm25).
```
304 | def advanced(self, request, object_id):
305 |         page = self.get_object(request, object_id=object_id)
306 | 
307 |         if not self.has_change_advanced_settings_permission(request, obj=page):
308 |             raise PermissionDenied("No permission for editing advanced settings")
309 | 
310 |         if page is None:
311 |             raise self._get_404_exception(object_id)
312 | 
313 |         # always returns a valid language
314 |         language = get_site_language_from_request(request, current_page=page)
315 |         language_obj = get_language_object(language, site_id=page.site_id)
316 | 
317 |         if not page.has_translation(language):
318 |             # Can't edit advanced settings for a page translation (title)
319 |             # that does not exist.
320 |             message = _("Please create the %(language)s page "
321 |                         "translation before editing it's advanced settings.")
322 |             message = message % {'language': language_obj['name']}
323 |             self.message_user(request, message, level=messages.ERROR)
324 |             path = self.get_admin_url('change', object_id)
325 |             return HttpResponseRedirect("%s?language=%s" % (path, language))
326 |         return self.change_view(request, object_id, extra_context={'advanced_settings': True, 'title': _("Advanced Settings")})
```



##Searching for term "site validation"...
### Search Result:
Found function `cms/utils/conf.py:_ensure_languages_settings`.
Source: Retrieved code content using keyword search (bm25).
```
161 | def _ensure_languages_settings(languages):
162 |     valid_language_keys = ['code', 'name', 'fallbacks', 'hide_untranslated', 'redirect_on_fallback', 'public']
163 |     required_language_keys = ['code', 'name']
164 |     simple_defaults = ['public', 'redirect_on_fallback', 'hide_untranslated']
165 | 
166 |     if not isinstance(languages, dict):
167 |         raise ImproperlyConfigured(
168 |             "CMS_LANGUAGES must be a dictionary with site IDs and 'default'"
169 |             " as keys. Please check the format.")
170 | 
171 |     defaults = languages.pop('default', {})
172 |     default_fallbacks = defaults.get('fallbacks')
173 |     needs_fallbacks = []
174 | 
175 |     for key in defaults:
176 |         if key not in valid_language_keys:
177 |             raise ImproperlyConfigured("CMS_LANGUAGES has an invalid property in the default properties: %s" % key)
178 | 
179 |     for key in simple_defaults:
180 |         if key not in defaults:
181 |             defaults[key] = True
182 | 
183 |     for site, language_list in languages.items():
184 |         if site != hash(site):
185 |             raise ImproperlyConfigured(
186 |                 "CMS_LANGUAGES can only be filled with integers (site IDs) and 'default'"
187 |                 " for default values. %s is not a valid key." % site)
188 | 
189 |         for language_object in language_list:
190 |             for required_key in required_language_keys:
191 |                 if required_key not in language_object:
192 |                     raise ImproperlyConfigured("CMS_LANGUAGES has a language which is missing the required key %r "
193 |                                                "in site %r" % (key, site))
194 |             language_code = language_object['code']
195 |             for key in language_object:
196 |                 if key not in valid_language_keys:
197 |                     raise ImproperlyConfigured(
198 |                         "CMS_LANGUAGES has invalid key %r in language %r in site %r" % (key, language_code, site)
199 |                     )
200 | 
201 |             if 'fallbacks' not in language_object:
202 |                 if default_fallbacks:
203 |                     language_object['fallbacks'] = default_fallbacks
204 |                 else:
205 |                     needs_fallbacks.append((site, language_object))
206 |             for key in simple_defaults:
207 |                 if key not in language_object:
208 |                     language_object[key] = defaults[key]
209 | 
210 |     site_fallbacks = {}
211 |     for site, language_object in needs_fallbacks:
212 |         if site not in site_fallbacks:
213 |             site_fallbacks[site] = [lang['code'] for lang in languages[site] if lang['public']]
214 |         language_object['fallbacks'] = [lang_code for lang_code in site_fallbacks[site] if
215 |             lang_code != language_object['code']]
216 | 
217 |     languages['default'] = defaults
218 |     languages[VERIFIED] = True  # this will be busted by @override_settings and cause a re-check
219 | 
220 |     return languages
```

Found function `cms/api.py:create_title`.
Source: Retrieved code content using keyword search (bm25).
```
225 | def create_title(language, title, page, menu_title=None, slug=None,
226 |                  redirect=None, meta_description=None, parent=None,
227 |                  overwrite_url=None, with_revision=None, page_title=None, path=None):
228 |     """
229 |     Create a title.
230 | 
231 |     Parent is only used if slug=None.
232 | 
233 |     See docs/extending_cms/api_reference.rst for more info
234 |     """
235 |     # validate page
236 |     assert isinstance(page, Page)
237 | 
238 |     # validate language:
239 |     assert language in get_language_list(page.site_id)
240 | 
241 |     if with_revision in (True, False):
242 |         _raise_revision_warning()
243 | 
244 |     # set default slug:
245 |     if not slug:
246 |         base = page.get_path_for_slug(slugify(title), language)
247 |         slug = get_available_slug(page.site, base, language)
248 | 
249 |     if overwrite_url:
250 |         path = overwrite_url.strip('/')
251 |     elif path is None:
252 |         path = page.get_path_for_slug(slug, language)
253 | 
254 |     title = Title.objects.create(
255 |         language=language,
256 |         title=title,
257 |         menu_title=menu_title,
258 |         page_title=page_title,
259 |         slug=slug,
260 |         path=path,
261 |         redirect=redirect,
262 |         meta_description=meta_description,
263 |         page=page,
264 |         has_url_overwrite=bool(overwrite_url),
265 |     )
266 |     return title
```



##Searching for term "validation translation validation site validation"...
### Search Result:
Found `cms/forms/validators.py:validate_relative_url`, `cms/forms/validators.py:validate_url`.
Source: Retrieved code content using keyword search (bm25).
```
 1 | from __future__ import unicode_literals
 2 | 
 3 | from django.core.exceptions import ValidationError
 4 | from django.core.validators import RegexValidator, URLValidator
 5 | from django.utils.encoding import force_text
 6 | from django.utils.safestring import mark_safe
 7 | from django.utils.translation import ugettext
 8 | 
 9 | from cms.utils.page import get_all_pages_from_path
10 | from cms.utils.urlutils import admin_reverse, relative_url_regex
11 | 
12 | 
13 | def validate_relative_url(value):
14 |     RegexValidator(regex=relative_url_regex)(value)
15 | 
16 | 
17 | def validate_url(value):
18 |     try:
19 |         # Validate relative urls first
20 |         validate_relative_url(value)
21 |     except ValidationError:
22 |         # Fallback to absolute urls
23 |         URLValidator()(value)
```

2026-09-14 23:20:14 utils.py INFO 
LiteLLM completion() model= qwen/qwen3-coder; provider = openrouter
2026-09-14 23:20:58 utils.py INFO Wrapper: Completed Call, calling success_handler
2026-09-14 23:20:58 utils.py INFO 
LiteLLM completion() model= qwen/qwen3-coder; provider = openrouter
2026-09-14 23:22:33 utils.py INFO Wrapper: Completed Call, calling success_handler
2026-09-14 23:22:33 auto_search_main.py INFO Executing code:
```
print(get_entity_contents(**{'entity_names': ['cms/models/pagemodel.py:Page']}))
```
2026-09-14 23:22:33 auto_search_main.py INFO OBSERVATION:
##Searching for entity `cms/models/pagemodel.py:Page`...
### Search Result:
Found class `cms/models/pagemodel.py:Page`.
Source: Exact match found for entity name `cms/models/pagemodel.py:Page`.
```
  41 | class Page(six.with_metaclass(PageMetaClass, models.Model)):
  42 |     """
  43 |     A simple hierarchical page model
  44 |     """
  45 |     LIMIT_VISIBILITY_IN_MENU_CHOICES = (
  46 |         (constants.VISIBILITY_USERS, _('for logged in users only')),
  47 |         (constants.VISIBILITY_ANONYMOUS, _('for anonymous users only')),
  48 |     )
  49 |     TEMPLATE_DEFAULT = TEMPLATE_INHERITANCE_MAGIC if get_cms_setting('TEMPLATE_INHERITANCE') else get_cms_setting('TEMPLATES')[0][0]
  50 | 
  51 |     X_FRAME_OPTIONS_INHERIT = constants.X_FRAME_OPTIONS_INHERIT
  52 |     X_FRAME_OPTIONS_DENY = constants.X_FRAME_OPTIONS_DENY
  53 |     X_FRAME_OPTIONS_SAMEORIGIN = constants.X_FRAME_OPTIONS_SAMEORIGIN
  54 |     X_FRAME_OPTIONS_ALLOW = constants.X_FRAME_OPTIONS_ALLOW
  55 |     X_FRAME_OPTIONS_CHOICES = (
  56 |         (constants.X_FRAME_OPTIONS_INHERIT, _('Inherit from parent page')),
  57 |         (constants.X_FRAME_OPTIONS_DENY, _('Deny')),
  58 |         (constants.X_FRAME_OPTIONS_SAMEORIGIN, _('Only this website')),
  59 |         (constants.X_FRAME_OPTIONS_ALLOW, _('Allow'))
  60 |     )
  61 | 
  62 |     template_choices = [(x, _(y)) for x, y in get_cms_setting('TEMPLATES')]
  63 | 
  64 |     created_by = models.CharField(
  65 |         _("created by"), max_length=constants.PAGE_USERNAME_MAX_LENGTH,
  66 |         editable=False)
  67 |     changed_by = models.CharField(
  68 |         _("changed by"), max_length=constants.PAGE_USERNAME_MAX_LENGTH,
  69 |         editable=False)
  70 |     creation_date = models.DateTimeField(auto_now_add=True)
  71 |     changed_date = models.DateTimeField(auto_now=True)
  72 | 
  73 |     publication_date = models.DateTimeField(_("publication date"), null=True, blank=True, help_text=_(
  74 |         'When the page should go live. Status must be "Published" for page to go live.'), db_index=True)
  75 |     publication_end_date = models.DateTimeField(_("publication end date"), null=True, blank=True,
  76 |                                                 help_text=_('When to expire the page. Leave empty to never expire.'),
  77 |                                                 db_index=True)
  78 |     #
  79 |     # Please use toggle_in_navigation() instead of affecting this property
  80 |     # directly so that the cms page cache can be invalidated as appropriate.
  81 |     #
  82 |     in_navigation = models.BooleanField(_("in navigation"), default=True, db_index=True)
  83 |     soft_root = models.BooleanField(_("soft root"), db_index=True, default=False,
  84 |                                     help_text=_("All ancestors will not be displayed in the navigation"))
  85 |     reverse_id = models.CharField(_("id"), max_length=40, db_index=True, blank=True, null=True, help_text=_(
  86 |         "A unique identifier that is used with the page_url templatetag for linking to this page"))
  87 |     navigation_extenders = models.CharField(_("attached menu"), max_length=80, db_index=True, blank=True, null=True)
  88 |     template = models.CharField(_("template"), max_length=100, choices=template_choices,
  89 |                                 help_text=_('The template used to render the content.'),
  90 |                                 default=TEMPLATE_DEFAULT)
  91 |     site = models.ForeignKey(Site, help_text=_('The site the page is accessible at.'), verbose_name=_("site"),
  92 |                              related_name='djangocms_pages')
  93 | 
  94 |     login_required = models.BooleanField(_("login required"), default=False)
  95 |     limit_visibility_in_menu = models.SmallIntegerField(_("menu visibility"), default=None, null=True, blank=True,
  96 |                                                         choices=LIMIT_VISIBILITY_IN_MENU_CHOICES, db_index=True,
  97 |                                                         help_text=_("limit when this page is visible in the menu"))
  98 |     is_home = models.BooleanField(editable=False, db_index=True, default=False)
  99 |     application_urls = models.CharField(_('application'), max_length=200, blank=True, null=True, db_index=True)
 100 |     application_namespace = models.CharField(_('application instance name'), max_length=200, blank=True, null=True)
 101 | 
 102 |     # Placeholders (plugins)
 103 |     placeholders = models.ManyToManyField('cms.Placeholder', editable=False)
 104 | 
 105 |     # Publisher fields
 106 |     publisher_is_draft = models.BooleanField(default=True, editable=False, db_index=True)
 107 |     # This is misnamed - the one-to-one relation is populated on both ends
 108 |     publisher_public = models.OneToOneField('self', related_name='publisher_draft', null=True, editable=False)
 109 |     languages = models.CharField(max_length=255, editable=False, blank=True, null=True)
 110 | 
 111 |     # If the draft is loaded from a reversion version save the revision id here.
 112 |     revision_id = models.PositiveIntegerField(default=0, editable=False)
 113 | 
 114 |     # X Frame Options for clickjacking protection
 115 |     xframe_options = models.IntegerField(
 116 |         choices=X_FRAME_OPTIONS_CHOICES,
 117 |         default=get_cms_setting('DEFAULT_X_FRAME_OPTIONS'),
 118 |     )
 119 | 
 120 |     # Flag that marks a page as page-type
 121 |     is_page_type = models.BooleanField(default=False)
 122 | 
 123 |     # Managers
 124 |     objects = PageManager()
 125 | 
 126 |     class Meta:
 127 |         permissions = (
 128 |             ('view_page', 'Can view page'),
 129 |             ('publish_page', 'Can publish page'),
 130 |             ('edit_static_placeholder', 'Can edit static placeholders'),
 131 |         )
 132 |         unique_together = (("publisher_is_draft", "site", "application_namespace"),
 133 |                            ("reverse_id", "site", "publisher_is_draft"))
 134 |         verbose_name = _('page')
 135 |         verbose_name_plural = _('pages')
 136 |         app_label = 'cms'
 137 | 
 138 |     def __init__(self, *args, **kwargs):
 139 |         super(Page, self).__init__(*args, **kwargs)
 140 |         self.title_cache = {}
 141 |         self._nodes_cache = {}
 142 | 
 143 |     def __str__(self):
 144 |         try:
 145 |             title = self.get_menu_title(fallback=True)
 146 |         except LanguageError:
 147 |             try:
 148 |                 title = self.title_set.all()[0]
 149 |             except IndexError:
 150 |                 title = None
 151 |         if title is None:
 152 |             title = u""
 153 |         return force_text(title)
 154 | 
 155 |     def __repr__(self):
 156 |         display = '<{module}.{class_name} id={id} is_draft={is_draft} object at {location}>'.format(
 157 |             module=self.__module__,
 158 |             class_name=self.__class__.__name__,
 159 |             id=self.pk,
 160 |             is_draft=self.publisher_is_draft,
 161 |             location=hex(id(self)),
 162 |         )
 163 |         return display
 164 | 
 165 |     def _clear_node_cache(self, site):
 166 |         if 'node' in self.__dict__ and site.pk == self.site_id:
 167 |             # primary node is cached.
 168 |             # clear it to trigger a re-fetch with new tree attributes
 169 |             del self.__dict__['node']
 170 | 
 171 |         if site.pk in self._nodes_cache:
 172 |             # node is cached.
 173 |             # clear it to trigger a re-fetch with new tree attributes
 174 |             del self._nodes_cache[site.pk]
 175 | 
 176 |     @cached_property
 177 |     def node(self):
 178 |         if hasattr(self, '_site_cache'):
 179 |             #TODO: This changed in Django 2.0
 180 |             return self.get_node_object(site=self.site)
 181 | 
 182 |         try:
 183 |             node = self._nodes_cache[self.site_id]
 184 |         except KeyError:
 185 |             node = self._get_node_object(self.site_id)
 186 |             self._nodes_cache[self.site_id] = node
 187 |         return node
 188 | 
 189 |     @classmethod
 190 |     def set_homepage(cls, page, user=None):
 191 |         """
 192 |         Sets the given page as the homepage.
 193 |         Updates the title paths for all affected pages.
 194 |         Returns the old home page (if any).
 195 |         """
 196 |         assert page.publisher_is_draft
 197 | 
 198 |         if user:
 199 |             changed_by = get_clean_username(user)
 200 |         else:
 201 |             changed_by = constants.SCRIPT_USERNAME
 202 | 
 203 |         changed_date = now()
 204 | 
 205 |         try:
 206 |             old_home = cls.objects.get(
 207 |                 is_home=True,
 208 |                 site_id=page.site_id,
 209 |                 publisher_is_draft=True,
 210 |             )
 211 |         except cls.DoesNotExist:
 212 |             old_home_tree = []
 213 |         else:
 214 |             old_home.update(
 215 |                 draft_only=False,
 216 |                 is_home=False,
 217 |                 changed_by=changed_by,
 218 |                 changed_date=changed_date,
 219 |             )
 220 |             old_home_tree = old_home._set_title_root_path()
 221 | 
 222 |         page.update(
 223 |             draft_only=False,
 224 |             is_home=True,
 225 |             changed_by=changed_by,
 226 |             changed_date=changed_date,
 227 |         )
 228 |         new_home_tree = page._remove_title_root_path()
 229 |         return (new_home_tree, old_home_tree)
 230 | 
 231 |     def _update_title_path(self, language):
 232 |         parent_page = self.get_parent()
 233 | 
 234 |         if parent_page:
 235 |             base = parent_page.get_path(language, fallback=True)
 236 |         else:
 237 |             base = ''
 238 | 
 239 |         title_obj = self.get_title_obj(language, fallback=False)
 240 |         new_path = title_obj.get_path_for_base(base)
 241 |         title_obj.path = new_path
 242 |         title_obj.save()
 243 | 
 244 |     def _update_title_path_recursive(self, language, site=None):
 245 |         from cms.models import Title
 246 | 
 247 |         if site is None:
 248 |             node = self.node
 249 |         else:
 250 |             node = self.get_node_object(site)
 251 | 
 252 |         if node.is_leaf() or language not in self.get_languages():
 253 |             return
 254 | 
 255 |         base = self.get_path(language, fallback=True)
 256 |         pages = self.get_child_pages(site, concrete=True)
 257 | 
 258 |         (Title
 259 |          .objects
 260 |          .filter(language=language, page__in=pages)
 261 |          .exclude(has_url_overwrite=True)
 262 |          .update(path=Concat(models.Value(base), models.Value('/'), models.F('slug'))))
 263 | 
 264 |         for child in pages.filter(title_set__language=language).iterator():
 265 |             child._update_title_path_recursive(language, site=site)
 266 | 
 267 |         if self.site_is_secondary(site):
 268 |             return
 269 | 
 270 |         nodes = self.nodes.exclude(pk=node.pk).select_related('site')
 271 | 
 272 |         for node in nodes:
 273 |             self._nodes_cache.setdefault(node.site.pk, node)
 274 |             self._update_title_path_recursive(language, site=node.site)
 275 | 
 276 |     def _set_title_root_path(self, site=None):
 277 |         from cms.models import Title
 278 | 
 279 |         site = site or self.site
 280 |         node = self.get_node_object(site)
 281 |         node_descendants = node.get_concrete_descendants()
 282 |         draft_pages = list(node_descendants.values_list('page', flat=True))
 283 |         public_pages = list(
 284 |             Page
 285 |             .objects
 286 |             .filter(publisher_public__in=draft_pages)
 287 |             .values_list('pk', flat=True)
 288 |         )
 289 |         pages = (draft_pages + public_pages)
 290 |         translations = Title.objects.filter(page__in=pages, has_url_overwrite=False)
 291 | 
 292 |         for language, slug in self.title_set.values_list('language', 'slug'):
 293 |             # Update the translations for all descendants of this page
 294 |             # to include this page's slug as its path prefix
 295 |             (translations
 296 |              .filter(language=language)
 297 |              .update(path=Concat(models.Value(slug), models.Value('/'), 'path')))
 298 | 
 299 |             # Explicitly update this page's path to match its slug
 300 |             # Doing this is cheaper than a TRIM call to remove the "/" characters
 301 |             self.title_set.filter(language=language).update(path=slug)
 302 |         return pages
 303 | 
 304 |     def _remove_title_root_path(self, site=None):
 305 |         from cms.models import Title
 306 | 
 307 |         site = site or self.site
 308 |         node = self.get_node_object(site)
 309 |         node_descendants = node.get_descendants()
 310 |         draft_pages = list(node_descendants.values_list('page', flat=True))
 311 |         public_pages = list(
 312 |             Page
 313 |             .objects
 314 |             .filter(publisher_public__in=draft_pages)
 315 |             .values_list('pk', flat=True)
 316 |         )
 317 |         pages = [self.pk] + draft_pages + public_pages
 318 | 
 319 |         if self.publisher_public_id:
 320 |             pages.append(self.publisher_public_id)
 321 | 
 322 |         translations = Title.objects.filter(page__in=pages, has_url_overwrite=False)
 323 | 
 324 |         for language, slug in self.title_set.values_list('language', 'slug'):
 325 |             # Use 2 because of 1 indexing plus the fact we need to trim
 326 |             # the "/" character.
 327 |             trim_count = len(slug) + 2
 328 |             sql_func = models.Func(
 329 |                 models.F('path'),
 330 |                 models.Value(trim_count),
 331 |                 function='substr',
 332 |             )
 333 |             (translations
 334 |              .filter(language=language, path__startswith=slug)
 335 |              .update(path=sql_func))
 336 |         return pages
 337 | 
 338 |     def is_dirty(self, language):
 339 |         state = self.get_publisher_state(language)
 340 |         return state == PUBLISHER_STATE_DIRTY or state == PUBLISHER_STATE_PENDING
 341 | 
 342 |     def is_potential_home(self):
 343 |         """
 344 |         Encapsulates logic for determining if this page is eligible to be set
 345 |         as `is_home`. This is a public method so that it can be accessed in the
 346 |         admin for determining whether to enable the "Set as home" menu item.
 347 |         :return: Boolean
 348 |         """
 349 |         assert self.publisher_is_draft
 350 |         # Only root nodes are eligible for homepage
 351 |         return not self.is_home and bool(self.node.is_root())
 352 | 
 353 |     def get_absolute_url(self, language=None, fallback=True):
 354 |         if not language:
 355 |             language = get_current_language()
 356 | 
 357 |         with force_language(language):
 358 |             if self.is_home:
 359 |                 return reverse('pages-root')
 360 |             path = self.get_path(language, fallback) or self.get_slug(language, fallback)
 361 |             return reverse('pages-details-by-slug', kwargs={"slug": path})
 362 | 
 363 |     def get_public_url(self, language=None, fallback=True):
 364 |         """
 365 |         Returns the URL of the published version of the current page.
 366 |         Returns empty string if the page is not published.
 367 |         """
 368 |         try:
 369 |             return self.get_public_object().get_absolute_url(language, fallback)
 370 |         except:
 371 |             return ''
 372 | 
 373 |     def get_draft_url(self, language=None, fallback=True):
 374 |         """
 375 |         Returns the URL of the draft version of the current page.
 376 |         Returns empty string if the draft page is not available.
 377 |         """
 378 |         try:
 379 |             return self.get_draft_object().get_absolute_url(language, fallback)
 380 |         except:
 381 |             return ''
 382 | 
 383 |     def attach_site(self, site, target=None, position='first-child'):
 384 |         assert self.publisher_is_draft
 385 |         assert position in ('last-child', 'first-child', 'left', 'right')
 386 | 
 387 |         new_node = PageNode(page=self, site=site)
 388 | 
 389 |         if target is None:
 390 |             return PageNode.add_root(instance=new_node)
 391 | 
 392 |         if position == 'first-child' and target.is_branch:
 393 |             target.get_first_child().add_sibling(pos='left', instance=new_node)
 394 |         elif position in ('last-child', 'first-child'):
 395 |             target.add_child(instance=new_node)
 396 |         else:
 397 |             target.add_sibling(pos=position, instance=new_node)
 398 |         return new_node
 399 | 
 400 |     def move_node(self, target_node, position='first-child', site=None):
 401 |         if site is None:
 402 |             site = self.site
 403 | 
 404 |         # Don't use a cached node. Always get a fresh one.
 405 |         node = self._get_node_object(site.pk)
 406 |         # Runs the SQL updates on the treebeard fields
 407 |         node.move(target_node, position)
 408 | 
 409 |         if position in ('first-child', 'last-child'):
 410 |             parent_id = target_node.pk
 411 |         else:
 412 |             # moving relative to sibling
 413 |             # or to the root of the tree
 414 |             parent_id = target_node.parent_id
 415 | 
 416 |         self._clear_node_cache(site)
 417 | 
 418 |         # Runs the SQL updates on the parent field
 419 |         node.update(parent_id=parent_id)
 420 |         return node
 421 | 
 422 |     def move_page(self, target_node, position='first-child'):
 423 |         """
 424 |         Called from admin interface when page is moved. Should be used on
 425 |         all the places which are changing page position. Used like an interface
 426 |         to django-treebeard, but after move is done page_moved signal is fired.
 427 | 
 428 |         Note for issue #1166: url conflicts are handled by updated
 429 |         check_title_slugs, overwrite_url on the moved page don't need any check
 430 |         as it remains the same regardless of the page position in the tree
 431 |         """
 432 |         assert self.publisher_is_draft
 433 |         assert isinstance(target_node, PageNode)
 434 | 
 435 |         inherited_template = self.template == constants.TEMPLATE_INHERITANCE_MAGIC
 436 | 
 437 |         if inherited_template and target_node.is_root() and position in ('left', 'right'):
 438 |             # The page is being moved to a root position.
 439 |             # Explicitly set the inherited template on the page
 440 |             # to keep all plugins / placeholders.
 441 |             self.update(refresh=False, template=self.get_template())
 442 | 
 443 |         node = self.move_node(target_node, position)
 444 |         node.refresh_from_db()
 445 | 
 446 |         # Update the descendants to "PENDING"
 447 |         # If the target (parent) page is not published
 448 |         # and the page being moved is published.
 449 |         titles = (
 450 |             self
 451 |             .title_set
 452 |             .filter(language__in=self.get_languages())
 453 |             .values_list('language', 'published')
 454 |         )
 455 | 
 456 |         if node.parent_page:
 457 |             parent_titles = (
 458 |                 node.parent_page
 459 |                 .title_set
 460 |                 .exclude(publisher_state=PUBLISHER_STATE_PENDING)
 461 |                 .values_list('language', 'published')
 462 |             )
 463 |             parent_titles_by_language = dict(parent_titles)
 464 |         else:
 465 |             parent_titles_by_language = {}
 466 | 
 467 |         for language, published in titles:
 468 |             parent_is_published = parent_titles_by_language.get(language)
 469 | 
 470 |             # Update draft title path
 471 |             self._update_title_path(language)
 472 |             self._update_title_path_recursive(language, site=node.site)
 473 | 
 474 |             if published and parent_is_published:
 475 |                 # this looks redundant but it's necessary
 476 |                 # for all the descendants of the page being
 477 |                 # moved to be set to the correct state.
 478 |                 self.publisher_public._update_title_path(language)
 479 |                 self.mark_as_published(language)
 480 |                 self.mark_descendants_as_published(language)
 481 |             elif published and node.parent_page:
 482 |                 # page is published but it's parent is not
 483 |                 # mark the page being moved (source) as "pending"
 484 |                 self.mark_as_pending(language)
 485 |                 # mark all descendants of source as "pending"
 486 |                 self.mark_descendants_pending(language)
 487 |             elif published:
 488 |                 self.publisher_public._update_title_path(language)
 489 |                 self.mark_as_published(language)
 490 |                 self.mark_descendants_as_published(language)
 491 | 
 492 |         # user is moving a primary page
 493 |         # move the node for each site the page was attached to
 494 |         for site in self.get_attached_sites().exclude(pk=node.site_id):
 495 |             target_node = target_node.get_remote(site)
 496 |             self.move_node(target_node, position, site)
 497 |         self.clear_cache()
 498 |         return self
 499 | 
 500 |     def _copy_titles(self, target, language, published):
 501 |         """
 502 |         Copy the title matching language to a new page (which must have a pk).
 503 |         :param target: The page where the new title should be stored
 504 |         """
 505 |         source_title = self.title_set.get(language=language)
 506 | 
 507 |         try:
 508 |             target_title_id = (
 509 |                 target
 510 |                 .title_set
 511 |                 .filter(language=language)
 512 |                 .values_list('pk', flat=True)[0]
 513 |             )
 514 |         except IndexError:
 515 |             target_title_id = None
 516 | 
 517 |         source_title_id = source_title.pk
 518 | 
 519 |         # If an old title exists, overwrite. Otherwise create new
 520 |         source_title.pk = target_title_id
 521 |         source_title.page = target
 522 |         source_title.publisher_is_draft = target.publisher_is_draft
 523 |         source_title.publisher_public_id = source_title_id
 524 |         source_title.published = published
 525 |         source_title._publisher_keep_state = True
 526 | 
 527 |         if published:
 528 |             source_title.publisher_state = PUBLISHER_STATE_DEFAULT
 529 |         else:
 530 |             source_title.publisher_state = PUBLISHER_STATE_PENDING
 531 |         source_title.save()
 532 |         return source_title
 533 | 
 534 |     def _clear_placeholders(self, language):
 535 |         from cms.models import CMSPlugin
 536 |         from cms.signals.utils import disable_cms_plugin_signals
 537 | 
 538 |         placeholders = list(self.get_placeholders())
 539 |         placeholder_ids = (placeholder.pk for placeholder in placeholders)
 540 | 
 541 |         with disable_cms_plugin_signals():
 542 |             plugins = CMSPlugin.objects.filter(
 543 |                 language=language,
 544 |                 placeholder__in=placeholder_ids,
 545 |             )
 546 |             models.query.QuerySet.delete(plugins)
 547 |         return placeholders
 548 | 
 549 |     def _copy_contents(self, target, language):
 550 |         """
 551 |         Copy all the plugins to a new page.
 552 |         :param target: The page where the new content should be stored
 553 |         """
 554 |         cleared_placeholders = target._clear_placeholders(language)
 555 |         cleared_placeholders_by_slot = {pl.slot: pl for pl in cleared_placeholders}
 556 | 
 557 |         for placeholder in self.get_placeholders():
 558 |             try:
 559 |                 target_placeholder = cleared_placeholders_by_slot[placeholder.slot]
 560 |             except KeyError:
 561 |                 target_placeholder = target.placeholders.create(
 562 |                     slot=placeholder.slot,
 563 |                     default_width=placeholder.default_width,
 564 |                 )
 565 | 
 566 |             placeholder.copy_plugins(target_placeholder, language=language)
 567 | 
 568 |     def _copy_attributes(self, target, clean=False):
 569 |         """
 570 |         Copy all page data to the target. This excludes parent and other values
 571 |         that are specific to an exact instance.
 572 |         :param target: The Page to copy the attributes to
 573 |         """
 574 |         if not clean:
 575 |             target.publication_date = self.publication_date
 576 |             target.publication_end_date = self.publication_end_date
 577 |             target.reverse_id = self.reverse_id
 578 |         target.changed_by = self.changed_by
 579 |         target.login_required = self.login_required
 580 |         target.in_navigation = self.in_navigation
 581 |         target.soft_root = self.soft_root
 582 |         target.limit_visibility_in_menu = self.limit_visibility_in_menu
 583 |         target.navigation_extenders = self.navigation_extenders
 584 |         target.application_urls = self.application_urls
 585 |         target.application_namespace = self.application_namespace
 586 |         target.template = self.template
 587 |         target.site_id = self.site_id
 588 |         target.xframe_options = self.xframe_options
 589 |         target.is_page_type = self.is_page_type
 590 | 
 591 |     def copy(self, site, parent_node=None, language=None,
 592 |              translations=True, permissions=False, extensions=True):
 593 |         from cms.utils.page import get_available_slug
 594 | 
 595 |         new_page = copy.copy(self)
 596 |         new_page.pk = None
 597 |         new_page.site = site
 598 |         new_page.publisher_public_id = None
 599 |         new_page.is_home = False
 600 |         new_page.reverse_id = None
 601 |         new_page.publication_date = None
 602 |         new_page.publication_end_date = None
 603 |         new_page.title_cache = {}
 604 |         new_page.languages = ''
 605 |         new_page.save()
 606 | 
 607 |         if 'node' in new_page.__dict__:
 608 |             del new_page.__dict__['node']
 609 | 
 610 |         if hasattr(new_page, '_prefetched_objects_cache'):
 611 |             del new_page._prefetched_objects_cache
 612 | 
 613 |         if parent_node:
 614 |             new_node = parent_node.add_child(page=new_page, site=site)
 615 |             parent_page = parent_node.page
 616 |         else:
 617 |             new_node = PageNode.add_root(page=new_page, site=site)
 618 |             parent_page = None
 619 | 
 620 |         new_page._nodes_cache = {site.pk: new_node}
 621 | 
 622 |         if language and translations:
 623 |             translations = self.title_set.filter(language=language)
 624 |         elif translations:
 625 |             translations = self.title_set.all()
 626 |         else:
 627 |             translations = self.title_set.none()
 628 | 
 629 |         # copy titles of this page
 630 |         for title in translations:
 631 |             title = copy.copy(title)
 632 |             title.pk = None
 633 |             title.page = new_page
 634 |             title.published = False
 635 |             title.publisher_public = None
 636 | 
 637 |             if parent_node:
 638 |                 base = parent_page.get_path(title.language)
 639 |                 path = u'%s/%s' % (base, title.slug)
 640 |             else:
 641 |                 base = ''
 642 |                 path = title.slug
 643 | 
 644 |             slug = get_available_slug(site, path, title.language)
 645 | 
 646 |             title.slug = slug
 647 |             title.path = '%s/%s' % (base, slug) if base else slug
 648 |             title.save()
 649 | 
 650 |             new_page.title_cache[title.language] = title
 651 | 
 652 |         # copy the placeholders (and plugins on those placeholders!)
 653 |         for placeholder in self.placeholders.iterator():
 654 |             new_placeholder = copy.copy(placeholder)
 655 |             new_placeholder.pk = None
 656 |             new_placeholder.save()
 657 |             new_page.placeholders.add(new_placeholder)
 658 |             placeholder.copy_plugins(new_placeholder, language=language)
 659 | 
 660 |         if extensions:
 661 |             from cms.extensions import extension_pool
 662 |             extension_pool.copy_extensions(self, new_page)
 663 | 
 664 |         # copy permissions if requested
 665 |         if permissions and get_cms_setting('PERMISSION'):
 666 |             permissions = self.pagepermission_set.iterator()
 667 |             permissions_new = []
 668 | 
 669 |             for permission in permissions:
 670 |                 permission.pk = None
 671 |                 permission.page = new_page
 672 |                 permissions_new.append(permission)
 673 | 
 674 |             if permissions_new:
 675 |                 new_page.pagepermission_set.bulk_create(permissions_new)
 676 | 
 677 |         if self.site_is_secondary(site):
 678 |             return new_page
 679 | 
 680 |         # user is copying a primary page
 681 |         # create a node for each site the page was attached to
 682 |         attached_sites = self.get_attached_sites().exclude(pk=site.pk)
 683 | 
 684 |         if parent_node:
 685 |             # There's a parent node, filter out sites that the parent
 686 |             # page has not been attached to.
 687 |             for site in attached_sites.filter(djangocms_page_nodes__page=parent_page):
 688 |                 target = parent_node.get_remote(site)
 689 |                 target.add_child(page=new_page, site=site)
 690 |         else:
 691 |             for site in attached_sites:
 692 |                 PageNode.add_root(page=new_page, site=site)
 693 |         return new_page
 694 | 
 695 |     def copy_with_descendants(self, site, target_node=None, position=None,
 696 |                               copy_permissions=True, target_site=None):
 697 |         """
 698 |         Copy a page [ and all its descendants to a new location ]
 699 |         """
 700 |         if not self.publisher_is_draft:
 701 |             raise PublicIsUnmodifiable("copy page is not allowed for public pages")
 702 | 
 703 |         if target_site is None:
 704 |             target_site = site
 705 | 
 706 |         if position in ('first-child', 'last-child'):
 707 |             parent_node = target_node
 708 |         elif target_node:
 709 |             parent_node = target_node.parent
 710 |         else:
 711 |             parent_node = None
 712 | 
 713 |         node = self.get_node_object(site)
 714 |         # Evaluate the descendants queryset BEFORE copying the page.
 715 |         # Otherwise, if the page is copied and pasted on itself, it will duplicate.
 716 |         descendants = list(node.get_descendants().prefetch_related('page__title_set'))
 717 |         new_root_page = self.copy(target_site, parent_node=parent_node)
 718 |         new_root_node = new_root_page.get_node_object(target_site)
 719 | 
 720 |         if target_node and position in ('first-child'):
 721 |             # target node is a parent and user has requested to
 722 |             # insert the new page as its first child
 723 |             new_root_node.move(target_node, position)
 724 |             new_root_node.refresh_from_db(fields=('path', 'depth'))
 725 | 
 726 |         if target_node and position in ('left', 'last-child'):
 727 |             # target node is a sibling
 728 |             new_root_node.move(target_node, position)
 729 |             new_root_node.refresh_from_db(fields=('path', 'depth'))
 730 | 
 731 |         nodes_by_id = {node.pk: new_root_node}
 732 | 
 733 |         for node in descendants:
 734 |             parent = nodes_by_id[node.parent_id]
 735 |             new_page = node.page.copy(
 736 |                 target_site,
 737 |                 parent_node=parent,
 738 |                 translations=True,
 739 |                 permissions=copy_permissions,
 740 |             )
 741 |             nodes_by_id[node.pk] = new_page.get_node_object(target_site)
 742 |         return new_root_page
 743 | 
 744 |     def delete(self, *args, **kwargs):
 745 |         nodes = self.nodes.all()
 746 |         parents = set()
 747 |         query = models.Q(pk=self.pk)
 748 | 
 749 |         for node in nodes:
 750 |             if node.parent_id:
 751 |                 parents.add(node.parent_id)
 752 |             query |= models.Q(nodes__path__startswith=node.path)
 753 | 
 754 |         self.__class__.objects.filter(query).delete()
 755 |         (PageNode
 756 |          .objects
 757 |          .filter(pk__in=parents)
 758 |          .update(numchild=models.F('numchild') - 1))
 759 |         self.clear_cache(menu=True)
 760 | 
 761 |     def delete_translations(self, language=None):
 762 |         if language is None:
 763 |             languages = self.get_languages()
 764 |         else:
 765 |             languages = [language]
 766 | 
 767 |         self.title_set.filter(language__in=languages).delete()
 768 | 
 769 |         for language in languages:
 770 |             self.mark_descendants_pending(language)
 771 | 
 772 |     def save(self, no_signals=False, commit=True, **kwargs):
 773 |         """
 774 |         Args:
 775 |             commit: True if model should be really saved
 776 |         """
 777 |         # delete template cache
 778 |         if hasattr(self, '_template_cache'):
 779 |             delattr(self, '_template_cache')
 780 | 
 781 |         created = not bool(self.pk)
 782 |         if self.reverse_id == "":
 783 |             self.reverse_id = None
 784 |         if self.application_namespace == "":
 785 |             self.application_namespace = None
 786 |         from cms.utils.permissions import get_current_user_name
 787 | 
 788 |         self.changed_by = get_current_user_name()
 789 | 
 790 |         if created:
 791 |             self.created_by = self.changed_by
 792 | 
 793 |         if commit:
 794 |             super(Page, self).save(**kwargs)
 795 | 
 796 |     def save_base(self, *args, **kwargs):
 797 |         """Overridden save_base. If an instance is draft, and was changed, mark
 798 |         it as dirty.
 799 | 
 800 |         Dirty flag is used for changed nodes identification when publish method
 801 |         takes place. After current changes are published, state is set back to
 802 |         PUBLISHER_STATE_DEFAULT (in publish method).
 803 |         """
 804 |         keep_state = getattr(self, '_publisher_keep_state', None)
 805 |         if self.publisher_is_draft and not keep_state and self.is_new_dirty():
 806 |             self.title_set.all().update(publisher_state=PUBLISHER_STATE_DIRTY)
 807 |         if keep_state:
 808 |             delattr(self, '_publisher_keep_state')
 809 |         return super(Page, self).save_base(*args, **kwargs)
 810 | 
 811 |     def update(self, refresh=False, draft_only=True, **data):
 812 |         assert self.publisher_is_draft
 813 | 
 814 |         cls = self.__class__
 815 | 
 816 |         if not draft_only and self.publisher_public_id:
 817 |             ids = [self.pk, self.publisher_public_id]
 818 |             cls.objects.filter(pk__in=ids).update(**data)
 819 |         else:
 820 |             cls.objects.filter(pk=self.pk).update(**data)
 821 | 
 822 |         if refresh:
 823 |             return self.reload()
 824 |         else:
 825 |             for field, value in data.items():
 826 |                 setattr(self, field, value)
 827 |         return
 828 | 
 829 |     def update_translations(self, language=None, **data):
 830 |         if language:
 831 |             translations = self.title_set.filter(language=language)
 832 |         else:
 833 |             translations = self.title_set.all()
 834 |         return translations.update(**data)
 835 | 
 836 |     def has_translation(self, language):
 837 |         return self.title_set.filter(language=language).exists()
 838 | 
 839 |     def is_new_dirty(self):
 840 |         if self.pk:
 841 |             fields = [
 842 |                 'publication_date', 'publication_end_date', 'in_navigation', 'soft_root', 'reverse_id',
 843 |                 'navigation_extenders', 'template', 'login_required', 'limit_visibility_in_menu'
 844 |             ]
 845 |             try:
 846 |                 old_page = Page.objects.get(pk=self.pk)
 847 |             except Page.DoesNotExist:
 848 |                 return True
 849 |             for field in fields:
 850 |                 old_val = getattr(old_page, field)
 851 |                 new_val = getattr(self, field)
 852 |                 if not old_val == new_val:
 853 |                     return True
 854 |             return False
 855 |         return True
 856 | 
 857 |     def is_published(self, language, force_reload=False):
 858 |         title_obj = self.get_title_obj(language, fallback=False, force_reload=force_reload)
 859 |         return title_obj.published and title_obj.publisher_state != PUBLISHER_STATE_PENDING
 860 | 
 861 |     def is_reachable(self):
 862 |         the_now = now()
 863 |         reachable = True
 864 | 
 865 |         if self.publication_date:
 866 |             reachable = self.publication_date <= the_now
 867 | 
 868 |         if self.publication_end_date:
 869 |             reachable = reachable and self.publication_end_date > the_now
 870 |         return reachable
 871 | 
 872 |     def toggle_in_navigation(self, set_to=None):
 873 |         '''
 874 |         Toggles (or sets) in_navigation and invalidates the cms page cache
 875 |         '''
 876 |         old = self.in_navigation
 877 |         if set_to in [True, False]:
 878 |             self.in_navigation = set_to
 879 |         else:
 880 |             self.in_navigation = not self.in_navigation
 881 |         self.save()
 882 | 
 883 |         # If there was a change, invalidate the cms page cache
 884 |         if self.in_navigation != old:
 885 |             self.clear_cache()
 886 |         return self.in_navigation
 887 | 
 888 |     def get_publisher_state(self, language, force_reload=False):
 889 |         try:
 890 |             return self.get_title_obj(language, False, force_reload=force_reload).publisher_state
 891 |         except AttributeError:
 892 |             return None
 893 | 
 894 |     def set_publisher_state(self, language, state, published=None):
 895 |         title = self.title_set.get(language=language)
 896 |         title.publisher_state = state
 897 |         if published is not None:
 898 |             title.published = published
 899 |         title._publisher_keep_state = True
 900 |         title.save()
 901 |         if language in self.title_cache:
 902 |             self.title_cache[language].publisher_state = state
 903 |         return title
 904 | 
 905 |     def site_is_secondary(self, site=None):
 906 |         return not (site is None or site.pk == self.site_id)
 907 | 
 908 |     def publish(self, language):
 909 |         """
 910 |         :returns: True if page was successfully published.
 911 |         """
 912 |         from cms.utils.permissions import get_current_user_name
 913 | 
 914 |         # Publish can only be called on draft pages
 915 |         if not self.publisher_is_draft:
 916 |             raise PublicIsUnmodifiable('The public instance cannot be published. Use draft.')
 917 | 
 918 |         if not self._publisher_can_publish(language):
 919 |             return False
 920 | 
 921 |         if self.publisher_public_id:
 922 |             public_page = Page.objects.get(pk=self.publisher_public_id)
 923 |             public_languages = public_page.get_languages()
 924 |         else:
 925 |             public_page = Page(created_by=self.created_by)
 926 |             public_languages = [language]
 927 | 
 928 |         self._copy_attributes(public_page, clean=False)
 929 | 
 930 |         if language not in public_languages:
 931 |             public_languages.append(language)
 932 | 
 933 |         # TODO: Get rid of the current user thread hack
 934 |         public_page.changed_by = get_current_user_name()
 935 |         public_page.is_home = self.is_home
 936 |         public_page.publication_date = self.publication_date or now()
 937 |         public_page.publisher_public = self
 938 |         public_page.publisher_is_draft = False
 939 |         public_page.languages = ','.join(public_languages)
 940 |         public_page.save()
 941 | 
 942 |         # Copy the page translation (title) matching language
 943 |         # into a "public" version.
 944 |         public_title = self._copy_titles(public_page, language, published=True)
 945 | 
 946 |         # Ensure this draft page points to its public version
 947 |         self.update(
 948 |             draft_only=True,
 949 |             changed_by=public_page.changed_by,
 950 |             publisher_public=public_page,
 951 |             publication_date=public_page.publication_date,
 952 |         )
 953 | 
 954 |         # Set the draft page translation matching language
 955 |         # to point to its public version.
 956 |         # Its important for draft to be published even if its state
 957 |         # is pending.
 958 |         self.update_translations(
 959 |             language,
 960 |             published=True,
 961 |             publisher_public=public_title,
 962 |             publisher_state=PUBLISHER_STATE_DEFAULT,
 963 |         )
 964 |         self._copy_contents(public_page, language)
 965 | 
 966 |         if self.node.is_branch:
 967 |             self.mark_descendants_as_published(language, site=self.site)
 968 | 
 969 |         if language in self.title_cache:
 970 |             del self.title_cache[language]
 971 | 
 972 |         # fire signal after publishing is done
 973 |         import cms.signals as cms_signals
 974 | 
 975 |         cms_signals.post_publish.send(sender=Page, instance=self, language=language)
 976 | 
 977 |         public_page.clear_cache(
 978 |             language,
 979 |             menu=True,
 980 |             placeholder=True,
 981 |         )
 982 |         return True
 983 | 
 984 |     def clear_cache(self, language=None, menu=False, placeholder=False):
 985 |         from cms.cache import invalidate_cms_page_cache
 986 | 
 987 |         if get_cms_setting('PAGE_CACHE'):
 988 |             # Clears all the page caches
 989 |             invalidate_cms_page_cache()
 990 | 
 991 |         sites = self.get_attached_sites().values_list('pk', flat=True)
 992 | 
 993 |         if placeholder and get_cms_setting('PLACEHOLDER_CACHE'):
 994 |             assert language, 'language is required when clearing placeholder cache'
 995 | 
 996 |             placeholders = self.get_placeholders()
 997 | 
 998 |             for site_id in sites:
 999 |                 for placeholder in placeholders:
1000 |                     placeholder.clear_cache(language, site_id=site_id)
1001 | 
1002 |         if menu:
1003 |             for site_id in sites:
1004 |                 # Clears all menu caches for this page's site
1005 |                 menu_pool.clear(site_id=site_id)
1006 | 
1007 |     def unpublish(self, language, site=None):
1008 |         """
1009 |         Removes this page from the public site
1010 |         :returns: True if this page was successfully unpublished
1011 |         """
1012 |         # Publish can only be called on draft pages
1013 |         if not self.publisher_is_draft:
1014 |             raise PublicIsUnmodifiable('The public instance cannot be unpublished. Use draft.')
1015 | 
1016 |         self.update_translations(
1017 |             language,
1018 |             published=False,
1019 |             publisher_state=PUBLISHER_STATE_DIRTY,
1020 |         )
1021 | 
1022 |         public_page = self.get_public_object()
1023 |         public_page.update_translations(language, published=False)
1024 |         public_page._clear_placeholders(language)
1025 |         public_page.clear_cache(language)
1026 | 
1027 |         self.mark_descendants_pending(language, site=site)
1028 | 
1029 |         from cms.signals import post_unpublish
1030 |         post_unpublish.send(sender=Page, instance=self, language=language)
1031 | 
1032 |         return True
1033 | 
1034 |     def get_node_object(self, site):
1035 |         try:
1036 |             return self._nodes_cache[site.pk]
1037 |         except KeyError:
1038 |             node = self._nodes_cache[site.pk] = self._get_node_object(site.pk)
1039 |             return node
1040 | 
1041 |     def _get_node_object(self, site_id):
1042 |         if self.publisher_is_draft:
1043 |             return self.nodes.get(site=site_id)
1044 |         return PageNode.objects.get(site=site_id, page=self.publisher_public_id)
1045 | 
1046 |     def get_attached_sites(self):
1047 |         draft_page = self.get_draft_object()
1048 |         return Site.objects.filter(djangocms_page_nodes__page=draft_page)
1049 | 
1050 |     def get_child_nodes(self, site, concrete=False):
1051 |         children = self.get_node_object(site).get_children()
1052 | 
1053 |         if concrete:
1054 |             children = children.filter(page__site=site)
1055 |         return children
1056 | 
1057 |     def get_child_pages(self, site, concrete=False):
1058 |         nodes = self.get_child_nodes(site=site, concrete=concrete)
1059 |         pages = self.__class__.objects.filter(nodes__in=nodes)
1060 | 
1061 |         if concrete:
1062 |             pages = pages.distinct()
1063 |         return pages
1064 | 
1065 |     def get_descendant_nodes(self, site, concrete=False):
1066 |         descendants = self.get_node_object(site).get_descendants()
1067 | 
1068 |         if concrete:
1069 |             descendants = descendants.filter(page__site=site)
1070 |         return descendants
1071 | 
1072 |     def get_descendant_pages(self, site, concrete=False):
1073 |         nodes = self.get_descendant_nodes(site=site, concrete=concrete)
1074 |         pages = self.__class__.objects.filter(nodes__in=nodes)
1075 | 
1076 |         if concrete:
1077 |             pages = pages.distinct()
1078 |         return pages
1079 | 
1080 |     def get_parent(self):
1081 |         node = self._nodes_cache.get(self.site_id)
1082 | 
1083 |         if not node:
1084 |             if self.publisher_is_draft:
1085 |                 node = (
1086 |                     self
1087 |                     .nodes
1088 |                     .select_related('parent', 'parent__page')
1089 |                     .get(site=self.site_id)
1090 |                 )
1091 |             else:
1092 |                 node = (
1093 |                     PageNode
1094 |                     .objects
1095 |                     .select_related(
1096 |                         'parent',
1097 |                         'parent__page',
1098 |                         'parent__page__publisher_public',
1099 |                     )
1100 |                     .get(page=self.publisher_public_id, site=self.site_id)
1101 |                 )
1102 | 
1103 |             self._nodes_cache[self.site_id] = node
1104 | 
1105 |         if self.publisher_is_draft or not node.parent_page:
1106 |             return node.parent_page
1107 |         return node.parent_page.get_public_object()
1108 | 
1109 |     def mark_as_pending(self, language):
1110 |         assert self.publisher_is_draft
1111 |         assert self.publisher_public_id
1112 | 
1113 |         self.get_public_object().title_set.filter(language=language).update(published=False)
1114 | 
1115 |         if self.get_publisher_state(language) == PUBLISHER_STATE_DEFAULT:
1116 |             # Only change the state if the draft page is published
1117 |             # and it's state is the default (0), to avoid overriding a dirty state.
1118 |             self.set_publisher_state(language, state=PUBLISHER_STATE_PENDING)
1119 | 
1120 |     def mark_descendants_pending(self, language, site=None):
1121 |         from cms.models import Title
1122 | 
1123 |         if not self.publisher_is_draft:
1124 |             raise PublicIsUnmodifiable('The public instance cannot be altered. Use draft.')
1125 | 
1126 |         if site is None:
1127 |             site = self.site
1128 | 
1129 |         node = self.get_node_object(site)
1130 |         descendants = self.get_descendant_pages(
1131 |             site=site,
1132 |             concrete=self.site_is_secondary(site),
1133 |         )
1134 | 
1135 |         if descendants.exists():
1136 |             pending_drafts = Title.objects.filter(
1137 |                 published=True,
1138 |                 language=language,
1139 |                 page__in=descendants,
1140 |             )
1141 | 
1142 |             Title.objects.filter(
1143 |                 published=True,
1144 |                 language=language,
1145 |                 publisher_public__page__in=descendants,
1146 |             ).update(published=False)
1147 | 
1148 |             # Only change the state if the draft page is not dirty
1149 |             # to avoid overriding a dirty state.
1150 |             (pending_drafts
1151 |              .filter(publisher_state=PUBLISHER_STATE_DEFAULT)
1152 |              .update(publisher_state=PUBLISHER_STATE_PENDING))
1153 | 
1154 |         if self.site_is_secondary(site):
1155 |             return
1156 | 
1157 |         nodes = self.nodes.exclude(pk=node.pk).select_related('site')
1158 | 
1159 |         for node in nodes:
1160 |             self._nodes_cache.setdefault(node.site.pk, node)
1161 |             self.mark_descendants_pending(language, site=node.site)
1162 | 
1163 |     def mark_as_published(self, language):
1164 |         from cms.models import Title
1165 | 
1166 |         (Title
1167 |          .objects
1168 |          .filter(page=self.publisher_public_id, language=language)
1169 |          .update(publisher_state=PUBLISHER_STATE_DEFAULT, published=True))
1170 | 
1171 |         draft = self.get_draft_object()
1172 | 
1173 |         if draft.get_publisher_state(language) == PUBLISHER_STATE_PENDING:
1174 |             # A check for pending is necessary because the page might have
1175 |             # been modified after it was marked as pending.
1176 |             draft.set_publisher_state(language, PUBLISHER_STATE_DEFAULT)
1177 | 
1178 |     def mark_descendants_as_published(self, language, site=None):
1179 |         from cms.models import Title
1180 | 
1181 |         if not self.publisher_is_draft:
1182 |             raise PublicIsUnmodifiable('The public instance cannot be published. Use draft.')
1183 | 
1184 |         if site is None:
1185 |             site = self.site
1186 | 
1187 |         node = self.get_node_object(site)
1188 |         children = self.get_child_pages(
1189 |             site=site,
1190 |             concrete=self.site_is_secondary(site),
1191 |         )
1192 |         base = self.get_path(language, fallback=True)
1193 | 
1194 |         # Drafts
1195 |         draft_translations = Title.objects.filter(
1196 |             published=True,
1197 |             language=language,
1198 |             page__in=children,
1199 |         )
1200 | 
1201 |         # Set public pending titles as published
1202 |         unpublished_public = Title.objects.filter(
1203 |             language=language,
1204 |             publisher_public__published=True,
1205 |             publisher_public__page__in=children,
1206 |         )
1207 | 
1208 |         # Update public title paths
1209 |         unpublished_public.exclude(has_url_overwrite=True).update(
1210 |             path=Concat(models.Value(base), models.Value('/'), models.F('slug'))
1211 |         )
1212 | 
1213 |         # Set unpublished pending titles to published
1214 |         unpublished_public.filter(published=False).update(published=True)
1215 | 
1216 |         # Update drafts
1217 |         (draft_translations
1218 |          .filter(publisher_state=PUBLISHER_STATE_PENDING)
1219 |          .update(publisher_state=PUBLISHER_STATE_DEFAULT))
1220 | 
1221 |         # Continue publishing descendants, one branch at a time.
1222 |         published_children = children.filter(
1223 |             title_set__published=True,
1224 |             title_set__language=language,
1225 |         )
1226 | 
1227 |         for child in published_children.iterator():
1228 |             child.mark_descendants_as_published(language, site)
1229 | 
1230 |         if self.site_is_secondary(site):
1231 |             return
1232 | 
1233 |         nodes = self.nodes.exclude(pk=node.pk).select_related('site')
1234 | 
1235 |         for node in nodes:
1236 |             self._nodes_cache.setdefault(node.site.pk, node)
1237 |             self.mark_descendants_as_published(language, site=node.site)
1238 | 
1239 |     def revert_to_live(self, language):
1240 |         """Revert the draft version to the same state as the public version
1241 |         """
1242 |         if not self.publisher_is_draft:
1243 |             # Revert can only be called on draft pages
1244 |             raise PublicIsUnmodifiable('The public instance cannot be reverted. Use draft.')
1245 | 
1246 |         public = self.get_public_object()
1247 | 
1248 |         if not public:
1249 |             raise PublicVersionNeeded('A public version of this page is needed')
1250 | 
1251 |         public._copy_attributes(self)
1252 |         public._copy_contents(self, language)
1253 |         public._copy_titles(self, language, public.is_published(language))
1254 | 
1255 |         self.update_translations(
1256 |             language,
1257 |             published=True,
1258 |             publisher_state=PUBLISHER_STATE_DEFAULT,
1259 |         )
1260 |         self._publisher_keep_state = True
1261 |         self.save()
1262 | 
1263 |     def get_draft_object(self):
1264 |         if not self.publisher_is_draft:
1265 |             return self.publisher_draft
1266 |         return self
1267 | 
1268 |     def get_public_object(self):
1269 |         if not self.publisher_is_draft:
1270 |             return self
1271 |         return self.publisher_public
1272 | 
1273 |     def get_languages(self):
1274 |         if self.languages:
1275 |             return sorted(self.languages.split(','))
1276 |         else:
1277 |             return []
1278 | 
1279 |     def remove_language(self, language):
1280 |         page_languages = self.get_languages()
1281 | 
1282 |         if language in page_languages:
1283 |             page_languages.remove(language)
1284 |             self.update_languages(page_languages)
1285 | 
1286 |     def update_languages(self, languages):
1287 |         languages = ",".join(languages)
1288 |         # Update current instance
1289 |         self.languages = languages
1290 |         # Commit. It's important to not call save()
1291 |         # we'd like to commit only the languages field and without
1292 |         # any kind of signals.
1293 |         self.update(draft_only=False, languages=languages)
1294 | 
1295 |     def get_published_languages(self):
1296 |         if self.publisher_is_draft:
1297 |             return self.get_languages()
1298 |         return sorted([language for language in self.get_languages() if self.is_published(language)])
1299 | 
1300 |     def set_translations_cache(self):
1301 |         for translation in self.title_set.all():
1302 |             self.title_cache.setdefault(translation.language, translation)
1303 | 
1304 |     def get_path_for_slug(self, slug, language):
1305 |         if self.is_home:
1306 |             return ''
1307 | 
1308 |         parent_page = self.node.parent_page
1309 | 
1310 |         if parent_page:
1311 |             base = parent_page.get_path(language, fallback=True)
1312 |             # base can be empty when the parent is a home-page
1313 |             path = u'%s/%s' % (base, slug) if base else slug
1314 |         else:
1315 |             path = slug
1316 |         return path
1317 | 
1318 |     # ## Title object access
1319 | 
1320 |     def get_title_obj(self, language=None, fallback=True, force_reload=False):
1321 |         """Helper function for accessing wanted / current title.
1322 |         If wanted title doesn't exists, EmptyTitle instance will be returned.
1323 |         """
1324 |         language = self._get_title_cache(language, fallback, force_reload)
1325 |         if language in self.title_cache:
1326 |             return self.title_cache[language]
1327 |         from cms.models.titlemodels import EmptyTitle
1328 | 
1329 |         return EmptyTitle(language)
1330 | 
1331 |     def get_title_obj_attribute(self, attrname, language=None, fallback=True, force_reload=False):
1332 |         """Helper function for getting attribute or None from wanted/current title.
1333 |         """
1334 |         try:
1335 |             attribute = getattr(self.get_title_obj(language, fallback, force_reload), attrname)
1336 |             return attribute
1337 |         except AttributeError:
1338 |             return None
1339 | 
1340 |     def get_path(self, language=None, fallback=True, force_reload=False):
1341 |         """
1342 |         get the path of the page depending on the given language
1343 |         """
1344 |         return self.get_title_obj_attribute("path", language, fallback, force_reload)
1345 | 
1346 |     def get_slug(self, language=None, fallback=True, force_reload=False):
1347 |         """
1348 |         get the slug of the page depending on the given language
1349 |         """
1350 |         return self.get_title_obj_attribute("slug", language, fallback, force_reload)
1351 | 
1352 |     def get_title(self, language=None, fallback=True, force_reload=False):
1353 |         """
1354 |         get the title of the page depending on the given language
1355 |         """
1356 |         return self.get_title_obj_attribute("title", language, fallback, force_reload)
1357 | 
1358 |     def get_menu_title(self, language=None, fallback=True, force_reload=False):
1359 |         """
1360 |         get the menu title of the page depending on the given language
1361 |         """
1362 |         menu_title = self.get_title_obj_attribute("menu_title", language, fallback, force_reload)
1363 |         if not menu_title:
1364 |             return self.get_title(language, True, force_reload)
1365 |         return menu_title
1366 | 
1367 |     def get_placeholders(self):
1368 |         if not hasattr(self, '_placeholder_cache'):
1369 |             self._placeholder_cache = self.placeholders.all()
1370 |         return self._placeholder_cache
1371 | 
1372 |     def _validate_title(self, title):
1373 |         from cms.models.titlemodels import EmptyTitle
1374 |         if isinstance(title, EmptyTitle):
1375 |             return False
1376 |         if not title.title or not title.slug:
1377 |             return False
1378 |         return True
1379 | 
1380 |     def get_admin_tree_title(self):
1381 |         from cms.models.titlemodels import EmptyTitle
1382 |         language = get_language()
1383 | 
1384 |         if not self.title_cache:
1385 |             self.set_translations_cache()
1386 | 
1387 |         if language not in self.title_cache or not self._validate_title(self.title_cache.get(language, EmptyTitle(language))):
1388 |             fallback_langs = i18n.get_fallback_languages(language)
1389 |             found = False
1390 |             for lang in fallback_langs:
1391 |                 if lang in self.title_cache and self._validate_title(self.title_cache.get(lang, EmptyTitle(lang))):
1392 |                     found = True
1393 |                     language = lang
1394 |             if not found:
1395 |                 language = None
1396 |                 for lang, item in self.title_cache.items():
1397 |                     if not isinstance(item, EmptyTitle):
1398 |                         language = lang
1399 |         if not language:
1400 |             return _("Empty")
1401 |         title = self.title_cache[language]
1402 |         if title.title:
1403 |             return title.title
1404 |         if title.page_title:
1405 |             return title.page_title
1406 |         if title.menu_title:
1407 |             return title.menu_title
1408 |         return title.slug
1409 | 
1410 |     def get_changed_date(self, language=None, fallback=True, force_reload=False):
1411 |         """
1412 |         get when this page was last updated
1413 |         """
1414 |         return self.changed_date
1415 | 
1416 |     def get_changed_by(self, language=None, fallback=True, force_reload=False):
1417 |         """
1418 |         get user who last changed this page
1419 |         """
1420 |         return self.changed_by
1421 | 
1422 |     def get_page_title(self, language=None, fallback=True, force_reload=False):
1423 |         """
1424 |         get the page title of the page depending on the given language
1425 |         """
1426 |         page_title = self.get_title_obj_attribute("page_title", language, fallback, force_reload)
1427 | 
1428 |         if not page_title:
1429 |             return self.get_title(language, True, force_reload)
1430 |         return page_title
1431 | 
1432 |     def get_meta_description(self, language=None, fallback=True, force_reload=False):
1433 |         """
1434 |         get content for the description meta tag for the page depending on the given language
1435 |         """
1436 |         return self.get_title_obj_attribute("meta_description", language, fallback, force_reload)
1437 | 
1438 |     def get_application_urls(self, language=None, fallback=True, force_reload=False):
1439 |         """
1440 |         get application urls conf for application hook
1441 |         """
1442 |         return self.application_urls
1443 | 
1444 |     def get_redirect(self, language=None, fallback=True, force_reload=False):
1445 |         """
1446 |         get redirect
1447 |         """
1448 |         return self.get_title_obj_attribute("redirect", language, fallback, force_reload)
1449 | 
1450 |     def _get_title_cache(self, language, fallback, force_reload):
1451 |         if not language:
1452 |             language = get_language()
1453 |         load = False
1454 | 
1455 |         if force_reload or not self.title_cache.get(language):
1456 |             if fallback:
1457 |                 fallback_langs = i18n.get_fallback_languages(language)
1458 |                 for lang in fallback_langs:
1459 |                     if self.title_cache.get(lang):
1460 |                         return lang
1461 |             load = True
1462 | 
1463 |         if load:
1464 |             from cms.models.titlemodels import Title
1465 | 
1466 |             titles = Title.objects.filter(page=self)
1467 |             for title in titles:
1468 |                 self.title_cache[title.language] = title
1469 |             if self.title_cache.get(language):
1470 |                 return language
1471 |             else:
1472 |                 if fallback:
1473 |                     fallback_langs = i18n.get_fallback_languages(language)
1474 |                     for lang in fallback_langs:
1475 |                         if self.title_cache.get(lang):
1476 |                             return lang
1477 |         return language
1478 | 
1479 |     def get_template(self):
1480 |         """
1481 |         get the template of this page if defined or if closer parent if
1482 |         defined or DEFAULT_PAGE_TEMPLATE otherwise
1483 |         """
1484 |         if hasattr(self, '_template_cache'):
1485 |             return self._template_cache
1486 | 
1487 |         if self.template != constants.TEMPLATE_INHERITANCE_MAGIC:
1488 |             self._template_cache = self.template or get_cms_setting('TEMPLATES')[0][0]
1489 |             return self._template_cache
1490 | 
1491 |         templates = (
1492 |             self.node
1493 |             .get_ancestors()
1494 |             .exclude(page__template=constants.TEMPLATE_INHERITANCE_MAGIC)
1495 |             .order_by('-path')
1496 |             .values_list('page__template', flat=True)
1497 |         )
1498 | 
1499 |         try:
1500 |             self._template_cache = templates[0]
1501 |         except IndexError:
1502 |             self._template_cache = get_cms_setting('TEMPLATES')[0][0]
1503 |         return self._template_cache
1504 | 
1505 |     def get_template_name(self):
1506 |         """
1507 |         get the textual name (2nd parameter in get_cms_setting('TEMPLATES'))
1508 |         of the template of this page or of the nearest
1509 |         ancestor. failing to find that, return the name of the default template.
1510 |         """
1511 |         template = self.get_template()
1512 |         for t in get_cms_setting('TEMPLATES'):
1513 |             if t[0] == template:
1514 |                 return t[1]
1515 |         return _("default")
1516 | 
1517 |     def has_view_permission(self, user):
1518 |         from cms.utils.page_permissions import user_can_view_page
1519 |         return user_can_view_page(user, page=self)
1520 | 
1521 |     def has_view_restrictions(self, site):
1522 |         from cms.models import PagePermission
1523 | 
1524 |         if get_cms_setting('PERMISSION'):
1525 |             page = self.get_draft_object()
1526 |             restrictions = (
1527 |                 PagePermission
1528 |                 .objects
1529 |                 .for_page(page)
1530 |                 .filter(can_view=True)
1531 |             )
1532 |             return restrictions.exists()
1533 |         return False
1534 | 
1535 |     def has_add_permission(self, user):
1536 |         """
1537 |         Has user ability to add page under current page?
1538 |         """
1539 |         from cms.utils.page_permissions import user_can_add_subpage
1540 |         return user_can_add_subpage(user, self)
1541 | 
1542 |     def has_change_permission(self, user):
1543 |         from cms.utils.page_permissions import user_can_change_page
1544 |         return user_can_change_page(user, page=self)
1545 | 
1546 |     def has_delete_permission(self, user):
1547 |         from cms.utils.page_permissions import user_can_delete_page
1548 |         return user_can_delete_page(user, page=self)
1549 | 
1550 |     def has_delete_translation_permission(self, user, language):
1551 |         from cms.utils.page_permissions import user_can_delete_page_translation
1552 |         return user_can_delete_page_translation(user, page=self, language=language)
1553 | 
1554 |     def has_publish_permission(self, user):
1555 |         from cms.utils.page_permissions import user_can_publish_page
1556 |         return user_can_publish_page(user, page=self)
1557 | 
1558 |     def has_advanced_settings_permission(self, user):
1559 |         from cms.utils.page_permissions import user_can_change_page_advanced_settings
1560 |         return user_can_change_page_advanced_settings(user, page=self)
1561 | 
1562 |     def has_change_permissions_permission(self, user):
1563 |         """
1564 |         Has user ability to change permissions for current page?
1565 |         """
1566 |         from cms.utils.page_permissions import user_can_change_page_permissions
1567 |         return user_can_change_page_permissions(user, page=self)
1568 | 
1569 |     def has_move_page_permission(self, user):
1570 |         """Has user ability to move current page?
1571 |         """
1572 |         from cms.utils.page_permissions import user_can_move_page
1573 |         return user_can_move_page(user, page=self)
1574 | 
1575 |     def has_placeholder_change_permission(self, user):
1576 |         if not self.publisher_is_draft:
1577 |             return False
1578 |         return self.has_change_permission(user)
1579 | 
1580 |     def get_media_path(self, filename):
1581 |         """
1582 |         Returns path (relative to MEDIA_ROOT/MEDIA_URL) to directory for storing
1583 |         page-scope files. This allows multiple pages to contain files with
1584 |         identical names without namespace issues. Plugins such as Picture can
1585 |         use this method to initialise the 'upload_to' parameter for File-based
1586 |         fields. For example:
1587 |             image = models.ImageField(
1588 |                 _("image"), upload_to=CMSPlugin.get_media_path)
1589 | 
1590 |         where CMSPlugin.get_media_path calls self.page.get_media_path
1591 | 
1592 |         This location can be customised using the CMS_PAGE_MEDIA_PATH setting
1593 |         """
1594 |         return join(get_cms_setting('PAGE_MEDIA_PATH'), "%d" % self.pk, filename)
1595 | 
1596 |     def reload(self):
1597 |         """
1598 |         Reload a page from the database
1599 |         """
1600 |         return self.__class__.objects.get(pk=self.pk)
1601 | 
1602 |     def _publisher_can_publish(self, language):
1603 |         """Is parent of this object already published?
1604 |         """
1605 |         if self.is_page_type:
1606 |             return False
1607 | 
1608 |         parent_page = self.node.parent_page
1609 | 
1610 |         if not parent_page:
1611 |             return True
1612 | 
1613 |         if parent_page.publisher_public_id:
1614 |             return parent_page.get_public_object().is_published(language)
1615 |         return False
1616 | 
1617 |     def rescan_placeholders(self):
1618 |         """
1619 |         Rescan and if necessary create placeholders in the current template.
1620 |         """
1621 |         existing = OrderedDict()
1622 |         placeholders = [pl.slot for pl in self.get_declared_placeholders()]
1623 | 
1624 |         for placeholder in self.placeholders.all():
1625 |             if placeholder.slot in placeholders:
1626 |                 existing[placeholder.slot] = placeholder
1627 | 
1628 |         for placeholder in placeholders:
1629 |             if placeholder not in existing:
1630 |                 existing[placeholder] = self.placeholders.create(slot=placeholder)
1631 |         return existing
1632 | 
1633 |     def get_declared_placeholders(self):
1634 |         # inline import to prevent circular imports
1635 |         from cms.utils.placeholder import get_placeholders
1636 | 
1637 |         return get_placeholders(self.get_template())
1638 | 
1639 |     def get_declared_static_placeholders(self, context):
1640 |         # inline import to prevent circular imports
1641 |         from cms.utils.placeholder import get_static_placeholders
1642 | 
1643 |         return get_static_placeholders(self.get_template(), context)
1644 | 
1645 |     def get_xframe_options(self):
1646 |         """ Finds X_FRAME_OPTION from tree if inherited """
1647 |         xframe_options = self.xframe_options or self.X_FRAME_OPTIONS_INHERIT
1648 | 
1649 |         if xframe_options != self.X_FRAME_OPTIONS_INHERIT:
1650 |             return xframe_options
1651 | 
1652 |         # Ignore those pages which just inherit their value
1653 |         ancestors = self.node.get_ancestors()
1654 |         ancestors = ancestors.exclude(page__xframe_options=self.X_FRAME_OPTIONS_INHERIT)
1655 | 
1656 |         # Now just give me the clickjacking setting (not anything else)
1657 |         xframe_options = list(reversed(ancestors.values_list('page__xframe_options', flat=True)))
1658 | 
1659 |         try:
1660 |             return xframe_options[0]
1661 |         except IndexError:
1662 |             return None
```

2026-09-14 23:22:33 utils.py INFO 
LiteLLM completion() model= qwen/qwen3-coder; provider = openrouter
2026-09-14 23:23:33 utils.py INFO Wrapper: Completed Call, calling success_handler
2026-09-14 23:23:33 auto_search_main.py INFO Executing code:
```
print(search_code_snippets(**{'search_terms': ['site languages', 'get_site_translations']}))
```
2026-09-14 23:23:33 __init__.py DEBUG Building index from IDs objects
2026-09-14 23:23:34 __init__.py DEBUG Building index from IDs objects
2026-09-14 23:23:34 __init__.py DEBUG Building index from IDs objects
2026-09-14 23:23:34 __init__.py DEBUG Building index from IDs objects
2026-09-14 23:23:34 auto_search_main.py INFO OBSERVATION:
cms/models/pagemodel.py:Page._update_title_path_recursive
cms/models/pagemodel.py:Page._update_title_path
cms/utils/conf.py:_ensure_languages_settings
cms/models/pagemodel.py:Page.mark_descendants_pending
cms/models/pagemodel.py:Page.mark_descendants_as_published
cms/forms/utils.py:update_site_and_page_choices
cms/cms_menus.py:CMSMenu.get_nodes
cms/cms_menus.py:CMSMenu
cms/models/pagemodel.py:Page.move_page
cms/utils/conf.py:_ensure_languages_settings
cms/migrations/0018_pagenode.py:Migration
cms/migrations/0018_pagenode.py:migrate_to_page_nodes
cms/models/managers.py:PageNodeManager.get_queryset
cms/models/managers.py:PageNodeManager
cms/models/managers.py:PageNodeManager.get_for_site
cms/models/managers.py:PageNodeManager.published
cms/models/fields.py:PlaceholderField.save_form_data
cms/models/fields.py:PlaceholderField.contribute_to_class
cms/models/pagemodel.py:Page._update_title_path_recursive
cms/models/pagemodel.py:Page._update_title_path
cms/utils/conf.py:_ensure_languages_settings
cms/models/pagemodel.py:Page.mark_descendants_pending
cms/models/pagemodel.py:Page.mark_descendants_as_published
cms/forms/utils.py:update_site_and_page_choices
cms/cms_menus.py:CMSMenu.get_nodes
cms/cms_menus.py:CMSMenu
cms/models/pagemodel.py:Page.move_page
cms/utils/conf.py:_ensure_languages_settings
##Searching for term "site languages", "site languages get_site_translations"...
### Search Result:
Found class `cms/middleware/language.py:LanguageCookieMiddleware`.
Source: Retrieved entity using keyword search (bm25).
```
10 | class LanguageCookieMiddleware(MiddlewareMixin):
11 |     def process_response(self, request, response):
12 |         language = get_language()
13 |         if hasattr(request, 'session'):
14 |             session_language = request.session.get(LANGUAGE_SESSION_KEY, None)
15 |             if session_language and not session_language == language:
16 |                 request.session[LANGUAGE_SESSION_KEY] = language
17 |                 request.session.save()
18 |         if settings.LANGUAGE_COOKIE_NAME in request.COOKIES and \
19 |                         request.COOKIES[settings.LANGUAGE_COOKIE_NAME] == language:
20 |             return response
21 |         max_age = 365 * 24 * 60 * 60  # 10 years
22 |         expires = datetime.datetime.utcnow() + datetime.timedelta(seconds=max_age)
23 |         response.set_cookie(settings.LANGUAGE_COOKIE_NAME, language, expires=expires)
24 |         return response
```

Found function `cms/toolbar/toolbar.py:BaseToolbar.language`.
Source: Retrieved entity using keyword search (bm25).
```
40 | def language(self):
41 |         # Backwards compatibility
42 |         warnings.warn(
43 |             "toolbar.language has been deprecated "
44 |             "and will be removed in django CMS 3.6",
45 |             PendingDeprecationWarning
46 |         )
47 |         return self.request_language
```

Found function `cms/models/pagemodel.py:Page._update_title_path`.
Source: Retrieved code content using keyword search (bm25).
```
231 | def _update_title_path(self, language):
232 |         parent_page = self.get_parent()
233 | 
234 |         if parent_page:
235 |             base = parent_page.get_path(language, fallback=True)
236 |         else:
237 |             base = ''
238 | 
239 |         title_obj = self.get_title_obj(language, fallback=False)
240 |         new_path = title_obj.get_path_for_base(base)
241 |         title_obj.path = new_path
242 |         title_obj.save()
```

Found function `cms/models/pagemodel.py:Page._update_title_path_recursive`.
Source: Retrieved code content using keyword search (bm25).
```
244 | def _update_title_path_recursive(self, language, site=None):
245 |         from cms.models import Title
246 | 
247 |         if site is None:
248 |             node = self.node
249 |         else:
250 |             node = self.get_node_object(site)
251 | 
252 |         if node.is_leaf() or language not in self.get_languages():
253 |             return
254 | 
255 |         base = self.get_path(language, fallback=True)
256 |         pages = self.get_child_pages(site, concrete=True)
257 | 
258 |         (Title
259 |          .objects
260 |          .filter(language=language, page__in=pages)
261 |          .exclude(has_url_overwrite=True)
262 |          .update(path=Concat(models.Value(base), models.Value('/'), models.F('slug'))))
263 | 
264 |         for child in pages.filter(title_set__language=language).iterator():
265 |             child._update_title_path_recursive(language, site=site)
266 | 
267 |         if self.site_is_secondary(site):
268 |             return
269 | 
270 |         nodes = self.nodes.exclude(pk=node.pk).select_related('site')
271 | 
272 |         for node in nodes:
273 |             self._nodes_cache.setdefault(node.site.pk, node)
274 |             self._update_title_path_recursive(language, site=node.site)
```

Found function `cms/models/pagemodel.py:Page.mark_descendants_pending`.
Source: Retrieved code content using keyword search (bm25).
```
1120 | def mark_descendants_pending(self, language, site=None):
1121 |         from cms.models import Title
1122 | 
1123 |         if not self.publisher_is_draft:
1124 |             raise PublicIsUnmodifiable('The public instance cannot be altered. Use draft.')
1125 | 
1126 |         if site is None:
1127 |             site = self.site
1128 | 
1129 |         node = self.get_node_object(site)
1130 |         descendants = self.get_descendant_pages(
1131 |             site=site,
1132 |             concrete=self.site_is_secondary(site),
1133 |         )
1134 | 
1135 |         if descendants.exists():
1136 |             pending_drafts = Title.objects.filter(
1137 |                 published=True,
1138 |                 language=language,
1139 |                 page__in=descendants,
1140 |             )
1141 | 
1142 |             Title.objects.filter(
1143 |                 published=True,
1144 |                 language=language,
1145 |                 publisher_public__page__in=descendants,
1146 |             ).update(published=False)
1147 | 
1148 |             # Only change the state if the draft page is not dirty
1149 |             # to avoid overriding a dirty state.
1150 |             (pending_drafts
1151 |              .filter(publisher_state=PUBLISHER_STATE_DEFAULT)
1152 |              .update(publisher_state=PUBLISHER_STATE_PENDING))
1153 | 
1154 |         if self.site_is_secondary(site):
1155 |             return
1156 | 
1157 |         nodes = self.nodes.exclude(pk=node.pk).select_related('site')
1158 | 
1159 |         for node in nodes:
1160 |             self._nodes_cache.setdefault(node.site.pk, node)
1161 |             self.mark_descendants_pending(language, site=node.site)
```

Found function `cms/models/pagemodel.py:Page.mark_descendants_as_published`.
Source: Retrieved code content using keyword search (bm25).
```
1178 | def mark_descendants_as_published(self, language, site=None):
1179 |         from cms.models import Title
1180 | 
1181 |         if not self.publisher_is_draft:
1182 |             raise PublicIsUnmodifiable('The public instance cannot be published. Use draft.')
1183 | 
1184 |         if site is None:
1185 |             site = self.site
1186 | 
1187 |         node = self.get_node_object(site)
1188 |         children = self.get_child_pages(
1189 |             site=site,
1190 |             concrete=self.site_is_secondary(site),
1191 |         )
1192 |         base = self.get_path(language, fallback=True)
1193 | 
1194 |         # Drafts
1195 |         draft_translations = Title.objects.filter(
1196 |             published=True,
1197 |             language=language,
1198 |             page__in=children,
1199 |         )
1200 | 
1201 |         # Set public pending titles as published
1202 |         unpublished_public = Title.objects.filter(
1203 |             language=language,
1204 |             publisher_public__published=True,
1205 |             publisher_public__page__in=children,
1206 |         )
1207 | 
1208 |         # Update public title paths
1209 |         unpublished_public.exclude(has_url_overwrite=True).update(
1210 |             path=Concat(models.Value(base), models.Value('/'), models.F('slug'))
1211 |         )
1212 | 
1213 |         # Set unpublished pending titles to published
1214 |         unpublished_public.filter(published=False).update(published=True)
1215 | 
1216 |         # Update drafts
1217 |         (draft_translations
1218 |          .filter(publisher_state=PUBLISHER_STATE_PENDING)
1219 |          .update(publisher_state=PUBLISHER_STATE_DEFAULT))
1220 | 
1221 |         # Continue publishing descendants, one branch at a time.
1222 |         published_children = children.filter(
1223 |             title_set__published=True,
1224 |             title_set__language=language,
1225 |         )
1226 | 
1227 |         for child in published_children.iterator():
1228 |             child.mark_descendants_as_published(language, site)
1229 | 
1230 |         if self.site_is_secondary(site):
1231 |             return
1232 | 
1233 |         nodes = self.nodes.exclude(pk=node.pk).select_related('site')
1234 | 
1235 |         for node in nodes:
1236 |             self._nodes_cache.setdefault(node.site.pk, node)
1237 |             self.mark_descendants_as_published(language, site=node.site)
```

Found function `cms/utils/conf.py:_ensure_languages_settings`.
Source: Retrieved code content using keyword search (bm25).
```
161 | def _ensure_languages_settings(languages):
162 |     valid_language_keys = ['code', 'name', 'fallbacks', 'hide_untranslated', 'redirect_on_fallback', 'public']
163 |     required_language_keys = ['code', 'name']
164 |     simple_defaults = ['public', 'redirect_on_fallback', 'hide_untranslated']
165 | 
166 |     if not isinstance(languages, dict):
167 |         raise ImproperlyConfigured(
168 |             "CMS_LANGUAGES must be a dictionary with site IDs and 'default'"
169 |             " as keys. Please check the format.")
170 | 
171 |     defaults = languages.pop('default', {})
172 |     default_fallbacks = defaults.get('fallbacks')
173 |     needs_fallbacks = []
174 | 
175 |     for key in defaults:
176 |         if key not in valid_language_keys:
177 |             raise ImproperlyConfigured("CMS_LANGUAGES has an invalid property in the default properties: %s" % key)
178 | 
179 |     for key in simple_defaults:
180 |         if key not in defaults:
181 |             defaults[key] = True
182 | 
183 |     for site, language_list in languages.items():
184 |         if site != hash(site):
185 |             raise ImproperlyConfigured(
186 |                 "CMS_LANGUAGES can only be filled with integers (site IDs) and 'default'"
187 |                 " for default values. %s is not a valid key." % site)
188 | 
189 |         for language_object in language_list:
190 |             for required_key in required_language_keys:
191 |                 if required_key not in language_object:
192 |                     raise ImproperlyConfigured("CMS_LANGUAGES has a language which is missing the required key %r "
193 |                                                "in site %r" % (key, site))
194 |             language_code = language_object['code']
195 |             for key in language_object:
196 |                 if key not in valid_language_keys:
197 |                     raise ImproperlyConfigured(
198 |                         "CMS_LANGUAGES has invalid key %r in language %r in site %r" % (key, language_code, site)
199 |                     )
200 | 
201 |             if 'fallbacks' not in language_object:
202 |                 if default_fallbacks:
203 |                     language_object['fallbacks'] = default_fallbacks
204 |                 else:
205 |                     needs_fallbacks.append((site, language_object))
206 |             for key in simple_defaults:
207 |                 if key not in language_object:
208 |                     language_object[key] = defaults[key]
209 | 
210 |     site_fallbacks = {}
211 |     for site, language_object in needs_fallbacks:
212 |         if site not in site_fallbacks:
213 |             site_fallbacks[site] = [lang['code'] for lang in languages[site] if lang['public']]
214 |         language_object['fallbacks'] = [lang_code for lang_code in site_fallbacks[site] if
215 |             lang_code != language_object['code']]
216 | 
217 |     languages['default'] = defaults
218 |     languages[VERIFIED] = True  # this will be busted by @override_settings and cause a re-check
219 | 
220 |     return languages
```

Found file `cms/middleware/language.py`.
Source: Retrieved entity using keyword search (bm25).
Hint: Search `cms/middleware/language.py` for the full content if needed.



##Searching for term "get_site_translations"...
### Search Result:
Found code snippet in file `cms/models/__init__.py`.
Source: Retrieved code content using keyword search (bm25).
```
 1 | # -*- coding: utf-8 -*-
 2 | from .settingmodels import *  # nopyflakes
 3 | from .pagemodel import *  # nopyflakes
 4 | from .permissionmodels import *  # nopyflakes
 5 | from .placeholdermodel import *  # nopyflakes
 6 | from .pluginmodel import *  # nopyflakes
 7 | from .titlemodels import *  # nopyflakes
 8 | from .placeholderpluginmodel import *  # nopyflakes
 9 | from .static_placeholder import *  # nopyflakes
10 | from .aliaspluginmodel import *  # nopyflakes
11 | from .apphooks_reload import *  # nopyflakes
12 | # must be last
13 | from cms import signals as s_import  # nopyflakes
14 | 
```

Found `cms/models/aliaspluginmodel.py:AliasPluginModel`, `cms/models/aliaspluginmodel.py:AliasPluginModel.Meta`, `cms/models/aliaspluginmodel.py:AliasPluginModel.__str__`, `cms/models/aliaspluginmodel.py:AliasPluginModel.get_aliased_placeholder_id`, `cms/models/aliaspluginmodel.py:AliasPluginModel.is_recursive`.
Source: Retrieved code content using keyword search (bm25).
```
 1 | # -*- coding: utf-8 -*-
 2 | from django.db import models
 3 | from django.db.models import Q
 4 | from django.utils.encoding import force_text, python_2_unicode_compatible
 5 | 
 6 | from cms.models import CMSPlugin, Placeholder
 7 | 
 8 | 
 9 | @python_2_unicode_compatible
10 | class AliasPluginModel(CMSPlugin):
11 |     cmsplugin_ptr = models.OneToOneField(CMSPlugin, related_name='cms_aliasplugin', parent_link=True)
12 |     plugin = models.ForeignKey(CMSPlugin, editable=False, related_name="alias_reference", null=True)
13 |     alias_placeholder = models.ForeignKey(Placeholder, editable=False, related_name="alias_placeholder", null=True)
14 | 
15 |     class Meta:
16 |         app_label = 'cms'
17 | 
18 |     def __str__(self):
19 |         if self.plugin_id:
20 |             return "(%s) %s" % (force_text(self.plugin.get_plugin_name()), self.plugin.get_plugin_instance()[0])
21 |         else:
22 |             return force_text(self.alias_placeholder.get_label())
23 | 
24 |     def get_aliased_placeholder_id(self):
25 |         if self.plugin_id:
26 |             placeholder_id = self.plugin.placeholder_id
27 |         else:
28 |             placeholder_id = self.alias_placeholder_id
29 |         return placeholder_id
30 | 
31 |     def is_recursive(self):
32 |         placeholder_id = self.get_aliased_placeholder_id()
33 | 
34 |         if not placeholder_id:
35 |             return False
36 | 
37 |         plugins = AliasPluginModel.objects.filter(
38 |             plugin_type='AliasPlugin',
39 |             placeholder_id=placeholder_id,
40 |         )
41 |         plugins = plugins.filter(
42 |             Q(plugin=self) |
43 |             Q(plugin__placeholder=self.placeholder_id) |
44 |             Q(alias_placeholder=self.placeholder_id)
45 |         )
46 |         return plugins.exists()
47 | 
```

Found `cms/models/apphooks_reload.py:UrlconfRevision`, `cms/models/apphooks_reload.py:UrlconfRevision.Meta`, `cms/models/apphooks_reload.py:UrlconfRevision.save`, `cms/models/apphooks_reload.py:UrlconfRevision.get_or_create_revision`, `cms/models/apphooks_reload.py:UrlconfRevision.update_revision`.
Source: Retrieved code content using keyword search (bm25).
```
 1 | # -*- coding: utf-8 -*-
 2 | 
 3 | from __future__ import unicode_literals
 4 | 
 5 | import uuid
 6 | 
 7 | from django.db import models
 8 | 
 9 | 
10 | class UrlconfRevision(models.Model):
11 |     revision = models.CharField(max_length=255)
12 | 
13 |     class Meta:
14 |         app_label = 'cms'
15 | 
16 |     def save(self, *args, **kwargs):
17 |         """
18 |         Simply forces this model to be a singleton.
19 |         """
20 |         self.pk = 1
21 |         super(UrlconfRevision, self).save(*args, **kwargs)
22 | 
23 |     @classmethod
24 |     def get_or_create_revision(cls, revision=None):
25 |         """
26 |         Convenience method for getting or creating revision.
27 |         """
28 |         if revision is None:
29 |             revision = str(uuid.uuid4())
30 |         obj, created = cls.objects.get_or_create(
31 |             pk=1, defaults=dict(revision=revision))
32 |         return obj.revision, created
33 | 
34 |     @classmethod
35 |     def update_revision(cls, revision):
36 |         """
37 |         Convenience method for updating the revision.
38 |         """
39 |         obj, created = cls.objects.get_or_create(
40 |             pk=1, defaults=dict(revision=revision))
41 |         if not created:
42 |             obj.revision = revision
43 |             obj.save()
44 | 
```

Found function `cms/models/pagemodel.py:Page.delete_translations`.
Source: Retrieved entity using keyword search (bm25).
```
761 | def delete_translations(self, language=None):
762 |         if language is None:
763 |             languages = self.get_languages()
764 |         else:
765 |             languages = [language]
766 | 
767 |         self.title_set.filter(language__in=languages).delete()
768 | 
769 |         for language in languages:
770 |             self.mark_descendants_pending(language)
```

Found function `cms/models/pagemodel.py:Page.update_translations`.
Source: Retrieved entity using keyword search (bm25).
```
829 | def update_translations(self, language=None, **data):
830 |         if language:
831 |             translations = self.title_set.filter(language=language)
832 |         else:
833 |             translations = self.title_set.all()
834 |         return translations.update(**data)
```

Found function `cms/models/pagemodel.py:Page.set_translations_cache`.
Source: Retrieved entity using keyword search (bm25).
```
1300 | def set_translations_cache(self):
1301 |         for translation in self.title_set.all():
1302 |             self.title_cache.setdefault(translation.language, translation)
```

Found function `cms/migrations/0018_pagenode.py:migrate_to_page_nodes`.
Source: Retrieved code content using keyword search (bm25).
```
50 | def migrate_to_page_nodes(apps, schema_editor):
51 |     Page = apps.get_model('cms', 'Page')
52 |     PageNode = apps.get_model('cms', 'PageNode')
53 |     db_alias = schema_editor.connection.alias
54 | 
55 |     root_draft_pages = Page.objects.using(db_alias).filter(
56 |         publisher_is_draft=True,
57 |         parent__isnull=True,
58 |     )
59 | 
60 |     create_node = PageNode.objects.using(db_alias).create
61 | 
62 |     nodes_by_page = {}
63 | 
64 |     for root in root_draft_pages:
65 |         page_node = create_node(
66 |             page=root,
67 |             site_id=root.site_id,
68 |             path=root.path,
69 |             depth=root.depth,
70 |             numchild=root.numchild,
71 |             parent=None
72 |         )
73 |         nodes_by_page[root.pk] = page_node
74 | 
75 |         for descendant in get_descendants(root):
76 |             descendant_node = create_node(
77 |                 page=descendant,
78 |                 site_id=descendant.site_id,
79 |                 path=descendant.path,
80 |                 depth=descendant.depth,
81 |                 numchild=descendant.numchild,
82 |                 parent=nodes_by_page[descendant.parent_id],
83 |             )
84 |             nodes_by_page[descendant.pk] = descendant_node
```

Found class `cms/migrations/0018_pagenode.py:Migration`.
Source: Retrieved code content using keyword search (bm25).
```
 87 | class Migration(migrations.Migration):
 88 | 
 89 |     dependencies = [
 90 |         ('cms', '0017_pagetype'),
 91 |     ]
 92 | 
 93 |     operations = [
 94 |         migrations.RunPython(unpublish_never_published_pages),
 95 |         migrations.CreateModel(
 96 |             name='PageNode',
 97 |             fields=[
 98 |                 ('id', models.AutoField(auto_created=True, primary_key=True, serialize=False, verbose_name='ID')),
 99 |                 ('path', models.CharField(max_length=255, unique=True)),
100 |                 ('depth', models.PositiveIntegerField()),
101 |                 ('numchild', models.PositiveIntegerField(default=0)),
102 |                 ('page', models.ForeignKey(on_delete=django.db.models.deletion.CASCADE, to='cms.Page', related_name='nodes')),
103 |                 ('parent', models.ForeignKey(blank=True, null=True, on_delete=django.db.models.deletion.CASCADE, related_name='children', to='cms.PageNode')),
104 |                 ('site', models.ForeignKey(help_text='The site the page is accessible at.', on_delete=django.db.models.deletion.CASCADE, related_name='djangocms_page_nodes', to='sites.Site', verbose_name='site')),
105 |             ],
106 |             options={
107 |                 'ordering': ('path',),
108 |                 'default_permissions': (),
109 |             },
110 |         ),
111 |         migrations.AlterUniqueTogether(
112 |             name='pagenode',
113 |             unique_together=set([('page', 'site')]),
114 |         ),
115 |         migrations.RunPython(migrate_to_page_nodes),
116 |         migrations.RemoveField(
117 |             model_name='page',
118 |             name='depth',
119 |         ),
120 |         migrations.RemoveField(
121 |             model_name='page',
122 |             name='numchild',
123 |         ),
124 |         migrations.RemoveField(
125 |             model_name='page',
126 |             name='path',
127 |         ),
128 |         migrations.RemoveField(
129 |             model_name='page',
130 |             name='parent',
131 |         ),
132 |     ]
```

2026-09-14 23:23:34 utils.py INFO 
LiteLLM completion() model= qwen/qwen3-coder; provider = openrouter
2026-09-14 23:24:50 utils.py INFO Wrapper: Completed Call, calling success_handler
2026-09-14 23:24:50 utils.py INFO 
LiteLLM completion() model= qwen/qwen3-coder; provider = openrouter
2026-09-14 23:26:03 utils.py INFO Wrapper: Completed Call, calling success_handler
2026-09-14 23:26:03 auto_search_main.py INFO Executing code:
```
print(get_entity_contents(**{'entity_names': ['cms/admin/pageadmin.py:BasePageAdmin.copy_page']}))
```
2026-09-14 23:26:03 auto_search_main.py INFO OBSERVATION:
##Searching for entity `cms/admin/pageadmin.py:BasePageAdmin.copy_page`...
### Search Result:
Found function `cms/admin/pageadmin.py:BasePageAdmin.copy_page`.
Source: Exact match found for entity name `cms/admin/pageadmin.py:BasePageAdmin.copy_page`.
```
911 | def copy_page(self, request, page_id):
912 |         """
913 |         Copy the page and all its plugins and descendants to the requested
914 |         target, at the given position
915 |         """
916 |         page = self.get_page_from_id(page_id)
917 | 
918 |         if page is None:
919 |             return jsonify_request(HttpResponseBadRequest("error"))
920 | 
921 |         user = request.user
922 |         site = self.get_site(request)
923 |         form = self.copy_form(request.POST or None, page=page, site=site)
924 | 
925 |         if not form.is_valid():
926 |             return jsonify_request(HttpResponseBadRequest("error"))
927 | 
928 |         target = form.cleaned_data['target']
929 |         source_site = form.cleaned_data['source_site']
930 | 
931 |         # User can only copy pages he can see
932 |         can_copy_page = page_permissions.user_can_view_page(user, page, source_site)
933 | 
934 |         if can_copy_page and target:
935 |             # User can only copy a page into another one if he has permission
936 |             # to add a page under the target page.
937 |             can_copy_page = page_permissions.user_can_add_subpage(user, target, site)
938 |         elif can_copy_page:
939 |             # User can only copy / paste a page if he has permission to add a page
940 |             can_copy_page = page_permissions.user_can_add_page(user, site)
941 | 
942 |         if not can_copy_page:
943 |             message = force_text(_("Error! You don't have permissions to copy this page."))
944 |             return jsonify_request(HttpResponseForbidden(message))
945 | 
946 |         new_page = form.copy_page()
947 |         return HttpResponse(json.dumps({"id": new_page.pk}), content_type='application/json')
```

2026-09-14 23:26:03 utils.py INFO 
LiteLLM completion() model= qwen/qwen3-coder; provider = openrouter
2026-09-14 23:26:56 utils.py INFO Wrapper: Completed Call, calling success_handler
2026-09-14 23:26:56 auto_search_main.py INFO Executing code:
```
print(get_entity_contents(**{'entity_names': ['cms/admin/forms.py:CopyPageForm.copy_page']}))
```
2026-09-14 23:26:56 auto_search_main.py INFO OBSERVATION:
##Searching for entity `cms/admin/forms.py:CopyPageForm.copy_page`...
### Search Result:
Found function `cms/admin/forms.py:CopyPageForm.copy_page`.
Source: Exact match found for entity name `cms/admin/forms.py:CopyPageForm.copy_page`.
```
862 | def copy_page(self):
863 |         source_site = self.cleaned_data['source_site']
864 |         target, position = self.get_tree_options()
865 |         copy_permissions = self.cleaned_data.get('copy_permissions', False)
866 |         new_page = self.page.copy_with_descendants(
867 |             source_site,
868 |             target_node=target,
869 |             position=position,
870 |             copy_permissions=copy_permissions,
871 |             target_site=self._site,
872 |         )
873 |         return new_page
```

2026-09-14 23:26:56 utils.py INFO 
LiteLLM completion() model= qwen/qwen3-coder; provider = openrouter
2026-09-14 23:27:30 utils.py INFO Wrapper: Completed Call, calling success_handler
2026-09-14 23:27:30 auto_search_main.py INFO Executing code:
```
print(get_entity_contents(**{'entity_names': ['cms/models/pagemodel.py:Page.has_translation']}))
```
2026-09-14 23:27:30 auto_search_main.py INFO OBSERVATION:
##Searching for entity `cms/models/pagemodel.py:Page.has_translation`...
### Search Result:
Found function `cms/models/pagemodel.py:Page.has_translation`.
Source: Exact match found for entity name `cms/models/pagemodel.py:Page.has_translation`.
```
836 | def has_translation(self, language):
837 |         return self.title_set.filter(language=language).exists()
```

2026-09-14 23:27:30 utils.py INFO 
LiteLLM completion() model= qwen/qwen3-coder; provider = openrouter
2026-09-14 23:28:02 auto_search_main.py WARNING djangocms-rc-0daae01f2f65 attempt 1 execution flow reconstruction exceeded timeout. Terminating.
2026-09-14 23:28:02 auto_search_main.py WARNING Processing time exceeded 15 minutes. Try again.
2026-09-14 23:28:02 auto_search_main.py INFO ==== localizing djangocms-rc-0daae01f2f65 failed, save empty outputs ====
2026-09-14 23:28:02 auto_search_main.py INFO ============================================================
2026-09-14 23:28:02 auto_search_main.py INFO ==== rank 0 setup localize djangocms-rc-0fec81224889 ====
2026-09-14 23:28:02 git_repo_manager.py INFO Clone Github repo https://github.com/djangocms/djangocms.git to playground/fd440663-b2f2-4db9-932f-769a6970ec9b/djangocms_djangocms and checkout commit 68947484a8704250841e38b537d53b627b4e0ab9
2026-09-14 23:28:02 git_repo_manager.py INFO Directory 'playground/fd440663-b2f2-4db9-932f-769a6970ec9b/djangocms_djangocms' was created.
2026-09-14 23:28:02 git_repo_manager.py INFO Cloning repo 'https://github.com/djangocms/djangocms.git'
2026-09-14 23:28:08 git_repo_manager.py INFO Repo 'https://github.com/djangocms/djangocms.git' was cloned to 'playground/fd440663-b2f2-4db9-932f-769a6970ec9b/djangocms_djangocms'
2026-09-14 23:28:14 repo_ops.py INFO [0] Processed djangocms-rc-0fec81224889
2026-09-14 23:28:14 auto_search_main.py INFO ============================================================
2026-09-14 23:28:14 auto_search_main.py INFO ==== rank 0 begin localizing djangocms-rc-0fec81224889 ====
2026-09-14 23:28:14 auto_search_main.py INFO ============================================================
2026-09-14 23:28:14 auto_search_main.py INFO ==== djangocms-rc-0fec81224889 Count down: attempt 1 ====
2026-09-14 23:28:14 auto_search_main.py INFO ==== djangocms-rc-0fec81224889 start auto search ====
2026-09-14 23:28:14 utils.py INFO 
LiteLLM completion() model= qwen/qwen3-coder; provider = openrouter
2026-09-14 23:28:20 utils.py INFO Wrapper: Completed Call, calling success_handler
2026-09-14 23:28:20 auto_search_main.py INFO convert none fncall messages failed.
2026-09-14 23:28:20 utils.py INFO 
LiteLLM completion() model= qwen/qwen3-coder; provider = openrouter
2026-09-14 23:28:22 utils.py INFO Wrapper: Completed Call, calling success_handler
2026-09-14 23:28:22 auto_search_main.py INFO convert none fncall messages failed.
2026-09-14 23:28:22 utils.py INFO 
LiteLLM completion() model= qwen/qwen3-coder; provider = openrouter
2026-09-14 23:28:45 utils.py INFO Wrapper: Completed Call, calling success_handler
2026-09-14 23:28:45 auto_search_main.py INFO Executing code:
```
print(explore_tree_structure(**{'start_entities': ['/'], 'traversal_depth': 2, 'dependency_type_filter': '["contains"]'}))
```
2026-09-14 23:28:45 auto_search_main.py INFO OBSERVATION:
/
├── contains ── manage.py
│               ├── contains ── manage.py:install_auth_user_model
│               └── contains ── manage.py:DisableMigrations
├── contains ── setup.py
├── contains ── docs
│               ├── contains ── docs/conf.py
│               └── contains ── docs/_ext
├── contains ── cms
│               ├── contains ── cms/toolbar_base.py
│               ├── contains ── cms/context_processors.py
│               ├── contains ── cms/app_base.py
│               ├── contains ── cms/apphook_pool.py
│               ├── contains ── cms/menu_bases.py
│               ├── contains ── cms/plugin_pool.py
│               ├── contains ── cms/app_registration.py
│               ├── contains ── cms/plugin_processors.py
│               ├── contains ── cms/page_rendering.py
│               ├── contains ── cms/cms_menus.py
│               ├── contains ── cms/api.py
│               ├── contains ── cms/constants.py
│               ├── contains ── cms/apps.py
│               ├── contains ── cms/cms_toolbars.py
│               ├── contains ── cms/urls.py
│               ├── contains ── cms/cms_config.py
│               ├── contains ── cms/__init__.py
│               ├── contains ── cms/views.py
│               ├── contains ── cms/appresolver.py
│               ├── contains ── cms/plugin_rendering.py
│               ├── contains ── cms/cms_plugins.py
│               ├── contains ── cms/toolbar_pool.py
│               ├── contains ── cms/exceptions.py
│               ├── contains ── cms/cms_wizards.py
│               ├── contains ── cms/templates.py
│               ├── contains ── cms/plugin_base.py
│               ├── contains ── cms/migrations
│               ├── contains ── cms/middleware
│               ├── contains ── cms/signals
│               ├── contains ── cms/toolbar
│               ├── contains ── cms/models
│               ├── contains ── cms/forms
│               ├── contains ── cms/extensions
│               ├── contains ── cms/wizards
│               ├── contains ── cms/admin
│               ├── contains ── cms/utils
│               ├── contains ── cms/sitemaps
│               ├── contains ── cms/operations
│               ├── contains ── cms/cache
│               ├── contains ── cms/management
│               └── contains ── cms/templatetags
└── contains ── menus
                ├── contains ── menus/models.py
                ├── contains ── menus/modifiers.py
                ├── contains ── menus/base.py
                ├── contains ── menus/utils.py
                ├── contains ── menus/apps.py
                ├── contains ── menus/menu_pool.py
                ├── contains ── menus/__init__.py
                ├── contains ── menus/exceptions.py
                ├── contains ── menus/migrations
                └── contains ── menus/templatetags

2026-09-14 23:28:45 utils.py INFO 
LiteLLM completion() model= qwen/qwen3-coder; provider = openrouter
2026-09-14 23:28:52 utils.py INFO Wrapper: Completed Call, calling success_handler
2026-09-14 23:28:52 auto_search_main.py INFO Executing code:
```
print(search_code_snippets(**{'search_terms': ['Alias plugin', 'AliasPlugin']}))
```
2026-09-14 23:28:52 __init__.py DEBUG Building index from IDs objects
2026-09-14 23:28:52 git_repo_manager.py INFO Clone Github repo https://github.com/djangocms/djangocms.git to playground/fd440663-b2f2-4db9-932f-769a6970ec9b/djangocms_djangocms and checkout commit 68947484a8704250841e38b537d53b627b4e0ab9
2026-09-14 23:29:13 __init__.py DEBUG Building index from IDs objects
2026-09-14 23:29:13 auto_search_main.py INFO OBSERVATION:
cms/cms_plugins.py:AliasPlugin.create_alias
cms/cms_plugins.py:impl:2
cms/cms_plugins.py:AliasPlugin.get_plugin_urls
cms/cms_plugins.py:AliasPlugin.get_extra_plugin_menu_items
cms/cms_plugins.py:AliasPlugin
cms/cms_plugins.py:AliasPlugin.get_extra_placeholder_menu_items
cms/cms_plugins.py:AliasPlugin.get_render_queryset
cms/cms_plugins.py:AliasPlugin.get_empty_change_form_text
cms/migrations/0024_set_plugin_absolute_position.py:set_plugin_absolute_position
cms/migrations/0024_set_plugin_absolute_position.py:Migration
cms/migrations/0005_auto_20140924_1039.py:move_to_mp
cms/migrations/0005_auto_20140924_1039.py:Migration
cms/migrations/0030_auto_20180810_0629.py:Migration
cms/migrations/0030_auto_20180810_0629.py:set_page_url
cms/migrations/0019_set_pagenode.py:set_page_nodes
cms/migrations/0018_create_pagenode.py:create_page_nodes
##Searching for term "Alias plugin"...
### Search Result:
Found function `cms/utils/plugins.py:get_plugin_class`.
Source: Retrieved entity using keyword search (bm25).
```
17 | def get_plugin_class(plugin_type):
18 |     return plugin_pool.get_plugin(plugin_type)
```

Found function `cms/utils/plugins.py:get_plugin_model`.
Source: Retrieved entity using keyword search (bm25).
```
22 | def get_plugin_model(plugin_type):
23 |     return get_plugin_class(plugin_type).model
```

Found function `cms/utils/plugins.py:get_plugins`.
Source: Retrieved entity using keyword search (bm25).
```
26 | def get_plugins(request, placeholder, template, lang=None):
27 |     if not placeholder:
28 |         return []
29 |     if not hasattr(placeholder, '_plugins_cache'):
30 |         assign_plugins(request, [placeholder], template, lang)
31 |     return getattr(placeholder, '_plugins_cache')
```

Found function `cms/cms_plugins.py:AliasPlugin.get_extra_plugin_menu_items`.
Source: Retrieved code content using keyword search (bm25).
```
41 | def get_extra_plugin_menu_items(cls, request, plugin):
42 |         return [
43 |             PluginMenuItem(
44 |                 _("Create Alias"),
45 |                 admin_reverse("cms_create_alias"),
46 |                 data={'plugin_id': plugin.pk, 'csrfmiddlewaretoken': get_token(request)},
47 |             )
48 |         ]
```

Found function `cms/cms_plugins.py:AliasPlugin.get_extra_placeholder_menu_items`.
Source: Retrieved code content using keyword search (bm25).
```
51 | def get_extra_placeholder_menu_items(cls, request, placeholder):
52 |         return [
53 |             PluginMenuItem(
54 |                 _("Create Alias"),
55 |                 admin_reverse("cms_create_alias"),
56 |                 data={'placeholder_id': placeholder.pk, 'csrfmiddlewaretoken': get_token(request)},
57 |             )
58 |         ]
```

Found function `cms/cms_plugins.py:AliasPlugin.get_plugin_urls`.
Source: Retrieved code content using keyword search (bm25).
```
60 | def get_plugin_urls(self):
61 |         return [
62 |             url(r'^create_alias/$', self.create_alias, name='cms_create_alias'),
63 |         ]
```

Found function `cms/cms_plugins.py:AliasPlugin.create_alias`.
Source: Retrieved code content using keyword search (bm25).
```
102 | def create_alias(self, request):
103 |         if not request.user.is_staff:
104 |             return HttpResponseForbidden("not enough privileges")
105 |         if not 'plugin_id' in request.POST and not 'placeholder_id' in request.POST:
106 |             return HttpResponseBadRequest("plugin_id or placeholder_id POST parameter missing.")
107 |         plugin = None
108 |         placeholder = None
109 |         if 'plugin_id' in request.POST:
110 |             pk = request.POST['plugin_id']
111 |             try:
112 |                 plugin = CMSPlugin.objects.get(pk=pk)
113 |             except CMSPlugin.DoesNotExist:
114 |                 return HttpResponseBadRequest("plugin with id %s not found." % pk)
115 |         if 'placeholder_id' in request.POST:
116 |             pk = request.POST['placeholder_id']
117 |             try:
118 |                 placeholder = Placeholder.objects.get(pk=pk)
119 |             except Placeholder.DoesNotExist:
120 |                 return HttpResponseBadRequest("placeholder with id %s not found." % pk)
121 |             if not placeholder.has_change_permission(request.user):
122 |                 return HttpResponseBadRequest("You do not have enough permission to alias this placeholder.")
123 |         clipboard = request.toolbar.clipboard
124 |         clipboard.cmsplugin_set.all().delete()
125 |         language = get_language()
126 |         if plugin:
127 |             language = plugin.language
128 |         alias = AliasPluginModel(language=language, placeholder=clipboard, plugin_type="AliasPlugin")
129 |         if plugin:
130 |             alias.plugin = plugin
131 |         if placeholder:
132 |             alias.alias_placeholder = placeholder
133 |         alias.save()
134 |         return HttpResponse("ok")
```

Found file `cms/utils/plugins.py`.
Source: Retrieved entity using keyword search (bm25).
Hint: Search `cms/utils/plugins.py` for the full content if needed.



##Searching for term "Alias plugin", "AliasPlugin"...
### Search Result:
Found class `cms/cms_plugins.py:AliasPlugin`.
Source: Retrieved code content using keyword search (bm25).
Just show the structure of this class due to response length limitations:
```
class AliasPlugin(CMSPluginBase):
    name = _("Alias")
    allow_children = False
    model = AliasPluginModel
    render_template = "cms/plugins/alias.html"
    system = True

    @classmethod
    def get_render_queryset(cls):
...
    @classmethod
    def get_extra_plugin_menu_items(cls, request, plugin):
...
    @classmethod
    def get_extra_placeholder_menu_items(cls, request, placeholder):
...
    def get_plugin_urls(self):
...
    @classmethod
    def get_empty_change_form_text(cls, obj=None):
...
    def create_alias(self, request):

```
Hint: Search `cms/cms_plugins.py:AliasPlugin` to get the full content if needed.
Finding newlines for mmindex:   0%|          | 0.00/2.56M [00:00<?, ?B/s]Finding newlines for mmindex: 100%|##########| 2.56M/2.56M [00:00<00:00, 625MB/s]

2026-09-14 23:29:13 utils.py INFO 
LiteLLM completion() model= qwen/qwen3-coder; provider = openrouter
2026-09-14 23:29:14 utils.py INFO Wrapper: Completed Call, calling success_handler
2026-09-14 23:29:14 auto_search_main.py INFO Executing code:
```
print(search_code_snippets(**{'search_terms': ['AliasPluginModel']}))
```
2026-09-14 23:29:14 auto_search_main.py INFO OBSERVATION:
##Searching for term "AliasPluginModel"...
### Search Result:
Found class `cms/models/aliaspluginmodel.py:AliasPluginModel`.
Source: Match found for entity name `AliasPluginModel`.
```
10 | class AliasPluginModel(CMSPlugin):
11 |     cmsplugin_ptr = models.OneToOneField(
12 |         CMSPlugin,
13 |         on_delete=models.CASCADE,
14 |         related_name='cms_aliasplugin',
15 |         parent_link=True,
16 |     )
17 |     plugin = models.ForeignKey(
18 |         CMSPlugin,
19 |         on_delete=models.CASCADE,
20 |         editable=False,
21 |         related_name='alias_reference',
22 |         null=True,
23 |     )
24 |     alias_placeholder = models.ForeignKey(
25 |         Placeholder,
26 |         on_delete=models.CASCADE,
27 |         editable=False,
28 |         related_name='alias_placeholder',
29 |         null=True,
30 |     )
31 | 
32 |     class Meta:
33 |         app_label = 'cms'
34 | 
35 |     def __str__(self):
36 |         if self.plugin_id:
37 |             return "(%s) %s" % (force_text(self.plugin.get_plugin_name()), self.plugin.get_plugin_instance()[0])
38 |         else:
39 |             return force_text(self.alias_placeholder.get_label())
40 | 
41 |     def get_aliased_placeholder_id(self):
42 |         if self.plugin_id:
43 |             placeholder_id = self.plugin.placeholder_id
44 |         else:
45 |             placeholder_id = self.alias_placeholder_id
46 |         return placeholder_id
47 | 
48 |     def is_recursive(self):
49 |         placeholder_id = self.get_aliased_placeholder_id()
50 | 
51 |         if not placeholder_id:
52 |             return False
53 | 
54 |         plugins = AliasPluginModel.objects.filter(
55 |             plugin_type='AliasPlugin',
56 |             placeholder_id=placeholder_id,
57 |         )
58 |         plugins = plugins.filter(
59 |             Q(plugin=self) |
60 |             Q(plugin__placeholder=self.placeholder_id) |
61 |             Q(alias_placeholder=self.placeholder_id)
62 |         )
63 |         return plugins.exists()
```

2026-09-14 23:29:14 utils.py INFO 
LiteLLM completion() model= qwen/qwen3-coder; provider = openrouter
2026-09-14 23:29:15 utils.py INFO Wrapper: Completed Call, calling success_handler
2026-09-14 23:29:15 auto_search_main.py INFO Executing code:
```
print(get_entity_contents(**{'entity_names': ['cms/cms_plugins.py:AliasPlugin']}))
```
2026-09-14 23:29:15 auto_search_main.py INFO OBSERVATION:
##Searching for entity `cms/cms_plugins.py:AliasPlugin`...
### Search Result:
Found class `cms/cms_plugins.py:AliasPlugin`.
Source: Exact match found for entity name `cms/cms_plugins.py:AliasPlugin`.
```
 28 | class AliasPlugin(CMSPluginBase):
 29 |     name = _("Alias")
 30 |     allow_children = False
 31 |     model = AliasPluginModel
 32 |     render_template = "cms/plugins/alias.html"
 33 |     system = True
 34 | 
 35 |     @classmethod
 36 |     def get_render_queryset(cls):
 37 |         queryset = super(AliasPlugin, cls).get_render_queryset()
 38 |         return queryset.select_related('plugin', 'alias_placeholder')
 39 | 
 40 |     @classmethod
 41 |     def get_extra_plugin_menu_items(cls, request, plugin):
 42 |         return [
 43 |             PluginMenuItem(
 44 |                 _("Create Alias"),
 45 |                 admin_reverse("cms_create_alias"),
 46 |                 data={'plugin_id': plugin.pk, 'csrfmiddlewaretoken': get_token(request)},
 47 |             )
 48 |         ]
 49 | 
 50 |     @classmethod
 51 |     def get_extra_placeholder_menu_items(cls, request, placeholder):
 52 |         return [
 53 |             PluginMenuItem(
 54 |                 _("Create Alias"),
 55 |                 admin_reverse("cms_create_alias"),
 56 |                 data={'placeholder_id': placeholder.pk, 'csrfmiddlewaretoken': get_token(request)},
 57 |             )
 58 |         ]
 59 | 
 60 |     def get_plugin_urls(self):
 61 |         return [
 62 |             url(r'^create_alias/$', self.create_alias, name='cms_create_alias'),
 63 |         ]
 64 | 
 65 |     @classmethod
 66 |     def get_empty_change_form_text(cls, obj=None):
 67 |         original = super(AliasPlugin, cls).get_empty_change_form_text(obj=obj)
 68 | 
 69 |         if not obj:
 70 |             return original
 71 | 
 72 |         instance = obj.get_plugin_instance()[0]
 73 | 
 74 |         if not instance:
 75 |             # Ghost plugin
 76 |             return original
 77 | 
 78 |         aliased_placeholder_id = instance.get_aliased_placeholder_id()
 79 | 
 80 |         if not aliased_placeholder_id:
 81 |             # Corrupt (sadly) Alias plugin
 82 |             return original
 83 | 
 84 |         aliased_placeholder = Placeholder.objects.get(pk=aliased_placeholder_id)
 85 | 
 86 |         origin_page = aliased_placeholder.page
 87 | 
 88 |         if not origin_page:
 89 |             # Placeholder is not attached to a page
 90 |             return original
 91 | 
 92 |         # I have a feeling this could fail with a NoReverseMatch error
 93 |         # if this is the case, then it's likely a corruption.
 94 |         page_url = origin_page.get_absolute_url(language=obj.language)
 95 |         page_title = origin_page.get_title(language=obj.language)
 96 | 
 97 |         message = ugettext('This is an alias reference, '
 98 |                            'you can edit the content only on the '
 99 |                            '<a href="%(page_url)s?edit" target="_parent">%(page_title)s</a> page.')
100 |         return message % {'page_url': page_url, 'page_title': page_title}
101 | 
102 |     def create_alias(self, request):
103 |         if not request.user.is_staff:
104 |             return HttpResponseForbidden("not enough privileges")
105 |         if not 'plugin_id' in request.POST and not 'placeholder_id' in request.POST:
106 |             return HttpResponseBadRequest("plugin_id or placeholder_id POST parameter missing.")
107 |         plugin = None
108 |         placeholder = None
109 |         if 'plugin_id' in request.POST:
110 |             pk = request.POST['plugin_id']
111 |             try:
112 |                 plugin = CMSPlugin.objects.get(pk=pk)
113 |             except CMSPlugin.DoesNotExist:
114 |                 return HttpResponseBadRequest("plugin with id %s not found." % pk)
115 |         if 'placeholder_id' in request.POST:
116 |             pk = request.POST['placeholder_id']
117 |             try:
118 |                 placeholder = Placeholder.objects.get(pk=pk)
119 |             except Placeholder.DoesNotExist:
120 |                 return HttpResponseBadRequest("placeholder with id %s not found." % pk)
121 |             if not placeholder.has_change_permission(request.user):
122 |                 return HttpResponseBadRequest("You do not have enough permission to alias this placeholder.")
123 |         clipboard = request.toolbar.clipboard
124 |         clipboard.cmsplugin_set.all().delete()
125 |         language = get_language()
126 |         if plugin:
127 |             language = plugin.language
128 |         alias = AliasPluginModel(language=language, placeholder=clipboard, plugin_type="AliasPlugin")
129 |         if plugin:
130 |             alias.plugin = plugin
131 |         if placeholder:
132 |             alias.alias_placeholder = placeholder
133 |         alias.save()
134 |         return HttpResponse("ok")
```

2026-09-14 23:29:15 utils.py INFO 
LiteLLM completion() model= qwen/qwen3-coder; provider = openrouter
2026-09-14 23:29:17 utils.py INFO Wrapper: Completed Call, calling success_handler
2026-09-14 23:29:17 auto_search_main.py INFO Executing code:
```
print(get_entity_contents(**{'entity_names': ['cms/models/aliaspluginmodel.py:AliasPluginModel']}))
```
2026-09-14 23:29:17 auto_search_main.py INFO OBSERVATION:
##Searching for entity `cms/models/aliaspluginmodel.py:AliasPluginModel`...
### Search Result:
Found class `cms/models/aliaspluginmodel.py:AliasPluginModel`.
Source: Exact match found for entity name `cms/models/aliaspluginmodel.py:AliasPluginModel`.
```
10 | class AliasPluginModel(CMSPlugin):
11 |     cmsplugin_ptr = models.OneToOneField(
12 |         CMSPlugin,
13 |         on_delete=models.CASCADE,
14 |         related_name='cms_aliasplugin',
15 |         parent_link=True,
16 |     )
17 |     plugin = models.ForeignKey(
18 |         CMSPlugin,
19 |         on_delete=models.CASCADE,
20 |         editable=False,
21 |         related_name='alias_reference',
22 |         null=True,
23 |     )
24 |     alias_placeholder = models.ForeignKey(
25 |         Placeholder,
26 |         on_delete=models.CASCADE,
27 |         editable=False,
28 |         related_name='alias_placeholder',
29 |         null=True,
30 |     )
31 | 
32 |     class Meta:
33 |         app_label = 'cms'
34 | 
35 |     def __str__(self):
36 |         if self.plugin_id:
37 |             return "(%s) %s" % (force_text(self.plugin.get_plugin_name()), self.plugin.get_plugin_instance()[0])
38 |         else:
39 |             return force_text(self.alias_placeholder.get_label())
40 | 
41 |     def get_aliased_placeholder_id(self):
42 |         if self.plugin_id:
43 |             placeholder_id = self.plugin.placeholder_id
44 |         else:
45 |             placeholder_id = self.alias_placeholder_id
46 |         return placeholder_id
47 | 
48 |     def is_recursive(self):
49 |         placeholder_id = self.get_aliased_placeholder_id()
50 | 
51 |         if not placeholder_id:
52 |             return False
53 | 
54 |         plugins = AliasPluginModel.objects.filter(
55 |             plugin_type='AliasPlugin',
56 |             placeholder_id=placeholder_id,
57 |         )
58 |         plugins = plugins.filter(
59 |             Q(plugin=self) |
60 |             Q(plugin__placeholder=self.placeholder_id) |
61 |             Q(alias_placeholder=self.placeholder_id)
62 |         )
63 |         return plugins.exists()
```

2026-09-14 23:29:17 utils.py INFO 
LiteLLM completion() model= qwen/qwen3-coder; provider = openrouter
2026-09-14 23:29:19 utils.py INFO Wrapper: Completed Call, calling success_handler
2026-09-14 23:29:19 auto_search_main.py INFO Executing code:
```
print(get_entity_contents(**{'entity_names': ['cms/models/aliaspluginmodel.py']}))
```
2026-09-14 23:29:19 auto_search_main.py INFO OBSERVATION:
##Searching for entity `cms/models/aliaspluginmodel.py`...
### Search Result:
Found file `cms/models/aliaspluginmodel.py`.
Source: Exact match found for entity name `cms/models/aliaspluginmodel.py`.
```
 1 | # -*- coding: utf-8 -*-
 2 | from django.db import models
 3 | from django.db.models import Q
 4 | from django.utils.encoding import force_text, python_2_unicode_compatible
 5 | 
 6 | from cms.models import CMSPlugin, Placeholder
 7 | 
 8 | 
 9 | @python_2_unicode_compatible
10 | class AliasPluginModel(CMSPlugin):
11 |     cmsplugin_ptr = models.OneToOneField(
12 |         CMSPlugin,
13 |         on_delete=models.CASCADE,
14 |         related_name='cms_aliasplugin',
15 |         parent_link=True,
16 |     )
17 |     plugin = models.ForeignKey(
18 |         CMSPlugin,
19 |         on_delete=models.CASCADE,
20 |         editable=False,
21 |         related_name='alias_reference',
22 |         null=True,
23 |     )
24 |     alias_placeholder = models.ForeignKey(
25 |         Placeholder,
26 |         on_delete=models.CASCADE,
27 |         editable=False,
28 |         related_name='alias_placeholder',
29 |         null=True,
30 |     )
31 | 
32 |     class Meta:
33 |         app_label = 'cms'
34 | 
35 |     def __str__(self):
36 |         if self.plugin_id:
37 |             return "(%s) %s" % (force_text(self.plugin.get_plugin_name()), self.plugin.get_plugin_instance()[0])
38 |         else:
39 |             return force_text(self.alias_placeholder.get_label())
40 | 
41 |     def get_aliased_placeholder_id(self):
42 |         if self.plugin_id:
43 |             placeholder_id = self.plugin.placeholder_id
44 |         else:
45 |             placeholder_id = self.alias_placeholder_id
46 |         return placeholder_id
47 | 
48 |     def is_recursive(self):
49 |         placeholder_id = self.get_aliased_placeholder_id()
50 | 
51 |         if not placeholder_id:
52 |             return False
53 | 
54 |         plugins = AliasPluginModel.objects.filter(
55 |             plugin_type='AliasPlugin',
56 |             placeholder_id=placeholder_id,
57 |         )
58 |         plugins = plugins.filter(
59 |             Q(plugin=self) |
60 |             Q(plugin__placeholder=self.placeholder_id) |
61 |             Q(alias_placeholder=self.placeholder_id)
62 |         )
63 |         return plugins.exists()
64 | 
```

2026-09-14 23:29:19 utils.py INFO 
LiteLLM completion() model= qwen/qwen3-coder; provider = openrouter
2026-09-14 23:29:20 utils.py INFO Wrapper: Completed Call, calling success_handler
2026-09-14 23:29:20 auto_search_main.py INFO Executing code:
```
print(get_entity_contents(**{'entity_names': ['cms/cms_plugins.py']}))
```
2026-09-14 23:29:20 auto_search_main.py INFO OBSERVATION:
##Searching for entity `cms/cms_plugins.py`...
### Search Result:
Found file `cms/cms_plugins.py`.
Source: Exact match found for entity name `cms/cms_plugins.py`.
```
  1 | # -*- coding: utf-8 -*-
  2 | from cms.models import CMSPlugin, Placeholder
  3 | from cms.models.aliaspluginmodel import AliasPluginModel
  4 | from cms.models.placeholderpluginmodel import PlaceholderReference
  5 | from cms.plugin_base import CMSPluginBase, PluginMenuItem
  6 | from cms.plugin_pool import plugin_pool
  7 | from cms.utils.urlutils import admin_reverse
  8 | from django.conf.urls import url
  9 | from django.http import HttpResponseForbidden, HttpResponseBadRequest, HttpResponse
 10 | from django.middleware.csrf import get_token
 11 | from django.utils.translation import ugettext, ugettext_lazy as _, get_language
 12 | 
 13 | 
 14 | class PlaceholderPlugin(CMSPluginBase):
 15 |     name = _("Placeholder")
 16 |     parent_classes = ['0']  # so you will not be able to add it something
 17 |     #require_parent = True
 18 |     render_plugin = False
 19 |     admin_preview = False
 20 |     system = True
 21 | 
 22 |     model = PlaceholderReference
 23 | 
 24 | 
 25 | plugin_pool.register_plugin(PlaceholderPlugin)
 26 | 
 27 | 
 28 | class AliasPlugin(CMSPluginBase):
 29 |     name = _("Alias")
 30 |     allow_children = False
 31 |     model = AliasPluginModel
 32 |     render_template = "cms/plugins/alias.html"
 33 |     system = True
 34 | 
 35 |     @classmethod
 36 |     def get_render_queryset(cls):
 37 |         queryset = super(AliasPlugin, cls).get_render_queryset()
 38 |         return queryset.select_related('plugin', 'alias_placeholder')
 39 | 
 40 |     @classmethod
 41 |     def get_extra_plugin_menu_items(cls, request, plugin):
 42 |         return [
 43 |             PluginMenuItem(
 44 |                 _("Create Alias"),
 45 |                 admin_reverse("cms_create_alias"),
 46 |                 data={'plugin_id': plugin.pk, 'csrfmiddlewaretoken': get_token(request)},
 47 |             )
 48 |         ]
 49 | 
 50 |     @classmethod
 51 |     def get_extra_placeholder_menu_items(cls, request, placeholder):
 52 |         return [
 53 |             PluginMenuItem(
 54 |                 _("Create Alias"),
 55 |                 admin_reverse("cms_create_alias"),
 56 |                 data={'placeholder_id': placeholder.pk, 'csrfmiddlewaretoken': get_token(request)},
 57 |             )
 58 |         ]
 59 | 
 60 |     def get_plugin_urls(self):
 61 |         return [
 62 |             url(r'^create_alias/$', self.create_alias, name='cms_create_alias'),
 63 |         ]
 64 | 
 65 |     @classmethod
 66 |     def get_empty_change_form_text(cls, obj=None):
 67 |         original = super(AliasPlugin, cls).get_empty_change_form_text(obj=obj)
 68 | 
 69 |         if not obj:
 70 |             return original
 71 | 
 72 |         instance = obj.get_plugin_instance()[0]
 73 | 
 74 |         if not instance:
 75 |             # Ghost plugin
 76 |             return original
 77 | 
 78 |         aliased_placeholder_id = instance.get_aliased_placeholder_id()
 79 | 
 80 |         if not aliased_placeholder_id:
 81 |             # Corrupt (sadly) Alias plugin
 82 |             return original
 83 | 
 84 |         aliased_placeholder = Placeholder.objects.get(pk=aliased_placeholder_id)
 85 | 
 86 |         origin_page = aliased_placeholder.page
 87 | 
 88 |         if not origin_page:
 89 |             # Placeholder is not attached to a page
 90 |             return original
 91 | 
 92 |         # I have a feeling this could fail with a NoReverseMatch error
 93 |         # if this is the case, then it's likely a corruption.
 94 |         page_url = origin_page.get_absolute_url(language=obj.language)
 95 |         page_title = origin_page.get_title(language=obj.language)
 96 | 
 97 |         message = ugettext('This is an alias reference, '
 98 |                            'you can edit the content only on the '
 99 |                            '<a href="%(page_url)s?edit" target="_parent">%(page_title)s</a> page.')
100 |         return message % {'page_url': page_url, 'page_title': page_title}
101 | 
102 |     def create_alias(self, request):
103 |         if not request.user.is_staff:
104 |             return HttpResponseForbidden("not enough privileges")
105 |         if not 'plugin_id' in request.POST and not 'placeholder_id' in request.POST:
106 |             return HttpResponseBadRequest("plugin_id or placeholder_id POST parameter missing.")
107 |         plugin = None
108 |         placeholder = None
109 |         if 'plugin_id' in request.POST:
110 |             pk = request.POST['plugin_id']
111 |             try:
112 |                 plugin = CMSPlugin.objects.get(pk=pk)
113 |             except CMSPlugin.DoesNotExist:
114 |                 return HttpResponseBadRequest("plugin with id %s not found." % pk)
115 |         if 'placeholder_id' in request.POST:
116 |             pk = request.POST['placeholder_id']
117 |             try:
118 |                 placeholder = Placeholder.objects.get(pk=pk)
119 |             except Placeholder.DoesNotExist:
120 |                 return HttpResponseBadRequest("placeholder with id %s not found." % pk)
121 |             if not placeholder.has_change_permission(request.user):
122 |                 return HttpResponseBadRequest("You do not have enough permission to alias this placeholder.")
123 |         clipboard = request.toolbar.clipboard
124 |         clipboard.cmsplugin_set.all().delete()
125 |         language = get_language()
126 |         if plugin:
127 |             language = plugin.language
128 |         alias = AliasPluginModel(language=language, placeholder=clipboard, plugin_type="AliasPlugin")
129 |         if plugin:
130 |             alias.plugin = plugin
131 |         if placeholder:
132 |             alias.alias_placeholder = placeholder
133 |         alias.save()
134 |         return HttpResponse("ok")
135 | 
136 | 
137 | plugin_pool.register_plugin(AliasPlugin)
138 | 
```

2026-09-14 23:29:20 utils.py INFO 
LiteLLM completion() model= qwen/qwen3-coder; provider = openrouter
2026-09-14 23:29:24 utils.py INFO Wrapper: Completed Call, calling success_handler
2026-09-14 23:29:24 utils.py INFO 
LiteLLM completion() model= qwen/qwen3-coder; provider = openrouter
2026-09-14 23:29:27 utils.py INFO Wrapper: Completed Call, calling success_handler
2026-09-14 23:29:27 auto_search_main.py INFO Executing code:
```
print(search_code_snippets(**{'search_terms': ['alias', 'AliasPlugin']}))
```
2026-09-14 23:29:27 __init__.py DEBUG Building index from IDs objects
2026-09-14 23:29:27 __init__.py DEBUG Building index from IDs objects
2026-09-14 23:29:27 auto_search_main.py INFO OBSERVATION:
cms/cms_plugins.py:AliasPlugin.get_plugin_urls
cms/cms_plugins.py:AliasPlugin.get_extra_plugin_menu_items
cms/cms_plugins.py:AliasPlugin
cms/cms_plugins.py:AliasPlugin.get_extra_placeholder_menu_items
cms/cms_plugins.py:AliasPlugin.get_render_queryset
cms/cms_plugins.py:AliasPlugin.create_alias
cms/cms_plugins.py:impl:2
cms/cms_plugins.py:AliasPlugin.get_empty_change_form_text
cms/migrations/0030_auto_20180810_0629.py:Migration
cms/migrations/0030_auto_20180810_0629.py:set_page_url
cms/migrations/0019_set_pagenode.py:set_page_nodes
cms/migrations/0018_create_pagenode.py:create_page_nodes
cms/migrations/0024_set_plugin_absolute_position.py:set_plugin_absolute_position
cms/migrations/0024_set_plugin_absolute_position.py:Migration
##Searching for term "alias"...
### Search Result:
Found function `cms/cms_plugins.py:AliasPlugin.get_render_queryset`.
Source: Retrieved code content using keyword search (bm25).
```
36 | def get_render_queryset(cls):
37 |         queryset = super(AliasPlugin, cls).get_render_queryset()
38 |         return queryset.select_related('plugin', 'alias_placeholder')
```

Found function `cms/cms_plugins.py:AliasPlugin.get_extra_plugin_menu_items`.
Source: Retrieved code content using keyword search (bm25).
```
41 | def get_extra_plugin_menu_items(cls, request, plugin):
42 |         return [
43 |             PluginMenuItem(
44 |                 _("Create Alias"),
45 |                 admin_reverse("cms_create_alias"),
46 |                 data={'plugin_id': plugin.pk, 'csrfmiddlewaretoken': get_token(request)},
47 |             )
48 |         ]
```

Found function `cms/cms_plugins.py:AliasPlugin.get_extra_placeholder_menu_items`.
Source: Retrieved code content using keyword search (bm25).
```
51 | def get_extra_placeholder_menu_items(cls, request, placeholder):
52 |         return [
53 |             PluginMenuItem(
54 |                 _("Create Alias"),
55 |                 admin_reverse("cms_create_alias"),
56 |                 data={'placeholder_id': placeholder.pk, 'csrfmiddlewaretoken': get_token(request)},
57 |             )
58 |         ]
```

Found function `cms/cms_plugins.py:AliasPlugin.get_plugin_urls`.
Source: Retrieved code content using keyword search (bm25).
```
60 | def get_plugin_urls(self):
61 |         return [
62 |             url(r'^create_alias/$', self.create_alias, name='cms_create_alias'),
63 |         ]
```

Found function `cms/cms_plugins.py:AliasPlugin.create_alias`.
Source: Retrieved entity using keyword search (bm25).
```
102 | def create_alias(self, request):
103 |         if not request.user.is_staff:
104 |             return HttpResponseForbidden("not enough privileges")
105 |         if not 'plugin_id' in request.POST and not 'placeholder_id' in request.POST:
106 |             return HttpResponseBadRequest("plugin_id or placeholder_id POST parameter missing.")
107 |         plugin = None
108 |         placeholder = None
109 |         if 'plugin_id' in request.POST:
110 |             pk = request.POST['plugin_id']
111 |             try:
112 |                 plugin = CMSPlugin.objects.get(pk=pk)
113 |             except CMSPlugin.DoesNotExist:
114 |                 return HttpResponseBadRequest("plugin with id %s not found." % pk)
115 |         if 'placeholder_id' in request.POST:
116 |             pk = request.POST['placeholder_id']
117 |             try:
118 |                 placeholder = Placeholder.objects.get(pk=pk)
119 |             except Placeholder.DoesNotExist:
120 |                 return HttpResponseBadRequest("placeholder with id %s not found." % pk)
121 |             if not placeholder.has_change_permission(request.user):
122 |                 return HttpResponseBadRequest("You do not have enough permission to alias this placeholder.")
123 |         clipboard = request.toolbar.clipboard
124 |         clipboard.cmsplugin_set.all().delete()
125 |         language = get_language()
126 |         if plugin:
127 |             language = plugin.language
128 |         alias = AliasPluginModel(language=language, placeholder=clipboard, plugin_type="AliasPlugin")
129 |         if plugin:
130 |             alias.plugin = plugin
131 |         if placeholder:
132 |             alias.alias_placeholder = placeholder
133 |         alias.save()
134 |         return HttpResponse("ok")
```

Found function `cms/templatetags/cms_alias_tags.py:render_alias_plugin`.
Source: Retrieved entity using keyword search (bm25).
```
13 | def render_alias_plugin(context, instance):
14 |     request = context['request']
15 |     toolbar = get_toolbar_from_request(request)
16 |     renderer = toolbar.content_renderer
17 | 
18 |     if instance.plugin:
19 |         plugins = instance.plugin.get_descendants()
20 |         plugins = [instance.plugin] + list(plugins)
21 |         plugins = downcast_plugins(plugins, request=request)
22 |         plugins = list(plugins)
23 |         plugins = get_plugins_as_layered_tree(plugins)
24 |         content = renderer.render_plugin(
25 |             instance=plugins[0],
26 |             context=context,
27 |             editable=False,
28 |         )
29 |         return mark_safe(content)
30 | 
31 |     if instance.alias_placeholder:
32 |         content = renderer.render_placeholder(
33 |             placeholder=instance.alias_placeholder,
34 |             context=context,
35 |             editable=False,
36 |         )
37 |         return mark_safe(content)
38 |     return ''
```

Found file `cms/templatetags/cms_alias_tags.py`.
Source: Retrieved entity using keyword search (bm25).
Hint: Search `cms/templatetags/cms_alias_tags.py` for the full content if needed.



##Searching for term "alias", "AliasPlugin"...
### Search Result:
Found class `cms/cms_plugins.py:AliasPlugin`.
Source: Retrieved code content using keyword search (bm25).
Just show the structure of this class due to response length limitations:
```
class AliasPlugin(CMSPluginBase):
    name = _("Alias")
    allow_children = False
    model = AliasPluginModel
    render_template = "cms/plugins/alias.html"
    system = True

    @classmethod
    def get_render_queryset(cls):
...
    @classmethod
    def get_extra_plugin_menu_items(cls, request, plugin):
...
    @classmethod
    def get_extra_placeholder_menu_items(cls, request, placeholder):
...
    def get_plugin_urls(self):
...
    @classmethod
    def get_empty_change_form_text(cls, obj=None):
...
    def create_alias(self, request):

```
Hint: Search `cms/cms_plugins.py:AliasPlugin` to get the full content if needed.

2026-09-14 23:29:27 utils.py INFO 
LiteLLM completion() model= qwen/qwen3-coder; provider = openrouter
2026-09-14 23:29:29 utils.py INFO Wrapper: Completed Call, calling success_handler
2026-09-14 23:29:29 auto_search_main.py INFO Executing code:
```
print(get_entity_contents(**{'entity_names': ['cms/templatetags/cms_alias_tags.py']}))
```
2026-09-14 23:29:29 auto_search_main.py INFO OBSERVATION:
##Searching for entity `cms/templatetags/cms_alias_tags.py`...
### Search Result:
Found file `cms/templatetags/cms_alias_tags.py`.
Source: Exact match found for entity name `cms/templatetags/cms_alias_tags.py`.
```
 1 | # -*- coding: utf-8 -*-
 2 | from django import template
 3 | from django.utils.safestring import mark_safe
 4 | 
 5 | from cms.toolbar.utils import get_toolbar_from_request
 6 | from cms.utils.plugins import downcast_plugins, get_plugins_as_layered_tree
 7 | 
 8 | 
 9 | register = template.Library()
10 | 
11 | 
12 | @register.simple_tag(takes_context=True)
13 | def render_alias_plugin(context, instance):
14 |     request = context['request']
15 |     toolbar = get_toolbar_from_request(request)
16 |     renderer = toolbar.content_renderer
17 | 
18 |     if instance.plugin:
19 |         plugins = instance.plugin.get_descendants()
20 |         plugins = [instance.plugin] + list(plugins)
21 |         plugins = downcast_plugins(plugins, request=request)
22 |         plugins = list(plugins)
23 |         plugins = get_plugins_as_layered_tree(plugins)
24 |         content = renderer.render_plugin(
25 |             instance=plugins[0],
26 |             context=context,
27 |             editable=False,
28 |         )
29 |         return mark_safe(content)
30 | 
31 |     if instance.alias_placeholder:
32 |         content = renderer.render_placeholder(
33 |             placeholder=instance.alias_placeholder,
34 |             context=context,
35 |             editable=False,
36 |         )
37 |         return mark_safe(content)
38 |     return ''
39 | 
```

2026-09-14 23:29:29 utils.py INFO 
LiteLLM completion() model= qwen/qwen3-coder; provider = openrouter
2026-09-14 23:29:32 utils.py INFO Wrapper: Completed Call, calling success_handler
2026-09-14 23:29:32 auto_search_main.py INFO Executing code:
```
print(search_code_snippets(**{'search_terms': ['AliasPluginModel'], 'file_path_or_pattern': 'cms/migrations/*.py'}))
```
2026-09-14 23:29:32 auto_search_main.py INFO OBSERVATION:
##Searching for term "AliasPluginModel"...
### Search Result:
Found class `cms/models/aliaspluginmodel.py:AliasPluginModel`.
Source: Match found for entity name `AliasPluginModel`.
```
10 | class AliasPluginModel(CMSPlugin):
11 |     cmsplugin_ptr = models.OneToOneField(
12 |         CMSPlugin,
13 |         on_delete=models.CASCADE,
14 |         related_name='cms_aliasplugin',
15 |         parent_link=True,
16 |     )
17 |     plugin = models.ForeignKey(
18 |         CMSPlugin,
19 |         on_delete=models.CASCADE,
20 |         editable=False,
21 |         related_name='alias_reference',
22 |         null=True,
23 |     )
24 |     alias_placeholder = models.ForeignKey(
25 |         Placeholder,
26 |         on_delete=models.CASCADE,
27 |         editable=False,
28 |         related_name='alias_placeholder',
29 |         null=True,
30 |     )
31 | 
32 |     class Meta:
33 |         app_label = 'cms'
34 | 
35 |     def __str__(self):
36 |         if self.plugin_id:
37 |             return "(%s) %s" % (force_text(self.plugin.get_plugin_name()), self.plugin.get_plugin_instance()[0])
38 |         else:
39 |             return force_text(self.alias_placeholder.get_label())
40 | 
41 |     def get_aliased_placeholder_id(self):
42 |         if self.plugin_id:
43 |             placeholder_id = self.plugin.placeholder_id
44 |         else:
45 |             placeholder_id = self.alias_placeholder_id
46 |         return placeholder_id
47 | 
48 |     def is_recursive(self):
49 |         placeholder_id = self.get_aliased_placeholder_id()
50 | 
51 |         if not placeholder_id:
52 |             return False
53 | 
54 |         plugins = AliasPluginModel.objects.filter(
55 |             plugin_type='AliasPlugin',
56 |             placeholder_id=placeholder_id,
57 |         )
58 |         plugins = plugins.filter(
59 |             Q(plugin=self) |
60 |             Q(plugin__placeholder=self.placeholder_id) |
61 |             Q(alias_placeholder=self.placeholder_id)
62 |         )
63 |         return plugins.exists()
```

2026-09-14 23:29:32 utils.py INFO 
LiteLLM completion() model= qwen/qwen3-coder; provider = openrouter
2026-09-14 23:29:35 utils.py INFO Wrapper: Completed Call, calling success_handler
2026-09-14 23:29:35 auto_search_main.py INFO Executing code:
```
print(search_code_snippets(**{'search_terms': ['ALIAS', 'alias'], 'file_path_or_pattern': 'cms/settings.py'}))
```
2026-09-14 23:29:35 __init__.py DEBUG Building index from IDs objects
2026-09-14 23:29:35 __init__.py DEBUG Building index from IDs objects
2026-09-14 23:29:35 __init__.py DEBUG Building index from IDs objects
2026-09-14 23:29:35 __init__.py DEBUG Building index from IDs objects
2026-09-14 23:29:35 __init__.py DEBUG Building index from IDs objects
2026-09-14 23:29:35 __init__.py DEBUG Building index from IDs objects
2026-09-14 23:29:35 auto_search_main.py INFO OBSERVATION:
cms/cms_plugins.py:AliasPlugin.get_plugin_urls
cms/cms_plugins.py:AliasPlugin.get_extra_plugin_menu_items
cms/cms_plugins.py:AliasPlugin
cms/cms_plugins.py:AliasPlugin.get_extra_placeholder_menu_items
cms/cms_plugins.py:AliasPlugin.get_render_queryset
cms/cms_plugins.py:AliasPlugin.create_alias
cms/cms_plugins.py:impl:2
cms/cms_plugins.py:AliasPlugin.get_empty_change_form_text
cms/migrations/0030_auto_20180810_0629.py:Migration
cms/migrations/0030_auto_20180810_0629.py:set_page_url
cms/migrations/0019_set_pagenode.py:set_page_nodes
cms/migrations/0018_create_pagenode.py:create_page_nodes
cms/migrations/0024_set_plugin_absolute_position.py:set_plugin_absolute_position
cms/migrations/0024_set_plugin_absolute_position.py:Migration
cms/cms_plugins.py:AliasPlugin.get_plugin_urls
cms/cms_plugins.py:AliasPlugin.get_extra_plugin_menu_items
cms/cms_plugins.py:AliasPlugin
cms/cms_plugins.py:AliasPlugin.get_extra_placeholder_menu_items
cms/cms_plugins.py:AliasPlugin.get_render_queryset
cms/cms_plugins.py:AliasPlugin.create_alias
cms/cms_plugins.py:impl:2
cms/cms_plugins.py:AliasPlugin.get_empty_change_form_text
cms/migrations/0030_auto_20180810_0629.py:Migration
cms/migrations/0030_auto_20180810_0629.py:set_page_url
cms/migrations/0019_set_pagenode.py:set_page_nodes
cms/migrations/0018_create_pagenode.py:create_page_nodes
cms/migrations/0024_set_plugin_absolute_position.py:set_plugin_absolute_position
cms/migrations/0024_set_plugin_absolute_position.py:Migration
cms/cms_plugins.py:AliasPlugin.get_plugin_urls
cms/cms_plugins.py:AliasPlugin.get_extra_plugin_menu_items
cms/cms_plugins.py:AliasPlugin
cms/cms_plugins.py:AliasPlugin.get_extra_placeholder_menu_items
cms/cms_plugins.py:AliasPlugin.get_render_queryset
cms/cms_plugins.py:AliasPlugin.create_alias
cms/cms_plugins.py:impl:2
cms/cms_plugins.py:AliasPlugin.get_empty_change_form_text
cms/migrations/0030_auto_20180810_0629.py:Migration
cms/migrations/0030_auto_20180810_0629.py:set_page_url
cms/migrations/0019_set_pagenode.py:set_page_nodes
cms/migrations/0018_create_pagenode.py:create_page_nodes
cms/migrations/0024_set_plugin_absolute_position.py:set_plugin_absolute_position
cms/migrations/0024_set_plugin_absolute_position.py:Migration
No files found for file pattern 'cms/settings.py'. Will search all files.
...
##Searching for term "ALIAS"...
### Search Result:
Found class `cms/toolbar/items.py:LinkItem`.
Source: Retrieved entity using keyword search (bm25).
```
262 | class LinkItem(BaseItem):
263 |     template = "cms/toolbar/items/item_link.html"
264 | 
265 |     def __init__(self, name, url, active=False, disabled=False, extra_classes=None, side=LEFT):
266 |         super(LinkItem, self).__init__(side)
267 |         self.name = name
268 |         self.url = url
269 |         self.active = active
270 |         self.disabled = disabled
271 |         self.extra_classes = extra_classes or []
272 | 
273 |     def __repr__(self):
274 |         return '<LinkItem:%s>' % force_text(self.name)
275 | 
276 |     def get_context(self):
277 |         return {
278 |             'url': self.url,
279 |             'name': self.name,
280 |             'active': self.active,
281 |             'disabled': self.disabled,
282 |             'extra_classes': self.extra_classes,
283 |         }
```

Found class `cms/toolbar/items.py:AjaxItem`.
Source: Retrieved entity using keyword search (bm25).
```
328 | class AjaxItem(BaseItem):
329 |     template = "cms/toolbar/items/item_ajax.html"
330 | 
331 |     def __init__(self, name, action, csrf_token, data=None, active=False,
332 |                  disabled=False, extra_classes=None,
333 |                  question=None, side=LEFT, on_success=None, method='POST'):
334 |         super(AjaxItem, self).__init__(side)
335 |         self.name = name
336 |         self.action = action
337 |         self.active = active
338 |         self.disabled = disabled
339 |         self.csrf_token = csrf_token
340 |         self.data = data or {}
341 |         self.extra_classes = extra_classes or []
342 |         self.question = question
343 |         self.on_success = on_success
344 |         self.method = method
345 | 
346 |     def __repr__(self):
347 |         return '<AjaxItem:%s>' % force_text(self.name)
348 | 
349 |     def get_context(self):
350 |         data = self.data.copy()
351 | 
352 |         if self.method not in ('GET', 'HEAD', 'OPTIONS', 'TRACE'):
353 |             data['csrfmiddlewaretoken'] = self.csrf_token
354 | 
355 |         return {
356 |             'action': self.action,
357 |             'name': self.name,
358 |             'active': self.active,
359 |             'disabled': self.disabled,
360 |             'extra_classes': self.extra_classes,
361 |             'data': json.dumps(data),
362 |             'question': self.question,
363 |             'on_success': self.on_success,
364 |             'method': self.method,
365 |         }
```



##Searching for term "ALIAS", "alias", "ALIAS alias"...
### Search Result:
Found class `cms/cms_plugins.py:AliasPlugin`.
Source: Retrieved code content using keyword search (bm25).
Just show the structure of this class due to response length limitations:
```
class AliasPlugin(CMSPluginBase):
    name = _("Alias")
    allow_children = False
    model = AliasPluginModel
    render_template = "cms/plugins/alias.html"
    system = True

    @classmethod
    def get_render_queryset(cls):
...
    @classmethod
    def get_extra_plugin_menu_items(cls, request, plugin):
...
    @classmethod
    def get_extra_placeholder_menu_items(cls, request, placeholder):
...
    def get_plugin_urls(self):
...
    @classmethod
    def get_empty_change_form_text(cls, obj=None):
...
    def create_alias(self, request):

```
Hint: Search `cms/cms_plugins.py:AliasPlugin` to get the full content if needed.

Found function `cms/cms_plugins.py:AliasPlugin.get_render_queryset`.
Source: Retrieved code content using keyword search (bm25).
```
36 | def get_render_queryset(cls):
37 |         queryset = super(AliasPlugin, cls).get_render_queryset()
38 |         return queryset.select_related('plugin', 'alias_placeholder')
```

Found function `cms/cms_plugins.py:AliasPlugin.get_extra_plugin_menu_items`.
Source: Retrieved code content using keyword search (bm25).
```
41 | def get_extra_plugin_menu_items(cls, request, plugin):
42 |         return [
43 |             PluginMenuItem(
44 |                 _("Create Alias"),
45 |                 admin_reverse("cms_create_alias"),
46 |                 data={'plugin_id': plugin.pk, 'csrfmiddlewaretoken': get_token(request)},
47 |             )
48 |         ]
```

Found function `cms/cms_plugins.py:AliasPlugin.get_extra_placeholder_menu_items`.
Source: Retrieved code content using keyword search (bm25).
```
51 | def get_extra_placeholder_menu_items(cls, request, placeholder):
52 |         return [
53 |             PluginMenuItem(
54 |                 _("Create Alias"),
55 |                 admin_reverse("cms_create_alias"),
56 |                 data={'placeholder_id': placeholder.pk, 'csrfmiddlewaretoken': get_token(request)},
57 |             )
58 |         ]
```

Found function `cms/cms_plugins.py:AliasPlugin.get_plugin_urls`.
Source: Retrieved code content using keyword search (bm25).
```
60 | def get_plugin_urls(self):
61 |         return [
62 |             url(r'^create_alias/$', self.create_alias, name='cms_create_alias'),
63 |         ]
```



##Searching for term "alias", "ALIAS alias"...
### Search Result:
Found function `cms/cms_plugins.py:AliasPlugin.create_alias`.
Source: Retrieved entity using keyword search (bm25).
```
102 | def create_alias(self, request):
103 |         if not request.user.is_staff:
104 |             return HttpResponseForbidden("not enough privileges")
105 |         if not 'plugin_id' in request.POST and not 'placeholder_id' in request.POST:
106 |             return HttpResponseBadRequest("plugin_id or placeholder_id POST parameter missing.")
107 |         plugin = None
108 |         placeholder = None
109 |         if 'plugin_id' in request.POST:
110 |             pk = request.POST['plugin_id']
111 |             try:
112 |                 plugin = CMSPlugin.objects.get(pk=pk)
113 |             except CMSPlugin.DoesNotExist:
114 |                 return HttpResponseBadRequest("plugin with id %s not found." % pk)
115 |         if 'placeholder_id' in request.POST:
116 |             pk = request.POST['placeholder_id']
117 |             try:
118 |                 placeholder = Placeholder.objects.get(pk=pk)
119 |             except Placeholder.DoesNotExist:
120 |                 return HttpResponseBadRequest("placeholder with id %s not found." % pk)
121 |             if not placeholder.has_change_permission(request.user):
122 |                 return HttpResponseBadRequest("You do not have enough permission to alias this placeholder.")
123 |         clipboard = request.toolbar.clipboard
124 |         clipboard.cmsplugin_set.all().delete()
125 |         language = get_language()
126 |         if plugin:
127 |             language = plugin.language
128 |         alias = AliasPluginModel(language=language, placeholder=clipboard, plugin_type="AliasPlugin")
129 |         if plugin:
130 |             alias.plugin = plugin
131 |         if placeholder:
132 |             alias.alias_placeholder = placeholder
133 |         alias.save()
134 |         return HttpResponse("ok")
```

Found function `cms/templatetags/cms_alias_tags.py:render_alias_plugin`.
Source: Retrieved entity using keyword search (bm25).
```
13 | def render_alias_plugin(context, instance):
14 |     request = context['request']
15 |     toolbar = get_toolbar_from_request(request)
16 |     renderer = toolbar.content_renderer
17 | 
18 |     if instance.plugin:
19 |         plugins = instance.plugin.get_descendants()
20 |         plugins = [instance.plugin] + list(plugins)
21 |         plugins = downcast_plugins(plugins, request=request)
22 |         plugins = list(plugins)
23 |         plugins = get_plugins_as_layered_tree(plugins)
24 |         content = renderer.render_plugin(
25 |             instance=plugins[0],
26 |             context=context,
27 |             editable=False,
28 |         )
29 |         return mark_safe(content)
30 | 
31 |     if instance.alias_placeholder:
32 |         content = renderer.render_placeholder(
33 |             placeholder=instance.alias_placeholder,
34 |             context=context,
35 |             editable=False,
36 |         )
37 |         return mark_safe(content)
38 |     return ''
```

Found file `cms/templatetags/cms_alias_tags.py`.
Source: Retrieved entity using keyword search (bm25).
Hint: Search `cms/templatetags/cms_alias_tags.py` for the full content if needed.

2026-09-14 23:29:35 utils.py INFO 
LiteLLM completion() model= qwen/qwen3-coder; provider = openrouter
2026-09-14 23:29:38 utils.py INFO Wrapper: Completed Call, calling success_handler
2026-09-14 23:29:38 auto_search_main.py INFO Executing code:
```
print(search_code_snippets(**{'search_terms': ['AliasPlugin'], 'file_path_or_pattern': 'cms/**/*.py'}))
```
2026-09-14 23:29:38 auto_search_main.py INFO OBSERVATION:
##Searching for term "AliasPlugin"...
### Search Result:
Found class `cms/cms_plugins.py:AliasPlugin`.
Source: Match found for entity name `AliasPlugin`.
Just show the structure of this class due to response length limitations:
```
class AliasPlugin(CMSPluginBase):
    name = _("Alias")
    allow_children = False
    model = AliasPluginModel
    render_template = "cms/plugins/alias.html"
    system = True

    @classmethod
    def get_render_queryset(cls):
...
    @classmethod
    def get_extra_plugin_menu_items(cls, request, plugin):
...
    @classmethod
    def get_extra_placeholder_menu_items(cls, request, placeholder):
...
    def get_plugin_urls(self):
...
    @classmethod
    def get_empty_change_form_text(cls, obj=None):
...
    def create_alias(self, request):

```
Hint: Search `cms/cms_plugins.py:AliasPlugin` to get the full content if needed.

2026-09-14 23:29:38 utils.py INFO 
LiteLLM completion() model= qwen/qwen3-coder; provider = openrouter
2026-09-14 23:29:41 utils.py INFO Wrapper: Completed Call, calling success_handler
2026-09-14 23:29:41 auto_search_main.py INFO Executing code:
```
print(search_code_snippets(**{'search_terms': ['alias plugin', 'Alias plugin'], 'file_path_or_pattern': 'docs/**/*.rst'}))
```
2026-09-14 23:29:41 __init__.py DEBUG Building index from IDs objects
2026-09-14 23:29:42 __init__.py DEBUG Building index from IDs objects
2026-09-14 23:29:42 __init__.py DEBUG Building index from IDs objects
2026-09-14 23:29:42 auto_search_main.py INFO OBSERVATION:
cms/cms_plugins.py:AliasPlugin.create_alias
cms/cms_plugins.py:impl:2
cms/cms_plugins.py:AliasPlugin.get_plugin_urls
cms/cms_plugins.py:AliasPlugin.get_extra_plugin_menu_items
cms/cms_plugins.py:AliasPlugin
cms/cms_plugins.py:AliasPlugin.get_extra_placeholder_menu_items
cms/cms_plugins.py:AliasPlugin.get_render_queryset
cms/cms_plugins.py:AliasPlugin.get_empty_change_form_text
cms/migrations/0024_set_plugin_absolute_position.py:set_plugin_absolute_position
cms/migrations/0024_set_plugin_absolute_position.py:Migration
cms/migrations/0005_auto_20140924_1039.py:move_to_mp
cms/migrations/0005_auto_20140924_1039.py:Migration
cms/migrations/0030_auto_20180810_0629.py:Migration
cms/migrations/0030_auto_20180810_0629.py:set_page_url
cms/migrations/0019_set_pagenode.py:set_page_nodes
cms/migrations/0018_create_pagenode.py:create_page_nodes
cms/cms_plugins.py:AliasPlugin.create_alias
cms/cms_plugins.py:impl:2
cms/cms_plugins.py:AliasPlugin.get_plugin_urls
cms/cms_plugins.py:AliasPlugin.get_extra_plugin_menu_items
cms/cms_plugins.py:AliasPlugin
cms/cms_plugins.py:AliasPlugin.get_extra_placeholder_menu_items
cms/cms_plugins.py:AliasPlugin.get_render_queryset
cms/cms_plugins.py:AliasPlugin.get_empty_change_form_text
cms/migrations/0024_set_plugin_absolute_position.py:set_plugin_absolute_position
cms/migrations/0024_set_plugin_absolute_position.py:Migration
cms/migrations/0005_auto_20140924_1039.py:move_to_mp
cms/migrations/0005_auto_20140924_1039.py:Migration
cms/migrations/0030_auto_20180810_0629.py:Migration
cms/migrations/0030_auto_20180810_0629.py:set_page_url
cms/migrations/0019_set_pagenode.py:set_page_nodes
cms/migrations/0018_create_pagenode.py:create_page_nodes
cms/cms_plugins.py:AliasPlugin.create_alias
cms/cms_plugins.py:impl:2
cms/cms_plugins.py:AliasPlugin.get_plugin_urls
cms/cms_plugins.py:AliasPlugin.get_extra_plugin_menu_items
cms/cms_plugins.py:AliasPlugin
cms/cms_plugins.py:AliasPlugin.get_extra_placeholder_menu_items
cms/cms_plugins.py:AliasPlugin.get_render_queryset
cms/cms_plugins.py:AliasPlugin.get_empty_change_form_text
cms/migrations/0024_set_plugin_absolute_position.py:set_plugin_absolute_position
cms/migrations/0024_set_plugin_absolute_position.py:Migration
cms/migrations/0005_auto_20140924_1039.py:move_to_mp
cms/migrations/0005_auto_20140924_1039.py:Migration
cms/migrations/0030_auto_20180810_0629.py:Migration
cms/migrations/0030_auto_20180810_0629.py:set_page_url
cms/migrations/0019_set_pagenode.py:set_page_nodes
cms/migrations/0018_create_pagenode.py:create_page_nodes
No files found for file pattern 'docs/**/*.rst'. Will search all files.
...
##Searching for term "alias plugin", "Alias plugin", "alias plugin Alias plugin"...
### Search Result:
Found class `cms/cms_plugins.py:AliasPlugin`.
Source: Retrieved code content using keyword search (bm25).
Just show the structure of this class due to response length limitations:
```
class AliasPlugin(CMSPluginBase):
    name = _("Alias")
    allow_children = False
    model = AliasPluginModel
    render_template = "cms/plugins/alias.html"
    system = True

    @classmethod
    def get_render_queryset(cls):
...
    @classmethod
    def get_extra_plugin_menu_items(cls, request, plugin):
...
    @classmethod
    def get_extra_placeholder_menu_items(cls, request, placeholder):
...
    def get_plugin_urls(self):
...
    @classmethod
    def get_empty_change_form_text(cls, obj=None):
...
    def create_alias(self, request):

```
Hint: Search `cms/cms_plugins.py:AliasPlugin` to get the full content if needed.

Found function `cms/utils/plugins.py:get_plugin_class`.
Source: Retrieved entity using keyword search (bm25).
```
17 | def get_plugin_class(plugin_type):
18 |     return plugin_pool.get_plugin(plugin_type)
```

Found function `cms/utils/plugins.py:get_plugin_model`.
Source: Retrieved entity using keyword search (bm25).
```
22 | def get_plugin_model(plugin_type):
23 |     return get_plugin_class(plugin_type).model
```

Found function `cms/utils/plugins.py:get_plugins`.
Source: Retrieved entity using keyword search (bm25).
```
26 | def get_plugins(request, placeholder, template, lang=None):
27 |     if not placeholder:
28 |         return []
29 |     if not hasattr(placeholder, '_plugins_cache'):
30 |         assign_plugins(request, [placeholder], template, lang)
31 |     return getattr(placeholder, '_plugins_cache')
```

Found function `cms/cms_plugins.py:AliasPlugin.get_extra_plugin_menu_items`.
Source: Retrieved code content using keyword search (bm25).
```
41 | def get_extra_plugin_menu_items(cls, request, plugin):
42 |         return [
43 |             PluginMenuItem(
44 |                 _("Create Alias"),
45 |                 admin_reverse("cms_create_alias"),
46 |                 data={'plugin_id': plugin.pk, 'csrfmiddlewaretoken': get_token(request)},
47 |             )
48 |         ]
```

Found function `cms/cms_plugins.py:AliasPlugin.get_extra_placeholder_menu_items`.
Source: Retrieved code content using keyword search (bm25).
```
51 | def get_extra_placeholder_menu_items(cls, request, placeholder):
52 |         return [
53 |             PluginMenuItem(
54 |                 _("Create Alias"),
55 |                 admin_reverse("cms_create_alias"),
56 |                 data={'placeholder_id': placeholder.pk, 'csrfmiddlewaretoken': get_token(request)},
57 |             )
58 |         ]
```

Found function `cms/cms_plugins.py:AliasPlugin.get_plugin_urls`.
Source: Retrieved code content using keyword search (bm25).
```
60 | def get_plugin_urls(self):
61 |         return [
62 |             url(r'^create_alias/$', self.create_alias, name='cms_create_alias'),
63 |         ]
```

Found function `cms/cms_plugins.py:AliasPlugin.create_alias`.
Source: Retrieved code content using keyword search (bm25).
```
102 | def create_alias(self, request):
103 |         if not request.user.is_staff:
104 |             return HttpResponseForbidden("not enough privileges")
105 |         if not 'plugin_id' in request.POST and not 'placeholder_id' in request.POST:
106 |             return HttpResponseBadRequest("plugin_id or placeholder_id POST parameter missing.")
107 |         plugin = None
108 |         placeholder = None
109 |         if 'plugin_id' in request.POST:
110 |             pk = request.POST['plugin_id']
111 |             try:
112 |                 plugin = CMSPlugin.objects.get(pk=pk)
113 |             except CMSPlugin.DoesNotExist:
114 |                 return HttpResponseBadRequest("plugin with id %s not found." % pk)
115 |         if 'placeholder_id' in request.POST:
116 |             pk = request.POST['placeholder_id']
117 |             try:
118 |                 placeholder = Placeholder.objects.get(pk=pk)
119 |             except Placeholder.DoesNotExist:
120 |                 return HttpResponseBadRequest("placeholder with id %s not found." % pk)
121 |             if not placeholder.has_change_permission(request.user):
122 |                 return HttpResponseBadRequest("You do not have enough permission to alias this placeholder.")
123 |         clipboard = request.toolbar.clipboard
124 |         clipboard.cmsplugin_set.all().delete()
125 |         language = get_language()
126 |         if plugin:
127 |             language = plugin.language
128 |         alias = AliasPluginModel(language=language, placeholder=clipboard, plugin_type="AliasPlugin")
129 |         if plugin:
130 |             alias.plugin = plugin
131 |         if placeholder:
132 |             alias.alias_placeholder = placeholder
133 |         alias.save()
134 |         return HttpResponse("ok")
```

Found file `cms/utils/plugins.py`.
Source: Retrieved entity using keyword search (bm25).
Hint: Search `cms/utils/plugins.py` for the full content if needed.

2026-09-14 23:29:42 utils.py INFO 
LiteLLM completion() model= qwen/qwen3-coder; provider = openrouter
2026-09-14 23:29:45 utils.py INFO Wrapper: Completed Call, calling success_handler
2026-09-14 23:29:45 utils.py INFO 
LiteLLM completion() model= qwen/qwen3-coder; provider = openrouter
2026-09-14 23:29:47 utils.py INFO Wrapper: Completed Call, calling success_handler
2026-09-14 23:29:47 auto_search_main.py INFO Executing code:
```
print(search_code_snippets(**{'search_terms': ['cms_aliasplugin', 'alias_reference', 'alias_placeholder']}))
```
2026-09-14 23:29:48 __init__.py DEBUG Building index from IDs objects
2026-09-14 23:29:48 __init__.py DEBUG Building index from IDs objects
2026-09-14 23:29:48 __init__.py DEBUG Building index from IDs objects
2026-09-14 23:29:48 __init__.py DEBUG Building index from IDs objects
2026-09-14 23:29:48 __init__.py DEBUG Building index from IDs objects
2026-09-14 23:29:49 __init__.py DEBUG Building index from IDs objects
2026-09-14 23:29:49 __init__.py DEBUG Building index from IDs objects
2026-09-14 23:29:49 __init__.py DEBUG Building index from IDs objects
2026-09-14 23:29:49 auto_search_main.py INFO OBSERVATION:
cms/migrations/0020_old_tree_cleanup.py:Migration.apply
cms/migrations/0019_set_pagenode.py:Migration
cms/migrations/0019_set_pagenode.py:Migration.apply
cms/migrations/0001_initial.py:Migration
cms/migrations/0019_set_pagenode.py:set_page_nodes
cms/migrations/0019_set_pagenode.py:Migration
cms/migrations/0019_set_pagenode.py:Migration.apply
cms/migrations/0020_old_tree_cleanup.py:Migration.apply
cms/cms_plugins.py:AliasPlugin.get_plugin_urls
cms/cms_plugins.py:AliasPlugin.get_extra_plugin_menu_items
cms/cms_plugins.py:AliasPlugin
cms/cms_plugins.py:AliasPlugin.get_extra_placeholder_menu_items
cms/cms_plugins.py:AliasPlugin.get_render_queryset
cms/cms_plugins.py:AliasPlugin.create_alias
cms/cms_plugins.py:impl:2
cms/migrations/0020_old_tree_cleanup.py:Migration.apply
cms/cms_plugins.py:AliasPlugin.get_plugin_urls
cms/cms_plugins.py:AliasPlugin.get_extra_plugin_menu_items
cms/cms_plugins.py:AliasPlugin
cms/cms_plugins.py:AliasPlugin.get_extra_placeholder_menu_items
cms/cms_plugins.py:AliasPlugin.get_render_queryset
cms/cms_plugins.py:AliasPlugin.create_alias
cms/cms_plugins.py:impl:2
cms/migrations/0001_initial.py:Migration
cms/migrations/0020_old_tree_cleanup.py:Migration.apply
##Searching for term "cms_aliasplugin"...
### Search Result:
Found `cms/migrations/0016_auto_20160608_1535.py:Migration`.
Source: Retrieved code content using keyword search (bm25).
```
 1 | # -*- coding: utf-8 -*-
 2 | from __future__ import unicode_literals
 3 | 
 4 | from django.db import migrations, models
 5 | 
 6 | 
 7 | class Migration(migrations.Migration):
 8 | 
 9 |     dependencies = [
10 |         ('cms', '0015_auto_20160421_0000'),
11 |     ]
12 | 
13 |     operations = [
14 |         migrations.AlterField(
15 |             model_name='aliaspluginmodel',
16 |             name='cmsplugin_ptr',
17 |             field=models.OneToOneField(parent_link=True, related_name='cms_aliasplugin', primary_key=True, serialize=False, to='cms.CMSPlugin', on_delete=models.CASCADE),
18 |         ),
19 |         migrations.AlterField(
20 |             model_name='placeholderreference',
21 |             name='cmsplugin_ptr',
22 |             field=models.OneToOneField(parent_link=True, related_name='cms_placeholderreference', primary_key=True, serialize=False, to='cms.CMSPlugin', on_delete=models.CASCADE),
23 |         ),
24 |     ]
25 | 
```

Found `cms/models/aliaspluginmodel.py:AliasPluginModel`, `cms/models/aliaspluginmodel.py:AliasPluginModel.Meta`, `cms/models/aliaspluginmodel.py:AliasPluginModel.__str__`, `cms/models/aliaspluginmodel.py:AliasPluginModel.get_aliased_placeholder_id`, `cms/models/aliaspluginmodel.py:AliasPluginModel.is_recursive`.
Source: Retrieved code content using keyword search (bm25).
```
 1 | # -*- coding: utf-8 -*-
 2 | from django.db import models
 3 | from django.db.models import Q
 4 | from django.utils.encoding import force_text, python_2_unicode_compatible
 5 | 
 6 | from cms.models import CMSPlugin, Placeholder
 7 | 
 8 | 
 9 | @python_2_unicode_compatible
10 | class AliasPluginModel(CMSPlugin):
11 |     cmsplugin_ptr = models.OneToOneField(
12 |         CMSPlugin,
13 |         on_delete=models.CASCADE,
14 |         related_name='cms_aliasplugin',
15 |         parent_link=True,
16 |     )
17 |     plugin = models.ForeignKey(
18 |         CMSPlugin,
19 |         on_delete=models.CASCADE,
20 |         editable=False,
21 |         related_name='alias_reference',
22 |         null=True,
23 |     )
24 |     alias_placeholder = models.ForeignKey(
25 |         Placeholder,
26 |         on_delete=models.CASCADE,
27 |         editable=False,
28 |         related_name='alias_placeholder',
29 |         null=True,
30 |     )
31 | 
32 |     class Meta:
33 |         app_label = 'cms'
34 | 
35 |     def __str__(self):
36 |         if self.plugin_id:
37 |             return "(%s) %s" % (force_text(self.plugin.get_plugin_name()), self.plugin.get_plugin_instance()[0])
38 |         else:
39 |             return force_text(self.alias_placeholder.get_label())
40 | 
41 |     def get_aliased_placeholder_id(self):
42 |         if self.plugin_id:
43 |             placeholder_id = self.plugin.placeholder_id
44 |         else:
45 |             placeholder_id = self.alias_placeholder_id
46 |         return placeholder_id
47 | 
48 |     def is_recursive(self):
49 |         placeholder_id = self.get_aliased_placeholder_id()
50 | 
51 |         if not placeholder_id:
52 |             return False
53 | 
54 |         plugins = AliasPluginModel.objects.filter(
55 |             plugin_type='AliasPlugin',
56 |             placeholder_id=placeholder_id,
57 |         )
58 |         plugins = plugins.filter(
59 |             Q(plugin=self) |
60 |             Q(plugin__placeholder=self.placeholder_id) |
61 |             Q(alias_placeholder=self.placeholder_id)
62 |         )
63 |         return plugins.exists()
64 | 
```

Found `cms/migrations/0020_old_tree_cleanup.py:Migration`.
Source: Retrieved code content using keyword search (bm25).
```
 1 | # -*- coding: utf-8 -*-
 2 | # Generated by Django 1.10.8 on 2018-01-03 19:50
 3 | from __future__ import unicode_literals
 4 | 
 5 | import django
 6 | import django.contrib.auth.models
 7 | from django.db import migrations, models
 8 | import django.db.models.deletion
 9 | 
10 | from . import IrreversibleMigration
11 | 
12 | 
13 | class Migration(IrreversibleMigration):
14 | 
15 |     dependencies = [
16 |         ('cms', '0019_set_pagenode'),
17 |     ]
18 | 
19 |     operations = [
20 |         migrations.AlterModelOptions(
21 |             name='page',
22 |             options={'verbose_name': 'page', 'verbose_name_plural': 'pages', 'permissions': (
23 |             ('view_page', 'Can view page'), ('publish_page', 'Can publish page'),
24 |             ('edit_static_placeholder', 'Can edit static placeholders'))},
25 |         ),
26 |         migrations.AlterField(
27 |             model_name='page',
28 |             name='node',
29 |             field=models.ForeignKey(on_delete=django.db.models.deletion.CASCADE, related_name='cms_pages',
30 |                                     to='cms.TreeNode'),
31 |         ),
32 |         migrations.RemoveField(
33 |             model_name='page',
34 |             name='migration_0018_control',
35 |         ),
36 |         migrations.RemoveField(
37 |             model_name='page',
38 |             name='site',
39 |         ),
40 |         migrations.RemoveField(
41 |             model_name='page',
42 |             name='parent',
43 |         ),
44 |         migrations.RemoveField(
45 |             model_name='page',
46 |             name='revision_id',
47 |         ),
48 |         migrations.RemoveField(
49 |             model_name='page',
50 |             name='depth',
51 |         ),
52 |         migrations.RemoveField(
53 |             model_name='page',
54 |             name='numchild',
55 |         ),
56 |         migrations.RemoveField(
57 |             model_name='page',
58 |             name='path',
59 |         ),
60 |     ]
```
Hint: 
The code for class `cms/migrations/0020_old_tree_cleanup.py:Migration` is incomplete; search `cms/migrations/0020_old_tree_cleanup.py:Migration` for the full content if needed.

Found `cms/migrations/0021_auto_20180507_1432.py:Migration`.
Source: Retrieved code content using keyword search (bm25).
```
 1 | # -*- coding: utf-8 -*-
 2 | # Generated by Django 1.11.13 on 2018-05-07 14:32
 3 | from __future__ import unicode_literals
 4 | 
 5 | from django.db import migrations, models
 6 | 
 7 | 
 8 | class Migration(migrations.Migration):
 9 | 
10 |     dependencies = [
11 |         ('cms', '0020_old_tree_cleanup'),
12 |     ]
13 | 
14 |     operations = [
15 |         migrations.AlterField(
16 |             model_name='title',
17 |             name='meta_description',
18 |             field=models.TextField(blank=True, help_text='The text displayed in search engines.', null=True, verbose_name='description'),
19 |         ),
20 |     ]
21 | 
```

Found function `cms/migrations/0020_old_tree_cleanup.py:Migration.apply`.
Source: Retrieved code content using keyword search (bm25).
```
62 | def apply(self, project_state, schema_editor, collect_sql=False):
63 |         connection = schema_editor.connection
64 |         column_names = [
65 |             column.name for column in
66 |             connection.introspection.get_table_description(connection.cursor(), 'cms_page')
67 |         ]
68 | 
69 |         if 'migration_0018_control' in column_names:
70 |             # The new 0018 migration has been applied
71 |             return super(Migration, self).apply(project_state, schema_editor, collect_sql)
72 | 
73 |         # The old 0018 migration was applied
74 |         # Move the project state forward without actually running
75 |         # any of the operations against the database.
76 |         for operation in self.operations:
77 |             operation.state_forwards(self.app_label, project_state)
78 |         return project_state
```

Found file `cms/plugin_base.py`.
Found file `cms/cms_plugins.py`.
Source: Retrieved entity using keyword search (bm25).
Hint: Use more detailed query to get the full content of some if needed.



##Searching for term "cms_aliasplugin", "alias_placeholder"...
### Search Result:
Found class `cms/cms_plugins.py:AliasPlugin`.
Source: Retrieved entity using keyword search (bm25).
Just show the structure of this class due to response length limitations:
```
class AliasPlugin(CMSPluginBase):
    name = _("Alias")
    allow_children = False
    model = AliasPluginModel
    render_template = "cms/plugins/alias.html"
    system = True

    @classmethod
    def get_render_queryset(cls):
...
    @classmethod
    def get_extra_plugin_menu_items(cls, request, plugin):
...
    @classmethod
    def get_extra_placeholder_menu_items(cls, request, placeholder):
...
    def get_plugin_urls(self):
...
    @classmethod
    def get_empty_change_form_text(cls, obj=None):
...
    def create_alias(self, request):

```
Hint: Search `cms/cms_plugins.py:AliasPlugin` to get the full content if needed.



##Searching for term "alias_reference"...
### Search Result:
Found `cms/models/aliaspluginmodel.py:AliasPluginModel`, `cms/models/aliaspluginmodel.py:AliasPluginModel.Meta`, `cms/models/aliaspluginmodel.py:AliasPluginModel.__str__`, `cms/models/aliaspluginmodel.py:AliasPluginModel.get_aliased_placeholder_id`, `cms/models/aliaspluginmodel.py:AliasPluginModel.is_recursive`.
Source: Retrieved code content using keyword search (bm25).
```
 1 | # -*- coding: utf-8 -*-
 2 | from django.db import models
 3 | from django.db.models import Q
 4 | from django.utils.encoding import force_text, python_2_unicode_compatible
 5 | 
 6 | from cms.models import CMSPlugin, Placeholder
 7 | 
 8 | 
 9 | @python_2_unicode_compatible
10 | class AliasPluginModel(CMSPlugin):
11 |     cmsplugin_ptr = models.OneToOneField(
12 |         CMSPlugin,
13 |         on_delete=models.CASCADE,
14 |         related_name='cms_aliasplugin',
15 |         parent_link=True,
16 |     )
17 |     plugin = models.ForeignKey(
18 |         CMSPlugin,
19 |         on_delete=models.CASCADE,
20 |         editable=False,
21 |         related_name='alias_reference',
22 |         null=True,
23 |     )
24 |     alias_placeholder = models.ForeignKey(
25 |         Placeholder,
26 |         on_delete=models.CASCADE,
27 |         editable=False,
28 |         related_name='alias_placeholder',
29 |         null=True,
30 |     )
31 | 
32 |     class Meta:
33 |         app_label = 'cms'
34 | 
35 |     def __str__(self):
36 |         if self.plugin_id:
37 |             return "(%s) %s" % (force_text(self.plugin.get_plugin_name()), self.plugin.get_plugin_instance()[0])
38 |         else:
39 |             return force_text(self.alias_placeholder.get_label())
40 | 
41 |     def get_aliased_placeholder_id(self):
42 |         if self.plugin_id:
43 |             placeholder_id = self.plugin.placeholder_id
44 |         else:
45 |             placeholder_id = self.alias_placeholder_id
46 |         return placeholder_id
47 | 
48 |     def is_recursive(self):
49 |         placeholder_id = self.get_aliased_placeholder_id()
50 | 
51 |         if not placeholder_id:
52 |             return False
53 | 
54 |         plugins = AliasPluginModel.objects.filter(
55 |             plugin_type='AliasPlugin',
56 |             placeholder_id=placeholder_id,
57 |         )
58 |         plugins = plugins.filter(
59 |             Q(plugin=self) |
60 |             Q(plugin__placeholder=self.placeholder_id) |
61 |             Q(alias_placeholder=self.placeholder_id)
62 |         )
63 |         return plugins.exists()
64 | 
```

Found class `cms/migrations/0001_initial.py:Migration`.
Source: Retrieved code content using keyword search (bm25).
Just show the structure of this class due to response length limitations:
```
class Migration(migrations.Migration):

    dependencies = [
        ('auth', '__first__'),
        migrations.swappable_dependency(settings.AUTH_USER_MODEL),
        ('sites', '__first__'),
    ]

    operations = [
        migrations.CreateModel(
            name='CMSPlugin',
            fields=[
                ('id', models.AutoField(primary_key=True, verbose_name=_('ID'), auto_created=True, serialize=False)),
                ('position', models.PositiveSmallIntegerField(null=True, editable=False, blank=True, verbose_name=_('position'))),
                ('language', models.CharField(db_index=True, max_length=15, verbose_name=_("language"), editable=False)),
                ('plugin_type', models.CharField(db_index=True, max_length=50, verbose_name=_('plugin_name'), editable=False)),
                ('creation_date', models.DateTimeField(default=django.utils.timezone.now, verbose_name=_('creation date'), editable=False)),
                ('changed_date', models.DateTimeField(auto_now=True)),
                ('level', models.PositiveIntegerField(db_index=True, editable=False)),
                ('lft', models.PositiveIntegerField(db_index=True, editable=False)),
                ('rght', models.PositiveIntegerField(db_index=True, editable=False)),
                ('tree_id', models.PositiveIntegerField(db_index=True, editable=False)),
            ],
            options={
            },
            bases=(models.Model,),
        ),
        migrations.CreateModel(
            name='AliasPluginModel',
            fields=[
                ('cmsplugin_ptr', models.OneToOneField(primary_key=True, to='cms.CMSPlugin', auto_created=True, parent_link=True, serialize=False, on_delete=models.CASCADE)),
                ('plugin', models.ForeignKey(on_delete=models.CASCADE, null=True, to='cms.CMSPlugin', related_name='alias_reference', editable=False)),
            ],
            options={
            },
            bases=('cms.cmsplugin',),
        ),
        migrations.AddField(
            model_name='cmsplugin',
            name='parent',
            field=models.ForeignKey(on_delete=models.CASCADE, null=True, to='cms.CMSPlugin', blank=True, editable=False),
            preserve_default=True,
        ),
        migrations.CreateModel(
            name='GlobalPagePermission',
            fields=[
                ('id', models.AutoField(primary_key=True, verbose_name=_('ID'), auto_created=True, serialize=False)),
                ('can_change', models.BooleanField(default=True, verbose_name=_('can edit'))),
                ('can_add', models.BooleanField(default=True, verbose_name=_('can add'))),
                ('can_delete', models.BooleanField(default=True, verbose_name=_('can delete'))),
                ('can_change_advanced_settings', models.BooleanField(default=False, verbose_name=_('can change advanced settings'))),
                ('can_publish', models.BooleanField(default=True, verbose_name=_('can publish'))),
                ('can_change_permissions', models.BooleanField(default=False, help_text='on page level', verbose_name=_('can change permissions'))),
                ('can_move_page', models.BooleanField(default=True, verbose_name=_('can move'))),
                ('can_view', models.BooleanField(default=False, help_text='frontend view restriction', verbose_name=_('view restricted'))),
                ('can_recover_page', models.BooleanField(default=True, help_text='can recover any deleted page', verbose_name=_('can recover pages'))),
                ('group', models.ForeignKey(on_delete=models.CASCADE, null=True, to='auth.Group', verbose_name=_('group'), blank=True)),
                ('sites', models.ManyToManyField(null=True, help_text='If none selected, user haves granted permissions to all sites.', blank=True, to='sites.Site', verbose_name=_('sites'))),
                ('user', models.ForeignKey(on_delete=models.CASCADE, null=True, to=settings.AUTH_USER_MODEL, verbose_name=_('user'), blank=True)),
            ],
            options={
                'verbose_name': 'Page global permission',
                'verbose_name_plural': 'Pages global permissions',
            },
            bases=(models.Model,),
        ),
        migrations.CreateModel(
            name='Page',
            fields=[
                ('id', models.AutoField(primary_key=True, verbose_name=_('ID'), auto_created=True, serialize=False)),
                ('created_by', models.CharField(max_length=70, verbose_name=_('created by'), editable=False)),
                ('changed_by', models.CharField(max_length=70, verbose_name=_('changed by'), editable=False)),
                ('creation_date', models.DateTimeField(auto_now_add=True)),
                ('changed_date', models.DateTimeField(auto_now=True)),
                ('publication_date', models.DateTimeField(db_index=True, null=True, help_text='When the page should go live. Status must be "Published" for page to go live.', blank=True, verbose_name=_('publication date'))),
                ('publication_end_date', models.DateTimeField(db_index=True, null=True, help_text='When to expire the page. Leave empty to never expire.', blank=True, verbose_name=_('publication end date'))),
                ('in_navigation', models.BooleanField(db_index=True, default=True, verbose_name=_('in navigation'))),
                ('soft_root', models.BooleanField(db_index=True, default=False, help_text='All ancestors will not be displayed in the navigation', verbose_name=_('soft root'))),
                ('reverse_id', models.CharField(db_index=True, max_length=40, verbose_name=_('id'), null=True, help_text='A unique identifier that is used with the page_url templatetag for linking to this page', blank=True)),
                ('navigation_extenders', models.CharField(db_index=True, max_length=80, blank=True, verbose_name=_('attached menu'), null=True)),
                ('template', models.CharField(max_length=100, default=template_default, help_text='The template used to render the content.', verbose_name=_('template'), choices=template_choices)),
                ('login_required', models.BooleanField(default=False, verbose_name=_('login required'))),
                ('limit_visibility_in_menu', models.SmallIntegerField(db_index=True, default=None, verbose_name=_('menu visibility'), null=True, choices=PageContent.LIMIT_VISIBILITY_IN_MENU_CHOICES, help_text='limit when this page is visible in the menu', blank=True)),
                ('is_home', models.BooleanField(db_index=True, default=False, editable=False)),
                ('application_urls', models.CharField(db_index=True, max_length=200, blank=True, verbose_name=_('application'), null=True)),
                ('application_namespace', models.CharField(max_length=200, null=True, blank=True, verbose_name=_('application instance name'))),
                ('level', models.PositiveIntegerField(db_index=True, editable=False)),
                ('lft', models.PositiveIntegerField(db_index=True, editable=False)),
                ('rght', models.PositiveIntegerField(db_index=True, editable=False)),
                ('tree_id', models.PositiveIntegerField(db_index=True, editable=False)),
                ('publisher_is_draft', models.BooleanField(db_index=True, default=True, editable=False)),
                ('languages', models.CharField(max_length=255, null=True, blank=True, editable=False)),
                ('revision_id', models.PositiveIntegerField(default=0, editable=False)),
                ('xframe_options', models.IntegerField(default=get_cms_setting('DEFAULT_X_FRAME_OPTIONS'), choices=PageContent.X_FRAME_OPTIONS_CHOICES)),
                ('parent', models.ForeignKey(on_delete=models.CASCADE, null=True, to='cms.Page', related_name='children', blank=True)),
                ('publisher_public', models.OneToOneField(null=True, to='cms.Page', related_name='publisher_draft', editable=False, on_delete=models.CASCADE)),
                ('site', models.ForeignKey(on_delete=models.CASCADE, to='sites.Site', verbose_name=_('site'), related_name='djangocms_pages', help_text='The site the page is accessible at.')),
            ],
            options={
                'ordering': ('tree_id', 'lft'),
                'permissions': (('view_page', 'Can view page'), ('publish_page', 'Can publish page'), ('edit_static_placeholder', 'Can edit static placeholders')),
                'verbose_name_plural': 'pages',
                'verbose_name': 'page',
            },
            bases=(models.Model,),
        ),
        migrations.CreateModel(
            name='PagePermission',
            fields=[
                ('id', models.AutoField(primary_key=True, verbose_name=_('ID'), auto_created=True, serialize=False)),
                ('can_change', models.BooleanField(default=True, verbose_name=_('can edit'))),
                ('can_add', models.BooleanField(default=True, verbose_name=_('can add'))),
                ('can_delete', models.BooleanField(default=True, verbose_name=_('can delete'))),
                ('can_change_advanced_settings', models.BooleanField(default=False, verbose_name=_('can change advanced settings'))),
                ('can_publish', models.BooleanField(default=True, verbose_name=_('can publish'))),
                ('can_change_permissions', models.BooleanField(default=False, help_text='on page level', verbose_name=_('can change permissions'))),
                ('can_move_page', models.BooleanField(default=True, verbose_name=_('can move'))),
                ('can_view', models.BooleanField(default=False, help_text='frontend view restriction', verbose_name=_('view restricted'))),
                ('grant_on', models.IntegerField(default=5, verbose_name=_('Grant on'), choices=ACCESS_CHOICES)),
                ('group', models.ForeignKey(on_delete=models.CASCADE, null=True, to='auth.Group', verbose_name=_('group'), blank=True)),
                ('page', models.ForeignKey(on_delete=models.CASCADE, null=True, to='cms.Page', verbose_name=_('page'), blank=True)),
                ('user', models.ForeignKey(on_delete=models.CASCADE, null=True, to=settings.AUTH_USER_MODEL, verbose_name=_('user'), blank=True)),
            ],
            options={
                'verbose_name': 'Page permission',
                'verbose_name_plural': 'Page permissions',
            },
            bases=(models.Model,),
        ),
    ]
```
Hint: Search `cms/migrations/0001_initial.py:Migration` to get the full content if needed.

Found function `cms/cms_plugins.py:AliasPlugin.create_alias`.
Source: Retrieved entity using keyword search (bm25).
```
102 | def create_alias(self, request):
103 |         if not request.user.is_staff:
104 |             return HttpResponseForbidden("not enough privileges")
105 |         if not 'plugin_id' in request.POST and not 'placeholder_id' in request.POST:
106 |             return HttpResponseBadRequest("plugin_id or placeholder_id POST parameter missing.")
107 |         plugin = None
108 |         placeholder = None
109 |         if 'plugin_id' in request.POST:
110 |             pk = request.POST['plugin_id']
111 |             try:
112 |                 plugin = CMSPlugin.objects.get(pk=pk)
113 |             except CMSPlugin.DoesNotExist:
114 |                 return HttpResponseBadRequest("plugin with id %s not found." % pk)
115 |         if 'placeholder_id' in request.POST:
116 |             pk = request.POST['placeholder_id']
117 |             try:
118 |                 placeholder = Placeholder.objects.get(pk=pk)
119 |             except Placeholder.DoesNotExist:
120 |                 return HttpResponseBadRequest("placeholder with id %s not found." % pk)
121 |             if not placeholder.has_change_permission(request.user):
122 |                 return HttpResponseBadRequest("You do not have enough permission to alias this placeholder.")
123 |         clipboard = request.toolbar.clipboard
124 |         clipboard.cmsplugin_set.all().delete()
125 |         language = get_language()
126 |         if plugin:
127 |             language = plugin.language
128 |         alias = AliasPluginModel(language=language, placeholder=clipboard, plugin_type="AliasPlugin")
129 |         if plugin:
130 |             alias.plugin = plugin
131 |         if placeholder:
132 |             alias.alias_placeholder = placeholder
133 |         alias.save()
134 |         return HttpResponse("ok")
```

Found function `cms/templatetags/cms_alias_tags.py:render_alias_plugin`.
Source: Retrieved entity using keyword search (bm25).
```
13 | def render_alias_plugin(context, instance):
14 |     request = context['request']
15 |     toolbar = get_toolbar_from_request(request)
16 |     renderer = toolbar.content_renderer
17 | 
18 |     if instance.plugin:
19 |         plugins = instance.plugin.get_descendants()
20 |         plugins = [instance.plugin] + list(plugins)
21 |         plugins = downcast_plugins(plugins, request=request)
22 |         plugins = list(plugins)
23 |         plugins = get_plugins_as_layered_tree(plugins)
24 |         content = renderer.render_plugin(
25 |             instance=plugins[0],
26 |             context=context,
27 |             editable=False,
28 |         )
29 |         return mark_safe(content)
30 | 
31 |     if instance.alias_placeholder:
32 |         content = renderer.render_placeholder(
33 |             placeholder=instance.alias_placeholder,
34 |             context=context,
35 |             editable=False,
36 |         )
37 |         return mark_safe(content)
38 |     return ''
```

Found function `cms/migrations/0019_set_pagenode.py:set_page_nodes`.
Source: Retrieved code content using keyword search (bm25).
```
37 | def set_page_nodes(apps, schema_editor):
38 |     Page = apps.get_model('cms', 'Page')
39 |     TreeNode = apps.get_model('cms', 'TreeNode')
40 |     db_alias = schema_editor.connection.alias
41 |     draft_pages = Page.objects.using(db_alias).filter(publisher_is_draft=True)
42 |     public_pages = Page.objects.using(db_alias).filter(publisher_is_draft=False)
43 |     nodes_by_path = {node.path: node for node in TreeNode.objects.all()}
44 | 
45 |     for draft_page in draft_pages:
46 |         draft_page.node = nodes_by_path[draft_page.path]
47 |         draft_page.save(update_fields=['node'])
48 | 
49 |         if draft_page.publisher_public_id:
50 |             public_pages.filter(pk=draft_page.publisher_public_id).update(node=draft_page.node)
```

Found class `cms/migrations/0019_set_pagenode.py:Migration`.
Source: Retrieved code content using keyword search (bm25).
```
53 | class Migration(IrreversibleMigration):
54 | 
55 |     dependencies = [
56 |         ('cms', '0018_create_pagenode'),
57 |     ]
58 | 
59 |     operations = [
60 |         migrations.RunPython(unpublish_never_published_pages),
61 |         migrations.RunPython(set_page_nodes),
62 |     ]
63 | 
64 |     def apply(self, project_state, schema_editor, collect_sql=False):
65 |         connection = schema_editor.connection
66 |         column_names = [
67 |             column.name for column in
68 |             connection.introspection.get_table_description(connection.cursor(), 'cms_page')
69 |         ]
70 | 
71 |         if 'migration_0018_control' in column_names:
72 |             # The new 0018 migration has been applied
73 |             return super(Migration, self).apply(project_state, schema_editor, collect_sql)
74 | 
75 |         # The old 0018 migration was applied
76 |         # Move the project state forward without actually running
77 |         # any of the operations against the database.
78 |         for operation in self.operations:
79 |             operation.state_forwards(self.app_label, project_state)
80 |         return project_state
```

Found file `cms/templatetags/cms_alias_tags.py`.
Source: Retrieved entity using keyword search (bm25).
Hint: Search `cms/templatetags/cms_alias_tags.py` for the full content if needed.



##Searching for term "alias_placeholder"...
### Search Result:
Found `cms/models/aliaspluginmodel.py:AliasPluginModel`, `cms/models/aliaspluginmodel.py:AliasPluginModel.Meta`, `cms/models/aliaspluginmodel.py:AliasPluginModel.__str__`, `cms/models/aliaspluginmodel.py:AliasPluginModel.get_aliased_placeholder_id`, `cms/models/aliaspluginmodel.py:AliasPluginModel.is_recursive`.
Source: Retrieved code content using keyword search (bm25).
```
 1 | # -*- coding: utf-8 -*-
 2 | from django.db import models
 3 | from django.db.models import Q
 4 | from django.utils.encoding import force_text, python_2_unicode_compatible
 5 | 
 6 | from cms.models import CMSPlugin, Placeholder
 7 | 
 8 | 
 9 | @python_2_unicode_compatible
10 | class AliasPluginModel(CMSPlugin):
11 |     cmsplugin_ptr = models.OneToOneField(
12 |         CMSPlugin,
13 |         on_delete=models.CASCADE,
14 |         related_name='cms_aliasplugin',
15 |         parent_link=True,
16 |     )
17 |     plugin = models.ForeignKey(
18 |         CMSPlugin,
19 |         on_delete=models.CASCADE,
20 |         editable=False,
21 |         related_name='alias_reference',
22 |         null=True,
23 |     )
24 |     alias_placeholder = models.ForeignKey(
25 |         Placeholder,
26 |         on_delete=models.CASCADE,
27 |         editable=False,
28 |         related_name='alias_placeholder',
29 |         null=True,
30 |     )
31 | 
32 |     class Meta:
33 |         app_label = 'cms'
34 | 
35 |     def __str__(self):
36 |         if self.plugin_id:
37 |             return "(%s) %s" % (force_text(self.plugin.get_plugin_name()), self.plugin.get_plugin_instance()[0])
38 |         else:
39 |             return force_text(self.alias_placeholder.get_label())
40 | 
41 |     def get_aliased_placeholder_id(self):
42 |         if self.plugin_id:
43 |             placeholder_id = self.plugin.placeholder_id
44 |         else:
45 |             placeholder_id = self.alias_placeholder_id
46 |         return placeholder_id
47 | 
48 |     def is_recursive(self):
49 |         placeholder_id = self.get_aliased_placeholder_id()
50 | 
51 |         if not placeholder_id:
52 |             return False
53 | 
54 |         plugins = AliasPluginModel.objects.filter(
55 |             plugin_type='AliasPlugin',
56 |             placeholder_id=placeholder_id,
57 |         )
58 |         plugins = plugins.filter(
59 |             Q(plugin=self) |
60 |             Q(plugin__placeholder=self.placeholder_id) |
61 |             Q(alias_placeholder=self.placeholder_id)
62 |         )
63 |         return plugins.exists()
64 | 
```

Found `cms/templatetags/cms_alias_tags.py:render_alias_plugin`.
Source: Retrieved code content using keyword search (bm25).
```
 1 | # -*- coding: utf-8 -*-
 2 | from django import template
 3 | from django.utils.safestring import mark_safe
 4 | 
 5 | from cms.toolbar.utils import get_toolbar_from_request
 6 | from cms.utils.plugins import downcast_plugins, get_plugins_as_layered_tree
 7 | 
 8 | 
 9 | register = template.Library()
10 | 
11 | 
12 | @register.simple_tag(takes_context=True)
13 | def render_alias_plugin(context, instance):
14 |     request = context['request']
15 |     toolbar = get_toolbar_from_request(request)
16 |     renderer = toolbar.content_renderer
17 | 
18 |     if instance.plugin:
19 |         plugins = instance.plugin.get_descendants()
20 |         plugins = [instance.plugin] + list(plugins)
21 |         plugins = downcast_plugins(plugins, request=request)
22 |         plugins = list(plugins)
23 |         plugins = get_plugins_as_layered_tree(plugins)
24 |         content = renderer.render_plugin(
25 |             instance=plugins[0],
26 |             context=context,
27 |             editable=False,
28 |         )
29 |         return mark_safe(content)
30 | 
31 |     if instance.alias_placeholder:
32 |         content = renderer.render_placeholder(
33 |             placeholder=instance.alias_placeholder,
34 |             context=context,
35 |             editable=False,
36 |         )
37 |         return mark_safe(content)
38 |     return ''
39 | 
```

Found function `cms/plugin_pool.py:PluginPool.plugins_with_extra_placeholder_menu`.
Source: Retrieved entity using keyword search (bm25).
```
227 | def plugins_with_extra_placeholder_menu(self):
228 |         plugin_classes = [cls for cls in self.registered_plugins
229 |                           if cls._has_extra_placeholder_menu_items]
230 |         return plugin_classes
```

Found function `cms/cms_toolbars.py:PlaceholderToolbar._has_placeholder_change_perm`.
Source: Retrieved entity using keyword search (bm25).
```
133 | def _has_placeholder_change_perm(self):
134 |         if not self.placeholders:
135 |             return False
136 |         return any(
137 |             ph for ph in self.placeholders
138 |             if ph.has_change_permission(self.request.user)
139 |         )
```

Found function `cms/plugin_rendering.py:BaseRenderer.get_placeholder_plugin_menu`.
Source: Retrieved entity using keyword search (bm25).
```
114 | def get_placeholder_plugin_menu(self, placeholder, page=None):
115 |         registered_plugins = self.plugin_pool.registered_plugins
116 |         can_add_plugin = partial(has_plugin_permission, user=self.request.user, permission_type='add')
117 |         plugins = [plugin for plugin in registered_plugins if can_add_plugin(plugin_type=plugin.value)]
118 |         plugin_menu = get_toolbar_plugin_struct(
119 |             plugins=plugins,
120 |             slot=placeholder.slot,
121 |             page=page,
122 |         )
123 |         plugin_menu_template = self.templates.placeholder_plugin_menu_template
124 |         return plugin_menu_template.render({'plugin_menu': plugin_menu})
```



##Searching for term "alias_placeholder", "cms_aliasplugin alias_reference alias_placeholder"...
### Search Result:
Found function `cms/cms_plugins.py:AliasPlugin.get_extra_plugin_menu_items`.
Source: Retrieved code content using keyword search (bm25).
```
41 | def get_extra_plugin_menu_items(cls, request, plugin):
42 |         return [
43 |             PluginMenuItem(
44 |                 _("Create Alias"),
45 |                 admin_reverse("cms_create_alias"),
46 |                 data={'plugin_id': plugin.pk, 'csrfmiddlewaretoken': get_token(request)},
47 |             )
48 |         ]
```

Found function `cms/cms_plugins.py:AliasPlugin.get_plugin_urls`.
Source: Retrieved code content using keyword search (bm25).
```
60 | def get_plugin_urls(self):
61 |         return [
62 |             url(r'^create_alias/$', self.create_alias, name='cms_create_alias'),
63 |         ]
```



##Searching for term "cms_aliasplugin alias_reference alias_placeholder"...
### Search Result:
Found `cms/models/aliaspluginmodel.py:AliasPluginModel`, `cms/models/aliaspluginmodel.py:AliasPluginModel.Meta`, `cms/models/aliaspluginmodel.py:AliasPluginModel.__str__`, `cms/models/aliaspluginmodel.py:AliasPluginModel.get_aliased_placeholder_id`, `cms/models/aliaspluginmodel.py:AliasPluginModel.is_recursive`.
Source: Retrieved code content using keyword search (bm25).
```
 1 | # -*- coding: utf-8 -*-
 2 | from django.db import models
 3 | from django.db.models import Q
 4 | from django.utils.encoding import force_text, python_2_unicode_compatible
 5 | 
 6 | from cms.models import CMSPlugin, Placeholder
 7 | 
 8 | 
 9 | @python_2_unicode_compatible
10 | class AliasPluginModel(CMSPlugin):
11 |     cmsplugin_ptr = models.OneToOneField(
12 |         CMSPlugin,
13 |         on_delete=models.CASCADE,
14 |         related_name='cms_aliasplugin',
15 |         parent_link=True,
16 |     )
17 |     plugin = models.ForeignKey(
18 |         CMSPlugin,
19 |         on_delete=models.CASCADE,
20 |         editable=False,
21 |         related_name='alias_reference',
22 |         null=True,
23 |     )
24 |     alias_placeholder = models.ForeignKey(
25 |         Placeholder,
26 |         on_delete=models.CASCADE,
27 |         editable=False,
28 |         related_name='alias_placeholder',
29 |         null=True,
30 |     )
31 | 
32 |     class Meta:
33 |         app_label = 'cms'
34 | 
35 |     def __str__(self):
36 |         if self.plugin_id:
37 |             return "(%s) %s" % (force_text(self.plugin.get_plugin_name()), self.plugin.get_plugin_instance()[0])
38 |         else:
39 |             return force_text(self.alias_placeholder.get_label())
40 | 
41 |     def get_aliased_placeholder_id(self):
42 |         if self.plugin_id:
43 |             placeholder_id = self.plugin.placeholder_id
44 |         else:
45 |             placeholder_id = self.alias_placeholder_id
46 |         return placeholder_id
47 | 
48 |     def is_recursive(self):
49 |         placeholder_id = self.get_aliased_placeholder_id()
50 | 
51 |         if not placeholder_id:
52 |             return False
53 | 
54 |         plugins = AliasPluginModel.objects.filter(
55 |             plugin_type='AliasPlugin',
56 |             placeholder_id=placeholder_id,
57 |         )
58 |         plugins = plugins.filter(
59 |             Q(plugin=self) |
60 |             Q(plugin__placeholder=self.placeholder_id) |
61 |             Q(alias_placeholder=self.placeholder_id)
62 |         )
63 |         return plugins.exists()
64 | 
```

Found `cms/templatetags/cms_alias_tags.py:render_alias_plugin`.
Source: Retrieved code content using keyword search (bm25).
```
 1 | # -*- coding: utf-8 -*-
 2 | from django import template
 3 | from django.utils.safestring import mark_safe
 4 | 
 5 | from cms.toolbar.utils import get_toolbar_from_request
 6 | from cms.utils.plugins import downcast_plugins, get_plugins_as_layered_tree
 7 | 
 8 | 
 9 | register = template.Library()
10 | 
11 | 
12 | @register.simple_tag(takes_context=True)
13 | def render_alias_plugin(context, instance):
14 |     request = context['request']
15 |     toolbar = get_toolbar_from_request(request)
16 |     renderer = toolbar.content_renderer
17 | 
18 |     if instance.plugin:
19 |         plugins = instance.plugin.get_descendants()
20 |         plugins = [instance.plugin] + list(plugins)
21 |         plugins = downcast_plugins(plugins, request=request)
22 |         plugins = list(plugins)
23 |         plugins = get_plugins_as_layered_tree(plugins)
24 |         content = renderer.render_plugin(
25 |             instance=plugins[0],
26 |             context=context,
27 |             editable=False,
28 |         )
29 |         return mark_safe(content)
30 | 
31 |     if instance.alias_placeholder:
32 |         content = renderer.render_placeholder(
33 |             placeholder=instance.alias_placeholder,
34 |             context=context,
35 |             editable=False,
36 |         )
37 |         return mark_safe(content)
38 |     return ''
39 | 
```

Found `cms/migrations/0016_auto_20160608_1535.py:Migration`.
Source: Retrieved code content using keyword search (bm25).
```
 1 | # -*- coding: utf-8 -*-
 2 | from __future__ import unicode_literals
 3 | 
 4 | from django.db import migrations, models
 5 | 
 6 | 
 7 | class Migration(migrations.Migration):
 8 | 
 9 |     dependencies = [
10 |         ('cms', '0015_auto_20160421_0000'),
11 |     ]
12 | 
13 |     operations = [
14 |         migrations.AlterField(
15 |             model_name='aliaspluginmodel',
16 |             name='cmsplugin_ptr',
17 |             field=models.OneToOneField(parent_link=True, related_name='cms_aliasplugin', primary_key=True, serialize=False, to='cms.CMSPlugin', on_delete=models.CASCADE),
18 |         ),
19 |         migrations.AlterField(
20 |             model_name='placeholderreference',
21 |             name='cmsplugin_ptr',
22 |             field=models.OneToOneField(parent_link=True, related_name='cms_placeholderreference', primary_key=True, serialize=False, to='cms.CMSPlugin', on_delete=models.CASCADE),
23 |         ),
24 |     ]
25 | 
```

Found function `cms/cache/placeholder.py:set_placeholder_cache`.
Source: Retrieved entity using keyword search (bm25).
```
140 | def set_placeholder_cache(placeholder, lang, site_id, content, request):
141 |     """
142 |     Sets the (correct) placeholder cache with the rendered placeholder.
143 |     """
144 |     from django.core.cache import cache
145 | 
146 |     key = _get_placeholder_cache_key(placeholder, lang, site_id, request)
147 | 
148 |     duration = min(
149 |       get_cms_setting('CACHE_DURATIONS')['content'],
150 |       placeholder.get_cache_expiration(request, now())
151 |     )
152 |     cache.set(key, content, duration)
153 |     # "touch" the cache-version, so that it stays as fresh as this content.
154 |     version, vary_on_list = _get_placeholder_cache_version(placeholder, lang, site_id)
155 |     _set_placeholder_cache_version(
156 |         placeholder, lang, site_id, version, vary_on_list, duration=duration)
```

Found file `cms/utils/placeholder.py`.
Found file `cms/cache/placeholder.py`.
Source: Retrieved entity using keyword search (bm25).
Hint: Use more detailed query to get the full content of some if needed.

2026-09-14 23:29:49 utils.py INFO 
LiteLLM completion() model= qwen/qwen3-coder; provider = openrouter
2026-09-14 23:29:53 utils.py INFO Wrapper: Completed Call, calling success_handler
2026-09-14 23:29:53 utils.py INFO 
LiteLLM completion() model= qwen/qwen3-coder; provider = openrouter
2026-09-14 23:29:59 utils.py INFO Wrapper: Completed Call, calling success_handler
2026-09-14 23:29:59 auto_search_main.py INFO ===============
2026-09-14 23:29:59 auto_search_main.py INFO 
Final Response:=
After thorough analysis of the codebase, I have identified the key locations that need deprecation comments for the Alias plugin. Based on the GitHub issue requesting to "Add a deprecation comment in the Alias Plugin and the Alias Plugin Model", these are the essential locations:

```
cms/cms_plugins.py
line: 28
class: AliasPlugin

cms/models/aliaspluginmodel.py
line: 10
class: AliasPluginModel

cms/templatetags/cms_alias_tags.py
line: 13
function: render_alias_plugin
```

These locations cover:
1. The main AliasPlugin class definition
2. The AliasPluginModel class definition  
3. The template tag function that renders alias plugins

These are the core components of the Alias plugin functionality that would need deprecation warnings to inform users that this feature will be removed in a future version.
2026-09-14 23:29:59 auto_search_main.py INFO ==== localizing djangocms-rc-0fec81224889 succeed, process multiple loc outputs ====
2026-09-14 23:30:00 auto_search_main.py INFO ============================================================
2026-09-14 23:30:00 auto_search_main.py INFO ==== rank 0 setup localize djangocms-rc-1031d20fca28 ====
2026-09-14 23:30:00 git_repo_manager.py INFO Clone Github repo https://github.com/djangocms/djangocms.git to playground/f8abb9d5-19f3-4fdc-b263-df0eb83a0462/djangocms_djangocms and checkout commit 76c5bb05837a425e5374b591ddcf44830aaa5c7e
2026-09-14 23:30:00 git_repo_manager.py INFO Directory 'playground/f8abb9d5-19f3-4fdc-b263-df0eb83a0462/djangocms_djangocms' was created.
2026-09-14 23:30:00 git_repo_manager.py INFO Cloning repo 'https://github.com/djangocms/djangocms.git'
2026-09-14 23:30:05 git_repo_manager.py INFO Repo 'https://github.com/djangocms/djangocms.git' was cloned to 'playground/f8abb9d5-19f3-4fdc-b263-df0eb83a0462/djangocms_djangocms'
2026-09-14 23:30:10 repo_ops.py INFO [0] Processed djangocms-rc-1031d20fca28
2026-09-14 23:30:10 auto_search_main.py INFO ============================================================
2026-09-14 23:30:10 auto_search_main.py INFO ==== rank 0 begin localizing djangocms-rc-1031d20fca28 ====
2026-09-14 23:30:10 auto_search_main.py INFO ============================================================
2026-09-14 23:30:10 auto_search_main.py INFO ==== djangocms-rc-1031d20fca28 Count down: attempt 1 ====
2026-09-14 23:30:10 auto_search_main.py INFO ==== djangocms-rc-1031d20fca28 start auto search ====
2026-09-14 23:30:10 utils.py INFO 
LiteLLM completion() model= qwen/qwen3-coder; provider = openrouter
2026-09-14 23:30:14 utils.py INFO Wrapper: Completed Call, calling success_handler
2026-09-14 23:30:14 auto_search_main.py INFO Executing code:
```
print(explore_tree_structure(**{'start_entities': ['/'], 'traversal_depth': 2, 'dependency_type_filter': "['contains']"}))
```
2026-09-14 23:30:14 auto_search_main.py INFO OBSERVATION:
/
├── contains ── manage.py
│               ├── contains ── manage.py:install_auth_user_model
│               ├── contains ── manage.py:TempDirs
│               └── contains ── manage.py:main
├── contains ── setup.py
├── contains ── docs
│               ├── contains ── docs/conf.py
│               ├── contains ── docs/django_settings.py
│               └── contains ── docs/_ext
├── contains ── cms
│               ├── contains ── cms/toolbar_base.py
│               ├── contains ── cms/context_processors.py
│               ├── contains ── cms/app_base.py
│               ├── contains ── cms/apphook_pool.py
│               ├── contains ── cms/menu_bases.py
│               ├── contains ── cms/__main__.py
│               ├── contains ── cms/plugin_pool.py
│               ├── contains ── cms/app_registration.py
│               ├── contains ── cms/plugin_processors.py
│               ├── contains ── cms/page_rendering.py
│               ├── contains ── cms/cms_menus.py
│               ├── contains ── cms/api.py
│               ├── contains ── cms/constants.py
│               ├── contains ── cms/apps.py
│               ├── contains ── cms/cms_toolbars.py
│               ├── contains ── cms/urls.py
│               ├── contains ── cms/cms_config.py
│               ├── contains ── cms/__init__.py
│               ├── contains ── cms/views.py
│               ├── contains ── cms/appresolver.py
│               ├── contains ── cms/plugin_rendering.py
│               ├── contains ── cms/cms_plugins.py
│               ├── contains ── cms/toolbar_pool.py
│               ├── contains ── cms/exceptions.py
│               ├── contains ── cms/cms_wizards.py
│               ├── contains ── cms/templates.py
│               ├── contains ── cms/plugin_base.py
│               ├── contains ── cms/migrations
│               ├── contains ── cms/middleware
│               ├── contains ── cms/signals
│               ├── contains ── cms/toolbar
│               ├── contains ── cms/models
│               ├── contains ── cms/forms
│               ├── contains ── cms/extensions
│               ├── contains ── cms/wizards
│               ├── contains ── cms/admin
│               ├── contains ── cms/utils
│               ├── contains ── cms/sitemaps
│               ├── contains ── cms/operations
│               ├── contains ── cms/cache
│               ├── contains ── cms/management
│               └── contains ── cms/templatetags
└── contains ── menus
                ├── contains ── menus/models.py
                ├── contains ── menus/modifiers.py
                ├── contains ── menus/base.py
                ├── contains ── menus/utils.py
                ├── contains ── menus/apps.py
                ├── contains ── menus/menu_pool.py
                ├── contains ── menus/__init__.py
                ├── contains ── menus/exceptions.py
                ├── contains ── menus/migrations
                └── contains ── menus/templatetags

2026-09-14 23:30:14 utils.py INFO 
LiteLLM completion() model= qwen/qwen3-coder; provider = openrouter
2026-09-14 23:30:15 utils.py INFO Wrapper: Completed Call, calling success_handler
2026-09-14 23:30:15 auto_search_main.py INFO Executing code:
```
print(explore_tree_structure(**{'start_entities': ['cms/models'], 'traversal_depth': 2, 'dependency_type_filter': "['contains']"}))
```
2026-09-14 23:30:15 auto_search_main.py INFO OBSERVATION:
cms/models
├── contains ── cms/models/aliaspluginmodel.py
│               └── contains ── cms/models/aliaspluginmodel.py:AliasPluginModel
├── contains ── cms/models/placeholdermodel.py
│               └── contains ── cms/models/placeholdermodel.py:Placeholder
├── contains ── cms/models/query.py
│               └── contains ── cms/models/query.py:PageQuerySet
├── contains ── cms/models/pagemodel.py
│               ├── contains ── cms/models/pagemodel.py:AdminCacheDict
│               ├── contains ── cms/models/pagemodel.py:Page
│               ├── contains ── cms/models/pagemodel.py:PageUrl
│               └── contains ── cms/models/pagemodel.py:PageType
├── contains ── cms/models/fields.py
│               ├── contains ── cms/models/fields.py:PlaceholderField
│               ├── contains ── cms/models/fields.py:PageField
│               └── contains ── cms/models/fields.py:PlaceholderRelationField
├── contains ── cms/models/managers.py
│               ├── contains ── cms/models/managers.py:PageManager
│               ├── contains ── cms/models/managers.py:WithUserMixin
│               ├── contains ── cms/models/managers.py:PageUrlManager
│               ├── contains ── cms/models/managers.py:PageContentManager
│               ├── contains ── cms/models/managers.py:ContentAdminQuerySet
│               ├── contains ── cms/models/managers.py:ContentAdminManager
│               ├── contains ── cms/models/managers.py:PlaceholderManager
│               ├── contains ── cms/models/managers.py:BasicPagePermissionManager
│               ├── contains ── cms/models/managers.py:GlobalPagePermissionManager
│               └── contains ── cms/models/managers.py:PagePermissionManager
├── contains ── cms/models/static_placeholder.py
│               ├── contains ── cms/models/static_placeholder.py:static_slotname
│               └── contains ── cms/models/static_placeholder.py:StaticPlaceholder
├── contains ── cms/models/settingmodels.py
│               └── contains ── cms/models/settingmodels.py:UserSettings
├── contains ── cms/models/permissionmodels.py
│               ├── contains ── cms/models/permissionmodels.py:AbstractPagePermission
│               ├── contains ── cms/models/permissionmodels.py:GlobalPagePermission
│               ├── contains ── cms/models/permissionmodels.py:PermissionTuple
│               ├── contains ── cms/models/permissionmodels.py:PagePermission
│               ├── contains ── cms/models/permissionmodels.py:PageUserManager
│               ├── contains ── cms/models/permissionmodels.py:PageUser
│               └── contains ── cms/models/permissionmodels.py:PageUserGroup
├── contains ── cms/models/__init__.py
├── contains ── cms/models/contentmodels.py
│               ├── contains ── cms/models/contentmodels.py:PageContent
│               └── contains ── cms/models/contentmodels.py:EmptyPageContent
├── contains ── cms/models/apphooks_reload.py
│               └── contains ── cms/models/apphooks_reload.py:UrlconfRevision
├── contains ── cms/models/placeholderpluginmodel.py
│               └── contains ── cms/models/placeholderpluginmodel.py:PlaceholderReference
└── contains ── cms/models/pluginmodel.py
                ├── contains ── cms/models/pluginmodel.py:_get_descendants_cte
                ├── contains ── cms/models/pluginmodel.py:_get_database_connection
                ├── contains ── cms/models/pluginmodel.py:_get_database_vendor
                ├── contains ── cms/models/pluginmodel.py:_get_database_cursor
                ├── contains ── cms/models/pluginmodel.py:plugin_supports_cte
                ├── contains ── cms/models/pluginmodel.py:BoundRenderMeta
                ├── contains ── cms/models/pluginmodel.py:PluginModelBase
                ├── contains ── cms/models/pluginmodel.py:CMSPlugin
                └── contains ── cms/models/pluginmodel.py:get_plugin_media_path

2026-09-14 23:30:15 utils.py INFO 
LiteLLM completion() model= qwen/qwen3-coder; provider = openrouter
2026-09-14 23:30:20 utils.py INFO Wrapper: Completed Call, calling success_handler
2026-09-14 23:30:20 auto_search_main.py INFO Executing code:
```
print(explore_tree_structure(**{'start_entities': ['cms/migrations'], 'traversal_depth': 1, 'dependency_type_filter': "['contains']"}))
```
2026-09-14 23:30:20 auto_search_main.py INFO OBSERVATION:
cms/migrations
├── contains ── cms/migrations/0028_remove_page_placeholders.py
├── contains ── cms/migrations/0006_auto_20140924_1110.py
├── contains ── cms/migrations/0007_auto_20141028_1559.py
├── contains ── cms/migrations/0027_title_placeholders_data_migration.py
├── contains ── cms/migrations/0010_migrate_use_structure.py
├── contains ── cms/migrations/0021_auto_20180507_1432.py
├── contains ── cms/migrations/0009_merge.py
├── contains ── cms/migrations/0033_placeholder_source_data_migration.py
├── contains ── cms/migrations/0035_auto_20230822_2208_squashed_0036_auto_20240311_1028.py
├── contains ── cms/migrations/0024_set_plugin_absolute_position.py
├── contains ── cms/migrations/0036_auto_20240311_1028.py
├── contains ── cms/migrations/0026_title_placeholders.py
├── contains ── cms/migrations/0032_remove_title_to_pagecontent.py
├── contains ── cms/migrations/0002_auto_20140816_1918.py
├── contains ── cms/migrations/0014_auto_20160404_1908.py
├── contains ── cms/migrations/0035_auto_20230822_2208.py
├── contains ── cms/migrations/0023_placeholder_source_field.py
├── contains ── cms/migrations/0011_auto_20150419_1006.py
├── contains ── cms/migrations/0034_remove_pagecontent_placeholders.py
├── contains ── cms/migrations/0012_auto_20150607_2207.py
├── contains ── cms/migrations/0005_auto_20140924_1039.py
├── contains ── cms/migrations/0008_auto_20150121_0059.py
├── contains ── cms/migrations/0015_auto_20160421_0000.py
├── contains ── cms/migrations/0038_alter_page_site.py
├── contains ── cms/migrations/0013_urlconfrevision.py
├── contains ── cms/migrations/0004_auto_20140924_1038.py
├── contains ── cms/migrations/0018_create_pagenode.py
├── contains ── cms/migrations/0031_remove_fields.py
├── contains ── cms/migrations/0037_merge_page_treenode.py
├── contains ── cms/migrations/0029_create_title_fields_and_url_model.py
├── contains ── cms/migrations/0017_pagetype.py
├── contains ── cms/migrations/__init__.py
├── contains ── cms/migrations/0025_remove_plugin_tree_fields.py
├── contains ── cms/migrations/0030_auto_20180810_0629.py
├── contains ── cms/migrations/0022_auto_20180620_1551.py
├── contains ── cms/migrations/0008_auto_20150208_2149.py
├── contains ── cms/migrations/0020_old_tree_cleanup.py
├── contains ── cms/migrations/0001_initial.py
├── contains ── cms/migrations/0003_auto_20140926_2347.py
├── contains ── cms/migrations/0016_auto_20160608_1535.py
└── contains ── cms/migrations/0019_set_pagenode.py

2026-09-14 23:30:20 utils.py INFO 
LiteLLM completion() model= qwen/qwen3-coder; provider = openrouter
2026-09-14 23:30:21 utils.py INFO Wrapper: Completed Call, calling success_handler
2026-09-14 23:30:21 auto_search_main.py INFO Executing code:
```
print(search_code_snippets(**{'search_terms': ['languages', 'remove languages']}))
```
2026-09-14 23:30:21 __init__.py DEBUG Building index from IDs objects
2026-09-14 23:30:21 git_repo_manager.py INFO Clone Github repo https://github.com/djangocms/djangocms.git to playground/f8abb9d5-19f3-4fdc-b263-df0eb83a0462/djangocms_djangocms and checkout commit 76c5bb05837a425e5374b591ddcf44830aaa5c7e
2026-09-14 23:30:43 __init__.py DEBUG Building index from IDs objects
2026-09-14 23:30:43 __init__.py DEBUG Building index from IDs objects
2026-09-14 23:30:43 __init__.py DEBUG Building index from IDs objects
2026-09-14 23:30:43 auto_search_main.py INFO OBSERVATION:
cms/models/pagemodel.py:Page.get_path
cms/models/pagemodel.py:Page.get_slug
cms/utils/i18n.py:is_language_prefix_patterns_used
cms/utils/i18n.py:hide_untranslated
cms/utils/i18n.py:get_redirect_on_fallback
cms/utils/i18n.py:get_fallback_languages
cms/utils/i18n.py:is_valid_site_language
cms/utils/i18n.py:get_default_language_for_site
cms/models/pagemodel.py:Page._get_page_content_cache
cms/toolbar/utils.py:get_object_preview_url
cms/toolbar/utils.py:get_object_edit_url
cms/utils/i18n.py:get_site_language_from_request
cms/toolbar/utils.py:get_object_structure_url
cms/cms_toolbars.py:PageToolbar.change_language_menu
cms/api.py:publish_page
cms/api.py:publish_pages
cms/extensions/extension_pool.py:ExtensionPool._copy_content_extensions
cms/extensions/extension_pool.py:ExtensionPool.unregister
cms/extensions/extension_pool.py:impl
cms/extensions/extension_pool.py:ExtensionPool.get_page_content_extensions
cms/extensions/extension_pool.py:ExtensionPool.copy_extensions
cms/extensions/extension_pool.py:ExtensionPool.get_page_extensions
cms/extensions/extension_pool.py:ExtensionPool._copy_page_extensions
cms/models/placeholdermodel.py:Placeholder.has_delete_plugins_permission
cms/toolbar/toolbar.py:CMSToolbarBase.get_object
cms/toolbar/toolbar.py:CMSToolbarBase.object_is_editable
cms/toolbar/toolbar.py:CMSToolbarBase.get_object_edit_url
cms/toolbar/toolbar.py:CMSToolbarBase.set_object
cms/toolbar/toolbar.py:CMSToolbarBase.get_object_model
cms/toolbar/toolbar.py:CMSToolbarBase.add_button_list
cms/toolbar/toolbar.py:CMSToolbarBase.get_object_structure_url
cms/toolbar/toolbar.py:CMSToolbarBase.get_object_pk
cms/toolbar/toolbar.py:CMSToolbarBase.get_object_preview_url
cms/toolbar/toolbar.py:CMSToolbarBase._add_item
cms/toolbar/toolbar.py:CMSToolbarBase._item_position
cms/toolbar/toolbar.py:CMSToolbarBase._remove_item
cms/cms_menus.py:CMSNavigationNode.__init__
cms/cms_menus.py:CMSNavigationNode.is_selected
cms/cms_menus.py:CMSNavigationNode
cms/extensions/models.py:PageExtension.get_page
cms/extensions/models.py:PageExtension.Meta
cms/extensions/models.py:PageContentExtension.get_page
cms/extensions/models.py:BaseExtension.copy_to_public
cms/extensions/models.py:PageContentExtension
cms/extensions/models.py:PageContentExtension.Meta
cms/extensions/models.py:PageExtension
cms/cms_toolbars.py:PageToolbar.change_language_menu
cms/extensions/extension_pool.py:ExtensionPool._copy_content_extensions
cms/extensions/extension_pool.py:ExtensionPool.unregister
cms/extensions/extension_pool.py:impl
cms/extensions/extension_pool.py:ExtensionPool.get_page_content_extensions
cms/extensions/extension_pool.py:ExtensionPool.copy_extensions
cms/extensions/extension_pool.py:ExtensionPool.get_page_extensions
cms/extensions/extension_pool.py:ExtensionPool._copy_page_extensions
cms/api.py:publish_page
cms/api.py:publish_pages
cms/cms_menus.py:CMSNavigationNode.__init__
cms/cms_menus.py:CMSNavigationNode.is_selected
cms/cms_menus.py:CMSNavigationNode
cms/models/placeholdermodel.py:Placeholder.has_delete_plugins_permission
cms/models/pagemodel.py:Page.set_translations_cache
cms/models/pagemodel.py:Page.update_languages
cms/models/pagemodel.py:Page.get_descendant_pages
cms/models/pagemodel.py:Page.get_languages
cms/models/pagemodel.py:Page.get_ancestor_pages
cms/models/pagemodel.py:Page.get_parent_page
cms/models/pagemodel.py:Page.get_child_pages
cms/models/pagemodel.py:Page.set_admin_content_cache
cms/models/pagemodel.py:Page.get_published_languages
cms/models/pagemodel.py:Page.remove_language
cms/models/pagemodel.py:Page.get_root
cms/models/placeholdermodel.py:Placeholder.delete_plugin
cms/toolbar/toolbar.py:CMSToolbarBase.get_object
cms/toolbar/toolbar.py:CMSToolbarBase.object_is_editable
cms/toolbar/toolbar.py:CMSToolbarBase.get_object_edit_url
cms/toolbar/toolbar.py:CMSToolbarBase.set_object
cms/toolbar/toolbar.py:CMSToolbarBase.get_object_model
cms/toolbar/toolbar.py:CMSToolbarBase.add_button_list
cms/toolbar/toolbar.py:CMSToolbarBase.get_object_structure_url
cms/toolbar/toolbar.py:CMSToolbarBase.get_object_pk
cms/toolbar/toolbar.py:CMSToolbarBase.get_object_preview_url
cms/toolbar/toolbar.py:CMSToolbarBase._add_item
cms/toolbar/toolbar.py:CMSToolbarBase._item_position
cms/toolbar/toolbar.py:CMSToolbarBase._remove_item
##Searching for term "languages"...
### Search Result:
Found `cms/utils/__init__.py:get_current_site`, `cms/utils/__init__.py:get_language_from_request`.
Source: Retrieved code content using keyword search (bm25).
```
 1 | # TODO: this is just stuff from utils.py - should be split / moved
 2 | 
 3 | from cms.utils.i18n import (
 4 |     get_current_language,
 5 |     get_default_language,
 6 |     get_language_code,
 7 |     get_language_list,
 8 | )
 9 | 
10 | 
11 | def get_current_site():
12 |     from django.contrib.sites.models import Site
13 | 
14 |     return Site.objects.get_current()
15 | 
16 | 
17 | def get_language_from_request(request, current_page=None):
18 |     """
19 |     Return the most obvious language according the request
20 |     """
21 |     language = None
22 |     if hasattr(request, 'POST'):
23 |         language = request.POST.get('language', None)
24 |     if hasattr(request, 'GET') and not language:
25 |         language = request.GET.get('language', None)
26 |     site_id = current_page.site_id if current_page else None
27 |     if language:
28 |         language = get_language_code(language)
29 |         if language not in get_language_list(site_id):
30 |             language = None
31 |     if not language and request:
32 |         # get the active language
33 |         language = get_current_language()
34 |     if language:
35 |         if language not in get_language_list(site_id):
36 |             language = None
37 | 
38 |     if not language and current_page:
39 |         # in last resort, get the first language available in the page
40 |         languages = current_page.get_languages()
41 | 
42 |         if len(languages) > 0:
43 |             language = languages[0]
44 | 
45 |     if not language:
46 |         # language must be defined in CMS_LANGUAGES, so check first if there
47 |         # is any language with LANGUAGE_CODE, otherwise try to split it and find
48 |         # best match
49 |         language = get_default_language(site_id=site_id)
50 | 
51 |     return language
52 | 
```

Found function `cms/models/pagemodel.py:Page.get_path`.
Source: Retrieved code content using keyword search (bm25).
```
803 | def get_path(self, language, fallback=True):
804 |         """Get the path of the page depending on the given language"""
805 |         languages = [language]
806 | 
807 |         if fallback:
808 |             languages.extend(self.get_fallbacks(language))
809 | 
810 |         page_languages = self.get_languages()
811 | 
812 |         for _language in languages:
813 |             if _language in page_languages:
814 |                 language = _language
815 |                 break
816 | 
817 |         if language not in self.urls_cache:
818 |             self.urls_cache.update({
819 |                 url.language: url for url in self.urls.all() if url.language in languages # TODO: overwrites multiple urls
820 |             })
821 | 
822 |             for _language in languages:
823 |                 self.urls_cache.setdefault(_language, None)
824 | 
825 |         try:
826 |             return self.urls_cache[language].path
827 |         except (AttributeError, KeyError):
828 |             return None
```

Found function `cms/models/pagemodel.py:Page.get_slug`.
Source: Retrieved code content using keyword search (bm25).
```
830 | def get_slug(self, language, fallback=True):
831 |         languages = [language]
832 | 
833 |         if fallback:
834 |             languages.extend(self.get_fallbacks(language))
835 | 
836 |         page_languages = self.get_languages()
837 | 
838 |         for _language in languages:
839 |             if _language in page_languages:
840 |                 language = _language
841 |                 break
842 | 
843 |         if language not in self.urls_cache:
844 |             self.urls_cache.update({
845 |                 url.language: url for url in self.urls.filter(language__in=languages)
846 |             })
847 | 
848 |             for _language in languages:
849 |                 self.urls_cache.setdefault(_language, None)
850 | 
851 |         try:
852 |             return self.urls_cache[language].slug
853 |         except (AttributeError, KeyError):
854 |             return None
```

Found function `cms/utils/i18n.py:hide_untranslated`.
Source: Retrieved code content using keyword search (bm25).
```
186 | def hide_untranslated(language, site_id=None):
187 |     """
188 |     Should untranslated pages in this language be hidden?
189 |     :param language:
190 |     :param site_id:
191 |     :return: A Boolean
192 |     """
193 |     obj = get_language_object(language, site_id)
194 |     return obj.get('hide_untranslated', True)
```

Found function `cms/utils/i18n.py:is_language_prefix_patterns_used`.
Source: Retrieved code content using keyword search (bm25).
```
197 | def is_language_prefix_patterns_used():
198 |     """
199 |     Returns `True` if the `LocaleRegexURLResolver` or `LocalePrefixPattern`
200 |     is used at root level of the urlpatterns and doesn't have empty
201 |     language_prefix, else it returns `False`.
202 |     """
203 |     for url_pattern in get_resolver(None).url_patterns:
204 |         pattern = getattr(url_pattern, 'pattern', url_pattern)
205 |         if isinstance(pattern, LocalePrefixPattern):
206 |             if pattern.language_prefix != '':
207 |                 return True
208 |     return False
```



##Searching for term "languages", "remove languages", "languages remove languages"...
### Search Result:
Found class `cms/middleware/language.py:LanguageCookieMiddleware`.
Source: Retrieved entity using keyword search (bm25).
```
 6 | class LanguageCookieMiddleware(MiddlewareMixin):
 7 |     def __init__(self, get_response):
 8 |         super().__init__(get_response)
 9 | 
10 |     def __call__(self, request):
11 |         response = self.get_response(request)
12 |         language = get_language()
13 |         if (
14 |             settings.LANGUAGE_COOKIE_NAME in request.COOKIES  # noqa: W503
15 |             and request.COOKIES[settings.LANGUAGE_COOKIE_NAME] == language
16 |         ):
17 |             return response
18 | 
19 |         # To ensure support of very old browsers, Django processed automatically "expires" according
20 |         # to max_age value.
21 |         # https://docs.djangoproject.com/en/3.2/ref/request-response/#django.http.HttpResponse.set_cookie
22 | 
23 |         response.set_cookie(
24 |             settings.LANGUAGE_COOKIE_NAME,
25 |             value=language,
26 |             domain=settings.LANGUAGE_COOKIE_DOMAIN,
27 |             max_age=settings.LANGUAGE_COOKIE_AGE or 365 * 24 * 60 * 60,  # 1 year
28 |             httponly=settings.LANGUAGE_COOKIE_HTTPONLY,
29 |             path=settings.LANGUAGE_COOKIE_PATH,
30 |             samesite=settings.LANGUAGE_COOKIE_SAMESITE,
31 |             secure=settings.LANGUAGE_COOKIE_SECURE,
32 |         )
33 |         return response
```

Found file `cms/middleware/language.py`.
Source: Retrieved entity using keyword search (bm25).
Hint: Search `cms/middleware/language.py` for the full content if needed.



##Searching for term "remove languages"...
### Search Result:
Found .
Source: Retrieved code content using keyword search (bm25).
```
 59 | MANAGE_PAGES_BREAK = 'Manage Pages Break'
 60 | ADMIN_SITES_BREAK = 'Admin Sites Break'
 61 | ADMINISTRATION_BREAK = 'Administration Break'
 62 | CLIPBOARD_BREAK = 'Clipboard Break'
 63 | USER_SETTINGS_BREAK = 'User Settings Break'
 64 | ADD_PAGE_LANGUAGE_BREAK = "Add page language Break"
 65 | REMOVE_PAGE_LANGUAGE_BREAK = "Remove page language Break"
 66 | COPY_PAGE_LANGUAGE_BREAK = "Copy page language Break"
 67 | TOOLBAR_DISABLE_BREAK = 'Toolbar disable Break'
 68 | SHORTCUTS_BREAK = 'Shortcuts Break'
```

Found `menus/templatetags/menu_tags.py:NOT_PROVIDED`, `menus/templatetags/menu_tags.py:cut_after`, `menus/templatetags/menu_tags.py:remove`.
Source: Retrieved code content using keyword search (bm25).
```
  1 | from urllib.parse import unquote
  2 | 
  3 | from classytags.arguments import Argument, IntegerArgument, StringArgument
  4 | from classytags.core import Options
  5 | from classytags.helpers import InclusionTag
  6 | from django import template
  7 | from django.contrib.sites.models import Site
  8 | from django.urls import NoReverseMatch, reverse
  9 | from django.utils.encoding import force_str
 10 | from django.utils.translation import get_language, gettext
 11 | 
 12 | from cms.utils.i18n import (
 13 |     force_language,
 14 |     get_language_list,
 15 |     get_language_object,
 16 |     get_public_languages,
 17 | )
 18 | from menus.menu_pool import menu_pool
 19 | from menus.utils import DefaultLanguageChanger
 20 | 
 21 | register = template.Library()
 22 | 
 23 | 
 24 | class NOT_PROVIDED:
 25 |     pass
 26 | 
 27 | 
 28 | def cut_after(node, levels, removed=None):
 29 |     """
 30 |     given a tree of nodes cuts after N levels
 31 |     """
 32 |     if removed is not None:
 33 |         raise TypeError("menus.template_tags.cut_after() does not accept 'removed' list argument")
 34 | 
 35 |     if levels == 0:
 36 |         node.children = []
 37 |     else:
 38 |         for child in node.children:
 39 |             if child.visible:
 40 |                 cut_after(child, levels - 1)
 41 |             else:
 42 |                 node.children.remove(child)
 43 | 
 44 | 
 45 | def remove(node, removed):
 46 |     removed.append(node)
 47 |     if node.parent:
 48 |         if node in node.parent.children:
 49 |             node.parent.children.remove(node)
```

Found function `cms/api.py:publish_page`.
Source: Retrieved code content using keyword search (bm25).
```
531 | def publish_page(page, user, language):
532 |     """
533 |     .. warning::
534 | 
535 |         Publishing pages has been removed from django CMS core in version 4 onward.
536 | 
537 |         For publishing functionality see `djangocms-versioning: <https://github.com/django-cms/djangocms-versioning>`_
538 |     """
539 |     warnings.warn('This API function has been removed. For publishing functionality use a package that adds '
540 |                   'publishing, such as: djangocms-versioning.',
541 |                   UserWarning, stacklevel=2)
```

Found function `cms/api.py:publish_pages`.
Source: Retrieved code content using keyword search (bm25).
```
544 | def publish_pages(include_unpublished=False, language=None, site=None):
545 |     """
546 |     .. warning::
547 | 
548 |         Publishing pages has been removed from django CMS core in version 4 onward.
549 | 
550 |         For publishing functionality see `djangocms-versioning: <https://github.com/django-cms/djangocms-versioning>`_
551 |     """
552 |     warnings.warn('This API function has been removed. For publishing functionality use a package that adds '
553 |                   'publishing, such as: djangocms-versioning.',
554 |                   UserWarning, stacklevel=2)
```



##Searching for term "remove languages", "languages remove languages"...
### Search Result:
Found function `menus/templatetags/menu_tags.py:remove`.
Source: Retrieved entity using keyword search (bm25).
```
45 | def remove(node, removed):
46 |     removed.append(node)
47 |     if node.parent:
48 |         if node in node.parent.children:
49 |             node.parent.children.remove(node)
```

Found function `cms/cms_toolbars.py:PageToolbar.change_language_menu`.
Source: Retrieved code content using keyword search (bm25).
```
472 | def change_language_menu(self):
473 |         if self.toolbar.edit_mode_active and self.page:
474 |             can_change = page_permissions.user_can_change_page(
475 |                 user=self.request.user,
476 |                 page=self.page,
477 |                 site=self.current_site,
478 |             )
479 |         else:
480 |             can_change = False
481 |         if can_change:
482 |             language_menu = self.toolbar.get_menu(LANGUAGE_MENU_IDENTIFIER)
483 |             if not language_menu:
484 |                 return None
485 | 
486 |             languages = get_language_dict(self.current_site.pk)
487 | 
488 |             remove = [(code, languages.get(code, code)) for code in self.page.get_languages() if code in languages]
489 |             add = [lang for lang in languages.items() if lang not in remove]
490 |             copy = [
491 |                 (code, name) for code, name in languages.items() if
492 |                 code != self.current_lang and (code, name) in remove
493 |             ]
494 | 
495 |             if add or remove or copy:
496 |                 language_menu.add_break(ADD_PAGE_LANGUAGE_BREAK)
497 | 
498 |             if add:
499 |                 add_plugins_menu = language_menu.get_or_create_menu(
500 |                     f'{LANGUAGE_MENU_IDENTIFIER}-add', _('Add Translation')
501 |                 )
502 | 
503 |                 page_add_url = admin_reverse('cms_pagecontent_add')
504 | 
505 |                 for code, name in add:
506 |                     url = add_url_parameters(
507 |                         page_add_url, cms_page=self.page.pk, parent_page=self.page.id, language=code
508 |                     )
509 |                     add_plugins_menu.add_modal_item(name, url=url)
510 | 
511 |             if remove:
512 |                 remove_plugins_menu = language_menu.get_or_create_menu(
513 |                     f'{LANGUAGE_MENU_IDENTIFIER}-del', _('Delete Translation')
514 |                 )
515 |                 disabled = len(remove) == 1
516 |                 for code, name in remove:
517 |                     pagecontent = self.page.get_content_obj(code)
518 |                     if pagecontent:
519 |                         translation_delete_url = admin_reverse('cms_pagecontent_delete', args=(pagecontent.pk,))
520 |                         url = add_url_parameters(translation_delete_url, language=code)
521 |                         remove_plugins_menu.add_modal_item(name, url=url, disabled=disabled)
522 | 
523 |             if copy:
524 |                 copy_plugins_menu = language_menu.get_or_create_menu(
525 |                     f'{LANGUAGE_MENU_IDENTIFIER}-copy', _('Copy all plugins')
526 |                 )
527 |                 title = _('from %s')
528 |                 question = _('Are you sure you want to copy all plugins from %s?')
529 | 
530 |                 for code, name in copy:
531 |                     pagecontent = self.page.get_content_obj(code)
532 |                     page_copy_url = admin_reverse('cms_pagecontent_copy_language', args=(pagecontent.pk,))
533 |                     copy_plugins_menu.add_ajax_item(
534 |                         title % name, action=page_copy_url,
535 |                         data={'source_language': code, 'target_language': self.current_lang},
536 |                         question=question % name, on_success=self.toolbar.REFRESH_PAGE
537 |                     )
```



##Searching for term "languages remove languages"...
### Search Result:
Found .
Source: Retrieved code content using keyword search (bm25).
```
 59 | MANAGE_PAGES_BREAK = 'Manage Pages Break'
 60 | ADMIN_SITES_BREAK = 'Admin Sites Break'
 61 | ADMINISTRATION_BREAK = 'Administration Break'
 62 | CLIPBOARD_BREAK = 'Clipboard Break'
 63 | USER_SETTINGS_BREAK = 'User Settings Break'
 64 | ADD_PAGE_LANGUAGE_BREAK = "Add page language Break"
 65 | REMOVE_PAGE_LANGUAGE_BREAK = "Remove page language Break"
 66 | COPY_PAGE_LANGUAGE_BREAK = "Copy page language Break"
 67 | TOOLBAR_DISABLE_BREAK = 'Toolbar disable Break'
 68 | SHORTCUTS_BREAK = 'Shortcuts Break'
```

Found function `cms/extensions/extension_pool.py:ExtensionPool.unregister`.
Source: Retrieved code content using keyword search (bm25).
```
40 | def unregister(self, extension):
41 |         """
42 |         Unregisters the given extension. No error is thrown if given extension isn't an extension or wasn't
43 |         registered yet.
44 |         """
45 | 
46 |         try:
47 |             if issubclass(extension, PageExtension):
48 |                 self.page_extensions.remove(extension)
49 |             elif issubclass(extension, PageContentExtension):
50 |                 self.page_content_extensions.remove(extension)
51 |         except KeyError:
52 |             pass
```

Found function `cms/extensions/extension_pool.py:ExtensionPool._copy_content_extensions`.
Source: Retrieved code content using keyword search (bm25).
```
59 | def _copy_content_extensions(self, source_page, target_page, language):
60 |         source_content = source_page.pagecontent_set(manager="admin_manager").current_content(language=language).get()
61 |         target_content = target_page.pagecontent_set(manager="admin_manager").current_content(language=language).get()
62 |         for extension in self.page_content_extensions:
63 |             for instance in extension.objects.filter(extended_object=source_content):
64 |                 instance.copy(target_content, language)
```

Found function `cms/extensions/extension_pool.py:ExtensionPool.get_page_content_extensions`.
Source: Retrieved code content using keyword search (bm25).
```
84 | def get_page_content_extensions(self, page_content=None):
85 |         extensions = []
86 |         for extension in self.page_content_extensions:
87 |             if page_content:
88 |                 extensions.extend(list(extension.objects.filter(extended_object=page_content)))
89 |             else:
90 |                 extensions.extend(list(extension.objects.all()))
91 |         return extensions
```
Finding newlines for mmindex:   0%|          | 0.00/2.89M [00:00<?, ?B/s]Finding newlines for mmindex: 100%|##########| 2.89M/2.89M [00:00<00:00, 606MB/s]

2026-09-14 23:30:43 utils.py INFO 
LiteLLM completion() model= qwen/qwen3-coder; provider = openrouter
2026-09-14 23:30:45 utils.py INFO Wrapper: Completed Call, calling success_handler
2026-09-14 23:30:45 auto_search_main.py INFO Executing code:
```
print(get_entity_contents(**{'entity_names': ['cms/models/pagemodel.py:Page']}))
```
2026-09-14 23:30:45 auto_search_main.py INFO OBSERVATION:
##Searching for entity `cms/models/pagemodel.py:Page`...
### Search Result:
Found class `cms/models/pagemodel.py:Page`.
Source: Exact match found for entity name `cms/models/pagemodel.py:Page`.
```
  37 | class Page(MP_Node):
  38 |     """
  39 |     A ``Page`` is the basic unit of site structure in django CMS. The CMS uses a hierarchical page model: each page
  40 |     stands in relation to other pages as parent, child or sibling. This hierarchy is managed by the `django-treebeard
  41 |     <http://django-treebeard.readthedocs.io/en/latest/>`_ library.
  42 | 
  43 |     A ``Page`` is an abstract entity. It does not have any content associated with it, nor does is provide any slugs to
  44 |     build a URL. This is part of the model :class:`~cms.models.contentmodels.PageContent` and
  45 |     :class:`~cms.models.pagemodel.PageUrl` respectively.
  46 |     """
  47 | 
  48 |     parent = models.ForeignKey(
  49 |         'self',
  50 |         on_delete=models.CASCADE,
  51 |         blank=True,
  52 |         null=True,
  53 |         related_name='children',
  54 |         db_index=True,
  55 |     )
  56 |     site = models.ForeignKey(
  57 |         Site,
  58 |         on_delete=models.CASCADE,
  59 |         verbose_name=_("site"),
  60 |         related_name='djangocms_pages',
  61 |         db_index=True,
  62 |     )
  63 |     created_by = models.CharField(
  64 |         _("created by"),
  65 |         max_length=constants.PAGE_USERNAME_MAX_LENGTH,
  66 |         editable=False,
  67 |     )
  68 |     changed_by = models.CharField(
  69 |         _("changed by"),
  70 |         max_length=constants.PAGE_USERNAME_MAX_LENGTH,
  71 |         editable=False,
  72 |     )
  73 |     creation_date = models.DateTimeField(auto_now_add=True)
  74 |     changed_date = models.DateTimeField(auto_now=True)
  75 | 
  76 |     #
  77 |     # Please use toggle_in_navigation() instead of affecting this property
  78 |     # directly so that the cms page cache can be invalidated as appropriate.
  79 |     #
  80 |     reverse_id = models.CharField(
  81 |         _("id"),
  82 |         max_length=40,
  83 |         db_index=True,
  84 |         blank=True,
  85 |         null=True,
  86 |         help_text=_("A unique identifier that is used with the page_url templatetag for linking to this page"),
  87 |     )
  88 |     navigation_extenders = models.CharField(
  89 |         _("attached menu"),
  90 |         max_length=80,
  91 |         db_index=True,
  92 |         blank=True,
  93 |         null=True,
  94 |     )
  95 |     login_required = models.BooleanField(
  96 |         _("login required"),
  97 |         default=False,
  98 |     )
  99 |     is_home = models.BooleanField(
 100 |         editable=False,
 101 |         db_index=True,
 102 |         default=False,
 103 |     )
 104 |     application_urls = models.CharField(
 105 |         _("application"),
 106 |         max_length=200,
 107 |         blank=True,
 108 |         null=True,
 109 |         db_index=True,
 110 |     )
 111 |     application_namespace = models.CharField(
 112 |         _("application instance name"),
 113 |         max_length=200,
 114 |         blank=True,
 115 |         null=True,
 116 |     )
 117 |     languages = models.CharField(
 118 |         max_length=255,
 119 |         editable=False,
 120 |         blank=True,
 121 |         null=True,
 122 |     )
 123 |     is_page_type = models.BooleanField(
 124 |         default=False,
 125 |         help_text=_("Mark this page as a page type"),
 126 |     )
 127 | 
 128 |     # Managers
 129 |     objects = PageManager()
 130 | 
 131 |     class Meta:
 132 |         default_permissions = ['add', 'change', 'delete']
 133 |         permissions = [
 134 |             ('view_page', 'Can view page'),
 135 |             ('publish_page', 'Can publish page'),
 136 |             ('edit_static_placeholder', 'Can edit static placeholders'),
 137 |         ]
 138 |         verbose_name = _("page")
 139 |         verbose_name_plural = _("pages")
 140 |         app_label = 'cms'
 141 |         ordering = ['path']
 142 | 
 143 |     def __init__(self, *args, **kwargs):
 144 |         super().__init__(*args, **kwargs)
 145 |         self.urls_cache = {}
 146 |         self.page_content_cache = {}
 147 |         #: Internal cache for page content objects visible publicly
 148 |         self.admin_content_cache = AdminCacheDict()
 149 |         #: Internal cache for page content objects visible in the admin (i.e. to staff users.)
 150 |         #: Might be larger than the page_content_cache
 151 | 
 152 |     def __str__(self):
 153 |         page_content = self.get_content_obj(get_language(), fallback=True)
 154 |         if page_content:
 155 |             title = page_content.menu_title or page_content.title
 156 |         else:
 157 |             title = _("No available title")
 158 |         path = self.get_path(get_language(), fallback=True)
 159 |         return force_str(title) + ("" if path is None else f" (/{path})")
 160 | 
 161 |     def __repr__(self):
 162 |         display = f'<{self.__module__}.{self.__class__.__name__} id={self.pk} object at {hex(id(self))}>'
 163 |         return display
 164 | 
 165 |     @property
 166 |     def node(self):
 167 |         warnings.warn(
 168 |             "The `node` has been removed from Page objects. Access the TreeNode attributes directly.",
 169 |             RemovedInDjangoCMS43Warning,
 170 |             stacklevel=2
 171 |         )
 172 |         return self
 173 | 
 174 |     @property
 175 |     def is_branch(self):
 176 |         return bool(self.numchild)
 177 | 
 178 |     def get_ancestor_paths(self):
 179 |         paths = frozenset(
 180 |             self.path[0:pos]
 181 |             for pos in range(0, len(self.path), self.steplen)[1:]
 182 |         )
 183 |         return paths
 184 | 
 185 |     def add_child(self, **kwargs):
 186 |         if len(kwargs) == 1 and 'instance' in kwargs:
 187 |             kwargs['instance'].parent = self
 188 |         else:
 189 |             kwargs['parent'] = self
 190 |         return super().add_child(**kwargs)
 191 | 
 192 |     def add_sibling(self, pos=None, *args, **kwargs):
 193 |         if len(kwargs) == 1 and 'instance' in kwargs:
 194 |             kwargs['instance'].parent_id = self.parent_id
 195 |         else:
 196 |             kwargs['parent_id'] = self.parent_id
 197 |         return super().add_sibling(*args, **kwargs)
 198 | 
 199 |     def get_cached_ancestors(self):
 200 |         if self._has_cached_hierarchy():
 201 |             return self._ancestors
 202 |         return []
 203 | 
 204 |     def get_cached_descendants(self):
 205 |         if self._has_cached_hierarchy():
 206 |             return self._descendants
 207 |         return []
 208 | 
 209 |     def _clear_internal_cache(self):
 210 |         self.urls_cache = {}
 211 |         self.page_content_cache = {}
 212 |         self.admin_content_cache = AdminCacheDict()
 213 | 
 214 |         if hasattr(self, '_prefetched_objects_cache'):
 215 |             del self._prefetched_objects_cache
 216 | 
 217 |     @property
 218 |     def parent_page(self):
 219 |         warnings.warn(
 220 |             "Attribute `parent_page` is deprecated. Instead use the attribute `parent`.",
 221 |             RemovedInDjangoCMS43Warning,
 222 |             stacklevel=2
 223 |         )
 224 |         return self.parent
 225 | 
 226 |     def has_valid_url(self, language):
 227 |         return self.urls.filter(language=language, path__isnull=False).exists()
 228 | 
 229 |     def set_as_homepage(self, user=None):
 230 |         """
 231 |         Sets the given page as the homepage.
 232 |         Updates the url paths for all affected pages.
 233 |         Returns the old home page (if any).
 234 |         """
 235 |         if user:
 236 |             changed_by = get_clean_username(user)
 237 |         else:
 238 |             changed_by = constants.SCRIPT_USERNAME
 239 | 
 240 |         changed_date = now()
 241 | 
 242 |         try:
 243 |             old_home = self.__class__.objects.get(
 244 |                 is_home=True,
 245 |                 site=self.site_id,
 246 |             )
 247 |         except self.__class__.DoesNotExist:
 248 |             old_home_tree = []
 249 |         else:
 250 |             old_home.update(
 251 |                 is_home=False,
 252 |                 changed_by=changed_by,
 253 |                 changed_date=changed_date,
 254 |             )
 255 |             old_home_tree = old_home._set_title_root_path()
 256 | 
 257 |         self.update(
 258 |             is_home=True,
 259 |             changed_by=changed_by,
 260 |             changed_date=changed_date,
 261 |         )
 262 |         new_home_tree = self._remove_title_root_path()
 263 |         return (new_home_tree, old_home_tree)
 264 | 
 265 |     def _has_cached_hierarchy(self):
 266 |         return hasattr(self, '_descendants') and hasattr(self, '_ancestors')
 267 | 
 268 |     def _set_hierarchy(self, pages, ancestors=None):
 269 |         if self.is_branch:
 270 |             self._descendants = [
 271 |                 page for page in pages
 272 |                 if page.path.startswith(self.path) and page.depth > self.depth
 273 |             ]
 274 |         else:
 275 |             self._descendants = []
 276 | 
 277 |         if self.is_root():
 278 |             self._ancestors = []
 279 |         else:
 280 |             self._ancestors = ancestors
 281 | 
 282 |         for child in self._descendants:
 283 |             if child.depth == self.depth + 1:
 284 |                 child._set_hierarchy(self._descendants, ancestors=([self] + self._ancestors))
 285 | 
 286 |     def _get_path_sql_value(self, base_path=''):
 287 |         if base_path:
 288 |             new_path = Concat(
 289 |                 models.Value(base_path),
 290 |                 models.Value('/'),
 291 |                 models.F('slug'),
 292 |                 output_field=models.CharField(),
 293 |             )
 294 |         elif base_path is None:
 295 |             new_path = None
 296 |         else:
 297 |             # the homepage
 298 |             new_path = models.F('slug')
 299 |         return new_path
 300 | 
 301 |     def _update_url_path(self, language):
 302 |         base_path = self.parent.get_path(language) if self.parent else ''
 303 |         new_path = self._get_path_sql_value(base_path)
 304 | 
 305 |         (PageUrl
 306 |          .objects
 307 |          .filter(language=language, page=self)
 308 |          .exclude(managed=False)
 309 |          .update(path=new_path))  # TODO: Update or create?
 310 | 
 311 |     def _update_url_path_recursive(self, language):
 312 |         if self.is_leaf() or language not in self.get_languages():
 313 |             return
 314 | 
 315 |         pages = self.get_child_pages()
 316 |         base_path = self.get_path(language)
 317 |         new_path = self._get_path_sql_value(base_path)
 318 | 
 319 |         (PageUrl
 320 |          .objects
 321 |          .filter(language=language, page__in=pages)
 322 |          .exclude(managed=False)
 323 |          .update(path=new_path))  # TODO: Update or create?
 324 | 
 325 |         for child in pages.filter(urls__language=language).iterator():
 326 |             child._update_url_path_recursive(language)
 327 | 
 328 |     def _set_title_root_path(self):
 329 |         page_tree = self.__class__.get_tree(self)
 330 |         page_urls = PageUrl.objects.filter(page__in=page_tree, managed=True, path__isnull=False)
 331 | 
 332 |         for language, slug in self.urls.values_list('language', 'slug'):
 333 |             # Update the translations for all descendants of this page
 334 |             # to include this page's slug as its path prefix
 335 |             (page_urls
 336 |              .filter(language=language)
 337 |              .update(path=Concat(models.Value(slug), models.Value('/'), 'path')))
 338 |             self.update_urls(language, path=slug)
 339 |         return page_tree
 340 | 
 341 |     def _remove_title_root_path(self):
 342 |         page_tree = self.__class__.get_tree(self)
 343 |         page_urls = PageUrl.objects.filter(page__in=page_tree, managed=True, path__isnull=False)
 344 | 
 345 |         for language, slug in self.urls.values_list('language', 'slug'):
 346 |             # Use 2 because of 1 indexing plus the fact we need to trim
 347 |             # the "/" character.
 348 |             trim_count = len(slug) + 2
 349 |             sql_func = models.Func(
 350 |                 models.F('path'),
 351 |                 models.Value(trim_count),
 352 |                 function='substr',
 353 |             )
 354 |             (page_urls
 355 |              .filter(language=language, path__startswith=slug)
 356 |              .update(path=sql_func))
 357 |         return page_tree
 358 | 
 359 |     def is_potential_home(self):
 360 |         """
 361 |         Encapsulates logic for determining if this page is eligible to be set
 362 |         as `is_home`. This is a public method so that it can be accessed in the
 363 |         admin for determining whether to enable the "Set as home" menu item.
 364 |         :return: Boolean
 365 |         """
 366 |         # Only root nodes are eligible for homepage
 367 |         return not self.is_home and bool(self.is_root())
 368 | 
 369 |     def get_absolute_url(self, language=None, fallback=True):
 370 |         if not language:
 371 |             language = get_current_language()
 372 | 
 373 |         with force_language(language):
 374 |             try:
 375 |                 if self.is_home:
 376 |                     return reverse('pages-root')
 377 |                 path = self.get_path(language, fallback) or self.get_slug(language, fallback)  # TODO: Disallow get_slug
 378 |                 return reverse('pages-details-by-slug', kwargs={"slug": path}) if path else None
 379 |             except NoReverseMatch:
 380 |                 return None
 381 | 
 382 |     def set_tree_node(self, site, target=None, position='first-child'):
 383 |         warnings.warn(
 384 |             "Method `set_tree_node` is deprecated. Use `add_to_tree` instead.",
 385 |             RemovedInDjangoCMS43Warning,
 386 |             stacklevel=2
 387 |         )
 388 |         self.site = site
 389 |         self.parent = target
 390 |         return self.add_to_tree(position=position)
 391 | 
 392 |     def add_to_tree(self, position='first-child'):
 393 |         assert position in ('last-child', 'first-child', 'left', 'right')
 394 | 
 395 |         if self.parent is None:
 396 |             Page.add_root(instance=self)
 397 |         elif position == 'first-child' and self.parent.is_branch:
 398 |             self.parent.get_first_child().add_sibling(pos='left', instance=self)
 399 |         elif position in ('last-child', 'first-child'):
 400 |             self.parent.add_child(instance=self)
 401 |         else:
 402 |             self.parent.add_sibling(pos=position, instance=self)
 403 | 
 404 |     def move_page(self, target_page, position='first-child'):
 405 |         """
 406 |         Called from admin interface when page is moved. Should be used on
 407 |         all the places which are changing page position. Used like an interface
 408 |         to django-treebeard, but after move is done page_moved signal is fired.
 409 |         """
 410 |         assert isinstance(target_page, Page), f"{target_page} is not an instance of Page."
 411 |         inherited_template = self.template == constants.TEMPLATE_INHERITANCE_MAGIC
 412 | 
 413 |         if inherited_template and target_page.is_root() and position in ('left', 'right'):
 414 |             # The page is being moved to a root position.
 415 |             # Explicitly set the inherited template on the titles
 416 |             # to keep all plugins / placeholders.
 417 |             template = self.get_template()
 418 |             self.update_translations(template=template)
 419 | 
 420 |         # Don't use a cached node. Always get a fresh one.
 421 |         self._clear_internal_cache()
 422 | 
 423 |         # Runs the SQL updates on the treebeard fields
 424 |         self.move(target_page, position)
 425 | 
 426 |         if position in ('first-child', 'last-child'):
 427 |             self.parent = target_page
 428 |         else:
 429 |             # moving relative to sibling
 430 |             # or to the root of the tree
 431 |             self.parent = target_page.parent
 432 |         # Runs the SQL updates on the parent field
 433 |         self.update(parent=self.parent)
 434 |         self.refresh_from_db(fields=('path', 'depth'))
 435 | 
 436 |         # Update the urls for the page being moved
 437 |         # and is descendants.
 438 |         languages = (
 439 |             self
 440 |             .urls
 441 |             .filter(language__in=self.get_languages())
 442 |             .values_list('language', flat=True)
 443 |         )
 444 | 
 445 |         for language in languages:
 446 |             if not self.is_home:
 447 |                 self._update_url_path(language)
 448 |             self._update_url_path_recursive(language)
 449 |         self.clear_cache(menu=True)
 450 |         return self
 451 | 
 452 |     def _clear_placeholders(self, language):
 453 |         from cms.models import CMSPlugin
 454 | 
 455 |         placeholders = self.get_placeholders(language)
 456 |         placeholder_ids = (placeholder.pk for placeholder in placeholders)
 457 |         plugins = CMSPlugin.objects.filter(placeholder__in=placeholder_ids, language=language)
 458 |         models.query.QuerySet.delete(plugins)
 459 |         return placeholders
 460 | 
 461 |     def copy(self, site, parent_page=None, parent_node=None, language=None,
 462 |              translations=True, permissions=False, extensions=True, user=None):
 463 |         from cms.models import PageContent
 464 |         from cms.utils.page import get_available_slug
 465 | 
 466 |         assert parent_page is None or isinstance(parent_page, Page), f"{parent_page} is not an instance of Page."
 467 |         assert isinstance(user, get_user_model()), f"{user} is not an instance of User."
 468 | 
 469 |         if parent_node is not None:
 470 |             warnings.warn(
 471 |                 "Argument `parent_node` is deprecated. Use `parent_page` instead.",
 472 |                 RemovedInDjangoCMS43Warning,
 473 |                 stacklevel=2,
 474 |             )
 475 |             parent_page = parent_page or parent_node
 476 | 
 477 |         if parent_page:
 478 |             new_page = parent_page.add_child(site=site)
 479 |         else:
 480 |             new_page = Page.add_root(site=site)
 481 | 
 482 |         new_page._state = ModelState()
 483 |         new_page._clear_internal_cache()
 484 | 
 485 |         if language and translations:
 486 |             page_urls = self.urls.filter(language=language)
 487 |             translations = self.pagecontent_set(manager="admin_manager").filter(language=language)
 488 |         elif translations:
 489 |             page_urls = self.urls.all()
 490 |             translations = self.pagecontent_set(manager="admin_manager")
 491 |         else:
 492 |             page_urls = self.urls.none()
 493 |             translations = self.pagecontent_set(manager="admin_manager").none()
 494 |         translations = translations.prefetch_related('placeholders')
 495 | 
 496 |         for page_url in page_urls:
 497 |             new_url = model_to_dict(page_url)
 498 |             new_url.pop("id", None)  # No PK
 499 |             new_url["page"] = new_page
 500 | 
 501 |             if parent_page:
 502 |                 base = parent_page.get_path(page_url.language)
 503 |                 path = f'{base}/{page_url.slug}' if base else page_url.slug
 504 |             else:
 505 |                 base = ''
 506 |                 path = page_url.slug
 507 | 
 508 |             new_url["slug"] = get_available_slug(site, path, page_url.language)
 509 |             new_url["path"] = '{}/{}'.format(base, new_url["slug"]) if base else new_url["slug"]
 510 |             PageUrl.objects.with_user(user).create(**new_url)
 511 | 
 512 |         # copy titles of this page
 513 |         for title in translations.current_content():
 514 |             new_title = model_to_dict(title)
 515 |             new_title.pop("id", None)  # No PK
 516 |             new_title["page"] = new_page
 517 |             new_title = PageContent.objects.with_user(user).create(**new_title)
 518 | 
 519 |             for placeholder in title.placeholders.all():
 520 |                 # copy the placeholders (and plugins on those placeholders!)
 521 |                 new_placeholder = new_title.placeholders.create(
 522 |                     slot=placeholder.slot,
 523 |                     default_width=placeholder.default_width,
 524 |                 )
 525 |                 placeholder.copy_plugins(new_placeholder, language=new_title.language)
 526 |             new_page.page_content_cache[new_title.language] = new_title
 527 |         new_page.update_languages([trans.language for trans in translations])
 528 | 
 529 |         if extensions:
 530 |             from cms.extensions import extension_pool
 531 |             extension_pool.copy_extensions(self, new_page)
 532 | 
 533 |         # copy permissions if requested
 534 |         if permissions and get_cms_setting('PERMISSION'):
 535 |             permissions = self.pagepermission_set.iterator()
 536 |             permissions_new = []
 537 | 
 538 |             for permission in permissions:
 539 |                 permission.pk = None
 540 |                 permission.page = new_page
 541 |                 permissions_new.append(permission)
 542 | 
 543 |             if permissions_new:
 544 |                 new_page.pagepermission_set.bulk_create(permissions_new)
 545 |         return new_page
 546 | 
 547 |     def copy_with_descendants(self, target_page=None, target_node=None, position=None,
 548 |                               copy_permissions=True, target_site=None, user=None):
 549 |         """
 550 |         Copy a page [ and all its descendants to a new location ]
 551 |         """
 552 |         from cms.models import PageContent
 553 | 
 554 |         if target_node is not None:
 555 |             warnings.warn(
 556 |                 "Argument `parent_node` is deprecated. Use `parent_page` instead.",
 557 |                 RemovedInDjangoCMS43Warning,
 558 |                 stacklevel=2,
 559 |             )
 560 |             target_page = target_page or target_node
 561 | 
 562 |         if position in ('first-child', 'last-child'):
 563 |             parent_page = target_page
 564 |         elif target_page:
 565 |             parent_page = target_page.parent
 566 |         else:
 567 |             parent_page = None
 568 | 
 569 |         if target_site is None:
 570 |             target_site = parent_page.site if parent_page else self.site
 571 | 
 572 |         # Evaluate the descendants queryset BEFORE copying the page.
 573 |         # Otherwise, if the page is copied and pasted on itself, it will duplicate.
 574 |         descendants = list(
 575 |             self.get_descendant_pages()
 576 |             .prefetch_related(
 577 |                 'urls',
 578 |                 Prefetch('pagecontent_set', queryset=PageContent.admin_manager.all()),
 579 |             )
 580 |         )
 581 |         new_root_page = self.copy(target_site, parent_page=parent_page, user=user)
 582 | 
 583 |         if target_page and position in ('first-child'):
 584 |             # target page is a parent and user has requested to
 585 |             # insert the new page as its first child
 586 |             new_root_page.move(target_page, position)
 587 |             new_root_page.refresh_from_db(fields=('path', 'depth'))
 588 | 
 589 |         if target_page and position in ('left', 'last-child'):
 590 |             # target page is a sibling
 591 |             new_root_page.move(target_page, position)
 592 |             new_root_page.refresh_from_db(fields=('path', 'depth'))
 593 | 
 594 |         pages_by_id = {self.id: new_root_page}
 595 |         for page in descendants:
 596 |             parent = pages_by_id[page.parent_id]
 597 |             pages_by_id[page.id] = page.copy(
 598 |                 target_site,
 599 |                 parent_page=parent,
 600 |                 translations=True,
 601 |                 permissions=copy_permissions,
 602 |                 user=user
 603 |             )
 604 |         return new_root_page
 605 | 
 606 |     def delete(self, *args, **kwargs):
 607 |         Page.get_tree(self).delete_fast()
 608 | 
 609 |         if self.parent:
 610 |             Page.objects.filter(id=self.parent_id).update(numchild=models.F('numchild') - 1)
 611 |         self.clear_cache(menu=True)
 612 | 
 613 |     def delete_translations(self, language=None):
 614 |         if language is None:
 615 |             languages = self.get_languages()
 616 |         else:
 617 |             languages = [language]
 618 | 
 619 |         self.pagecontent_set(manager="admin_manager").filter(language__in=languages).delete()
 620 | 
 621 |     def save(self, **kwargs):
 622 |         if self.reverse_id == "":
 623 |             self.reverse_id = None
 624 |         if self.application_namespace == "":
 625 |             self.application_namespace = None
 626 | 
 627 |         created = not bool(self.pk)
 628 |         from cms.utils.permissions import get_current_user_name
 629 |         self.changed_by = get_current_user_name()
 630 |         if created:
 631 |             self.created_by = self.changed_by
 632 | 
 633 |         super().save(**kwargs)
 634 | 
 635 |     def update(self, refresh=False, **data):
 636 |         cls = self.__class__
 637 |         cls.objects.filter(pk=self.pk).update(**data)
 638 | 
 639 |         if refresh:
 640 |             return self.reload()
 641 |         else:
 642 |             for field, value in data.items():
 643 |                 setattr(self, field, value)
 644 |         return
 645 | 
 646 |     def update_translations(self, language=None, **data):
 647 |         if language:
 648 |             translations = self.pagecontent_set.filter(language=language)
 649 |         else:
 650 |             translations = self.pagecontent_set.all()
 651 |         return translations.update(**data)
 652 | 
 653 |     def has_translation(self, language):
 654 |         return self.pagecontent_set.filter(language=language).exists()
 655 | 
 656 |     def clear_cache(self, language=None, menu=False, placeholder=False):
 657 |         from cms.cache import invalidate_cms_page_cache
 658 | 
 659 |         if get_cms_setting('PAGE_CACHE'):
 660 |             # Clears all the page caches
 661 |             invalidate_cms_page_cache()
 662 | 
 663 |         if placeholder and get_cms_setting('PLACEHOLDER_CACHE'):
 664 |             assert language, 'language is required when clearing placeholder cache'
 665 | 
 666 |             placeholders = self.get_placeholders(language)
 667 | 
 668 |             for placeholder_instance in placeholders:
 669 |                 placeholder_instance.clear_cache(language, site_id=self.site_id)
 670 | 
 671 |         if menu:
 672 |             # Clears all menu caches for this page's site
 673 |             menu_pool.clear(site_id=self.site_id)
 674 | 
 675 |     def get_child_pages(self):
 676 |         return self.get_children().order_by('path')
 677 | 
 678 |     def get_ancestor_pages(self):
 679 |         return self.get_ancestors().order_by('path')
 680 | 
 681 |     def get_descendant_pages(self):
 682 |         return self.get_descendants().order_by('path')
 683 | 
 684 |     def get_root(self):
 685 |         return self.__class__.objects.get(path=self.path[0:self.steplen])
 686 | 
 687 |     def get_parent_page(self):
 688 |         warnings.warn(
 689 |             "Method `get_parent_page()` is deprecated. Instead use the `parent` attribute.",
 690 |             RemovedInDjangoCMS43Warning,
 691 |             stacklevel=2
 692 |         )
 693 |         return self.parent
 694 | 
 695 |     def get_languages(self):
 696 |         if self.languages:
 697 |             return sorted(self.languages.split(','))
 698 |         else:
 699 |             return []
 700 | 
 701 |     def remove_language(self, language):
 702 |         page_languages = self.get_languages()
 703 | 
 704 |         if language in page_languages:
 705 |             page_languages.remove(language)
 706 |             self.update_languages(page_languages)
 707 | 
 708 |     def update_languages(self, languages):
 709 |         languages = ",".join(set(languages))
 710 |         # Update current instance
 711 |         self.languages = languages
 712 |         # Commit. It's important to not call save()
 713 |         # we'd like to commit only the languages field and without
 714 |         # any kind of signals.
 715 |         self.update(languages=languages)
 716 | 
 717 |     def get_published_languages(self):
 718 |         return self.get_languages()
 719 | 
 720 |     def set_translations_cache(self):
 721 |         warnings.warn(
 722 |             "Method `set_translations_cache` is deprecated. Use `get_content_obj` instead. "
 723 |             "For admin views use `set_admin_content_cache` instead.",
 724 |             RemovedInDjangoCMS43Warning,
 725 |             stacklevel=2,
 726 |         )
 727 |         for translation in self.pagecontent_set.all():
 728 |             self.page_content_cache.setdefault(translation.language, translation)
 729 | 
 730 |     def set_admin_content_cache(self):
 731 |         self.admin_content_cache = AdminCacheDict()
 732 |         for translation in self.pagecontent_set(manager="admin_manager").latest_content().all():
 733 |             self.admin_content_cache.setdefault(translation.language, translation)
 734 | 
 735 |     def get_admin_content(self, language, fallback=False):
 736 |         from cms.models.contentmodels import EmptyPageContent
 737 | 
 738 |         if not self.admin_content_cache:
 739 |             self.set_admin_content_cache()
 740 |         page_content = self.admin_content_cache.get(language, EmptyPageContent(language=language, page=self))
 741 |         if not page_content and fallback:
 742 |             for lang in i18n.get_fallback_languages(language):
 743 |                 page_content = self.admin_content_cache.get(lang)
 744 |                 if page_content:
 745 |                     return page_content
 746 |             page_content = EmptyPageContent(language=language, page=self)
 747 |             if fallback == "force":
 748 |                 # Try any page content object
 749 |                 for item in self.admin_content_cache.values():
 750 |                     if item:
 751 |                         return item
 752 |         return page_content
 753 | 
 754 |     def get_path_for_slug(self, slug, language):
 755 |         if self.is_home:
 756 |             return ''
 757 | 
 758 |         if self.parent:
 759 |             base = self.parent.get_path(language, fallback=True)
 760 |             # base can be empty when the parent is a home-page
 761 |             path = f'{base}/{slug}' if base else slug
 762 |         else:
 763 |             path = slug
 764 |         return path
 765 | 
 766 |     def get_url(self, language):
 767 |         return self.get_urls().get(language=language)
 768 | 
 769 |     def get_urls(self):
 770 |         return self.urls.all()
 771 | 
 772 |     def update_urls(self, language=None, **data):
 773 |         if language:
 774 |             page_urls = self.get_urls().filter(language=language)
 775 |         else:
 776 |             page_urls = self.get_urls().all()
 777 |         return page_urls.update(**data)
 778 | 
 779 |     def get_fallbacks(self, language):
 780 |         return i18n.get_fallback_languages(language, site_id=self.site_id)
 781 | 
 782 |     # ## PageContent object access
 783 | 
 784 |     def get_content_obj(self, language=None, fallback=True, force_reload=False):
 785 |         """Helper function for accessing wanted / current title.
 786 |         If wanted title doesn't exist, EmptyPageContent instance will be returned.
 787 |         """
 788 |         language = self._get_page_content_cache(language, fallback, force_reload)
 789 |         if language in self.page_content_cache:
 790 |             return self.page_content_cache[language]
 791 |         from cms.models import EmptyPageContent
 792 | 
 793 |         return EmptyPageContent(language=language, page=self)
 794 | 
 795 |     def get_page_content_obj_attribute(self, attrname, language=None, fallback=True, force_reload=False):
 796 |         """Helper function for getting attribute or None from wanted/current page content."""
 797 |         try:
 798 |             attribute = getattr(self.get_content_obj(language, fallback, force_reload), attrname)
 799 |             return attribute
 800 |         except AttributeError:
 801 |             return None
 802 | 
 803 |     def get_path(self, language, fallback=True):
 804 |         """Get the path of the page depending on the given language"""
 805 |         languages = [language]
 806 | 
 807 |         if fallback:
 808 |             languages.extend(self.get_fallbacks(language))
 809 | 
 810 |         page_languages = self.get_languages()
 811 | 
 812 |         for _language in languages:
 813 |             if _language in page_languages:
 814 |                 language = _language
 815 |                 break
 816 | 
 817 |         if language not in self.urls_cache:
 818 |             self.urls_cache.update({
 819 |                 url.language: url for url in self.urls.all() if url.language in languages # TODO: overwrites multiple urls
 820 |             })
 821 | 
 822 |             for _language in languages:
 823 |                 self.urls_cache.setdefault(_language, None)
 824 | 
 825 |         try:
 826 |             return self.urls_cache[language].path
 827 |         except (AttributeError, KeyError):
 828 |             return None
 829 | 
 830 |     def get_slug(self, language, fallback=True):
 831 |         languages = [language]
 832 | 
 833 |         if fallback:
 834 |             languages.extend(self.get_fallbacks(language))
 835 | 
 836 |         page_languages = self.get_languages()
 837 | 
 838 |         for _language in languages:
 839 |             if _language in page_languages:
 840 |                 language = _language
 841 |                 break
 842 | 
 843 |         if language not in self.urls_cache:
 844 |             self.urls_cache.update({
 845 |                 url.language: url for url in self.urls.filter(language__in=languages)
 846 |             })
 847 | 
 848 |             for _language in languages:
 849 |                 self.urls_cache.setdefault(_language, None)
 850 | 
 851 |         try:
 852 |             return self.urls_cache[language].slug
 853 |         except (AttributeError, KeyError):
 854 |             return None
 855 | 
 856 |     def get_title(self, language=None, fallback=True, force_reload=False):
 857 |         """
 858 |         get the title of the page depending on the given language
 859 |         """
 860 |         return self.get_page_content_obj_attribute("title", language, fallback, force_reload)
 861 | 
 862 |     def get_menu_title(self, language=None, fallback=True, force_reload=False):
 863 |         """
 864 |         get the menu title of the page depending on the given language
 865 |         """
 866 |         menu_title = self.get_page_content_obj_attribute("menu_title", language, fallback, force_reload)
 867 |         if not menu_title:
 868 |             return self.get_title(language, True, force_reload)
 869 |         return menu_title
 870 | 
 871 |     def get_placeholders(self, language):
 872 |         from cms.models import PageContent, Placeholder
 873 | 
 874 |         page_content = PageContent.objects.get(language=language, page=self)
 875 |         return Placeholder.objects.get_for_obj(page_content)
 876 | 
 877 |     def get_changed_date(self, language=None, fallback=True, force_reload=False):
 878 |         """
 879 |         get when this page was last updated
 880 |         """
 881 |         return self.get_page_content_obj_attribute("changed_date", language, fallback, force_reload)
 882 | 
 883 |     def get_changed_by(self, language=None, fallback=True, force_reload=False):
 884 |         """
 885 |         get user who last changed this page
 886 |         """
 887 |         return self.get_page_content_obj_attribute("changed_by", language, fallback, force_reload)
 888 | 
 889 |     def get_page_title(self, language=None, fallback=True, force_reload=False):
 890 |         """
 891 |         get the page title of the page depending on the given language
 892 |         """
 893 |         page_title = self.get_page_content_obj_attribute("page_title", language, fallback, force_reload)
 894 | 
 895 |         if not page_title:
 896 |             return self.get_title(language, True, force_reload)
 897 |         return page_title
 898 | 
 899 |     def get_meta_description(self, language=None, fallback=True, force_reload=False):
 900 |         """
 901 |         get content for the description meta tag for the page depending on the given language
 902 |         """
 903 |         return self.get_page_content_obj_attribute("meta_description", language, fallback, force_reload)
 904 | 
 905 |     def get_application_urls(self, language=None, fallback=True, force_reload=False):
 906 |         """
 907 |         get application urls conf for application hook
 908 |         """
 909 |         return self.application_urls
 910 | 
 911 |     def get_redirect(self, language=None, fallback=True, force_reload=False):
 912 |         """
 913 |         get redirect
 914 |         """
 915 |         return self.get_page_content_obj_attribute("redirect", language, fallback, force_reload)
 916 | 
 917 |     def _get_page_content_cache(self, language, fallback, force_reload):
 918 |         """
 919 |         Sets the internal page object cache for page content objects available to the general user.
 920 |         It optionally respe
 921 |         """
 922 |         def get_fallback_language(page, language):
 923 |             fallback_langs = i18n.get_fallback_languages(language)
 924 |             for lang in fallback_langs:
 925 |                 if page.page_content_cache.get(lang):
 926 |                     return lang
 927 | 
 928 |         if not language:
 929 |             language = get_language()
 930 | 
 931 |         # Update page_content_cache from _prefetched_objects_cache if available
 932 |         prefetch_cache = getattr(self, "_prefetched_objects_cache", {})
 933 |         cached_page_content = prefetch_cache.get("pagecontent_set", [])
 934 |         for page_content in cached_page_content:
 935 |             self.page_content_cache[page_content.language] = page_content
 936 | 
 937 |         # Reload if explicitly needed or language not in content cache
 938 |         if force_reload or language not in self.page_content_cache:
 939 |             for page_content in self.pagecontent_set.all():
 940 |                 self.page_content_cache[page_content.language] = page_content
 941 | 
 942 |         if self.page_content_cache.get(language):
 943 |             return language
 944 | 
 945 |         use_fallback = all([
 946 |             fallback,
 947 |             not self.page_content_cache.get(language),
 948 |             get_fallback_language(self, language)
 949 |         ])
 950 |         if use_fallback:
 951 |             # language can be in the cache but might be an EmptyPageContent instance
 952 |             return get_fallback_language(self, language)
 953 |         return language
 954 | 
 955 |     @property
 956 |     def template(self):
 957 |         return self.get_page_content_obj_attribute("template")
 958 | 
 959 |     @property
 960 |     def soft_root(self):
 961 |         return self.get_page_content_obj_attribute("soft_root")
 962 | 
 963 |     def get_template(self, language=None, fallback=True, force_reload=False):
 964 |         content = self.get_content_obj(language, fallback, force_reload)
 965 |         if content:
 966 |             return content.get_template()
 967 |         return get_cms_setting('TEMPLATES')[0][0] if get_cms_setting('TEMPLATES') else ""
 968 | 
 969 |     def get_template_name(self):
 970 |         """
 971 |         get the textual name (2nd parameter in get_cms_setting('TEMPLATES'))
 972 |         of the template of this page or of the nearest
 973 |         ancestor. failing to find that, return the name of the default template.
 974 |         """
 975 |         template = self.get_template()
 976 |         for t in get_cms_setting('TEMPLATES'):
 977 |             if t[0] == template:
 978 |                 return t[1]
 979 |         return _("default")
 980 | 
 981 |     def has_view_permission(self, user):
 982 |         from cms.utils.page_permissions import user_can_view_page
 983 |         return user_can_view_page(user, page=self)
 984 | 
 985 |     def has_view_restrictions(self, site):
 986 |         from cms.models import PagePermission
 987 | 
 988 |         if get_cms_setting('PERMISSION'):
 989 |             restrictions = (
 990 |                 PagePermission
 991 |                 .objects
 992 |                 .for_page(self)
 993 |                 .filter(can_view=True)
 994 |             )
 995 |             return restrictions.exists()
 996 |         return False
 997 | 
 998 |     def has_add_permission(self, user):
 999 |         """
1000 |         Has user ability to add page under current page?
1001 |         """
1002 |         from cms.utils.page_permissions import user_can_add_subpage
1003 |         return user_can_add_subpage(user, self)
1004 | 
1005 |     def has_change_permission(self, user):
1006 |         from cms.utils.page_permissions import user_can_change_page
1007 |         return user_can_change_page(user, page=self)
1008 | 
1009 |     def has_delete_permission(self, user):
1010 |         from cms.utils.page_permissions import user_can_delete_page
1011 |         return user_can_delete_page(user, page=self)
1012 | 
1013 |     def has_delete_translation_permission(self, user, language):
1014 |         from cms.utils.page_permissions import user_can_delete_page_translation
1015 |         return user_can_delete_page_translation(user, page=self, language=language)
1016 | 
1017 |     def has_publish_permission(self, user):
1018 |         from cms.utils.page_permissions import user_can_publish_page
1019 |         return user_can_publish_page(user, page=self)
1020 | 
1021 |     def has_advanced_settings_permission(self, user):
1022 |         from cms.utils.page_permissions import user_can_change_page_advanced_settings
1023 |         return user_can_change_page_advanced_settings(user, page=self)
1024 | 
1025 |     def has_change_permissions_permission(self, user):
1026 |         """
1027 |         Has user ability to change permissions for current page?
1028 |         """
1029 |         from cms.utils.page_permissions import user_can_change_page_permissions
1030 |         return user_can_change_page_permissions(user, page=self)
1031 | 
1032 |     def has_move_page_permission(self, user):
1033 |         """Has user ability to move current page?
1034 |         """
1035 |         from cms.utils.page_permissions import user_can_move_page
1036 |         return user_can_move_page(user, page=self)
1037 | 
1038 |     def get_media_path(self, filename):
1039 |         """
1040 |         Returns path (relative to MEDIA_ROOT/MEDIA_URL) to directory for storing
1041 |         page-scope files. This allows multiple pages to contain files with
1042 |         identical names without namespace issues. Plugins such as Picture can
1043 |         use this method to initialise the 'upload_to' parameter for File-based
1044 |         fields. For example:
1045 |             image = models.ImageField(
1046 |                 _("image"), upload_to=CMSPlugin.get_media_path)
1047 | 
1048 |         where CMSPlugin.get_media_path calls self.page.get_media_path
1049 | 
1050 |         This location can be customised using the CMS_PAGE_MEDIA_PATH setting
1051 |         """
1052 |         return join(get_cms_setting('PAGE_MEDIA_PATH'), "%d" % self.pk, filename)
1053 | 
1054 |     def reload(self):
1055 |         """
1056 |         Reload a page from the database
1057 |         """
1058 |         return self.__class__.objects.get(pk=self.pk)
1059 | 
1060 |     def rescan_placeholders(self, language):
1061 |         return self.get_content_obj(language=language).rescan_placeholders()
1062 | 
1063 |     def get_declared_placeholders(self, language=None, fallback=True, force_reload=False):
1064 |         from cms.utils.placeholder import get_declared_placeholders_for_obj
1065 | 
1066 |         content = self.get_content_obj(language, fallback, force_reload)
1067 |         if content:
1068 |             return get_declared_placeholders_for_obj(content)
1069 |         return []
1070 | 
1071 |     def get_xframe_options(self, language=None, fallback=True, force_reload=False):
1072 |         content = self.get_content_obj(language, fallback, force_reload)
1073 |         if content:
1074 |             return content.get_xframe_options()
1075 | 
1076 |     def get_soft_root(self, language=None, fallback=True, force_reload=False):
1077 |         return self.get_page_content_obj_attribute("soft_root", language, fallback, force_reload)
1078 | 
1079 |     def get_in_navigation(self, language=None, fallback=True, force_reload=False):
1080 |         return self.get_page_content_obj_attribute("in_navigation", language, fallback, force_reload)
1081 | 
1082 |     def get_limit_visibility_in_menu(self, language=None, fallback=True, force_reload=False):
1083 |         return self.get_page_content_obj_attribute("limit_visibility_in_menu", language, fallback, force_reload)
```

2026-09-14 23:30:45 utils.py INFO 
LiteLLM completion() model= qwen/qwen3-coder; provider = openrouter
2026-09-14 23:30:57 utils.py INFO Wrapper: Completed Call, calling success_handler
2026-09-14 23:30:57 auto_search_main.py INFO Executing code:
```
print(search_code_snippets(**{'search_terms': ['migration', 'languages'], 'file_path_or_pattern': 'cms/migrations/*'}))
```
2026-09-14 23:30:57 __init__.py DEBUG Building index from IDs objects
2026-09-14 23:30:57 auto_search_main.py INFO OBSERVATION:
##Searching for term "migration"...
### Search Result:
Found class `cms/migrations/0028_remove_page_placeholders.py:Migration`.
Found class `cms/migrations/0006_auto_20140924_1110.py:Migration`.
Found class `cms/migrations/0007_auto_20141028_1559.py:Migration`.
Found class `cms/migrations/0027_title_placeholders_data_migration.py:Migration`.
Found class `cms/migrations/0010_migrate_use_structure.py:Migration`.
Found class `cms/migrations/0021_auto_20180507_1432.py:Migration`.
Found class `cms/migrations/0009_merge.py:Migration`.
Found class `cms/migrations/0033_placeholder_source_data_migration.py:Migration`.
Found class `cms/migrations/0035_auto_20230822_2208_squashed_0036_auto_20240311_1028.py:Migration`.
Found class `cms/migrations/0024_set_plugin_absolute_position.py:Migration`.
Found class `cms/migrations/0036_auto_20240311_1028.py:Migration`.
Found class `cms/migrations/0026_title_placeholders.py:Migration`.
Found class `cms/migrations/0032_remove_title_to_pagecontent.py:Migration`.
Found class `cms/migrations/0002_auto_20140816_1918.py:Migration`.
Found class `cms/migrations/0014_auto_20160404_1908.py:Migration`.
Found class `cms/migrations/0035_auto_20230822_2208.py:Migration`.
Found class `cms/migrations/0023_placeholder_source_field.py:Migration`.
Found class `cms/migrations/0011_auto_20150419_1006.py:Migration`.
Found class `cms/migrations/0034_remove_pagecontent_placeholders.py:Migration`.
Found class `cms/migrations/0012_auto_20150607_2207.py:Migration`.
Found class `cms/migrations/0005_auto_20140924_1039.py:Migration`.
Found class `cms/migrations/0008_auto_20150121_0059.py:Migration`.
Found class `cms/migrations/0015_auto_20160421_0000.py:Migration`.
Found class `cms/migrations/0038_alter_page_site.py:Migration`.
Found class `cms/migrations/0013_urlconfrevision.py:Migration`.
Found class `cms/migrations/0004_auto_20140924_1038.py:Migration`.
Found class `cms/migrations/0018_create_pagenode.py:Migration`.
Found class `cms/migrations/0031_remove_fields.py:Migration`.
Found class `cms/migrations/0037_merge_page_treenode.py:Migration`.
Found class `cms/migrations/0029_create_title_fields_and_url_model.py:Migration`.
Found class `cms/migrations/0017_pagetype.py:Migration`.
Found class `cms/migrations/0025_remove_plugin_tree_fields.py:Migration`.
Found class `cms/migrations/0030_auto_20180810_0629.py:Migration`.
Found class `cms/migrations/0022_auto_20180620_1551.py:Migration`.
Found class `cms/migrations/0008_auto_20150208_2149.py:Migration`.
Found class `cms/migrations/0020_old_tree_cleanup.py:Migration`.
Found class `cms/migrations/0001_initial.py:Migration`.
Found class `cms/migrations/0003_auto_20140926_2347.py:Migration`.
Found class `cms/migrations/0016_auto_20160608_1535.py:Migration`.
Found class `cms/migrations/0019_set_pagenode.py:Migration`.
Source: Match found for entity name `migration`.
Hint: Use more detailed query to get the full content of some if needed.



##Searching for term "languages"...
### Search Result:
Found class `cms/middleware/language.py:LanguageCookieMiddleware`.
Source: Retrieved entity using keyword search (bm25).
```
 6 | class LanguageCookieMiddleware(MiddlewareMixin):
 7 |     def __init__(self, get_response):
 8 |         super().__init__(get_response)
 9 | 
10 |     def __call__(self, request):
11 |         response = self.get_response(request)
12 |         language = get_language()
13 |         if (
14 |             settings.LANGUAGE_COOKIE_NAME in request.COOKIES  # noqa: W503
15 |             and request.COOKIES[settings.LANGUAGE_COOKIE_NAME] == language
16 |         ):
17 |             return response
18 | 
19 |         # To ensure support of very old browsers, Django processed automatically "expires" according
20 |         # to max_age value.
21 |         # https://docs.djangoproject.com/en/3.2/ref/request-response/#django.http.HttpResponse.set_cookie
22 | 
23 |         response.set_cookie(
24 |             settings.LANGUAGE_COOKIE_NAME,
25 |             value=language,
26 |             domain=settings.LANGUAGE_COOKIE_DOMAIN,
27 |             max_age=settings.LANGUAGE_COOKIE_AGE or 365 * 24 * 60 * 60,  # 1 year
28 |             httponly=settings.LANGUAGE_COOKIE_HTTPONLY,
29 |             path=settings.LANGUAGE_COOKIE_PATH,
30 |             samesite=settings.LANGUAGE_COOKIE_SAMESITE,
31 |             secure=settings.LANGUAGE_COOKIE_SECURE,
32 |         )
33 |         return response
```

Found file `cms/middleware/language.py`.
Source: Retrieved entity using keyword search (bm25).
Hint: Search `cms/middleware/language.py` for the full content if needed.

2026-09-14 23:30:57 utils.py INFO 
LiteLLM completion() model= qwen/qwen3-coder; provider = openrouter
2026-09-14 23:31:00 utils.py INFO Wrapper: Completed Call, calling success_handler
2026-09-14 23:31:00 auto_search_main.py INFO Executing code:
```
print(get_entity_contents(**{'entity_names': ['cms/migrations/0038_alter_page_site.py']}))
```
2026-09-14 23:31:00 auto_search_main.py INFO OBSERVATION:
##Searching for entity `cms/migrations/0038_alter_page_site.py`...
### Search Result:
Found file `cms/migrations/0038_alter_page_site.py`.
Source: Exact match found for entity name `cms/migrations/0038_alter_page_site.py`.
```
 1 | # Generated by Django 4.2.13 on 2024-06-21 14:55
 2 | 
 3 | from django.db import migrations, models
 4 | import django.db.models.deletion
 5 | 
 6 | 
 7 | class Migration(migrations.Migration):
 8 | 
 9 |     dependencies = [
10 |         ('sites', '0002_alter_domain_unique'),
11 |         ('cms', '0037_merge_page_treenode'),
12 |     ]
13 | 
14 |     operations = [
15 |         migrations.AlterField(
16 |             model_name='page',
17 |             name='site',
18 |             field=models.ForeignKey(on_delete=django.db.models.deletion.CASCADE, related_name='djangocms_pages', to='sites.site', verbose_name='site'),
19 |         ),
20 |         migrations.RenameField(
21 |             model_name='page',
22 |             old_name='node',
23 |             new_name='node_deprecated',
24 |         ),
25 |         migrations.AlterField(
26 |             model_name='page',
27 |             name='node_deprecated',
28 |             field=models.ForeignKey(null=True, on_delete=django.db.models.deletion.CASCADE, related_name='cms_pages', to='cms.treenode'),
29 |         ),
30 |         migrations.RemoveField(
31 |             model_name='page',
32 |             name='node_deprecated',
33 |         ),
34 |         migrations.DeleteModel(
35 |             name='TreeNode',
36 |         ),
37 |     ]
38 | 
```

2026-09-14 23:31:00 utils.py INFO 
LiteLLM completion() model= qwen/qwen3-coder; provider = openrouter
2026-09-14 23:31:03 utils.py INFO Wrapper: Completed Call, calling success_handler
2026-09-14 23:31:03 auto_search_main.py INFO Executing code:
```
print(search_code_snippets(**{'search_terms': ['remove.*languages', 'languages.*remove'], 'file_path_or_pattern': 'cms/migrations/*'}))
```
2026-09-14 23:31:03 __init__.py DEBUG Building index from IDs objects
2026-09-14 23:31:03 __init__.py DEBUG Building index from IDs objects
2026-09-14 23:31:03 __init__.py DEBUG Building index from IDs objects
2026-09-14 23:31:04 auto_search_main.py INFO OBSERVATION:
##Searching for term "remove.*languages", "languages.*remove", "remove.*languages languages.*remove"...
### Search Result:
Found function `menus/templatetags/menu_tags.py:remove`.
Source: Retrieved entity using keyword search (bm25).
```
45 | def remove(node, removed):
46 |     removed.append(node)
47 |     if node.parent:
48 |         if node in node.parent.children:
49 |             node.parent.children.remove(node)
```

Found class `cms/middleware/language.py:LanguageCookieMiddleware`.
Source: Retrieved entity using keyword search (bm25).
```
 6 | class LanguageCookieMiddleware(MiddlewareMixin):
 7 |     def __init__(self, get_response):
 8 |         super().__init__(get_response)
 9 | 
10 |     def __call__(self, request):
11 |         response = self.get_response(request)
12 |         language = get_language()
13 |         if (
14 |             settings.LANGUAGE_COOKIE_NAME in request.COOKIES  # noqa: W503
15 |             and request.COOKIES[settings.LANGUAGE_COOKIE_NAME] == language
16 |         ):
17 |             return response
18 | 
19 |         # To ensure support of very old browsers, Django processed automatically "expires" according
20 |         # to max_age value.
21 |         # https://docs.djangoproject.com/en/3.2/ref/request-response/#django.http.HttpResponse.set_cookie
22 | 
23 |         response.set_cookie(
24 |             settings.LANGUAGE_COOKIE_NAME,
25 |             value=language,
26 |             domain=settings.LANGUAGE_COOKIE_DOMAIN,
27 |             max_age=settings.LANGUAGE_COOKIE_AGE or 365 * 24 * 60 * 60,  # 1 year
28 |             httponly=settings.LANGUAGE_COOKIE_HTTPONLY,
29 |             path=settings.LANGUAGE_COOKIE_PATH,
30 |             samesite=settings.LANGUAGE_COOKIE_SAMESITE,
31 |             secure=settings.LANGUAGE_COOKIE_SECURE,
32 |         )
33 |         return response
```

Found file `cms/middleware/language.py`.
Source: Retrieved entity using keyword search (bm25).
Hint: Search `cms/middleware/language.py` for the full content if needed.

2026-09-14 23:31:04 utils.py INFO 
LiteLLM completion() model= qwen/qwen3-coder; provider = openrouter
2026-09-14 23:31:07 utils.py INFO Wrapper: Completed Call, calling success_handler
2026-09-14 23:31:07 auto_search_main.py INFO Executing code:
```
print(search_code_snippets(**{'search_terms': ['test.*languages', 'languages.*test'], 'file_path_or_pattern': '**/test*.py'}))
```
2026-09-14 23:31:07 __init__.py DEBUG Building index from IDs objects
2026-09-14 23:31:07 auto_search_main.py INFO OBSERVATION:
No files found for file pattern '**/test*.py'. Will search all files.
...
No results for test files: `test.*languages`. Please do not search for any test files.

##Searching for term "languages.*test"...
### Search Result:
Found class `cms/middleware/language.py:LanguageCookieMiddleware`.
Source: Retrieved entity using keyword search (bm25).
```
 6 | class LanguageCookieMiddleware(MiddlewareMixin):
 7 |     def __init__(self, get_response):
 8 |         super().__init__(get_response)
 9 | 
10 |     def __call__(self, request):
11 |         response = self.get_response(request)
12 |         language = get_language()
13 |         if (
14 |             settings.LANGUAGE_COOKIE_NAME in request.COOKIES  # noqa: W503
15 |             and request.COOKIES[settings.LANGUAGE_COOKIE_NAME] == language
16 |         ):
17 |             return response
18 | 
19 |         # To ensure support of very old browsers, Django processed automatically "expires" according
20 |         # to max_age value.
21 |         # https://docs.djangoproject.com/en/3.2/ref/request-response/#django.http.HttpResponse.set_cookie
22 | 
23 |         response.set_cookie(
24 |             settings.LANGUAGE_COOKIE_NAME,
25 |             value=language,
26 |             domain=settings.LANGUAGE_COOKIE_DOMAIN,
27 |             max_age=settings.LANGUAGE_COOKIE_AGE or 365 * 24 * 60 * 60,  # 1 year
28 |             httponly=settings.LANGUAGE_COOKIE_HTTPONLY,
29 |             path=settings.LANGUAGE_COOKIE_PATH,
30 |             samesite=settings.LANGUAGE_COOKIE_SAMESITE,
31 |             secure=settings.LANGUAGE_COOKIE_SECURE,
32 |         )
33 |         return response
```

Found file `cms/middleware/language.py`.
Source: Retrieved entity using keyword search (bm25).
Hint: Search `cms/middleware/language.py` for the full content if needed.

2026-09-14 23:31:07 utils.py INFO 
LiteLLM completion() model= qwen/qwen3-coder; provider = openrouter
2026-09-14 23:31:10 utils.py INFO Wrapper: Completed Call, calling success_handler
2026-09-14 23:31:10 auto_search_main.py INFO Executing code:
```
print(explore_tree_structure(**{'start_entities': ['cms/migrations'], 'traversal_depth': 1, 'dependency_type_filter': "['contains']", 'entity_type_filter': "['file']"}))
```
2026-09-14 23:31:10 auto_search_main.py INFO OBSERVATION:
cms/migrations
├── contains ── cms/migrations/0028_remove_page_placeholders.py
├── contains ── cms/migrations/0006_auto_20140924_1110.py
├── contains ── cms/migrations/0007_auto_20141028_1559.py
├── contains ── cms/migrations/0027_title_placeholders_data_migration.py
├── contains ── cms/migrations/0010_migrate_use_structure.py
├── contains ── cms/migrations/0021_auto_20180507_1432.py
├── contains ── cms/migrations/0009_merge.py
├── contains ── cms/migrations/0033_placeholder_source_data_migration.py
├── contains ── cms/migrations/0035_auto_20230822_2208_squashed_0036_auto_20240311_1028.py
├── contains ── cms/migrations/0024_set_plugin_absolute_position.py
├── contains ── cms/migrations/0036_auto_20240311_1028.py
├── contains ── cms/migrations/0026_title_placeholders.py
├── contains ── cms/migrations/0032_remove_title_to_pagecontent.py
├── contains ── cms/migrations/0002_auto_20140816_1918.py
├── contains ── cms/migrations/0014_auto_20160404_1908.py
├── contains ── cms/migrations/0035_auto_20230822_2208.py
├── contains ── cms/migrations/0023_placeholder_source_field.py
├── contains ── cms/migrations/0011_auto_20150419_1006.py
├── contains ── cms/migrations/0034_remove_pagecontent_placeholders.py
├── contains ── cms/migrations/0012_auto_20150607_2207.py
├── contains ── cms/migrations/0005_auto_20140924_1039.py
├── contains ── cms/migrations/0008_auto_20150121_0059.py
├── contains ── cms/migrations/0015_auto_20160421_0000.py
├── contains ── cms/migrations/0038_alter_page_site.py
├── contains ── cms/migrations/0013_urlconfrevision.py
├── contains ── cms/migrations/0004_auto_20140924_1038.py
├── contains ── cms/migrations/0018_create_pagenode.py
├── contains ── cms/migrations/0031_remove_fields.py
├── contains ── cms/migrations/0037_merge_page_treenode.py
├── contains ── cms/migrations/0029_create_title_fields_and_url_model.py
├── contains ── cms/migrations/0017_pagetype.py
├── contains ── cms/migrations/__init__.py
├── contains ── cms/migrations/0025_remove_plugin_tree_fields.py
├── contains ── cms/migrations/0030_auto_20180810_0629.py
├── contains ── cms/migrations/0022_auto_20180620_1551.py
├── contains ── cms/migrations/0008_auto_20150208_2149.py
├── contains ── cms/migrations/0020_old_tree_cleanup.py
├── contains ── cms/migrations/0001_initial.py
├── contains ── cms/migrations/0003_auto_20140926_2347.py
├── contains ── cms/migrations/0016_auto_20160608_1535.py
└── contains ── cms/migrations/0019_set_pagenode.py

2026-09-14 23:31:10 utils.py INFO 
LiteLLM completion() model= qwen/qwen3-coder; provider = openrouter
2026-09-14 23:31:14 utils.py INFO Wrapper: Completed Call, calling success_handler
2026-09-14 23:31:14 auto_search_main.py INFO Executing code:
```
print(get_entity_contents(**{'entity_names': ['cms/migrations/0037_merge_page_treenode.py']}))
```
2026-09-14 23:31:14 auto_search_main.py INFO OBSERVATION:
##Searching for entity `cms/migrations/0037_merge_page_treenode.py`...
### Search Result:
Found file `cms/migrations/0037_merge_page_treenode.py`.
Source: Exact match found for entity name `cms/migrations/0037_merge_page_treenode.py`.
```
 1 | # Generated by Django 4.2.13 on 2024-06-21 13:17
 2 | 
 3 | from django.db import migrations, models
 4 | import django.db.models.deletion
 5 | 
 6 | 
 7 | def merge_page_treenode(apps, schema_editor):
 8 |     Page = apps.get_model('cms', 'Page')
 9 |     db_alias = schema_editor.connection.alias
10 | 
11 |     for page in Page.objects.using(db_alias).all():
12 |         page.depth = page.node.depth
13 |         page.path = page.node.path
14 |         page.site = page.node.site
15 |         page.numchild = page.node.numchild
16 |         if page.node.parent:
17 |             pages = page.node.parent.cms_pages.all()
18 |             assert len(pages) == 1
19 |             page.parent = pages.first()
20 |         else:
21 |             page.parent = None
22 |         page.save()
23 | 
24 | 
25 | class Migration(migrations.Migration):
26 | 
27 |     dependencies = [
28 |         ('sites', '0002_alter_domain_unique'),
29 |         ('cms', '0035_auto_20230822_2208_squashed_0036_auto_20240311_1028'),
30 |     ]
31 | 
32 |     operations = [
33 |         migrations.AlterModelOptions(
34 |             name='page',
35 |             options={'default_permissions': ['add', 'change', 'delete'], 'ordering': ['path'], 'permissions': [('view_page', 'Can view page'), ('publish_page', 'Can publish page'), ('edit_static_placeholder', 'Can edit static placeholders')], 'verbose_name': 'page', 'verbose_name_plural': 'pages'},
36 |         ),
37 |         migrations.AlterModelOptions(
38 |             name='treenode',
39 |             options={'default_permissions': [], 'ordering': ['path']},
40 |         ),
41 |         migrations.AddField(
42 |             model_name='page',
43 |             name='depth',
44 |             field=models.PositiveIntegerField(default=0),  # TODO: drop depth=0
45 |             preserve_default=False,
46 |         ),
47 |         migrations.AddField(
48 |             model_name='page',
49 |             name='numchild',
50 |             field=models.PositiveIntegerField(default=0),
51 |         ),
52 |         migrations.AddField(
53 |             model_name='page',
54 |             name='parent',
55 |             field=models.ForeignKey(blank=True, null=True, on_delete=django.db.models.deletion.CASCADE, related_name='children', to='cms.page'),
56 |         ),
57 |         migrations.AddField(
58 |             model_name='page',
59 |             name='path',
60 |             field=models.CharField(default=None, null=True, max_length=255, unique=True),  # TODO: drop default=None
61 |             preserve_default=False,
62 |         ),
63 |         migrations.AddField(
64 |             model_name='page',
65 |             name='site',
66 |             # TODO: drop default=None
67 |             field=models.ForeignKey(default=None, null=True, on_delete=django.db.models.deletion.CASCADE, related_name='djangocms_pages', to='sites.site', verbose_name='site'),
68 |             preserve_default=False,
69 |         ),
70 |         migrations.AlterField(
71 |             model_name='page',
72 |             name='is_page_type',
73 |             field=models.BooleanField(default=False, help_text='Mark this page as a page type'),
74 |         ),
75 |         migrations.RunPython(merge_page_treenode),
76 |         migrations.AlterField(
77 |             model_name='page',
78 |             name='depth',
79 |             field=models.PositiveIntegerField(),
80 |         ),
81 |         migrations.AlterField(
82 |             model_name='page',
83 |             name='path',
84 |             field=models.CharField(max_length=255, unique=True),
85 |         ),
86 |         migrations.AlterField(
87 |             model_name='page',
88 |             name='site',
89 |             field=models.ForeignKey(on_delete=django.db.models.deletion.CASCADE, related_name='djangocms_pages', to='sites.site', verbose_name='site'),
90 |         ),
91 |     ]
92 | 
```

2026-09-14 23:31:14 utils.py INFO 
LiteLLM completion() model= qwen/qwen3-coder; provider = openrouter
2026-09-14 23:31:18 utils.py INFO Wrapper: Completed Call, calling success_handler
2026-09-14 23:31:18 auto_search_main.py INFO Executing code:
```
print(get_entity_contents(**{'entity_names': ['cms/migrations/0035_auto_20230822_2208_squashed_0036_auto_20240311_1028.py']}))
```
2026-09-14 23:31:18 auto_search_main.py INFO OBSERVATION:
##Searching for entity `cms/migrations/0035_auto_20230822_2208_squashed_0036_auto_20240311_1028.py`...
### Search Result:
Found file `cms/migrations/0035_auto_20230822_2208_squashed_0036_auto_20240311_1028.py`.
Source: Exact match found for entity name `cms/migrations/0035_auto_20230822_2208_squashed_0036_auto_20240311_1028.py`.
```
 1 | # Generated by Django 3.2.23 on 2024-03-11 09:32
 2 | 
 3 | from django.db import migrations, models
 4 | 
 5 | 
 6 | class Migration(migrations.Migration):
 7 | 
 8 |     replaces = [('cms', '0035_auto_20230822_2208'), ('cms', '0036_auto_20240311_1028')]
 9 | 
10 |     dependencies = [
11 |         ('cms', '0034_remove_pagecontent_placeholders'),
12 |     ]
13 | 
14 |     operations = [
15 |         migrations.AlterModelOptions(
16 |             name='pagecontent',
17 |             options={'default_permissions': [], 'verbose_name': 'page content', 'verbose_name_plural': 'page contents'},
18 |         ),
19 |         migrations.AlterModelOptions(
20 |             name='page',
21 |             options={'default_permissions': ('add', 'change', 'delete'), 'permissions': (('view_page', 'Can view page'), ('publish_page', 'Can publish page'), ('edit_static_placeholder', 'Can edit static placeholders')), 'verbose_name': 'page', 'verbose_name_plural': 'pages'},
22 |         ),
23 |     ]
24 | 
```

2026-09-14 23:31:18 utils.py INFO 
LiteLLM completion() model= qwen/qwen3-coder; provider = openrouter
2026-09-14 23:31:21 utils.py INFO Wrapper: Completed Call, calling success_handler
2026-09-14 23:31:21 auto_search_main.py INFO Executing code:
```
print(get_entity_contents(**{'entity_names': ['cms/migrations/0031_remove_fields.py']}))
```
2026-09-14 23:31:21 auto_search_main.py INFO OBSERVATION:
##Searching for entity `cms/migrations/0031_remove_fields.py`...
### Search Result:
Found file `cms/migrations/0031_remove_fields.py`.
Source: Exact match found for entity name `cms/migrations/0031_remove_fields.py`.
```
 1 | # Generated by Django 1.11.13 on 2018-08-10 15:39
 2 | from __future__ import unicode_literals
 3 | 
 4 | from django.db import migrations
 5 | 
 6 | 
 7 | class Migration(migrations.Migration):
 8 | 
 9 |     dependencies = [
10 |         ('cms', '0030_auto_20180810_0629'),
11 |     ]
12 | 
13 |     operations = [
14 |         migrations.AlterUniqueTogether(
15 |             name='page',
16 |             unique_together=set([]),
17 |         ),
18 |         migrations.RemoveField(
19 |             model_name='page',
20 |             name='publisher_public',
21 |         ),
22 |         migrations.RemoveField(
23 |             model_name='page',
24 |             name='publisher_is_draft',
25 |         ),
26 |         migrations.RemoveField(
27 |             model_name='page',
28 |             name='publication_date',
29 |         ),
30 |         migrations.RemoveField(
31 |             model_name='page',
32 |             name='publication_end_date',
33 |         ),
34 |         migrations.RemoveField(
35 |             model_name='page',
36 |             name='template',
37 |         ),
38 |         migrations.RemoveField(
39 |             model_name='page',
40 |             name='xframe_options',
41 |         ),
42 |         migrations.RemoveField(
43 |             model_name='page',
44 |             name='in_navigation',
45 |         ),
46 |         migrations.RemoveField(
47 |             model_name='page',
48 |             name='soft_root',
49 |         ),
50 |         migrations.RemoveField(
51 |             model_name='page',
52 |             name='limit_visibility_in_menu',
53 |         ),
54 |         migrations.RemoveField(
55 |             model_name='title',
56 |             name='publisher_is_draft',
57 |         ),
58 |         migrations.RemoveField(
59 |             model_name='title',
60 |             name='publisher_public',
61 |         ),
62 |         migrations.RemoveField(
63 |             model_name='title',
64 |             name='published',
65 |         ),
66 |         migrations.RemoveField(
67 |             model_name='title',
68 |             name='publisher_state',
69 |         ),
70 |         migrations.RemoveField(
71 |             model_name='title',
72 |             name='slug',
73 |         ),
74 |         migrations.RemoveField(
75 |             model_name='title',
76 |             name='path',
77 |         ),
78 |         migrations.RemoveField(
79 |             model_name='title',
80 |             name='has_url_overwrite',
81 |         ),
82 |     ]
83 | 
```

2026-09-14 23:31:21 utils.py INFO 
LiteLLM completion() model= qwen/qwen3-coder; provider = openrouter
2026-09-14 23:31:28 utils.py INFO Wrapper: Completed Call, calling success_handler
2026-09-14 23:31:28 auto_search_main.py INFO Executing code:
```
print(search_code_snippets(**{'search_terms': ['Page.languages', 'page.languages']}))
```
2026-09-14 23:31:28 __init__.py DEBUG Building index from IDs objects
2026-09-14 23:31:28 __init__.py DEBUG Building index from IDs objects
2026-09-14 23:31:29 __init__.py DEBUG Building index from IDs objects
2026-09-14 23:31:29 auto_search_main.py INFO OBSERVATION:
cms/models/pagemodel.py:Page.get_application_urls
cms/models/pagemodel.py:Page.get_menu_title
cms/models/pagemodel.py:Page.get_page_title
cms/models/pagemodel.py:Page.get_changed_by
cms/models/pagemodel.py:Page.get_meta_description
cms/models/pagemodel.py:Page.get_title
cms/models/pagemodel.py:Page.get_placeholders
cms/models/pagemodel.py:Page.get_redirect
cms/models/pagemodel.py:Page.get_changed_date
cms/cms_menus.py:CMSMenu.select_lang
cms/models/pagemodel.py:Page.get_page_content_obj_attribute
cms/models/pagemodel.py:Page.get_urls
cms/models/pagemodel.py:Page.update_urls
cms/models/pagemodel.py:Page.get_path_for_slug
cms/models/pagemodel.py:Page.get_fallbacks
cms/models/pagemodel.py:Page.get_content_obj
cms/models/pagemodel.py:Page.get_url
cms/models/pagemodel.py:Page._get_page_content_cache
cms/models/pagemodel.py:Page._update_url_path_recursive
cms/models/pagemodel.py:Page.rescan_placeholders
cms/models/pagemodel.py:Page.get_in_navigation
cms/models/pagemodel.py:Page.get_declared_placeholders
cms/models/pagemodel.py:Page.get_limit_visibility_in_menu
cms/models/pagemodel.py:Page.reload
cms/models/pagemodel.py:Page.get_xframe_options
cms/models/pagemodel.py:Page.get_soft_root
cms/forms/utils.py:get_page_choices_for_site
cms/admin/pageadmin.py:PageContentAdmin.get_tree_rows
cms/models/pagemodel.py:Page.set_translations_cache
cms/models/pagemodel.py:Page.update_languages
cms/models/pagemodel.py:Page.get_descendant_pages
cms/models/pagemodel.py:Page.get_languages
cms/models/pagemodel.py:Page.get_ancestor_pages
cms/models/pagemodel.py:Page.get_parent_page
cms/models/pagemodel.py:Page.get_child_pages
cms/models/pagemodel.py:Page.set_admin_content_cache
cms/models/pagemodel.py:Page.get_published_languages
cms/models/pagemodel.py:Page.remove_language
cms/models/pagemodel.py:Page.get_root
cms/models/pagemodel.py:Page.get_application_urls
cms/models/pagemodel.py:Page.get_menu_title
cms/models/pagemodel.py:Page.get_page_title
cms/models/pagemodel.py:Page.get_changed_by
cms/models/pagemodel.py:Page.get_meta_description
cms/models/pagemodel.py:Page.get_title
cms/models/pagemodel.py:Page.get_placeholders
cms/models/pagemodel.py:Page.get_redirect
cms/models/pagemodel.py:Page.get_changed_date
cms/cms_menus.py:CMSMenu.select_lang
cms/models/pagemodel.py:Page.get_page_content_obj_attribute
cms/models/pagemodel.py:Page.get_urls
cms/models/pagemodel.py:Page.update_urls
cms/models/pagemodel.py:Page.get_path_for_slug
cms/models/pagemodel.py:Page.get_fallbacks
cms/models/pagemodel.py:Page.get_content_obj
cms/models/pagemodel.py:Page.get_url
cms/models/pagemodel.py:Page._get_page_content_cache
cms/models/pagemodel.py:Page._update_url_path_recursive
cms/models/pagemodel.py:Page.rescan_placeholders
cms/models/pagemodel.py:Page.get_in_navigation
cms/models/pagemodel.py:Page.get_declared_placeholders
cms/models/pagemodel.py:Page.get_limit_visibility_in_menu
cms/models/pagemodel.py:Page.reload
cms/models/pagemodel.py:Page.get_xframe_options
cms/models/pagemodel.py:Page.get_soft_root
cms/forms/utils.py:get_page_choices_for_site
cms/admin/pageadmin.py:PageContentAdmin.get_tree_rows
cms/models/pagemodel.py:Page.set_translations_cache
cms/models/pagemodel.py:Page.update_languages
cms/models/pagemodel.py:Page.get_descendant_pages
cms/models/pagemodel.py:Page.get_languages
cms/models/pagemodel.py:Page.get_ancestor_pages
cms/models/pagemodel.py:Page.get_parent_page
cms/models/pagemodel.py:Page.get_child_pages
cms/models/pagemodel.py:Page.set_admin_content_cache
cms/models/pagemodel.py:Page.get_published_languages
cms/models/pagemodel.py:Page.remove_language
cms/models/pagemodel.py:Page.get_root
cms/models/pagemodel.py:Page.get_application_urls
cms/models/pagemodel.py:Page.get_menu_title
cms/models/pagemodel.py:Page.get_page_title
cms/models/pagemodel.py:Page.get_changed_by
cms/models/pagemodel.py:Page.get_meta_description
cms/models/pagemodel.py:Page.get_title
cms/models/pagemodel.py:Page.get_placeholders
cms/models/pagemodel.py:Page.get_redirect
cms/models/pagemodel.py:Page.get_changed_date
cms/cms_menus.py:CMSMenu.select_lang
cms/models/pagemodel.py:Page.get_page_content_obj_attribute
cms/models/pagemodel.py:Page.get_urls
cms/models/pagemodel.py:Page.update_urls
cms/models/pagemodel.py:Page.get_path_for_slug
cms/models/pagemodel.py:Page.get_fallbacks
cms/models/pagemodel.py:Page.get_content_obj
cms/models/pagemodel.py:Page.get_url
cms/models/pagemodel.py:Page._get_page_content_cache
cms/models/pagemodel.py:Page._update_url_path_recursive
cms/models/pagemodel.py:Page.rescan_placeholders
cms/models/pagemodel.py:Page.get_in_navigation
cms/models/pagemodel.py:Page.get_declared_placeholders
cms/models/pagemodel.py:Page.get_limit_visibility_in_menu
cms/models/pagemodel.py:Page.reload
cms/models/pagemodel.py:Page.get_xframe_options
cms/models/pagemodel.py:Page.get_soft_root
cms/forms/utils.py:get_page_choices_for_site
cms/admin/pageadmin.py:PageContentAdmin.get_tree_rows
cms/models/pagemodel.py:Page.set_translations_cache
cms/models/pagemodel.py:Page.update_languages
cms/models/pagemodel.py:Page.get_descendant_pages
cms/models/pagemodel.py:Page.get_languages
cms/models/pagemodel.py:Page.get_ancestor_pages
cms/models/pagemodel.py:Page.get_parent_page
cms/models/pagemodel.py:Page.get_child_pages
cms/models/pagemodel.py:Page.set_admin_content_cache
cms/models/pagemodel.py:Page.get_published_languages
cms/models/pagemodel.py:Page.remove_language
cms/models/pagemodel.py:Page.get_root
##Searching for term "Page.languages", "page.languages", "Page.languages page.languages"...
### Search Result:
Found class `cms/middleware/language.py:LanguageCookieMiddleware`.
Source: Retrieved entity using keyword search (bm25).
```
 6 | class LanguageCookieMiddleware(MiddlewareMixin):
 7 |     def __init__(self, get_response):
 8 |         super().__init__(get_response)
 9 | 
10 |     def __call__(self, request):
11 |         response = self.get_response(request)
12 |         language = get_language()
13 |         if (
14 |             settings.LANGUAGE_COOKIE_NAME in request.COOKIES  # noqa: W503
15 |             and request.COOKIES[settings.LANGUAGE_COOKIE_NAME] == language
16 |         ):
17 |             return response
18 | 
19 |         # To ensure support of very old browsers, Django processed automatically "expires" according
20 |         # to max_age value.
21 |         # https://docs.djangoproject.com/en/3.2/ref/request-response/#django.http.HttpResponse.set_cookie
22 | 
23 |         response.set_cookie(
24 |             settings.LANGUAGE_COOKIE_NAME,
25 |             value=language,
26 |             domain=settings.LANGUAGE_COOKIE_DOMAIN,
27 |             max_age=settings.LANGUAGE_COOKIE_AGE or 365 * 24 * 60 * 60,  # 1 year
28 |             httponly=settings.LANGUAGE_COOKIE_HTTPONLY,
29 |             path=settings.LANGUAGE_COOKIE_PATH,
30 |             samesite=settings.LANGUAGE_COOKIE_SAMESITE,
31 |             secure=settings.LANGUAGE_COOKIE_SECURE,
32 |         )
33 |         return response
```

Found function `cms/models/pagemodel.py:Page.get_menu_title`.
Source: Retrieved code content using keyword search (bm25).
```
862 | def get_menu_title(self, language=None, fallback=True, force_reload=False):
863 |         """
864 |         get the menu title of the page depending on the given language
865 |         """
866 |         menu_title = self.get_page_content_obj_attribute("menu_title", language, fallback, force_reload)
867 |         if not menu_title:
868 |             return self.get_title(language, True, force_reload)
869 |         return menu_title
```

Found function `cms/models/pagemodel.py:Page.get_changed_by`.
Source: Retrieved code content using keyword search (bm25).
```
883 | def get_changed_by(self, language=None, fallback=True, force_reload=False):
884 |         """
885 |         get user who last changed this page
886 |         """
887 |         return self.get_page_content_obj_attribute("changed_by", language, fallback, force_reload)
```

Found function `cms/models/pagemodel.py:Page.get_page_title`.
Source: Retrieved code content using keyword search (bm25).
```
889 | def get_page_title(self, language=None, fallback=True, force_reload=False):
890 |         """
891 |         get the page title of the page depending on the given language
892 |         """
893 |         page_title = self.get_page_content_obj_attribute("page_title", language, fallback, force_reload)
894 | 
895 |         if not page_title:
896 |             return self.get_title(language, True, force_reload)
897 |         return page_title
```

Found function `cms/models/pagemodel.py:Page.get_meta_description`.
Source: Retrieved code content using keyword search (bm25).
```
899 | def get_meta_description(self, language=None, fallback=True, force_reload=False):
900 |         """
901 |         get content for the description meta tag for the page depending on the given language
902 |         """
903 |         return self.get_page_content_obj_attribute("meta_description", language, fallback, force_reload)
```

Found function `cms/models/pagemodel.py:Page.get_application_urls`.
Source: Retrieved code content using keyword search (bm25).
```
905 | def get_application_urls(self, language=None, fallback=True, force_reload=False):
906 |         """
907 |         get application urls conf for application hook
908 |         """
909 |         return self.application_urls
```

Found file `cms/middleware/language.py`.
Found file `cms/middleware/page.py`.
Found file `cms/utils/page.py`.
Source: Retrieved entity using keyword search (bm25).
Hint: Use more detailed query to get the full content of some if needed.

2026-09-14 23:31:29 utils.py INFO 
LiteLLM completion() model= qwen/qwen3-coder; provider = openrouter
2026-09-14 23:31:33 utils.py INFO Wrapper: Completed Call, calling success_handler
2026-09-14 23:31:33 auto_search_main.py INFO Executing code:
```
print(search_code_snippets(**{'search_terms': ['self.languages', 'page.languages'], 'file_path_or_pattern': 'cms/models/pagemodel.py'}))
```
2026-09-14 23:31:33 __init__.py DEBUG Building index from IDs objects
2026-09-14 23:31:33 __init__.py DEBUG Building index from IDs objects
2026-09-14 23:31:33 __init__.py DEBUG Building index from IDs objects
2026-09-14 23:31:34 auto_search_main.py INFO OBSERVATION:
cms/models/pagemodel.py:Page.get_slug
cms/models/pagemodel.py:Page.get_path
cms/models/pagemodel.py:Page._get_page_content_cache
cms/models/pagemodel.py:Page.get_page_content_obj_attribute
cms/models/pagemodel.py:Page.get_urls
cms/models/pagemodel.py:Page.update_urls
cms/models/pagemodel.py:Page.get_path_for_slug
cms/models/pagemodel.py:Page.get_fallbacks
cms/models/pagemodel.py:Page.get_content_obj
cms/models/pagemodel.py:Page.get_url
cms/models/pagemodel.py:Page.get_application_urls
cms/models/pagemodel.py:Page.get_menu_title
cms/models/pagemodel.py:Page.get_page_title
cms/models/pagemodel.py:Page.get_changed_by
cms/models/pagemodel.py:Page.get_meta_description
cms/models/pagemodel.py:Page.get_title
cms/models/pagemodel.py:Page.get_placeholders
cms/models/pagemodel.py:Page.get_redirect
cms/models/pagemodel.py:Page.get_changed_date
cms/models/pagemodel.py:Page.save
cms/models/pagemodel.py:Page.has_translation
cms/models/pagemodel.py:Page.update
cms/models/pagemodel.py:Page.delete
cms/models/pagemodel.py:Page.delete_translations
cms/models/pagemodel.py:Page.update_translations
cms/models/pagemodel.py:Page.set_translations_cache
cms/models/pagemodel.py:Page.update_languages
cms/models/pagemodel.py:Page.get_descendant_pages
cms/models/pagemodel.py:Page.get_languages
cms/models/pagemodel.py:Page.get_ancestor_pages
cms/models/pagemodel.py:Page.get_parent_page
cms/models/pagemodel.py:Page.get_child_pages
cms/models/pagemodel.py:Page.set_admin_content_cache
cms/models/pagemodel.py:Page.get_published_languages
cms/models/pagemodel.py:Page.remove_language
cms/models/pagemodel.py:Page.get_root
cms/models/pagemodel.py:Page.rescan_placeholders
cms/models/pagemodel.py:Page.get_in_navigation
cms/models/pagemodel.py:Page.get_declared_placeholders
cms/models/pagemodel.py:Page.get_limit_visibility_in_menu
cms/models/pagemodel.py:Page.reload
cms/models/pagemodel.py:Page.get_xframe_options
cms/models/pagemodel.py:Page.get_soft_root
cms/models/pagemodel.py:Page._update_url_path_recursive
cms/models/pagemodel.py:Page.get_application_urls
cms/models/pagemodel.py:Page.get_menu_title
cms/models/pagemodel.py:Page.get_page_title
cms/models/pagemodel.py:Page.get_changed_by
cms/models/pagemodel.py:Page.get_meta_description
cms/models/pagemodel.py:Page.get_title
cms/models/pagemodel.py:Page.get_placeholders
cms/models/pagemodel.py:Page.get_redirect
cms/models/pagemodel.py:Page.get_changed_date
cms/models/pagemodel.py:Page.get_page_content_obj_attribute
cms/models/pagemodel.py:Page.get_urls
cms/models/pagemodel.py:Page.update_urls
cms/models/pagemodel.py:Page.get_path_for_slug
cms/models/pagemodel.py:Page.get_fallbacks
cms/models/pagemodel.py:Page.get_content_obj
cms/models/pagemodel.py:Page.get_url
cms/models/pagemodel.py:Page._get_page_content_cache
cms/models/pagemodel.py:Page._update_url_path_recursive
cms/models/pagemodel.py:Page.rescan_placeholders
cms/models/pagemodel.py:Page.get_in_navigation
cms/models/pagemodel.py:Page.get_declared_placeholders
cms/models/pagemodel.py:Page.get_limit_visibility_in_menu
cms/models/pagemodel.py:Page.reload
cms/models/pagemodel.py:Page.get_xframe_options
cms/models/pagemodel.py:Page.get_soft_root
cms/models/pagemodel.py:Page.set_translations_cache
cms/models/pagemodel.py:Page.update_languages
cms/models/pagemodel.py:Page.get_descendant_pages
cms/models/pagemodel.py:Page.get_languages
cms/models/pagemodel.py:Page.get_ancestor_pages
cms/models/pagemodel.py:Page.get_parent_page
cms/models/pagemodel.py:Page.get_child_pages
cms/models/pagemodel.py:Page.set_admin_content_cache
cms/models/pagemodel.py:Page.get_published_languages
cms/models/pagemodel.py:Page.remove_language
cms/models/pagemodel.py:Page.get_root
cms/models/pagemodel.py:Page.get_application_urls
cms/models/pagemodel.py:Page.get_menu_title
cms/models/pagemodel.py:Page.get_page_title
cms/models/pagemodel.py:Page.get_changed_by
cms/models/pagemodel.py:Page.get_meta_description
cms/models/pagemodel.py:Page.get_title
cms/models/pagemodel.py:Page.get_placeholders
cms/models/pagemodel.py:Page.get_redirect
cms/models/pagemodel.py:Page.get_changed_date
cms/models/pagemodel.py:Page.get_page_content_obj_attribute
cms/models/pagemodel.py:Page.get_urls
cms/models/pagemodel.py:Page.update_urls
cms/models/pagemodel.py:Page.get_path_for_slug
cms/models/pagemodel.py:Page.get_fallbacks
cms/models/pagemodel.py:Page.get_content_obj
cms/models/pagemodel.py:Page.get_url
cms/models/pagemodel.py:Page._get_page_content_cache
cms/models/pagemodel.py:Page.rescan_placeholders
cms/models/pagemodel.py:Page.get_in_navigation
cms/models/pagemodel.py:Page.get_declared_placeholders
cms/models/pagemodel.py:Page.get_limit_visibility_in_menu
cms/models/pagemodel.py:Page.reload
cms/models/pagemodel.py:Page.get_xframe_options
cms/models/pagemodel.py:Page.get_soft_root
cms/models/pagemodel.py:Page.get_path
cms/models/pagemodel.py:Page._update_url_path_recursive
cms/models/pagemodel.py:Page.set_translations_cache
cms/models/pagemodel.py:Page.update_languages
cms/models/pagemodel.py:Page.get_descendant_pages
cms/models/pagemodel.py:Page.get_languages
cms/models/pagemodel.py:Page.get_ancestor_pages
cms/models/pagemodel.py:Page.get_parent_page
cms/models/pagemodel.py:Page.get_child_pages
cms/models/pagemodel.py:Page.set_admin_content_cache
cms/models/pagemodel.py:Page.get_published_languages
cms/models/pagemodel.py:Page.remove_language
cms/models/pagemodel.py:Page.get_root
cms/models/pagemodel.py:Page.save
cms/models/pagemodel.py:Page.has_translation
cms/models/pagemodel.py:Page.update
cms/models/pagemodel.py:Page.delete
cms/models/pagemodel.py:Page.delete_translations
cms/models/pagemodel.py:Page.update_translations
##Searching for term "self.languages"...
### Search Result:
Found class `cms/middleware/language.py:LanguageCookieMiddleware`.
Source: Retrieved entity using keyword search (bm25).
```
 6 | class LanguageCookieMiddleware(MiddlewareMixin):
 7 |     def __init__(self, get_response):
 8 |         super().__init__(get_response)
 9 | 
10 |     def __call__(self, request):
11 |         response = self.get_response(request)
12 |         language = get_language()
13 |         if (
14 |             settings.LANGUAGE_COOKIE_NAME in request.COOKIES  # noqa: W503
15 |             and request.COOKIES[settings.LANGUAGE_COOKIE_NAME] == language
16 |         ):
17 |             return response
18 | 
19 |         # To ensure support of very old browsers, Django processed automatically "expires" according
20 |         # to max_age value.
21 |         # https://docs.djangoproject.com/en/3.2/ref/request-response/#django.http.HttpResponse.set_cookie
22 | 
23 |         response.set_cookie(
24 |             settings.LANGUAGE_COOKIE_NAME,
25 |             value=language,
26 |             domain=settings.LANGUAGE_COOKIE_DOMAIN,
27 |             max_age=settings.LANGUAGE_COOKIE_AGE or 365 * 24 * 60 * 60,  # 1 year
28 |             httponly=settings.LANGUAGE_COOKIE_HTTPONLY,
29 |             path=settings.LANGUAGE_COOKIE_PATH,
30 |             samesite=settings.LANGUAGE_COOKIE_SAMESITE,
31 |             secure=settings.LANGUAGE_COOKIE_SECURE,
32 |         )
33 |         return response
```

Found function `cms/models/pagemodel.py:Page.get_urls`.
Source: Retrieved code content using keyword search (bm25).
```
769 | def get_urls(self):
770 |         return self.urls.all()
```

Found function `cms/models/pagemodel.py:Page.get_page_content_obj_attribute`.
Source: Retrieved code content using keyword search (bm25).
```
795 | def get_page_content_obj_attribute(self, attrname, language=None, fallback=True, force_reload=False):
796 |         """Helper function for getting attribute or None from wanted/current page content."""
797 |         try:
798 |             attribute = getattr(self.get_content_obj(language, fallback, force_reload), attrname)
799 |             return attribute
800 |         except AttributeError:
801 |             return None
```

Found function `cms/models/pagemodel.py:Page.get_path`.
Source: Retrieved code content using keyword search (bm25).
```
803 | def get_path(self, language, fallback=True):
804 |         """Get the path of the page depending on the given language"""
805 |         languages = [language]
806 | 
807 |         if fallback:
808 |             languages.extend(self.get_fallbacks(language))
809 | 
810 |         page_languages = self.get_languages()
811 | 
812 |         for _language in languages:
813 |             if _language in page_languages:
814 |                 language = _language
815 |                 break
816 | 
817 |         if language not in self.urls_cache:
818 |             self.urls_cache.update({
819 |                 url.language: url for url in self.urls.all() if url.language in languages # TODO: overwrites multiple urls
820 |             })
821 | 
822 |             for _language in languages:
823 |                 self.urls_cache.setdefault(_language, None)
824 | 
825 |         try:
826 |             return self.urls_cache[language].path
827 |         except (AttributeError, KeyError):
828 |             return None
```

Found function `cms/models/pagemodel.py:Page.get_slug`.
Source: Retrieved code content using keyword search (bm25).
```
830 | def get_slug(self, language, fallback=True):
831 |         languages = [language]
832 | 
833 |         if fallback:
834 |             languages.extend(self.get_fallbacks(language))
835 | 
836 |         page_languages = self.get_languages()
837 | 
838 |         for _language in languages:
839 |             if _language in page_languages:
840 |                 language = _language
841 |                 break
842 | 
843 |         if language not in self.urls_cache:
844 |             self.urls_cache.update({
845 |                 url.language: url for url in self.urls.filter(language__in=languages)
846 |             })
847 | 
848 |             for _language in languages:
849 |                 self.urls_cache.setdefault(_language, None)
850 | 
851 |         try:
852 |             return self.urls_cache[language].slug
853 |         except (AttributeError, KeyError):
854 |             return None
```

Found function `cms/models/pagemodel.py:Page._get_page_content_cache`.
Source: Retrieved code content using keyword search (bm25).
```
917 | def _get_page_content_cache(self, language, fallback, force_reload):
918 |         """
919 |         Sets the internal page object cache for page content objects available to the general user.
920 |         It optionally respe
921 |         """
922 |         def get_fallback_language(page, language):
923 |             fallback_langs = i18n.get_fallback_languages(language)
924 |             for lang in fallback_langs:
925 |                 if page.page_content_cache.get(lang):
926 |                     return lang
927 | 
928 |         if not language:
929 |             language = get_language()
930 | 
931 |         # Update page_content_cache from _prefetched_objects_cache if available
932 |         prefetch_cache = getattr(self, "_prefetched_objects_cache", {})
933 |         cached_page_content = prefetch_cache.get("pagecontent_set", [])
934 |         for page_content in cached_page_content:
935 |             self.page_content_cache[page_content.language] = page_content
936 | 
937 |         # Reload if explicitly needed or language not in content cache
938 |         if force_reload or language not in self.page_content_cache:
939 |             for page_content in self.pagecontent_set.all():
940 |                 self.page_content_cache[page_content.language] = page_content
941 | 
942 |         if self.page_content_cache.get(language):
943 |             return language
944 | 
945 |         use_fallback = all([
946 |             fallback,
947 |             not self.page_content_cache.get(language),
948 |             get_fallback_language(self, language)
949 |         ])
950 |         if use_fallback:
951 |             # language can be in the cache but might be an EmptyPageContent instance
952 |             return get_fallback_language(self, language)
953 |         return language
```

Found file `cms/middleware/language.py`.
Source: Retrieved entity using keyword search (bm25).
Hint: Search `cms/middleware/language.py` for the full content if needed.



##Searching for term "page.languages", "self.languages page.languages"...
### Search Result:
Found class `cms/models/pagemodel.py:Page`.
Source: Retrieved entity using keyword search (bm25).
Just show the structure of this class due to response length limitations:
```
class Page(MP_Node):

    parent = models.ForeignKey(
        'self',
        on_delete=models.CASCADE,
        blank=True,
        null=True,
        related_name='children',
        db_index=True,
    )
    site = models.ForeignKey(
        Site,
        on_delete=models.CASCADE,
        verbose_name=_("site"),
        related_name='djangocms_pages',
        db_index=True,
    )
    created_by = models.CharField(
        _("created by"),
        max_length=constants.PAGE_USERNAME_MAX_LENGTH,
        editable=False,
    )
    changed_by = models.CharField(
        _("changed by"),
        max_length=constants.PAGE_USERNAME_MAX_LENGTH,
        editable=False,
    )
    creation_date = models.DateTimeField(auto_now_add=True)
    changed_date = models.DateTimeField(auto_now=True)

    #
    # Please use toggle_in_navigation() instead of affecting this property
    # directly so that the cms page cache can be invalidated as appropriate.
    #
    reverse_id = models.CharField(
        _("id"),
        max_length=40,
        db_index=True,
        blank=True,
        null=True,
        help_text=_("A unique identifier that is used with the page_url templatetag for linking to this page"),
    )
    navigation_extenders = models.CharField(
        _("attached menu"),
        max_length=80,
        db_index=True,
        blank=True,
        null=True,
    )
    login_required = models.BooleanField(
        _("login required"),
        default=False,
    )
    is_home = models.BooleanField(
        editable=False,
        db_index=True,
        default=False,
    )
    application_urls = models.CharField(
        _("application"),
        max_length=200,
        blank=True,
        null=True,
        db_index=True,
    )
    application_namespace = models.CharField(
        _("application instance name"),
        max_length=200,
        blank=True,
        null=True,
    )
    languages = models.CharField(
        max_length=255,
        editable=False,
        blank=True,
        null=True,
    )
    is_page_type = models.BooleanField(
        default=False,
        help_text=_("Mark this page as a page type"),
    )

    # Managers
    objects = PageManager()

    class Meta:
        default_permissions = ['add', 'change', 'delete']
        permissions = [
            ('view_page', 'Can view page'),
            ('publish_page', 'Can publish page'),
            ('edit_static_placeholder', 'Can edit static placeholders'),
        ]
        verbose_name = _("page")
        verbose_name_plural = _("pages")
        app_label = 'cms'
        ordering = ['path']

    def __init__(self, *args, **kwargs):
...
    def __str__(self):
...
    def __repr__(self):
...
    @property
    def node(self):
...
    @property
    def is_branch(self):
...
    def get_ancestor_paths(self):
...
    def add_child(self, **kwargs):
...
    def add_sibling(self, pos=None, *args, **kwargs):
...
    def get_cached_ancestors(self):
...
    def get_cached_descendants(self):
...
    def _clear_internal_cache(self):
...
    @property
    def parent_page(self):
...
    def has_valid_url(self, language):
...
    def set_as_homepage(self, user=None):
...
    def _has_cached_hierarchy(self):
...
    def _set_hierarchy(self, pages, ancestors=None):
...
    def _get_path_sql_value(self, base_path=''):
...
    def _update_url_path(self, language):
...
    def _update_url_path_recursive(self, language):
...
    def _set_title_root_path(self):
...
    def _remove_title_root_path(self):
...
    def is_potential_home(self):
...
    def get_absolute_url(self, language=None, fallback=True):
...
    def set_tree_node(self, site, target=None, position='first-child'):
...
    def add_to_tree(self, position='first-child'):
...
    def move_page(self, target_page, position='first-child'):
...
    def _clear_placeholders(self, language):
...
    def copy(self, site, parent_page=None, parent_node=None, language=None,
             translations=True, permissions=False, extensions=True, user=None):
...
    def copy_with_descendants(self, target_page=None, target_node=None, position=None,
                              copy_permissions=True, target_site=None, user=None):
...
    def delete(self, *args, **kwargs):
...
    def delete_translations(self, language=None):
...
    def save(self, **kwargs):
...
    def update(self, refresh=False, **data):
...
    def update_translations(self, language=None, **data):
...
    def has_translation(self, language):
...
    def clear_cache(self, language=None, menu=False, placeholder=False):
...
    def get_child_pages(self):
...
    def get_ancestor_pages(self):
...
    def get_descendant_pages(self):
...
    def get_root(self):
...
    def get_parent_page(self):
...
    def get_languages(self):
...
    def remove_language(self, language):
...
    def update_languages(self, languages):
...
    def get_published_languages(self):
...
    def set_translations_cache(self):
...
    def set_admin_content_cache(self):
...
    def get_admin_content(self, language, fallback=False):
...
    def get_path_for_slug(self, slug, language):
...
    def get_url(self, language):
...
    def get_urls(self):
...
    def update_urls(self, language=None, **data):
...
    def get_fallbacks(self, language):
...
    # ## PageContent object access

    def get_content_obj(self, language=None, fallback=True, force_reload=False):
...
    def get_page_content_obj_attribute(self, attrname, language=None, fallback=True, force_reload=False):
...
    def get_path(self, language, fallback=True):
...
    def get_slug(self, language, fallback=True):
...
    def get_title(self, language=None, fallback=True, force_reload=False):
...
    def get_menu_title(self, language=None, fallback=True, force_reload=False):
...
    def get_placeholders(self, language):
...
    def get_changed_date(self, language=None, fallback=True, force_reload=False):
...
    def get_changed_by(self, language=None, fallback=True, force_reload=False):
...
    def get_page_title(self, language=None, fallback=True, force_reload=False):
...
    def get_meta_description(self, language=None, fallback=True, force_reload=False):
...
    def get_application_urls(self, language=None, fallback=True, force_reload=False):
...
    def get_redirect(self, language=None, fallback=True, force_reload=False):
...
    def _get_page_content_cache(self, language, fallback, force_reload):
...
    @property
    def template(self):
...
    @property
    def soft_root(self):
...
    def get_template(self, language=None, fallback=True, force_reload=False):
...
    def get_template_name(self):
...
    def has_view_permission(self, user):
...
    def has_view_restrictions(self, site):
...
    def has_add_permission(self, user):
...
    def has_change_permission(self, user):
...
    def has_delete_permission(self, user):
...
    def has_delete_translation_permission(self, user, language):
...
    def has_publish_permission(self, user):
...
    def has_advanced_settings_permission(self, user):
...
    def has_change_permissions_permission(self, user):
...
    def has_move_page_permission(self, user):
...
    def get_media_path(self, filename):
...
    def reload(self):
...
    def rescan_placeholders(self, language):
...
    def get_declared_placeholders(self, language=None, fallback=True, force_reload=False):
...
    def get_xframe_options(self, language=None, fallback=True, force_reload=False):
...
    def get_soft_root(self, language=None, fallback=True, force_reload=False):
...
    def get_in_navigation(self, language=None, fallback=True, force_reload=False):
...
    def get_limit_visibility_in_menu(self, language=None, fallback=True, force_reload=False):

```
Hint: Search `cms/models/pagemodel.py:Page` to get the full content if needed.

Found function `cms/models/pagemodel.py:Page.get_menu_title`.
Source: Retrieved code content using keyword search (bm25).
```
862 | def get_menu_title(self, language=None, fallback=True, force_reload=False):
863 |         """
864 |         get the menu title of the page depending on the given language
865 |         """
866 |         menu_title = self.get_page_content_obj_attribute("menu_title", language, fallback, force_reload)
867 |         if not menu_title:
868 |             return self.get_title(language, True, force_reload)
869 |         return menu_title
```

Found function `cms/models/pagemodel.py:Page.get_changed_by`.
Source: Retrieved code content using keyword search (bm25).
```
883 | def get_changed_by(self, language=None, fallback=True, force_reload=False):
884 |         """
885 |         get user who last changed this page
886 |         """
887 |         return self.get_page_content_obj_attribute("changed_by", language, fallback, force_reload)
```

Found function `cms/models/pagemodel.py:Page.get_page_title`.
Source: Retrieved code content using keyword search (bm25).
```
889 | def get_page_title(self, language=None, fallback=True, force_reload=False):
890 |         """
891 |         get the page title of the page depending on the given language
892 |         """
893 |         page_title = self.get_page_content_obj_attribute("page_title", language, fallback, force_reload)
894 | 
895 |         if not page_title:
896 |             return self.get_title(language, True, force_reload)
897 |         return page_title
```

Found function `cms/models/pagemodel.py:Page.get_meta_description`.
Source: Retrieved code content using keyword search (bm25).
```
899 | def get_meta_description(self, language=None, fallback=True, force_reload=False):
900 |         """
901 |         get content for the description meta tag for the page depending on the given language
902 |         """
903 |         return self.get_page_content_obj_attribute("meta_description", language, fallback, force_reload)
```

Found function `cms/models/pagemodel.py:Page.get_application_urls`.
Source: Retrieved code content using keyword search (bm25).
```
905 | def get_application_urls(self, language=None, fallback=True, force_reload=False):
906 |         """
907 |         get application urls conf for application hook
908 |         """
909 |         return self.application_urls
```

2026-09-14 23:31:34 utils.py INFO 
LiteLLM completion() model= qwen/qwen3-coder; provider = openrouter
2026-09-14 23:31:38 utils.py INFO Wrapper: Completed Call, calling success_handler
2026-09-14 23:31:38 auto_search_main.py INFO Executing code:
```
print(search_code_snippets(**{'line_nums': [696, 711, 709], 'file_path_or_pattern': 'cms/models/pagemodel.py'}))
```
2026-09-14 23:31:38 auto_search_main.py INFO OBSERVATION:
##Searching for term "cms/models/pagemodel.py:line 696, 711, 709"...
### Search Result:
Found function `cms/models/pagemodel.py:Page.get_languages`.
Source: Retrieved code context including cms/models/pagemodel.py:line 696, 711, 709.
```
695 | def get_languages(self):
696 |         if self.languages:
697 |             return sorted(self.languages.split(','))
698 |         else:
699 |             return []
```

Found function `cms/models/pagemodel.py:Page.update_languages`.
Source: Retrieved code context including cms/models/pagemodel.py:line 696, 711, 709.
```
708 | def update_languages(self, languages):
709 |         languages = ",".join(set(languages))
710 |         # Update current instance
711 |         self.languages = languages
712 |         # Commit. It's important to not call save()
713 |         # we'd like to commit only the languages field and without
714 |         # any kind of signals.
715 |         self.update(languages=languages)
```

2026-09-14 23:31:38 utils.py INFO 
LiteLLM completion() model= qwen/qwen3-coder; provider = openrouter
2026-09-14 23:31:42 utils.py INFO Wrapper: Completed Call, calling success_handler
2026-09-14 23:31:42 auto_search_main.py INFO Executing code:
```
print(search_code_snippets(**{'line_nums': [117], 'file_path_or_pattern': 'cms/models/pagemodel.py'}))
```
2026-09-14 23:31:43 auto_search_main.py INFO OBSERVATION:
##Searching for term "cms/models/pagemodel.py:line 117"...
### Search Result:
Found class `cms/models/pagemodel.py:Page`.
Source: Retrieved code context including cms/models/pagemodel.py:line 117.
Just show the structure of this class due to response length limitations:
```
class Page(MP_Node):

    parent = models.ForeignKey(
        'self',
        on_delete=models.CASCADE,
        blank=True,
        null=True,
        related_name='children',
        db_index=True,
    )
    site = models.ForeignKey(
        Site,
        on_delete=models.CASCADE,
        verbose_name=_("site"),
        related_name='djangocms_pages',
        db_index=True,
    )
    created_by = models.CharField(
        _("created by"),
        max_length=constants.PAGE_USERNAME_MAX_LENGTH,
        editable=False,
    )
    changed_by = models.CharField(
        _("changed by"),
        max_length=constants.PAGE_USERNAME_MAX_LENGTH,
        editable=False,
    )
    creation_date = models.DateTimeField(auto_now_add=True)
    changed_date = models.DateTimeField(auto_now=True)

    #
    # Please use toggle_in_navigation() instead of affecting this property
    # directly so that the cms page cache can be invalidated as appropriate.
    #
    reverse_id = models.CharField(
        _("id"),
        max_length=40,
        db_index=True,
        blank=True,
        null=True,
        help_text=_("A unique identifier that is used with the page_url templatetag for linking to this page"),
    )
    navigation_extenders = models.CharField(
        _("attached menu"),
        max_length=80,
        db_index=True,
        blank=True,
        null=True,
    )
    login_required = models.BooleanField(
        _("login required"),
        default=False,
    )
    is_home = models.BooleanField(
        editable=False,
        db_index=True,
        default=False,
    )
    application_urls = models.CharField(
        _("application"),
        max_length=200,
        blank=True,
        null=True,
        db_index=True,
    )
    application_namespace = models.CharField(
        _("application instance name"),
        max_length=200,
        blank=True,
        null=True,
    )
    languages = models.CharField(
        max_length=255,
        editable=False,
        blank=True,
        null=True,
    )
    is_page_type = models.BooleanField(
        default=False,
        help_text=_("Mark this page as a page type"),
    )

    # Managers
    objects = PageManager()

    class Meta:
        default_permissions = ['add', 'change', 'delete']
        permissions = [
            ('view_page', 'Can view page'),
            ('publish_page', 'Can publish page'),
            ('edit_static_placeholder', 'Can edit static placeholders'),
        ]
        verbose_name = _("page")
        verbose_name_plural = _("pages")
        app_label = 'cms'
        ordering = ['path']

    def __init__(self, *args, **kwargs):
...
    def __str__(self):
...
    def __repr__(self):
...
    @property
    def node(self):
...
    @property
    def is_branch(self):
...
    def get_ancestor_paths(self):
...
    def add_child(self, **kwargs):
...
    def add_sibling(self, pos=None, *args, **kwargs):
...
    def get_cached_ancestors(self):
...
    def get_cached_descendants(self):
...
    def _clear_internal_cache(self):
...
    @property
    def parent_page(self):
...
    def has_valid_url(self, language):
...
    def set_as_homepage(self, user=None):
...
    def _has_cached_hierarchy(self):
...
    def _set_hierarchy(self, pages, ancestors=None):
...
    def _get_path_sql_value(self, base_path=''):
...
    def _update_url_path(self, language):
...
    def _update_url_path_recursive(self, language):
...
    def _set_title_root_path(self):
...
    def _remove_title_root_path(self):
...
    def is_potential_home(self):
...
    def get_absolute_url(self, language=None, fallback=True):
...
    def set_tree_node(self, site, target=None, position='first-child'):
...
    def add_to_tree(self, position='first-child'):
...
    def move_page(self, target_page, position='first-child'):
...
    def _clear_placeholders(self, language):
...
    def copy(self, site, parent_page=None, parent_node=None, language=None,
             translations=True, permissions=False, extensions=True, user=None):
...
    def copy_with_descendants(self, target_page=None, target_node=None, position=None,
                              copy_permissions=True, target_site=None, user=None):
...
    def delete(self, *args, **kwargs):
...
    def delete_translations(self, language=None):
...
    def save(self, **kwargs):
...
    def update(self, refresh=False, **data):
...
    def update_translations(self, language=None, **data):
...
    def has_translation(self, language):
...
    def clear_cache(self, language=None, menu=False, placeholder=False):
...
    def get_child_pages(self):
...
    def get_ancestor_pages(self):
...
    def get_descendant_pages(self):
...
    def get_root(self):
...
    def get_parent_page(self):
...
    def get_languages(self):
...
    def remove_language(self, language):
...
    def update_languages(self, languages):
...
    def get_published_languages(self):
...
    def set_translations_cache(self):
...
    def set_admin_content_cache(self):
...
    def get_admin_content(self, language, fallback=False):
...
    def get_path_for_slug(self, slug, language):
...
    def get_url(self, language):
...
    def get_urls(self):
...
    def update_urls(self, language=None, **data):
...
    def get_fallbacks(self, language):
...
    # ## PageContent object access

    def get_content_obj(self, language=None, fallback=True, force_reload=False):
...
    def get_page_content_obj_attribute(self, attrname, language=None, fallback=True, force_reload=False):
...
    def get_path(self, language, fallback=True):
...
    def get_slug(self, language, fallback=True):
...
    def get_title(self, language=None, fallback=True, force_reload=False):
...
    def get_menu_title(self, language=None, fallback=True, force_reload=False):
...
    def get_placeholders(self, language):
...
    def get_changed_date(self, language=None, fallback=True, force_reload=False):
...
    def get_changed_by(self, language=None, fallback=True, force_reload=False):
...
    def get_page_title(self, language=None, fallback=True, force_reload=False):
...
    def get_meta_description(self, language=None, fallback=True, force_reload=False):
...
    def get_application_urls(self, language=None, fallback=True, force_reload=False):
...
    def get_redirect(self, language=None, fallback=True, force_reload=False):
...
    def _get_page_content_cache(self, language, fallback, force_reload):
...
    @property
    def template(self):
...
    @property
    def soft_root(self):
...
    def get_template(self, language=None, fallback=True, force_reload=False):
...
    def get_template_name(self):
...
    def has_view_permission(self, user):
...
    def has_view_restrictions(self, site):
...
    def has_add_permission(self, user):
...
    def has_change_permission(self, user):
...
    def has_delete_permission(self, user):
...
    def has_delete_translation_permission(self, user, language):
...
    def has_publish_permission(self, user):
...
    def has_advanced_settings_permission(self, user):
...
    def has_change_permissions_permission(self, user):
...
    def has_move_page_permission(self, user):
...
    def get_media_path(self, filename):
...
    def reload(self):
...
    def rescan_placeholders(self, language):
...
    def get_declared_placeholders(self, language=None, fallback=True, force_reload=False):
...
    def get_xframe_options(self, language=None, fallback=True, force_reload=False):
...
    def get_soft_root(self, language=None, fallback=True, force_reload=False):
...
    def get_in_navigation(self, language=None, fallback=True, force_reload=False):
...
    def get_limit_visibility_in_menu(self, language=None, fallback=True, force_reload=False):

```
Hint: Search `cms/models/pagemodel.py:Page` to get the full content if needed.

2026-09-14 23:31:43 utils.py INFO 
LiteLLM completion() model= qwen/qwen3-coder; provider = openrouter
2026-09-14 23:31:48 utils.py INFO Wrapper: Completed Call, calling success_handler
2026-09-14 23:31:48 auto_search_main.py INFO Executing code:
```
print(search_code_snippets(**{'search_terms': ['get_languages', 'update_languages'], 'file_path_or_pattern': '**/*.py'}))
```
2026-09-14 23:31:48 auto_search_main.py INFO OBSERVATION:
##Searching for term "get_languages"...
### Search Result:
Found function `cms/models/pagemodel.py:Page.get_languages`.
Source: Match found for entity name `get_languages`.
```
695 | def get_languages(self):
696 |         if self.languages:
697 |             return sorted(self.languages.split(','))
698 |         else:
699 |             return []
```

Found function `cms/utils/conf.py:get_languages`.
Source: Match found for entity name `get_languages`.
```
248 | def get_languages():
249 |     if settings.SITE_ID != hash(settings.SITE_ID):
250 |         raise ImproperlyConfigured(
251 |             "SITE_ID must be an integer"
252 |         )
253 |     if not settings.USE_I18N:
254 |         return _ensure_languages_settings(
255 |             {settings.SITE_ID: [{'code': settings.LANGUAGE_CODE, 'name': settings.LANGUAGE_CODE}]})
256 |     if settings.LANGUAGE_CODE not in dict(settings.LANGUAGES):
257 |         raise ImproperlyConfigured(
258 |             'LANGUAGE_CODE "%s" must have a matching entry in LANGUAGES' % settings.LANGUAGE_CODE
259 |         )
260 |     languages = getattr(settings, 'CMS_LANGUAGES', {
261 |         settings.SITE_ID: [{'code': code, 'name': _(name)} for code, name in settings.LANGUAGES]
262 |     })
263 |     if VERIFIED in languages:
264 |         return languages
265 |     return _ensure_languages_settings(languages)
```

Found function `cms/utils/i18n.py:get_languages`.
Source: Match found for entity name `get_languages`.
```
21 | def get_languages(site_id=None):
22 |     site_id = get_site_id(site_id)
23 |     result = get_cms_setting('LANGUAGES').get(site_id)
24 |     if not result:
25 |         result = []
26 |         defaults = get_cms_setting('LANGUAGES').get('default', {})
27 |         for code, name in settings.LANGUAGES:
28 |             lang = {'code': code, 'name': _(name)}
29 |             lang.update(defaults)
30 |             result.append(lang)
31 |         get_cms_setting('LANGUAGES')[site_id] = result
32 |     return result
```



##Searching for term "update_languages"...
### Search Result:
Found function `cms/models/pagemodel.py:Page.update_languages`.
Source: Match found for entity name `update_languages`.
```
708 | def update_languages(self, languages):
709 |         languages = ",".join(set(languages))
710 |         # Update current instance
711 |         self.languages = languages
712 |         # Commit. It's important to not call save()
713 |         # we'd like to commit only the languages field and without
714 |         # any kind of signals.
715 |         self.update(languages=languages)
```

2026-09-14 23:31:48 utils.py INFO 
LiteLLM completion() model= qwen/qwen3-coder; provider = openrouter
2026-09-14 23:31:52 utils.py INFO Wrapper: Completed Call, calling success_handler
2026-09-14 23:31:52 auto_search_main.py INFO Executing code:
```
print(search_code_snippets(**{'search_terms': ['page.get_languages', 'page.update_languages'], 'file_path_or_pattern': '**/*.py'}))
```
2026-09-14 23:31:52 auto_search_main.py INFO OBSERVATION:
##Searching for term "page.get_languages"...
### Search Result:
Found function `cms/models/pagemodel.py:Page.get_languages`.
Source: Match found for entity name `get_languages`.
```
695 | def get_languages(self):
696 |         if self.languages:
697 |             return sorted(self.languages.split(','))
698 |         else:
699 |             return []
```



##Searching for term "page.update_languages"...
### Search Result:
Found function `cms/models/pagemodel.py:Page.update_languages`.
Source: Match found for entity name `update_languages`.
```
708 | def update_languages(self, languages):
709 |         languages = ",".join(set(languages))
710 |         # Update current instance
711 |         self.languages = languages
712 |         # Commit. It's important to not call save()
713 |         # we'd like to commit only the languages field and without
714 |         # any kind of signals.
715 |         self.update(languages=languages)
```

2026-09-14 23:31:52 utils.py INFO 
LiteLLM completion() model= qwen/qwen3-coder; provider = openrouter
2026-09-14 23:32:01 utils.py INFO Wrapper: Completed Call, calling success_handler
2026-09-14 23:32:01 utils.py INFO 
LiteLLM completion() model= qwen/qwen3-coder; provider = openrouter
2026-09-14 23:32:07 utils.py INFO Wrapper: Completed Call, calling success_handler
2026-09-14 23:32:07 auto_search_main.py INFO convert none fncall messages failed.
2026-09-14 23:32:07 utils.py INFO 
LiteLLM completion() model= qwen/qwen3-coder; provider = openrouter
2026-09-14 23:32:12 utils.py INFO Wrapper: Completed Call, calling success_handler
2026-09-14 23:32:12 auto_search_main.py INFO Executing code:
```
print(search_code_snippets(**{'search_terms': ['page.languages', 'self.languages'], 'file_path_or_pattern': '**/*.py'}))
```
2026-09-14 23:32:13 __init__.py DEBUG Building index from IDs objects
2026-09-14 23:32:13 __init__.py DEBUG Building index from IDs objects
2026-09-14 23:32:13 __init__.py DEBUG Building index from IDs objects
2026-09-14 23:32:13 auto_search_main.py INFO OBSERVATION:
cms/models/pagemodel.py:Page.get_application_urls
cms/models/pagemodel.py:Page.get_menu_title
cms/models/pagemodel.py:Page.get_page_title
cms/models/pagemodel.py:Page.get_changed_by
cms/models/pagemodel.py:Page.get_meta_description
cms/models/pagemodel.py:Page.get_title
cms/models/pagemodel.py:Page.get_placeholders
cms/models/pagemodel.py:Page.get_redirect
cms/models/pagemodel.py:Page.get_changed_date
cms/cms_menus.py:CMSMenu.select_lang
cms/models/pagemodel.py:Page.get_page_content_obj_attribute
cms/models/pagemodel.py:Page.get_urls
cms/models/pagemodel.py:Page.update_urls
cms/models/pagemodel.py:Page.get_path_for_slug
cms/models/pagemodel.py:Page.get_fallbacks
cms/models/pagemodel.py:Page.get_content_obj
cms/models/pagemodel.py:Page.get_url
cms/models/pagemodel.py:Page._get_page_content_cache
cms/models/pagemodel.py:Page._update_url_path_recursive
cms/models/pagemodel.py:Page.rescan_placeholders
cms/models/pagemodel.py:Page.get_in_navigation
cms/models/pagemodel.py:Page.get_declared_placeholders
cms/models/pagemodel.py:Page.get_limit_visibility_in_menu
cms/models/pagemodel.py:Page.reload
cms/models/pagemodel.py:Page.get_xframe_options
cms/models/pagemodel.py:Page.get_soft_root
cms/forms/utils.py:get_page_choices_for_site
cms/admin/pageadmin.py:PageContentAdmin.get_tree_rows
cms/models/pagemodel.py:Page.set_translations_cache
cms/models/pagemodel.py:Page.update_languages
cms/models/pagemodel.py:Page.get_descendant_pages
cms/models/pagemodel.py:Page.get_languages
cms/models/pagemodel.py:Page.get_ancestor_pages
cms/models/pagemodel.py:Page.get_parent_page
cms/models/pagemodel.py:Page.get_child_pages
cms/models/pagemodel.py:Page.set_admin_content_cache
cms/models/pagemodel.py:Page.get_published_languages
cms/models/pagemodel.py:Page.remove_language
cms/models/pagemodel.py:Page.get_root
cms/models/pagemodel.py:Page.get_slug
cms/models/pagemodel.py:Page.get_path
cms/models/pagemodel.py:Page._get_page_content_cache
cms/models/pagemodel.py:Page.get_page_content_obj_attribute
cms/models/pagemodel.py:Page.get_urls
cms/models/pagemodel.py:Page.update_urls
cms/models/pagemodel.py:Page.get_path_for_slug
cms/models/pagemodel.py:Page.get_fallbacks
cms/models/pagemodel.py:Page.get_content_obj
cms/models/pagemodel.py:Page.get_url
cms/models/pagemodel.py:Page.get_application_urls
cms/models/pagemodel.py:Page.get_menu_title
cms/models/pagemodel.py:Page.get_page_title
cms/models/pagemodel.py:Page.get_changed_by
cms/models/pagemodel.py:Page.get_meta_description
cms/models/pagemodel.py:Page.get_title
cms/models/pagemodel.py:Page.get_placeholders
cms/models/pagemodel.py:Page.get_redirect
cms/models/pagemodel.py:Page.get_changed_date
cms/models/pagemodel.py:Page.save
cms/models/pagemodel.py:Page.has_translation
cms/models/pagemodel.py:Page.update
cms/models/pagemodel.py:Page.delete
cms/models/pagemodel.py:Page.delete_translations
cms/models/pagemodel.py:Page.update_translations
cms/models/pagemodel.py:Page.set_translations_cache
cms/models/pagemodel.py:Page.update_languages
cms/models/pagemodel.py:Page.get_descendant_pages
cms/models/pagemodel.py:Page.get_languages
cms/models/pagemodel.py:Page.get_ancestor_pages
cms/models/pagemodel.py:Page.get_parent_page
cms/models/pagemodel.py:Page.get_child_pages
cms/models/pagemodel.py:Page.set_admin_content_cache
cms/models/pagemodel.py:Page.get_published_languages
cms/models/pagemodel.py:Page.remove_language
cms/models/pagemodel.py:Page.get_root
cms/models/pagemodel.py:Page.rescan_placeholders
cms/models/pagemodel.py:Page.get_in_navigation
cms/models/pagemodel.py:Page.get_declared_placeholders
cms/models/pagemodel.py:Page.get_limit_visibility_in_menu
cms/models/pagemodel.py:Page.reload
cms/models/pagemodel.py:Page.get_xframe_options
cms/models/pagemodel.py:Page.get_soft_root
cms/models/pagemodel.py:Page._update_url_path_recursive
cms/models/pagemodel.py:Page.get_application_urls
cms/models/pagemodel.py:Page.get_menu_title
cms/models/pagemodel.py:Page.get_page_title
cms/models/pagemodel.py:Page.get_changed_by
cms/models/pagemodel.py:Page.get_meta_description
cms/models/pagemodel.py:Page.get_title
cms/models/pagemodel.py:Page.get_placeholders
cms/models/pagemodel.py:Page.get_redirect
cms/models/pagemodel.py:Page.get_changed_date
cms/models/pagemodel.py:Page.get_page_content_obj_attribute
cms/models/pagemodel.py:Page.get_urls
cms/models/pagemodel.py:Page.update_urls
cms/models/pagemodel.py:Page.get_path_for_slug
cms/models/pagemodel.py:Page.get_fallbacks
cms/models/pagemodel.py:Page.get_content_obj
cms/models/pagemodel.py:Page.get_url
cms/models/pagemodel.py:Page._get_page_content_cache
cms/models/pagemodel.py:Page.rescan_placeholders
cms/models/pagemodel.py:Page.get_in_navigation
cms/models/pagemodel.py:Page.get_declared_placeholders
cms/models/pagemodel.py:Page.get_limit_visibility_in_menu
cms/models/pagemodel.py:Page.reload
cms/models/pagemodel.py:Page.get_xframe_options
cms/models/pagemodel.py:Page.get_soft_root
cms/models/pagemodel.py:Page.get_path
cms/models/pagemodel.py:Page._update_url_path_recursive
cms/cms_menus.py:CMSMenu.select_lang
cms/models/pagemodel.py:Page.set_translations_cache
cms/models/pagemodel.py:Page.update_languages
cms/models/pagemodel.py:Page.get_descendant_pages
cms/models/pagemodel.py:Page.get_languages
cms/models/pagemodel.py:Page.get_ancestor_pages
cms/models/pagemodel.py:Page.get_parent_page
cms/models/pagemodel.py:Page.get_child_pages
cms/models/pagemodel.py:Page.set_admin_content_cache
cms/models/pagemodel.py:Page.get_published_languages
cms/models/pagemodel.py:Page.remove_language
cms/models/pagemodel.py:Page.get_root
cms/models/pagemodel.py:Page.save
cms/models/pagemodel.py:Page.has_translation
cms/models/pagemodel.py:Page.update
cms/models/pagemodel.py:Page.delete
cms/models/pagemodel.py:Page.delete_translations
cms/models/pagemodel.py:Page.update_translations
##Searching for term "page.languages", "self.languages", "page.languages self.languages"...
### Search Result:
Found class `cms/middleware/language.py:LanguageCookieMiddleware`.
Source: Retrieved entity using keyword search (bm25).
```
 6 | class LanguageCookieMiddleware(MiddlewareMixin):
 7 |     def __init__(self, get_response):
 8 |         super().__init__(get_response)
 9 | 
10 |     def __call__(self, request):
11 |         response = self.get_response(request)
12 |         language = get_language()
13 |         if (
14 |             settings.LANGUAGE_COOKIE_NAME in request.COOKIES  # noqa: W503
15 |             and request.COOKIES[settings.LANGUAGE_COOKIE_NAME] == language
16 |         ):
17 |             return response
18 | 
19 |         # To ensure support of very old browsers, Django processed automatically "expires" according
20 |         # to max_age value.
21 |         # https://docs.djangoproject.com/en/3.2/ref/request-response/#django.http.HttpResponse.set_cookie
22 | 
23 |         response.set_cookie(
24 |             settings.LANGUAGE_COOKIE_NAME,
25 |             value=language,
26 |             domain=settings.LANGUAGE_COOKIE_DOMAIN,
27 |             max_age=settings.LANGUAGE_COOKIE_AGE or 365 * 24 * 60 * 60,  # 1 year
28 |             httponly=settings.LANGUAGE_COOKIE_HTTPONLY,
29 |             path=settings.LANGUAGE_COOKIE_PATH,
30 |             samesite=settings.LANGUAGE_COOKIE_SAMESITE,
31 |             secure=settings.LANGUAGE_COOKIE_SECURE,
32 |         )
33 |         return response
```

Found file `cms/middleware/language.py`.
Source: Retrieved entity using keyword search (bm25).
Hint: Search `cms/middleware/language.py` for the full content if needed.



##Searching for term "page.languages", "page.languages self.languages"...
### Search Result:
Found function `cms/models/pagemodel.py:Page.get_menu_title`.
Source: Retrieved code content using keyword search (bm25).
```
862 | def get_menu_title(self, language=None, fallback=True, force_reload=False):
863 |         """
864 |         get the menu title of the page depending on the given language
865 |         """
866 |         menu_title = self.get_page_content_obj_attribute("menu_title", language, fallback, force_reload)
867 |         if not menu_title:
868 |             return self.get_title(language, True, force_reload)
869 |         return menu_title
```

Found function `cms/models/pagemodel.py:Page.get_changed_by`.
Source: Retrieved code content using keyword search (bm25).
```
883 | def get_changed_by(self, language=None, fallback=True, force_reload=False):
884 |         """
885 |         get user who last changed this page
886 |         """
887 |         return self.get_page_content_obj_attribute("changed_by", language, fallback, force_reload)
```

Found function `cms/models/pagemodel.py:Page.get_page_title`.
Source: Retrieved code content using keyword search (bm25).
```
889 | def get_page_title(self, language=None, fallback=True, force_reload=False):
890 |         """
891 |         get the page title of the page depending on the given language
892 |         """
893 |         page_title = self.get_page_content_obj_attribute("page_title", language, fallback, force_reload)
894 | 
895 |         if not page_title:
896 |             return self.get_title(language, True, force_reload)
897 |         return page_title
```

Found function `cms/models/pagemodel.py:Page.get_meta_description`.
Source: Retrieved code content using keyword search (bm25).
```
899 | def get_meta_description(self, language=None, fallback=True, force_reload=False):
900 |         """
901 |         get content for the description meta tag for the page depending on the given language
902 |         """
903 |         return self.get_page_content_obj_attribute("meta_description", language, fallback, force_reload)
```

Found function `cms/models/pagemodel.py:Page.get_application_urls`.
Source: Retrieved code content using keyword search (bm25).
```
905 | def get_application_urls(self, language=None, fallback=True, force_reload=False):
906 |         """
907 |         get application urls conf for application hook
908 |         """
909 |         return self.application_urls
```

Found file `cms/middleware/page.py`.
Found file `cms/utils/page.py`.
Source: Retrieved entity using keyword search (bm25).
Hint: Use more detailed query to get the full content of some if needed.



##Searching for term "self.languages"...
### Search Result:
Found function `cms/models/pagemodel.py:Page.get_urls`.
Source: Retrieved code content using keyword search (bm25).
```
769 | def get_urls(self):
770 |         return self.urls.all()
```

Found function `cms/models/pagemodel.py:Page.get_page_content_obj_attribute`.
Source: Retrieved code content using keyword search (bm25).
```
795 | def get_page_content_obj_attribute(self, attrname, language=None, fallback=True, force_reload=False):
796 |         """Helper function for getting attribute or None from wanted/current page content."""
797 |         try:
798 |             attribute = getattr(self.get_content_obj(language, fallback, force_reload), attrname)
799 |             return attribute
800 |         except AttributeError:
801 |             return None
```

Found function `cms/models/pagemodel.py:Page.get_path`.
Source: Retrieved code content using keyword search (bm25).
```
803 | def get_path(self, language, fallback=True):
804 |         """Get the path of the page depending on the given language"""
805 |         languages = [language]
806 | 
807 |         if fallback:
808 |             languages.extend(self.get_fallbacks(language))
809 | 
810 |         page_languages = self.get_languages()
811 | 
812 |         for _language in languages:
813 |             if _language in page_languages:
814 |                 language = _language
815 |                 break
816 | 
817 |         if language not in self.urls_cache:
818 |             self.urls_cache.update({
819 |                 url.language: url for url in self.urls.all() if url.language in languages # TODO: overwrites multiple urls
820 |             })
821 | 
822 |             for _language in languages:
823 |                 self.urls_cache.setdefault(_language, None)
824 | 
825 |         try:
826 |             return self.urls_cache[language].path
827 |         except (AttributeError, KeyError):
828 |             return None
```

Found function `cms/models/pagemodel.py:Page.get_slug`.
Source: Retrieved code content using keyword search (bm25).
```
830 | def get_slug(self, language, fallback=True):
831 |         languages = [language]
832 | 
833 |         if fallback:
834 |             languages.extend(self.get_fallbacks(language))
835 | 
836 |         page_languages = self.get_languages()
837 | 
838 |         for _language in languages:
839 |             if _language in page_languages:
840 |                 language = _language
841 |                 break
842 | 
843 |         if language not in self.urls_cache:
844 |             self.urls_cache.update({
845 |                 url.language: url for url in self.urls.filter(language__in=languages)
846 |             })
847 | 
848 |             for _language in languages:
849 |                 self.urls_cache.setdefault(_language, None)
850 | 
851 |         try:
852 |             return self.urls_cache[language].slug
853 |         except (AttributeError, KeyError):
854 |             return None
```

Found function `cms/models/pagemodel.py:Page._get_page_content_cache`.
Source: Retrieved code content using keyword search (bm25).
```
917 | def _get_page_content_cache(self, language, fallback, force_reload):
918 |         """
919 |         Sets the internal page object cache for page content objects available to the general user.
920 |         It optionally respe
921 |         """
922 |         def get_fallback_language(page, language):
923 |             fallback_langs = i18n.get_fallback_languages(language)
924 |             for lang in fallback_langs:
925 |                 if page.page_content_cache.get(lang):
926 |                     return lang
927 | 
928 |         if not language:
929 |             language = get_language()
930 | 
931 |         # Update page_content_cache from _prefetched_objects_cache if available
932 |         prefetch_cache = getattr(self, "_prefetched_objects_cache", {})
933 |         cached_page_content = prefetch_cache.get("pagecontent_set", [])
934 |         for page_content in cached_page_content:
935 |             self.page_content_cache[page_content.language] = page_content
936 | 
937 |         # Reload if explicitly needed or language not in content cache
938 |         if force_reload or language not in self.page_content_cache:
939 |             for page_content in self.pagecontent_set.all():
940 |                 self.page_content_cache[page_content.language] = page_content
941 | 
942 |         if self.page_content_cache.get(language):
943 |             return language
944 | 
945 |         use_fallback = all([
946 |             fallback,
947 |             not self.page_content_cache.get(language),
948 |             get_fallback_language(self, language)
949 |         ])
950 |         if use_fallback:
951 |             # language can be in the cache but might be an EmptyPageContent instance
952 |             return get_fallback_language(self, language)
953 |         return language
```

2026-09-14 23:32:13 utils.py INFO 
LiteLLM completion() model= qwen/qwen3-coder; provider = openrouter
2026-09-14 23:32:19 utils.py INFO Wrapper: Completed Call, calling success_handler
2026-09-14 23:32:19 auto_search_main.py INFO Executing code:
```
print(search_code_snippets(**{'search_terms': ['get_languages()', 'page.get_languages'], 'file_path_or_pattern': 'cms/cms_toolbars.py'}))
```
2026-09-14 23:32:19 __init__.py DEBUG Building index from IDs objects
2026-09-14 23:32:19 __init__.py DEBUG Building index from IDs objects
2026-09-14 23:32:20 __init__.py DEBUG Building index from IDs objects
2026-09-14 23:32:20 auto_search_main.py INFO OBSERVATION:
cms/cms_toolbars.py:PageToolbar.get_on_delete_redirect_url
##Searching for term "get_languages()", "page.get_languages", "get_languages() page.get_languages"...
### Search Result:
Found function `cms/utils/conf.py:get_languages`.
Source: Retrieved entity using keyword search (bm25).
```
248 | def get_languages():
249 |     if settings.SITE_ID != hash(settings.SITE_ID):
250 |         raise ImproperlyConfigured(
251 |             "SITE_ID must be an integer"
252 |         )
253 |     if not settings.USE_I18N:
254 |         return _ensure_languages_settings(
255 |             {settings.SITE_ID: [{'code': settings.LANGUAGE_CODE, 'name': settings.LANGUAGE_CODE}]})
256 |     if settings.LANGUAGE_CODE not in dict(settings.LANGUAGES):
257 |         raise ImproperlyConfigured(
258 |             'LANGUAGE_CODE "%s" must have a matching entry in LANGUAGES' % settings.LANGUAGE_CODE
259 |         )
260 |     languages = getattr(settings, 'CMS_LANGUAGES', {
261 |         settings.SITE_ID: [{'code': code, 'name': _(name)} for code, name in settings.LANGUAGES]
262 |     })
263 |     if VERIFIED in languages:
264 |         return languages
265 |     return _ensure_languages_settings(languages)
```

Found function `cms/utils/i18n.py:get_languages`.
Source: Retrieved entity using keyword search (bm25).
```
21 | def get_languages(site_id=None):
22 |     site_id = get_site_id(site_id)
23 |     result = get_cms_setting('LANGUAGES').get(site_id)
24 |     if not result:
25 |         result = []
26 |         defaults = get_cms_setting('LANGUAGES').get('default', {})
27 |         for code, name in settings.LANGUAGES:
28 |             lang = {'code': code, 'name': _(name)}
29 |             lang.update(defaults)
30 |             result.append(lang)
31 |         get_cms_setting('LANGUAGES')[site_id] = result
32 |     return result
```

Found function `cms/models/pagemodel.py:Page.get_languages`.
Source: Retrieved entity using keyword search (bm25).
```
695 | def get_languages(self):
696 |         if self.languages:
697 |             return sorted(self.languages.split(','))
698 |         else:
699 |             return []
```



##Searching for term "page.get_languages", "get_languages() page.get_languages"...
### Search Result:
Found file `cms/middleware/page.py`.
Source: Retrieved entity using keyword search (bm25).
Hint: Search `cms/middleware/page.py` for the full content if needed.



##Searching for term "page.get_languages"...
### Search Result:
Found function `cms/cms_toolbars.py:PageToolbar.get_on_delete_redirect_url`.
Source: Retrieved code content using keyword search (bm25).
```
427 | def get_on_delete_redirect_url(self):
428 |         language = self.current_lang
429 |         parent_page = self.page.parent if self.page else None
430 | 
431 |         # if the current page has a parent in the request's current language redirect to it
432 |         if parent_page and language in parent_page.get_languages():
433 |             return get_object_preview_url(
434 |                 parent_page.pagecontent_set(manager="admin_manager").latest_content(language=language).first()
435 |             )
436 | 
437 |         # else redirect to root, do not redirect to Page.objects.get_home() because user could have deleted the last
438 |         # page, if DEBUG == False this could cause a 404
439 |         try:
440 |             return reverse('pages-root')
441 |         except NoReverseMatch:
442 |             return admin_reverse("cms_pagecontent_changelist")
```

2026-09-14 23:32:20 utils.py INFO 
LiteLLM completion() model= qwen/qwen3-coder; provider = openrouter
2026-09-14 23:32:27 utils.py INFO Wrapper: Completed Call, calling success_handler
2026-09-14 23:32:27 auto_search_main.py INFO Executing code:
```
print(search_code_snippets(**{'search_terms': ['get_languages()', 'page.get_languages'], 'file_path_or_pattern': 'cms/admin/**/*.py'}))
```
2026-09-14 23:32:27 __init__.py DEBUG Building index from IDs objects
2026-09-14 23:32:27 auto_search_main.py INFO OBSERVATION:
cms/utils/i18n.py:get_language_code
cms/utils/i18n.py:get_current_language
cms/utils/i18n.py:get_language_list
cms/utils/i18n.py:get_language_object
cms/utils/i18n.py:get_language_dict
cms/utils/i18n.py:get_public_languages
cms/utils/i18n.py:get_language_objects
cms/utils/i18n.py:get_language_tuple
cms/admin/utils.py:GrouperModelAdmin.get_changelist_instance
cms/admin/utils.py:GrouperModelAdmin.get_extra_grouping_field
cms/admin/utils.py:GrouperModelAdmin.get_changelist
cms/admin/utils.py:GrouperModelAdmin.get_language_tuple
cms/admin/utils.py:GrouperModelAdmin.get_language
cms/admin/utils.py:GrouperModelAdmin.current_content_filters
cms/utils/conf.py:get_languages
cms/management/commands/subcommands/copy.py:CopyLangCommand.handle
cms/models/pagemodel.py:Page.set_translations_cache
cms/models/pagemodel.py:Page.update_languages
cms/models/pagemodel.py:Page.get_descendant_pages
cms/models/pagemodel.py:Page.get_languages
cms/models/pagemodel.py:Page.get_ancestor_pages
cms/models/pagemodel.py:Page.get_parent_page
cms/models/pagemodel.py:Page.get_child_pages
cms/models/pagemodel.py:Page.set_admin_content_cache
cms/models/pagemodel.py:Page.get_published_languages
cms/models/pagemodel.py:Page.remove_language
cms/models/pagemodel.py:Page.get_root
cms/appresolver.py:AppRegexURLResolver.url_patterns
cms/appresolver.py:AppRegexURLResolver
cms/appresolver.py:AppRegexURLResolver.__init__
cms/appresolver.py:AppRegexURLResolver.urlconf_module
cms/models/pagemodel.py:Page._update_url_path_recursive
No files found for file pattern 'cms/admin/**/*.py'. Will search all files.
...
##Searching for term "get_languages()"...
### Search Result:
Found function `cms/utils/conf.py:get_languages`.
Source: Retrieved entity using keyword search (bm25).
```
248 | def get_languages():
249 |     if settings.SITE_ID != hash(settings.SITE_ID):
250 |         raise ImproperlyConfigured(
251 |             "SITE_ID must be an integer"
252 |         )
253 |     if not settings.USE_I18N:
254 |         return _ensure_languages_settings(
255 |             {settings.SITE_ID: [{'code': settings.LANGUAGE_CODE, 'name': settings.LANGUAGE_CODE}]})
256 |     if settings.LANGUAGE_CODE not in dict(settings.LANGUAGES):
257 |         raise ImproperlyConfigured(
258 |             'LANGUAGE_CODE "%s" must have a matching entry in LANGUAGES' % settings.LANGUAGE_CODE
259 |         )
260 |     languages = getattr(settings, 'CMS_LANGUAGES', {
261 |         settings.SITE_ID: [{'code': code, 'name': _(name)} for code, name in settings.LANGUAGES]
262 |     })
263 |     if VERIFIED in languages:
264 |         return languages
265 |     return _ensure_languages_settings(languages)
```

Found function `cms/utils/i18n.py:get_languages`.
Source: Retrieved entity using keyword search (bm25).
```
21 | def get_languages(site_id=None):
22 |     site_id = get_site_id(site_id)
23 |     result = get_cms_setting('LANGUAGES').get(site_id)
24 |     if not result:
25 |         result = []
26 |         defaults = get_cms_setting('LANGUAGES').get('default', {})
27 |         for code, name in settings.LANGUAGES:
28 |             lang = {'code': code, 'name': _(name)}
29 |             lang.update(defaults)
30 |             result.append(lang)
31 |         get_cms_setting('LANGUAGES')[site_id] = result
32 |     return result
```

Found function `cms/utils/i18n.py:get_language_code`.
Source: Retrieved code content using keyword search (bm25).
```
55 | def get_language_code(language_code, site_id=None):
56 |     """
57 |     Returns language code while making sure it's in LANGUAGES
58 |     """
59 |     if not language_code:
60 |         return None
61 | 
62 |     languages = get_language_list(site_id)
63 | 
64 |     if language_code in languages:  # direct hit
65 |         return language_code
66 | 
67 |     for lang in languages:
68 |         if language_code.split('-')[0] == lang:  # base language hit
69 |             return lang
70 |         if lang.split('-')[0] == language_code:  # base language hit
71 |             return lang
72 |     return language_code
```

Found function `cms/utils/i18n.py:get_current_language`.
Source: Retrieved code content using keyword search (bm25).
```
75 | def get_current_language():
76 |     """
77 |     Returns the currently active language
78 | 
79 |     It's a replacement for Django's translation.get_language() to make sure the
80 |     LANGUAGE_CODE will be found in LANGUAGES.
81 |     Overcomes this issue: https://code.djangoproject.com/ticket/9340
82 |     """
83 |     language_code = translation.get_language()
84 |     return get_language_code(language_code)
```

Found function `cms/utils/i18n.py:get_language_list`.
Source: Retrieved code content using keyword search (bm25).
```
87 | def get_language_list(site_id=None):
88 |     """
89 |     :return: returns a list of iso2codes for this site
90 |     """
91 |     return ([lang['code'] for lang in get_languages(site_id)] if settings.USE_I18N
92 |             else [settings.LANGUAGE_CODE])
```

Found function `cms/utils/i18n.py:get_language_dict`.
Source: Retrieved code content using keyword search (bm25).
```
102 | def get_language_dict(site_id=None):
103 |     """
104 |     :return: returns an dict of cms languages
105 |     """
106 |     return dict(get_language_tuple(site_id))
```

Found function `cms/utils/i18n.py:get_language_object`.
Source: Retrieved code content using keyword search (bm25).
```
117 | def get_language_object(language_code, site_id=None):
118 |     """
119 |     :param language_code: RFC5646 language code
120 |     :return: the language object filled up by defaults
121 |     """
122 |     for language in get_languages(site_id):
123 |         if language['code'] == get_language_code(language_code):
124 |             return language
125 |     raise LanguageError('Language not found: %s' % language_code)
```



##Searching for term "get_languages()", "page.get_languages"...
### Search Result:
Found function `cms/models/pagemodel.py:Page.get_languages`.
Source: Retrieved entity using keyword search (bm25).
```
695 | def get_languages(self):
696 |         if self.languages:
697 |             return sorted(self.languages.split(','))
698 |         else:
699 |             return []
```

2026-09-14 23:32:27 utils.py INFO 
LiteLLM completion() model= qwen/qwen3-coder; provider = openrouter
2026-09-14 23:32:34 utils.py INFO Wrapper: Completed Call, calling success_handler
2026-09-14 23:32:34 auto_search_main.py INFO Executing code:
```
print(search_code_snippets(**{'search_terms': ['page.get_languages'], 'file_path_or_pattern': 'cms/admin/**'}))
```
2026-09-14 23:32:34 __init__.py DEBUG Building index from IDs objects
2026-09-14 23:32:34 auto_search_main.py INFO OBSERVATION:
cms/admin/pageadmin.py:PageContentAdmin._get_404_exception
cms/admin/pageadmin.py:PageContentAdmin.get_filled_languages
##Searching for term "page.get_languages"...
### Search Result:
Found function `cms/models/pagemodel.py:Page.get_languages`.
Source: Match found for entity name `get_languages`.
```
695 | def get_languages(self):
696 |         if self.languages:
697 |             return sorted(self.languages.split(','))
698 |         else:
699 |             return []
```

Found function `cms/utils/conf.py:get_languages`.
Source: Match found for entity name `get_languages`.
```
248 | def get_languages():
249 |     if settings.SITE_ID != hash(settings.SITE_ID):
250 |         raise ImproperlyConfigured(
251 |             "SITE_ID must be an integer"
252 |         )
253 |     if not settings.USE_I18N:
254 |         return _ensure_languages_settings(
255 |             {settings.SITE_ID: [{'code': settings.LANGUAGE_CODE, 'name': settings.LANGUAGE_CODE}]})
256 |     if settings.LANGUAGE_CODE not in dict(settings.LANGUAGES):
257 |         raise ImproperlyConfigured(
258 |             'LANGUAGE_CODE "%s" must have a matching entry in LANGUAGES' % settings.LANGUAGE_CODE
259 |         )
260 |     languages = getattr(settings, 'CMS_LANGUAGES', {
261 |         settings.SITE_ID: [{'code': code, 'name': _(name)} for code, name in settings.LANGUAGES]
262 |     })
263 |     if VERIFIED in languages:
264 |         return languages
265 |     return _ensure_languages_settings(languages)
```

Found function `cms/utils/i18n.py:get_languages`.
Source: Match found for entity name `get_languages`.
```
21 | def get_languages(site_id=None):
22 |     site_id = get_site_id(site_id)
23 |     result = get_cms_setting('LANGUAGES').get(site_id)
24 |     if not result:
25 |         result = []
26 |         defaults = get_cms_setting('LANGUAGES').get('default', {})
27 |         for code, name in settings.LANGUAGES:
28 |             lang = {'code': code, 'name': _(name)}
29 |             lang.update(defaults)
30 |             result.append(lang)
31 |         get_cms_setting('LANGUAGES')[site_id] = result
32 |     return result
```

Found function `cms/admin/utils.py:GrouperModelAdmin.get_language`.
Source: Retrieved entity using keyword search (bm25).
```
392 | def get_language(self) -> str:
393 |         """Hook on how to get the current language. By default, if it is set as a
394 |         property, use the property, otherwise let Django provide it."""
395 |         return getattr(self, "language", get_language())
```

Found function `cms/admin/pageadmin.py:PageContentAdmin.get_filled_languages`.
Source: Retrieved code content using keyword search (bm25).
```
921 | def get_filled_languages(self, request, page):
922 |         site_id = get_site(request).pk
923 |         filled_languages = page.get_languages()
924 |         allowed_languages = [lang[0] for lang in get_language_tuple(site_id)]
925 |         return [lang for lang in filled_languages if lang in allowed_languages]
```

Found function `cms/admin/pageadmin.py:PageContentAdmin._get_404_exception`.
Source: Retrieved code content using keyword search (bm25).
```
927 | def _get_404_exception(self, object_id):
928 |         exception = Http404(_('%(name)s object with primary key %(key)r does not exist.') % {
929 |             'name': force_str(self.opts.verbose_name),
930 |             'key': escape(object_id),
931 |         })
932 |         return exception
```

2026-09-14 23:32:34 utils.py INFO 
LiteLLM completion() model= qwen/qwen3-coder; provider = openrouter
2026-09-14 23:32:41 utils.py INFO Wrapper: Completed Call, calling success_handler
2026-09-14 23:32:41 auto_search_main.py INFO Executing code:
```
print(search_code_snippets(**{'search_terms': ['page.remove_language'], 'file_path_or_pattern': '**/*.py'}))
```
2026-09-14 23:32:41 auto_search_main.py INFO OBSERVATION:
##Searching for term "page.remove_language"...
### Search Result:
Found function `cms/models/pagemodel.py:Page.remove_language`.
Source: Match found for entity name `remove_language`.
```
701 | def remove_language(self, language):
702 |         page_languages = self.get_languages()
703 | 
704 |         if language in page_languages:
705 |             page_languages.remove(language)
706 |             self.update_languages(page_languages)
```

2026-09-14 23:32:41 utils.py INFO 
LiteLLM completion() model= qwen/qwen3-coder; provider = openrouter
2026-09-14 23:32:49 utils.py INFO Wrapper: Completed Call, calling success_handler
2026-09-14 23:32:49 auto_search_main.py INFO Executing code:
```
print(search_code_snippets(**{'search_terms': ['remove_language'], 'file_path_or_pattern': '**/*.py'}))
```
2026-09-14 23:32:49 auto_search_main.py INFO OBSERVATION:
##Searching for term "remove_language"...
### Search Result:
Found function `cms/models/pagemodel.py:Page.remove_language`.
Source: Match found for entity name `remove_language`.
```
701 | def remove_language(self, language):
702 |         page_languages = self.get_languages()
703 | 
704 |         if language in page_languages:
705 |             page_languages.remove(language)
706 |             self.update_languages(page_languages)
```

2026-09-14 23:32:49 utils.py INFO 
LiteLLM completion() model= qwen/qwen3-coder; provider = openrouter
2026-09-14 23:32:57 utils.py INFO Wrapper: Completed Call, calling success_handler
2026-09-14 23:32:57 auto_search_main.py INFO Executing code:
```
print(search_code_snippets(**{'search_terms': ['Page.languages'], 'file_path_or_pattern': '**/*.py'}))
```
2026-09-14 23:32:57 __init__.py DEBUG Building index from IDs objects
2026-09-14 23:32:57 auto_search_main.py INFO OBSERVATION:
cms/models/pagemodel.py:Page.get_application_urls
cms/models/pagemodel.py:Page.get_menu_title
cms/models/pagemodel.py:Page.get_page_title
cms/models/pagemodel.py:Page.get_changed_by
cms/models/pagemodel.py:Page.get_meta_description
cms/models/pagemodel.py:Page.get_title
cms/models/pagemodel.py:Page.get_placeholders
cms/models/pagemodel.py:Page.get_redirect
cms/models/pagemodel.py:Page.get_changed_date
cms/cms_menus.py:CMSMenu.select_lang
cms/models/pagemodel.py:Page.get_page_content_obj_attribute
cms/models/pagemodel.py:Page.get_urls
cms/models/pagemodel.py:Page.update_urls
cms/models/pagemodel.py:Page.get_path_for_slug
cms/models/pagemodel.py:Page.get_fallbacks
cms/models/pagemodel.py:Page.get_content_obj
cms/models/pagemodel.py:Page.get_url
cms/models/pagemodel.py:Page._get_page_content_cache
cms/models/pagemodel.py:Page._update_url_path_recursive
cms/models/pagemodel.py:Page.rescan_placeholders
cms/models/pagemodel.py:Page.get_in_navigation
cms/models/pagemodel.py:Page.get_declared_placeholders
cms/models/pagemodel.py:Page.get_limit_visibility_in_menu
cms/models/pagemodel.py:Page.reload
cms/models/pagemodel.py:Page.get_xframe_options
cms/models/pagemodel.py:Page.get_soft_root
cms/forms/utils.py:get_page_choices_for_site
cms/admin/pageadmin.py:PageContentAdmin.get_tree_rows
cms/models/pagemodel.py:Page.set_translations_cache
cms/models/pagemodel.py:Page.update_languages
cms/models/pagemodel.py:Page.get_descendant_pages
cms/models/pagemodel.py:Page.get_languages
cms/models/pagemodel.py:Page.get_ancestor_pages
cms/models/pagemodel.py:Page.get_parent_page
cms/models/pagemodel.py:Page.get_child_pages
cms/models/pagemodel.py:Page.set_admin_content_cache
cms/models/pagemodel.py:Page.get_published_languages
cms/models/pagemodel.py:Page.remove_language
cms/models/pagemodel.py:Page.get_root
##Searching for term "Page.languages"...
### Search Result:
Found class `cms/middleware/language.py:LanguageCookieMiddleware`.
Source: Retrieved entity using keyword search (bm25).
```
 6 | class LanguageCookieMiddleware(MiddlewareMixin):
 7 |     def __init__(self, get_response):
 8 |         super().__init__(get_response)
 9 | 
10 |     def __call__(self, request):
11 |         response = self.get_response(request)
12 |         language = get_language()
13 |         if (
14 |             settings.LANGUAGE_COOKIE_NAME in request.COOKIES  # noqa: W503
15 |             and request.COOKIES[settings.LANGUAGE_COOKIE_NAME] == language
16 |         ):
17 |             return response
18 | 
19 |         # To ensure support of very old browsers, Django processed automatically "expires" according
20 |         # to max_age value.
21 |         # https://docs.djangoproject.com/en/3.2/ref/request-response/#django.http.HttpResponse.set_cookie
22 | 
23 |         response.set_cookie(
24 |             settings.LANGUAGE_COOKIE_NAME,
25 |             value=language,
26 |             domain=settings.LANGUAGE_COOKIE_DOMAIN,
27 |             max_age=settings.LANGUAGE_COOKIE_AGE or 365 * 24 * 60 * 60,  # 1 year
28 |             httponly=settings.LANGUAGE_COOKIE_HTTPONLY,
29 |             path=settings.LANGUAGE_COOKIE_PATH,
30 |             samesite=settings.LANGUAGE_COOKIE_SAMESITE,
31 |             secure=settings.LANGUAGE_COOKIE_SECURE,
32 |         )
33 |         return response
```

Found function `cms/models/pagemodel.py:Page.get_menu_title`.
Source: Retrieved code content using keyword search (bm25).
```
862 | def get_menu_title(self, language=None, fallback=True, force_reload=False):
863 |         """
864 |         get the menu title of the page depending on the given language
865 |         """
866 |         menu_title = self.get_page_content_obj_attribute("menu_title", language, fallback, force_reload)
867 |         if not menu_title:
868 |             return self.get_title(language, True, force_reload)
869 |         return menu_title
```

Found function `cms/models/pagemodel.py:Page.get_changed_by`.
Source: Retrieved code content using keyword search (bm25).
```
883 | def get_changed_by(self, language=None, fallback=True, force_reload=False):
884 |         """
885 |         get user who last changed this page
886 |         """
887 |         return self.get_page_content_obj_attribute("changed_by", language, fallback, force_reload)
```

Found function `cms/models/pagemodel.py:Page.get_page_title`.
Source: Retrieved code content using keyword search (bm25).
```
889 | def get_page_title(self, language=None, fallback=True, force_reload=False):
890 |         """
891 |         get the page title of the page depending on the given language
892 |         """
893 |         page_title = self.get_page_content_obj_attribute("page_title", language, fallback, force_reload)
894 | 
895 |         if not page_title:
896 |             return self.get_title(language, True, force_reload)
897 |         return page_title
```

Found function `cms/models/pagemodel.py:Page.get_meta_description`.
Source: Retrieved code content using keyword search (bm25).
```
899 | def get_meta_description(self, language=None, fallback=True, force_reload=False):
900 |         """
901 |         get content for the description meta tag for the page depending on the given language
902 |         """
903 |         return self.get_page_content_obj_attribute("meta_description", language, fallback, force_reload)
```

Found function `cms/models/pagemodel.py:Page.get_application_urls`.
Source: Retrieved code content using keyword search (bm25).
```
905 | def get_application_urls(self, language=None, fallback=True, force_reload=False):
906 |         """
907 |         get application urls conf for application hook
908 |         """
909 |         return self.application_urls
```

Found file `cms/middleware/language.py`.
Found file `cms/middleware/page.py`.
Found file `cms/utils/page.py`.
Source: Retrieved entity using keyword search (bm25).
Hint: Use more detailed query to get the full content of some if needed.

2026-09-14 23:32:57 utils.py INFO 
LiteLLM completion() model= qwen/qwen3-coder; provider = openrouter
2026-09-14 23:33:14 utils.py INFO Wrapper: Completed Call, calling success_handler
2026-09-14 23:33:14 utils.py INFO 
LiteLLM completion() model= qwen/qwen3-coder; provider = openrouter
2026-09-14 23:33:21 utils.py INFO Wrapper: Completed Call, calling success_handler
2026-09-14 23:33:21 auto_search_main.py INFO Executing code:
```
print(search_code_snippets(**{'search_terms': ['page.get_languages', 'page.update_languages', 'page.remove_language'], 'file_path_or_pattern': '**/*.py'}))
```
2026-09-14 23:33:21 auto_search_main.py INFO OBSERVATION:
##Searching for term "page.get_languages"...
### Search Result:
Found function `cms/models/pagemodel.py:Page.get_languages`.
Source: Match found for entity name `get_languages`.
```
695 | def get_languages(self):
696 |         if self.languages:
697 |             return sorted(self.languages.split(','))
698 |         else:
699 |             return []
```



##Searching for term "page.update_languages"...
### Search Result:
Found function `cms/models/pagemodel.py:Page.update_languages`.
Source: Match found for entity name `update_languages`.
```
708 | def update_languages(self, languages):
709 |         languages = ",".join(set(languages))
710 |         # Update current instance
711 |         self.languages = languages
712 |         # Commit. It's important to not call save()
713 |         # we'd like to commit only the languages field and without
714 |         # any kind of signals.
715 |         self.update(languages=languages)
```



##Searching for term "page.remove_language"...
### Search Result:
Found function `cms/models/pagemodel.py:Page.remove_language`.
Source: Match found for entity name `remove_language`.
```
701 | def remove_language(self, language):
702 |         page_languages = self.get_languages()
703 | 
704 |         if language in page_languages:
705 |             page_languages.remove(language)
706 |             self.update_languages(page_languages)
```

2026-09-14 23:33:21 utils.py INFO 
LiteLLM completion() model= qwen/qwen3-coder; provider = openrouter
2026-09-14 23:33:30 utils.py INFO Wrapper: Completed Call, calling success_handler
2026-09-14 23:33:30 auto_search_main.py INFO convert none fncall messages failed.
2026-09-14 23:33:30 utils.py INFO 
LiteLLM completion() model= qwen/qwen3-coder; provider = openrouter
2026-09-14 23:33:38 utils.py INFO Wrapper: Completed Call, calling success_handler
2026-09-14 23:33:38 auto_search_main.py INFO Executing code:
```
print(search_code_snippets(**{'search_terms': ['.get_languages(', '.update_languages(', '.remove_language('], 'file_path_or_pattern': '**/*.py'}))
```
2026-09-14 23:33:38 __init__.py DEBUG Building index from IDs objects
2026-09-14 23:33:38 __init__.py DEBUG Building index from IDs objects
2026-09-14 23:33:39 __init__.py DEBUG Building index from IDs objects
2026-09-14 23:33:39 __init__.py DEBUG Building index from IDs objects
2026-09-14 23:33:39 auto_search_main.py INFO OBSERVATION:
cms/utils/i18n.py:get_language_code
cms/utils/i18n.py:get_current_language
cms/utils/i18n.py:get_language_list
cms/utils/i18n.py:get_language_object
cms/utils/i18n.py:get_language_dict
cms/utils/i18n.py:get_public_languages
cms/utils/i18n.py:get_language_objects
cms/utils/i18n.py:get_language_tuple
cms/admin/utils.py:GrouperModelAdmin.get_changelist_instance
cms/admin/utils.py:GrouperModelAdmin.get_extra_grouping_field
cms/admin/utils.py:GrouperModelAdmin.get_changelist
cms/admin/utils.py:GrouperModelAdmin.get_language_tuple
cms/admin/utils.py:GrouperModelAdmin.get_language
cms/admin/utils.py:GrouperModelAdmin.current_content_filters
cms/utils/conf.py:get_languages
cms/management/commands/subcommands/copy.py:CopyLangCommand.handle
cms/models/pagemodel.py:Page.set_translations_cache
cms/models/pagemodel.py:Page.update_languages
cms/models/pagemodel.py:Page.get_descendant_pages
cms/models/pagemodel.py:Page.get_languages
cms/models/pagemodel.py:Page.get_ancestor_pages
cms/models/pagemodel.py:Page.get_parent_page
cms/models/pagemodel.py:Page.get_child_pages
cms/models/pagemodel.py:Page.set_admin_content_cache
cms/models/pagemodel.py:Page.get_published_languages
cms/models/pagemodel.py:Page.remove_language
cms/models/pagemodel.py:Page.get_root
cms/appresolver.py:AppRegexURLResolver.url_patterns
cms/appresolver.py:AppRegexURLResolver
cms/appresolver.py:AppRegexURLResolver.__init__
cms/appresolver.py:AppRegexURLResolver.urlconf_module
cms/models/pagemodel.py:Page._update_url_path_recursive
cms/models/pagemodel.py:Page.set_translations_cache
cms/models/pagemodel.py:Page.update_languages
cms/models/pagemodel.py:Page.get_descendant_pages
cms/models/pagemodel.py:Page.get_languages
cms/models/pagemodel.py:Page.get_ancestor_pages
cms/models/pagemodel.py:Page.get_parent_page
cms/models/pagemodel.py:Page.get_child_pages
cms/models/pagemodel.py:Page.set_admin_content_cache
cms/models/pagemodel.py:Page.get_published_languages
cms/models/pagemodel.py:Page.remove_language
cms/models/pagemodel.py:Page.get_root
cms/api.py:create_page_content
cms/models/pagemodel.py:Page.copy
cms/management/commands/subcommands/copy.py:CopyLangCommand.handle
cms/models/pagemodel.py:Page.set_translations_cache
cms/models/pagemodel.py:Page.update_languages
cms/models/pagemodel.py:Page.get_descendant_pages
cms/models/pagemodel.py:Page.get_languages
cms/models/pagemodel.py:Page.get_ancestor_pages
cms/models/pagemodel.py:Page.get_parent_page
cms/models/pagemodel.py:Page.get_child_pages
cms/models/pagemodel.py:Page.set_admin_content_cache
cms/models/pagemodel.py:Page.get_published_languages
cms/models/pagemodel.py:Page.remove_language
cms/models/pagemodel.py:Page.get_root
cms/admin/pageadmin.py:PageContentAdmin.delete_view
cms/migrations/0010_migrate_use_structure.py:backwards
cms/migrations/0010_migrate_use_structure.py:Migration
cms/models/pagemodel.py:Page.set_translations_cache
cms/models/pagemodel.py:Page.update_languages
cms/models/pagemodel.py:Page.get_descendant_pages
cms/models/pagemodel.py:Page.get_languages
cms/models/pagemodel.py:Page.get_ancestor_pages
cms/models/pagemodel.py:Page.get_parent_page
cms/models/pagemodel.py:Page.get_child_pages
cms/models/pagemodel.py:Page.set_admin_content_cache
cms/models/pagemodel.py:Page.get_published_languages
cms/models/pagemodel.py:Page.remove_language
cms/models/pagemodel.py:Page.get_root
cms/management/commands/subcommands/copy.py:CopyLangCommand.handle
cms/api.py:create_page_content
cms/utils/i18n.py:get_language_code
cms/utils/i18n.py:get_current_language
cms/utils/i18n.py:get_language_list
cms/utils/i18n.py:get_language_object
cms/utils/i18n.py:get_language_dict
cms/utils/i18n.py:get_public_languages
cms/utils/i18n.py:get_language_objects
cms/utils/i18n.py:get_language_tuple
cms/admin/pageadmin.py:PageContentAdmin.delete_view
cms/models/pagemodel.py:Page.copy
cms/admin/utils.py:GrouperModelAdmin.get_changelist_instance
cms/admin/utils.py:GrouperModelAdmin.get_extra_grouping_field
cms/admin/utils.py:GrouperModelAdmin.get_changelist
cms/admin/utils.py:GrouperModelAdmin.get_language_tuple
cms/admin/utils.py:GrouperModelAdmin.get_language
cms/admin/utils.py:GrouperModelAdmin.current_content_filters
cms/utils/conf.py:get_languages
cms/appresolver.py:AppRegexURLResolver.url_patterns
cms/appresolver.py:AppRegexURLResolver
cms/appresolver.py:AppRegexURLResolver.__init__
cms/appresolver.py:AppRegexURLResolver.urlconf_module
##Searching for term "get_languages("...
### Search Result:
Found function `cms/utils/conf.py:get_languages`.
Source: Retrieved entity using keyword search (bm25).
```
248 | def get_languages():
249 |     if settings.SITE_ID != hash(settings.SITE_ID):
250 |         raise ImproperlyConfigured(
251 |             "SITE_ID must be an integer"
252 |         )
253 |     if not settings.USE_I18N:
254 |         return _ensure_languages_settings(
255 |             {settings.SITE_ID: [{'code': settings.LANGUAGE_CODE, 'name': settings.LANGUAGE_CODE}]})
256 |     if settings.LANGUAGE_CODE not in dict(settings.LANGUAGES):
257 |         raise ImproperlyConfigured(
258 |             'LANGUAGE_CODE "%s" must have a matching entry in LANGUAGES' % settings.LANGUAGE_CODE
259 |         )
260 |     languages = getattr(settings, 'CMS_LANGUAGES', {
261 |         settings.SITE_ID: [{'code': code, 'name': _(name)} for code, name in settings.LANGUAGES]
262 |     })
263 |     if VERIFIED in languages:
264 |         return languages
265 |     return _ensure_languages_settings(languages)
```

Found function `cms/utils/i18n.py:get_language_code`.
Source: Retrieved code content using keyword search (bm25).
```
55 | def get_language_code(language_code, site_id=None):
56 |     """
57 |     Returns language code while making sure it's in LANGUAGES
58 |     """
59 |     if not language_code:
60 |         return None
61 | 
62 |     languages = get_language_list(site_id)
63 | 
64 |     if language_code in languages:  # direct hit
65 |         return language_code
66 | 
67 |     for lang in languages:
68 |         if language_code.split('-')[0] == lang:  # base language hit
69 |             return lang
70 |         if lang.split('-')[0] == language_code:  # base language hit
71 |             return lang
72 |     return language_code
```

Found function `cms/utils/i18n.py:get_current_language`.
Source: Retrieved code content using keyword search (bm25).
```
75 | def get_current_language():
76 |     """
77 |     Returns the currently active language
78 | 
79 |     It's a replacement for Django's translation.get_language() to make sure the
80 |     LANGUAGE_CODE will be found in LANGUAGES.
81 |     Overcomes this issue: https://code.djangoproject.com/ticket/9340
82 |     """
83 |     language_code = translation.get_language()
84 |     return get_language_code(language_code)
```

Found function `cms/utils/i18n.py:get_language_list`.
Source: Retrieved code content using keyword search (bm25).
```
87 | def get_language_list(site_id=None):
88 |     """
89 |     :return: returns a list of iso2codes for this site
90 |     """
91 |     return ([lang['code'] for lang in get_languages(site_id)] if settings.USE_I18N
92 |             else [settings.LANGUAGE_CODE])
```

Found function `cms/utils/i18n.py:get_language_dict`.
Source: Retrieved code content using keyword search (bm25).
```
102 | def get_language_dict(site_id=None):
103 |     """
104 |     :return: returns an dict of cms languages
105 |     """
106 |     return dict(get_language_tuple(site_id))
```

Found function `cms/utils/i18n.py:get_language_object`.
Source: Retrieved code content using keyword search (bm25).
```
117 | def get_language_object(language_code, site_id=None):
118 |     """
119 |     :param language_code: RFC5646 language code
120 |     :return: the language object filled up by defaults
121 |     """
122 |     for language in get_languages(site_id):
123 |         if language['code'] == get_language_code(language_code):
124 |             return language
125 |     raise LanguageError('Language not found: %s' % language_code)
```



##Searching for term "get_languages(", "get_languages( .update_languages( .remove_language("...
### Search Result:
Found function `cms/utils/i18n.py:get_languages`.
Source: Retrieved entity using keyword search (bm25).
```
21 | def get_languages(site_id=None):
22 |     site_id = get_site_id(site_id)
23 |     result = get_cms_setting('LANGUAGES').get(site_id)
24 |     if not result:
25 |         result = []
26 |         defaults = get_cms_setting('LANGUAGES').get('default', {})
27 |         for code, name in settings.LANGUAGES:
28 |             lang = {'code': code, 'name': _(name)}
29 |             lang.update(defaults)
30 |             result.append(lang)
31 |         get_cms_setting('LANGUAGES')[site_id] = result
32 |     return result
```



##Searching for term "get_languages(", "update_languages(", "remove_language(", "get_languages( .update_languages( .remove_language("...
### Search Result:
Found function `cms/models/pagemodel.py:Page.get_languages`.
Source: Retrieved entity using keyword search (bm25).
```
695 | def get_languages(self):
696 |         if self.languages:
697 |             return sorted(self.languages.split(','))
698 |         else:
699 |             return []
```



##Searching for term "update_languages(", "remove_language(", "get_languages( .update_languages( .remove_language("...
### Search Result:
Found function `cms/models/pagemodel.py:Page.get_ancestor_pages`.
Source: Retrieved code content using keyword search (bm25).
```
678 | def get_ancestor_pages(self):
679 |         return self.get_ancestors().order_by('path')
```

Found function `cms/models/pagemodel.py:Page.get_descendant_pages`.
Source: Retrieved code content using keyword search (bm25).
```
681 | def get_descendant_pages(self):
682 |         return self.get_descendants().order_by('path')
```

Found function `cms/models/pagemodel.py:Page.update_languages`.
Source: Retrieved entity using keyword search (bm25).
```
708 | def update_languages(self, languages):
709 |         languages = ",".join(set(languages))
710 |         # Update current instance
711 |         self.languages = languages
712 |         # Commit. It's important to not call save()
713 |         # we'd like to commit only the languages field and without
714 |         # any kind of signals.
715 |         self.update(languages=languages)
```

Found function `cms/models/pagemodel.py:Page.set_translations_cache`.
Source: Retrieved code content using keyword search (bm25).
```
720 | def set_translations_cache(self):
721 |         warnings.warn(
722 |             "Method `set_translations_cache` is deprecated. Use `get_content_obj` instead. "
723 |             "For admin views use `set_admin_content_cache` instead.",
724 |             RemovedInDjangoCMS43Warning,
725 |             stacklevel=2,
726 |         )
727 |         for translation in self.pagecontent_set.all():
728 |             self.page_content_cache.setdefault(translation.language, translation)
```



##Searching for term "remove_language(", "get_languages( .update_languages( .remove_language("...
### Search Result:
Found function `cms/models/pagemodel.py:Page.remove_language`.
Source: Retrieved entity using keyword search (bm25).
```
701 | def remove_language(self, language):
702 |         page_languages = self.get_languages()
703 | 
704 |         if language in page_languages:
705 |             page_languages.remove(language)
706 |             self.update_languages(page_languages)
```

2026-09-14 23:33:39 utils.py INFO 
LiteLLM completion() model= qwen/qwen3-coder; provider = openrouter
2026-09-14 23:33:46 utils.py INFO Wrapper: Completed Call, calling success_handler
2026-09-14 23:33:46 auto_search_main.py INFO Executing code:
```
print(search_code_snippets(**{'search_terms': ['languages.*CharField', 'languages.*field'], 'file_path_or_pattern': 'cms/models/**'}))
```
2026-09-14 23:33:46 __init__.py DEBUG Building index from IDs objects
2026-09-14 23:33:47 __init__.py DEBUG Building index from IDs objects
2026-09-14 23:33:47 __init__.py DEBUG Building index from IDs objects
2026-09-14 23:33:47 auto_search_main.py INFO OBSERVATION:
cms/models/pluginmodel.py:CMSPlugin.__str__
cms/models/pluginmodel.py:CMSPlugin.RenderMeta
cms/models/pluginmodel.py:CMSPlugin
cms/models/pluginmodel.py:CMSPlugin.Meta
cms/models/pagemodel.py:PageType.is_potential_home
cms/models/pagemodel.py:PageUrl.get_path_for_base
cms/models/pagemodel.py:PageType
cms/models/pagemodel.py:PageUrl.__str__
cms/models/pagemodel.py:PageUrl.Meta
cms/models/pagemodel.py:PageType.get_root_page
cms/models/pagemodel.py:PageUrl
cms/models/pagemodel.py:PageType.Meta
cms/models/pagemodel.py:PageUrl.get_absolute_url
cms/models/pagemodel.py:Page._update_url_path
cms/models/pagemodel.py:Page._get_path_sql_value
cms/models/placeholdermodel.py:Placeholder.get_filled_languages
cms/models/placeholdermodel.py:Placeholder.actions
cms/models/placeholdermodel.py:Placeholder.get_cached_plugins
cms/models/placeholdermodel.py:Placeholder.page_getter
cms/models/placeholdermodel.py:Placeholder.page_setter
cms/models/placeholdermodel.py:Placeholder._get_attached_models
cms/models/placeholdermodel.py:Placeholder._get_attached_field
cms/models/placeholdermodel.py:Placeholder.get_plugins_list
cms/models/placeholdermodel.py:Placeholder:21
cms/models/placeholdermodel.py:Placeholder.get_plugins
cms/models/placeholdermodel.py:Placeholder._get_attached_objects
cms/models/placeholdermodel.py:Placeholder.has_plugins
cms/models/placeholdermodel.py:Placeholder._get_attached_model
cms/models/pluginmodel.py:CMSPlugin.__str__
cms/models/pluginmodel.py:CMSPlugin.RenderMeta
cms/models/pluginmodel.py:CMSPlugin
cms/models/pluginmodel.py:CMSPlugin.Meta
##Searching for term "languages.*CharField"...
### Search Result:
Found `cms/models/contentmodels.py:PageContent`.
Source: Retrieved code content using keyword search (bm25).
```
  1 | from django.conf import settings
  2 | from django.db import models
  3 | from django.utils import timezone
  4 | from django.utils.translation import gettext_lazy as _
  5 | 
  6 | from cms import constants
  7 | from cms.models.fields import PlaceholderRelationField
  8 | from cms.models.managers import ContentAdminManager, PageContentManager
  9 | from cms.models.pagemodel import Page
 10 | from cms.utils.conf import get_cms_setting
 11 | 
 12 | 
 13 | class PageContent(models.Model):
 14 |     LIMIT_VISIBILITY_IN_MENU_CHOICES = (
 15 |         (constants.VISIBILITY_ALL, _('no limit set')),
 16 |         (constants.VISIBILITY_USERS, _('for logged in users only')),
 17 |         (constants.VISIBILITY_ANONYMOUS, _('for anonymous users only')),
 18 |     )
 19 |     TEMPLATE_DEFAULT = constants.TEMPLATE_INHERITANCE_MAGIC if get_cms_setting(
 20 |         'TEMPLATE_INHERITANCE') else (get_cms_setting('TEMPLATES')[0][0] if get_cms_setting('TEMPLATES') else "")
 21 | 
 22 |     X_FRAME_OPTIONS_CHOICES = (
 23 |         (constants.X_FRAME_OPTIONS_INHERIT, _('Inherit from parent page')),
 24 |         (constants.X_FRAME_OPTIONS_DENY, _('Deny')),
 25 |         (constants.X_FRAME_OPTIONS_SAMEORIGIN, _('Only this website')),
 26 |         (constants.X_FRAME_OPTIONS_ALLOW, _('Allow'))
 27 |     )
 28 | 
 29 |     template_choices = [(x, _(y)) for x, y in get_cms_setting('TEMPLATES')]
 30 | 
 31 |     # These are the fields whose values are compared when saving
 32 |     # a PageContent object to know if it has changed.
 33 |     editable_fields = [
 34 |         'title',
 35 |         'redirect',
 36 |         'page_title',
 37 |         'menu_title',
 38 |         'meta_description',
 39 |     ]
 40 | 
 41 |     language = models.CharField(_("language"), max_length=15, db_index=True)
 42 |     title = models.CharField(
 43 |         verbose_name=_("title"),
 44 |         max_length=255,
 45 |         help_text=_("The default title"),
 46 |     )
 47 |     page_title = models.CharField(
 48 |         verbose_name=_("Page Title"),
 49 |         max_length=255,
 50 |         blank=True,
 51 |         null=True,
 52 |         help_text=_(
 53 |             "Overwrites what is displayed at the top of your browser or in bookmarks"
 54 |         ),
 55 |     )
 56 |     menu_title = models.CharField(
 57 |         verbose_name=_("Menu Title"),
 58 |         max_length=255,
 59 |         blank=True,
 60 |         null=True,
 61 |         help_text=_("Overwrite what is displayed in the menu"),
 62 |     )
 63 |     meta_description = models.TextField(
 64 |         verbose_name=_("Description meta tag"),
 65 |         blank=True,
 66 |         null=True,
 67 |         help_text=_("A description of the page used by search engines."),
 68 |     )
 69 |     redirect = models.CharField(
 70 |         verbose_name=_("redirect"),
 71 |         max_length=2048,
 72 |         blank=True,
 73 |         null=True,
 74 |         help_text=_("Redirects to this URL."),
 75 |     )
 76 |     page = models.ForeignKey(
 77 |         Page,
 78 |         on_delete=models.CASCADE,
 79 |         verbose_name=_("page"),
 80 |         related_name="pagecontent_set"
 81 |     )
```
Hint: 
The code for class `cms/models/contentmodels.py:PageContent` is incomplete; search `cms/models/contentmodels.py:PageContent` for the full content if needed.

Found class `cms/middleware/language.py:LanguageCookieMiddleware`.
Source: Retrieved entity using keyword search (bm25).
```
 6 | class LanguageCookieMiddleware(MiddlewareMixin):
 7 |     def __init__(self, get_response):
 8 |         super().__init__(get_response)
 9 | 
10 |     def __call__(self, request):
11 |         response = self.get_response(request)
12 |         language = get_language()
13 |         if (
14 |             settings.LANGUAGE_COOKIE_NAME in request.COOKIES  # noqa: W503
15 |             and request.COOKIES[settings.LANGUAGE_COOKIE_NAME] == language
16 |         ):
17 |             return response
18 | 
19 |         # To ensure support of very old browsers, Django processed automatically "expires" according
20 |         # to max_age value.
21 |         # https://docs.djangoproject.com/en/3.2/ref/request-response/#django.http.HttpResponse.set_cookie
22 | 
23 |         response.set_cookie(
24 |             settings.LANGUAGE_COOKIE_NAME,
25 |             value=language,
26 |             domain=settings.LANGUAGE_COOKIE_DOMAIN,
27 |             max_age=settings.LANGUAGE_COOKIE_AGE or 365 * 24 * 60 * 60,  # 1 year
28 |             httponly=settings.LANGUAGE_COOKIE_HTTPONLY,
29 |             path=settings.LANGUAGE_COOKIE_PATH,
30 |             samesite=settings.LANGUAGE_COOKIE_SAMESITE,
31 |             secure=settings.LANGUAGE_COOKIE_SECURE,
32 |         )
33 |         return response
```

Found file `cms/middleware/language.py`.
Source: Retrieved entity using keyword search (bm25).
Hint: Search `cms/middleware/language.py` for the full content if needed.



##Searching for term "languages.*CharField", "languages.*CharField languages.*field"...
### Search Result:
Found class `cms/models/pluginmodel.py:CMSPlugin`.
Source: Retrieved code content using keyword search (bm25).
Just show the structure of this class due to response length limitations:
```
class CMSPlugin(models.Model, metaclass=PluginModelBase):

    #: :class:`django:django.db.models.ForeignKey`: Placeholder the plugin belongs to
    placeholder = models.ForeignKey(Placeholder, on_delete=models.CASCADE, editable=False, null=True)
    #: :class:`django:django.db.models.ForeignKey`: Parent plugin or ``None`` for plugins at root level in
    #: the placeholder
    parent = models.ForeignKey('self', on_delete=models.CASCADE, blank=True, null=True, editable=False)
    #: :class:`django:django.db.models.SmallIntegerField`: Position (unique for placeholder and language)
    #: starting with 1 for the first plugin in the placeholder
    position = models.SmallIntegerField(_("position"), default=1, editable=False)
    #: :class:`django:django.db.models.CharField`: Language of the plugin
    language = models.CharField(_("language"), max_length=15, blank=False, db_index=True, editable=False)
    #: `django:django.db.models.CharField`: Plugin type (name of the class as string)
    plugin_type = models.CharField(_("plugin_name"), max_length=50, db_index=True, editable=False)
    #: `django:django.db.models.DateTimeField`: Datetime the plugin was created
    creation_date = models.DateTimeField(_("creation date"), editable=False, default=timezone.now)
    #: `django:django.db.models.DateTimeField`: Datetime the plugin was last changed
    changed_date = models.DateTimeField(auto_now=True)
    child_plugin_instances = None

    class Meta:
        app_label = 'cms'
        ordering = ('position',)
        indexes = [
            models.Index(fields=['placeholder', 'language', 'position']),
        ]
        unique_together = ('placeholder', 'language', 'position')

    class RenderMeta:
        index = 0
        total = 1
        text_enabled = False

    def __str__(self):
...
    def __repr__(self):
...
    def get_plugin_name(self):
...
    def get_short_description(self):
...
    def get_plugin_class(self):
...
    def get_plugin_class_instance(self, admin=None):
...
    def get_plugin_instance(self, admin=None):
...
    def get_bound_plugin(self):
...
    def get_plugin_info(self, children=None, parents=None):
...
    def refresh_from_db(self, *args, **kwargs):
...
    def get_media_path(self, filename):
...
    @property
    def page(self):
...
    def get_instance_icon_src(self):
...
    def get_instance_icon_alt(self):
...
    def update(self, refresh=False, **fields):
...
    def reload(self):
...
    def _get_descendants_count(self):
...
    def _get_descendants_ids(self):
...
    def get_children(self):
...
    def get_descendants(self):
...
    def set_base_attr(self, plugin):
...
    def post_copy(self, old_instance, new_old_ziplist):
...
    def copy_relations(self, old_instance):
...
    @classmethod
    def _get_related_objects(cls):
...
    def get_breadcrumb(self):
...
    def get_breadcrumb_json(self):
...
    def notify_on_autoadd(self, request, conf):
...
    def notify_on_autoadd_children(self, request, conf, children):
...
    def get_action_urls(self, js_compat=True):

```
Hint: Search `cms/models/pluginmodel.py:CMSPlugin` to get the full content if needed.

Found class `cms/models/pluginmodel.py:CMSPlugin.Meta`.
Source: Retrieved code content using keyword search (bm25).
```
172 | class Meta:
173 |         app_label = 'cms'
174 |         ordering = ('position',)
175 |         indexes = [
176 |             models.Index(fields=['placeholder', 'language', 'position']),
177 |         ]
178 |         unique_together = ('placeholder', 'language', 'position')
```

Found class `cms/models/pluginmodel.py:CMSPlugin.RenderMeta`.
Source: Retrieved code content using keyword search (bm25).
```
180 | class RenderMeta:
181 |         index = 0
182 |         total = 1
183 |         text_enabled = False
```

Found function `cms/models/pluginmodel.py:CMSPlugin.__str__`.
Source: Retrieved code content using keyword search (bm25).
```
185 | def __str__(self):
186 |         return force_str(self.pk)
```



##Searching for term "languages.*field", "languages.*CharField languages.*field"...
### Search Result:
Found class `cms/models/fields.py:PlaceholderField`.
Source: Retrieved entity using keyword search (bm25).
```
10 | class PlaceholderField(models.ForeignKey):
11 |     """
12 |     .. warning::
13 |         This field is for django CMS versions below 4 only. It may only be used for migrations.
14 | 
15 |     The ``PlaceholderField`` has been replaced by the :class:`~cms.models.fields.PlaceholderRelationField`,
16 |     the built-in migrations will automatically take care of the replacement.
17 | 
18 |     See documentation of :class:`~cms.models.fields.PlaceholderRelationField` for how to replace the code.
19 |     """
20 |     def __init__(self, slotname, default_width=None, actions=None, **kwargs):
21 |         from cms.utils.placeholder import (
22 |             PlaceholderNoAction,
23 |             validate_placeholder_name,
24 |         )
25 | 
26 |         if not actions:
27 |             actions = PlaceholderNoAction
28 | 
29 |         if kwargs.get('related_name', None) == '+':
30 |             raise ValueError("PlaceholderField does not support disabling of related names via '+'.")
31 |         if not callable(slotname):
32 |             validate_placeholder_name(slotname)
33 |         self.slotname = slotname
34 |         self.default_width = default_width
35 |         self.actions = actions()
36 |         kwargs.update({'null': True})  # always allow Null
37 |         kwargs.update({'editable': False})  # never allow edits in admin
38 |         # We hard-code the `to` argument for ForeignKey.__init__
39 |         # since a PlaceholderField can only be a ForeignKey to a Placeholder
40 |         kwargs['to'] = 'cms.Placeholder'
41 |         kwargs['on_delete'] = models.CASCADE
42 |         super().__init__(**kwargs)
43 | 
44 |     def deconstruct(self):
45 |         name, path, args, kwargs = super().deconstruct()
46 |         kwargs['slotname'] = self.slotname
47 |         return name, path, args, kwargs
48 | 
49 |     def _get_new_placeholder(self, instance):
50 |         return Placeholder.objects.create(slot=self._get_placeholder_slot(instance), default_width=self.default_width)
51 | 
52 |     def _get_placeholder_slot(self, model_instance):
53 |         from cms.utils.placeholder import validate_placeholder_name
54 | 
55 |         if callable(self.slotname):
56 |             slotname = self.slotname(model_instance)
57 |             validate_placeholder_name(slotname)
58 |         else:
59 |             slotname = self.slotname
60 |         return slotname
61 | 
62 |     def pre_save(self, model_instance, add):
63 |         if not model_instance.pk:
64 |             setattr(model_instance, self.name, self._get_new_placeholder(model_instance))
65 |         else:
66 |             slot = self._get_placeholder_slot(model_instance)
67 |             placeholder = getattr(model_instance, self.name)
68 |             if not placeholder:
69 |                 setattr(model_instance, self.name, self._get_new_placeholder(model_instance))
70 |                 placeholder = getattr(model_instance, self.name)
71 |             if placeholder.slot != slot:
72 |                 placeholder.slot = slot
73 |                 placeholder.save()
74 |         return super().pre_save(model_instance, add)
75 | 
76 |     def save_form_data(self, instance, data):
77 |         data = getattr(instance, self.name, '')
78 |         if not isinstance(data, Placeholder):
79 |             data = self._get_new_placeholder(instance)
80 |         super().save_form_data(instance, data)
81 | 
82 |     def contribute_to_class(self, cls, name):
83 |         super().contribute_to_class(cls, name)
84 |         if not hasattr(cls._meta, 'placeholder_field_names'):
85 |             cls._meta.placeholder_field_names = []
86 |         if not hasattr(cls._meta, 'placeholder_fields'):
87 |             cls._meta.placeholder_fields = {}
88 |         cls._meta.placeholder_field_names.append(name)
89 |         cls._meta.placeholder_fields[self] = name
90 |         self.model = cls
```

Found class `cms/models/fields.py:PageField`.
Source: Retrieved entity using keyword search (bm25).
```
 93 | class PageField(models.ForeignKey):
 94 |     """
 95 |     This is a foreign key field to the :class:`cms.models.pagemodel.Page` model
 96 |     that defaults to the :class:`~cms.forms.fields.PageSelectFormField` form
 97 |     field when rendered in forms. It has the same API as the
 98 |     :class:`django:django.db.models.ForeignKey` but does not require
 99 |     the ``othermodel`` argument.
100 |     """
101 | 
102 |     default_form_class = PageSelectFormField
103 | 
104 |     def __init__(self, **kwargs):
105 |         # We hard-code the `to` argument for ForeignKey.__init__
106 |         # since a PageField can only be a ForeignKey to a Page
107 |         kwargs['to'] = 'cms.Page'
108 |         kwargs['on_delete'] = models.CASCADE
109 |         super().__init__(**kwargs)
110 | 
111 |     def formfield(self, **kwargs):
112 |         defaults = {
113 |             'form_class': self.default_form_class,
114 |         }
115 |         defaults.update(kwargs)
116 |         return super().formfield(**defaults)
```

Found class `cms/models/fields.py:PlaceholderRelationField`.
Source: Retrieved entity using keyword search (bm25).
```
119 | class PlaceholderRelationField(GenericRelation):
120 |     """:class:`~django.contrib.contenttypes.fields.GenericForeignKey` to placeholders.
121 | 
122 |     If you create a model which contains placeholders you first create the ``PlaceHolderRelationField``::
123 | 
124 |         from cms.utils.placeholder import get_placeholder_from_slot
125 | 
126 |         class Post(models.Model):
127 |             ...
128 |             placeholders = PlaceholderRelationField()  # Generic relation
129 | 
130 |             @cached_property
131 |             def content(self):
132 |                 return get_placeholder_from_slot(self.placeholders, "content")  # A specific placeholder
133 |     """
134 |     default_checks = []
135 | 
136 |     def __init__(self, checks=None, **kwargs):
137 |         self._checks = checks or ()
138 |         kwargs.pop('object_id_field', None)
139 |         kwargs.pop('content_type_field', None)
140 |         super().__init__(
141 |             Placeholder,
142 |             object_id_field='object_id',
143 |             content_type_field='content_type',
144 |             **kwargs
145 |         )
146 | 
147 |     @property
148 |     def checks(self):
149 |         return chain(self.default_checks, self._checks)
150 | 
151 |     def run_checks(self, placeholder, user):
152 |         return all(check_(placeholder, user) for check_ in self.checks)
```

Found file `cms/models/fields.py`.
Source: Retrieved entity using keyword search (bm25).
Hint: Search `cms/models/fields.py` for the full content if needed.



##Searching for term "languages.*field"...
### Search Result:
Found function `cms/models/placeholdermodel.py:Placeholder.page_getter`.
Source: Retrieved code content using keyword search (bm25).
```
276 | def page_getter(self):
277 |         if not hasattr(self, '_page'):
278 |             from cms.models.pagemodel import Page
279 |             try:
280 |                 self._page = Page.objects.distinct().get(pagecontent_set__placeholders=self)
281 |             except (Page.DoesNotExist, Page.MultipleObjectsReturned):
282 |                 self._page = None
283 |         return self._page
```

Found function `cms/models/placeholdermodel.py:Placeholder.page_setter`.
Source: Retrieved code content using keyword search (bm25).
```
285 | def page_setter(self, value):
286 |         self._page = value
```

Found function `cms/models/placeholdermodel.py:Placeholder.get_filled_languages`.
Source: Retrieved code content using keyword search (bm25).
```
308 | def get_filled_languages(self):
309 |         """
310 |         Returns language objects for every language for which the placeholder
311 |         has plugins.
312 | 
313 |         This is not cached as it's meant to be used in the frontend editor.
314 |         """
315 | 
316 |         languages = []
317 |         for lang_code in set(self.get_plugins().values_list('language', flat=True)):
318 |             try:
319 |                 languages.append(get_language_object(lang_code))
320 |             except LanguageError:
321 |                 pass
322 |         return languages
```

Found function `cms/models/placeholdermodel.py:Placeholder.get_cached_plugins`.
Source: Retrieved code content using keyword search (bm25).
```
324 | def get_cached_plugins(self):
325 |         return getattr(self, '_plugins_cache', [])
```

Found function `cms/models/placeholdermodel.py:Placeholder.actions`.
Source: Retrieved code content using keyword search (bm25).
```
328 | def actions(self):
329 |         from cms.utils.placeholder import PlaceholderNoAction
330 | 
331 |         if not hasattr(self, '_actions_cache'):
332 |             field = self._get_attached_field()
333 |             self._actions_cache = getattr(field, 'actions', PlaceholderNoAction())
334 |         return self._actions_cache
```



##Searching for term "languages.*CharField languages.*field"...
### Search Result:
Found `cms/models/placeholderpluginmodel.py:PlaceholderReference`, `cms/models/placeholderpluginmodel.py:PlaceholderReference.Meta`, `cms/models/placeholderpluginmodel.py:PlaceholderReference.__str__`, `cms/models/placeholderpluginmodel.py:PlaceholderReference.move_to`, `cms/models/placeholderpluginmodel.py:PlaceholderReference.move_from`.
Source: Retrieved code content using keyword search (bm25).
```
 1 | from django.db import models
 2 | 
 3 | from cms.models import CMSPlugin
 4 | from cms.models.fields import PlaceholderField
 5 | 
 6 | 
 7 | class PlaceholderReference(CMSPlugin):
 8 |     cmsplugin_ptr = models.OneToOneField(
 9 |         CMSPlugin,
10 |         on_delete=models.CASCADE,
11 |         related_name='cms_placeholderreference',
12 |         parent_link=True,
13 |     )
14 |     name = models.CharField(max_length=255)
15 |     placeholder_ref = PlaceholderField(slotname='clipboard')
16 | 
17 |     class Meta:
18 |         app_label = 'cms'
19 | 
20 |     def __str__(self):
21 |         return self.name
22 | 
23 |     def move_to(self, placeholder, language):
24 |         for plugin in self.placeholder_ref.get_plugins():
25 |             plugin.placeholder = placeholder
26 |             plugin.language = language
27 |             plugin.save()
28 | 
29 |     def move_from(self, placeholder, language):
30 |         for plugin in placeholder.get_plugins():
31 |             plugin.placeholder = self.placeholder_ref
32 |             plugin.language = language
33 |             plugin.save()
34 | 
```

2026-09-14 23:33:47 utils.py INFO 
LiteLLM completion() model= qwen/qwen3-coder; provider = openrouter
2026-09-14 23:33:56 utils.py INFO Wrapper: Completed Call, calling success_handler
2026-09-14 23:33:56 auto_search_main.py INFO Executing code:
```
print(search_code_snippets(**{'search_terms': ['languages.*CharField'], 'file_path_or_pattern': 'cms/models/pagemodel.py'}))
```
2026-09-14 23:33:56 __init__.py DEBUG Building index from IDs objects
2026-09-14 23:33:56 auto_search_main.py INFO OBSERVATION:
cms/models/pagemodel.py:PageType.is_potential_home
cms/models/pagemodel.py:PageUrl.get_path_for_base
cms/models/pagemodel.py:PageType
cms/models/pagemodel.py:PageUrl.__str__
cms/models/pagemodel.py:PageUrl.Meta
cms/models/pagemodel.py:PageType.get_root_page
cms/models/pagemodel.py:PageUrl
cms/models/pagemodel.py:PageType.Meta
cms/models/pagemodel.py:PageUrl.get_absolute_url
cms/models/pagemodel.py:Page._update_url_path
cms/models/pagemodel.py:Page._get_path_sql_value
##Searching for term "languages.*CharField"...
### Search Result:
Found class `cms/middleware/language.py:LanguageCookieMiddleware`.
Source: Retrieved entity using keyword search (bm25).
```
 6 | class LanguageCookieMiddleware(MiddlewareMixin):
 7 |     def __init__(self, get_response):
 8 |         super().__init__(get_response)
 9 | 
10 |     def __call__(self, request):
11 |         response = self.get_response(request)
12 |         language = get_language()
13 |         if (
14 |             settings.LANGUAGE_COOKIE_NAME in request.COOKIES  # noqa: W503
15 |             and request.COOKIES[settings.LANGUAGE_COOKIE_NAME] == language
16 |         ):
17 |             return response
18 | 
19 |         # To ensure support of very old browsers, Django processed automatically "expires" according
20 |         # to max_age value.
21 |         # https://docs.djangoproject.com/en/3.2/ref/request-response/#django.http.HttpResponse.set_cookie
22 | 
23 |         response.set_cookie(
24 |             settings.LANGUAGE_COOKIE_NAME,
25 |             value=language,
26 |             domain=settings.LANGUAGE_COOKIE_DOMAIN,
27 |             max_age=settings.LANGUAGE_COOKIE_AGE or 365 * 24 * 60 * 60,  # 1 year
28 |             httponly=settings.LANGUAGE_COOKIE_HTTPONLY,
29 |             path=settings.LANGUAGE_COOKIE_PATH,
30 |             samesite=settings.LANGUAGE_COOKIE_SAMESITE,
31 |             secure=settings.LANGUAGE_COOKIE_SECURE,
32 |         )
33 |         return response
```

Found class `cms/models/pagemodel.py:PageUrl.Meta`.
Source: Retrieved code content using keyword search (bm25).
```
1099 | class Meta:
1100 |         app_label = 'cms'
1101 |         default_permissions = []
```

Found function `cms/models/pagemodel.py:PageUrl.__str__`.
Source: Retrieved code content using keyword search (bm25).
```
1103 | def __str__(self):
1104 |         return f"{self.path or self.slug} ({self.language})"
```

Found function `cms/models/pagemodel.py:PageUrl.get_path_for_base`.
Source: Retrieved code content using keyword search (bm25).
```
1118 | def get_path_for_base(self, base_path=''):
1119 |         old_base, sep, slug = self.path.rpartition('/')
1120 |         return f'{base_path}/{slug}' if base_path else slug
```

Found class `cms/models/pagemodel.py:PageType`.
Source: Retrieved code content using keyword search (bm25).
```
1123 | class PageType(Page):
1124 | 
1125 |     class Meta:
1126 |         proxy = True
1127 |         default_permissions = []
1128 | 
1129 |     @classmethod
1130 |     def get_root_page(cls, site):
1131 |         pages = Page.objects.on_site(site).filter(
1132 |             depth=1,
1133 |             is_page_type=True,
1134 |         )
1135 |         return pages.first()
1136 | 
1137 |     def is_potential_home(self):
1138 |         return False
```

Found file `cms/middleware/language.py`.
Source: Retrieved entity using keyword search (bm25).
Hint: Search `cms/middleware/language.py` for the full content if needed.

2026-09-14 23:33:56 utils.py INFO 
LiteLLM completion() model= qwen/qwen3-coder; provider = openrouter
2026-09-14 23:34:06 utils.py INFO Wrapper: Completed Call, calling success_handler
2026-09-14 23:34:06 auto_search_main.py INFO Executing code:
```
print(search_code_snippets(**{'line_nums': [117], 'file_path_or_pattern': 'cms/models/pagemodel.py'}))
```
2026-09-14 23:34:06 auto_search_main.py INFO OBSERVATION:
##Searching for term "cms/models/pagemodel.py:line 117"...
### Search Result:
Found class `cms/models/pagemodel.py:Page`.
Source: Retrieved code context including cms/models/pagemodel.py:line 117.
Just show the structure of this class due to response length limitations:
```
class Page(MP_Node):

    parent = models.ForeignKey(
        'self',
        on_delete=models.CASCADE,
        blank=True,
        null=True,
        related_name='children',
        db_index=True,
    )
    site = models.ForeignKey(
        Site,
        on_delete=models.CASCADE,
        verbose_name=_("site"),
        related_name='djangocms_pages',
        db_index=True,
    )
    created_by = models.CharField(
        _("created by"),
        max_length=constants.PAGE_USERNAME_MAX_LENGTH,
        editable=False,
    )
    changed_by = models.CharField(
        _("changed by"),
        max_length=constants.PAGE_USERNAME_MAX_LENGTH,
        editable=False,
    )
    creation_date = models.DateTimeField(auto_now_add=True)
    changed_date = models.DateTimeField(auto_now=True)

    #
    # Please use toggle_in_navigation() instead of affecting this property
    # directly so that the cms page cache can be invalidated as appropriate.
    #
    reverse_id = models.CharField(
        _("id"),
        max_length=40,
        db_index=True,
        blank=True,
        null=True,
        help_text=_("A unique identifier that is used with the page_url templatetag for linking to this page"),
    )
    navigation_extenders = models.CharField(
        _("attached menu"),
        max_length=80,
        db_index=True,
        blank=True,
        null=True,
    )
    login_required = models.BooleanField(
        _("login required"),
        default=False,
    )
    is_home = models.BooleanField(
        editable=False,
        db_index=True,
        default=False,
    )
    application_urls = models.CharField(
        _("application"),
        max_length=200,
        blank=True,
        null=True,
        db_index=True,
    )
    application_namespace = models.CharField(
        _("application instance name"),
        max_length=200,
        blank=True,
        null=True,
    )
    languages = models.CharField(
        max_length=255,
        editable=False,
        blank=True,
        null=True,
    )
    is_page_type = models.BooleanField(
        default=False,
        help_text=_("Mark this page as a page type"),
    )

    # Managers
    objects = PageManager()

    class Meta:
        default_permissions = ['add', 'change', 'delete']
        permissions = [
            ('view_page', 'Can view page'),
            ('publish_page', 'Can publish page'),
            ('edit_static_placeholder', 'Can edit static placeholders'),
        ]
        verbose_name = _("page")
        verbose_name_plural = _("pages")
        app_label = 'cms'
        ordering = ['path']

    def __init__(self, *args, **kwargs):
...
    def __str__(self):
...
    def __repr__(self):
...
    @property
    def node(self):
...
    @property
    def is_branch(self):
...
    def get_ancestor_paths(self):
...
    def add_child(self, **kwargs):
...
    def add_sibling(self, pos=None, *args, **kwargs):
...
    def get_cached_ancestors(self):
...
    def get_cached_descendants(self):
...
    def _clear_internal_cache(self):
...
    @property
    def parent_page(self):
...
    def has_valid_url(self, language):
...
    def set_as_homepage(self, user=None):
...
    def _has_cached_hierarchy(self):
...
    def _set_hierarchy(self, pages, ancestors=None):
...
    def _get_path_sql_value(self, base_path=''):
...
    def _update_url_path(self, language):
...
    def _update_url_path_recursive(self, language):
...
    def _set_title_root_path(self):
...
    def _remove_title_root_path(self):
...
    def is_potential_home(self):
...
    def get_absolute_url(self, language=None, fallback=True):
...
    def set_tree_node(self, site, target=None, position='first-child'):
...
    def add_to_tree(self, position='first-child'):
...
    def move_page(self, target_page, position='first-child'):
...
    def _clear_placeholders(self, language):
...
    def copy(self, site, parent_page=None, parent_node=None, language=None,
             translations=True, permissions=False, extensions=True, user=None):
...
    def copy_with_descendants(self, target_page=None, target_node=None, position=None,
                              copy_permissions=True, target_site=None, user=None):
...
    def delete(self, *args, **kwargs):
...
    def delete_translations(self, language=None):
...
    def save(self, **kwargs):
...
    def update(self, refresh=False, **data):
...
    def update_translations(self, language=None, **data):
...
    def has_translation(self, language):
...
    def clear_cache(self, language=None, menu=False, placeholder=False):
...
    def get_child_pages(self):
...
    def get_ancestor_pages(self):
...
    def get_descendant_pages(self):
...
    def get_root(self):
...
    def get_parent_page(self):
...
    def get_languages(self):
...
    def remove_language(self, language):
...
    def update_languages(self, languages):
...
    def get_published_languages(self):
...
    def set_translations_cache(self):
...
    def set_admin_content_cache(self):
...
    def get_admin_content(self, language, fallback=False):
...
    def get_path_for_slug(self, slug, language):
...
    def get_url(self, language):
...
    def get_urls(self):
...
    def update_urls(self, language=None, **data):
...
    def get_fallbacks(self, language):
...
    # ## PageContent object access

    def get_content_obj(self, language=None, fallback=True, force_reload=False):
...
    def get_page_content_obj_attribute(self, attrname, language=None, fallback=True, force_reload=False):
...
    def get_path(self, language, fallback=True):
...
    def get_slug(self, language, fallback=True):
...
    def get_title(self, language=None, fallback=True, force_reload=False):
...
    def get_menu_title(self, language=None, fallback=True, force_reload=False):
...
    def get_placeholders(self, language):
...
    def get_changed_date(self, language=None, fallback=True, force_reload=False):
...
    def get_changed_by(self, language=None, fallback=True, force_reload=False):
...
    def get_page_title(self, language=None, fallback=True, force_reload=False):
...
    def get_meta_description(self, language=None, fallback=True, force_reload=False):
...
    def get_application_urls(self, language=None, fallback=True, force_reload=False):
...
    def get_redirect(self, language=None, fallback=True, force_reload=False):
...
    def _get_page_content_cache(self, language, fallback, force_reload):
...
    @property
    def template(self):
...
    @property
    def soft_root(self):
...
    def get_template(self, language=None, fallback=True, force_reload=False):
...
    def get_template_name(self):
...
    def has_view_permission(self, user):
...
    def has_view_restrictions(self, site):
...
    def has_add_permission(self, user):
...
    def has_change_permission(self, user):
...
    def has_delete_permission(self, user):
...
    def has_delete_translation_permission(self, user, language):
...
    def has_publish_permission(self, user):
...
    def has_advanced_settings_permission(self, user):
...
    def has_change_permissions_permission(self, user):
...
    def has_move_page_permission(self, user):
...
    def get_media_path(self, filename):
...
    def reload(self):
...
    def rescan_placeholders(self, language):
...
    def get_declared_placeholders(self, language=None, fallback=True, force_reload=False):
...
    def get_xframe_options(self, language=None, fallback=True, force_reload=False):
...
    def get_soft_root(self, language=None, fallback=True, force_reload=False):
...
    def get_in_navigation(self, language=None, fallback=True, force_reload=False):
...
    def get_limit_visibility_in_menu(self, language=None, fallback=True, force_reload=False):

```
Hint: Search `cms/models/pagemodel.py:Page` to get the full content if needed.

2026-09-14 23:34:06 utils.py INFO 
LiteLLM completion() model= qwen/qwen3-coder; provider = openrouter
2026-09-14 23:34:21 utils.py INFO Wrapper: Completed Call, calling success_handler
2026-09-14 23:34:21 auto_search_main.py INFO Executing code:
```
print(search_code_snippets(**{'search_terms': ['languages.*page', 'page.*languages'], 'file_path_or_pattern': '**/*.html'}))
```
2026-09-14 23:34:21 __init__.py DEBUG Building index from IDs objects
2026-09-14 23:34:21 __init__.py DEBUG Building index from IDs objects
2026-09-14 23:34:21 __init__.py DEBUG Building index from IDs objects
2026-09-14 23:34:21 auto_search_main.py INFO OBSERVATION:
cms/models/pagemodel.py:Page.get_application_urls
cms/models/pagemodel.py:Page.get_menu_title
cms/models/pagemodel.py:Page.get_page_title
cms/models/pagemodel.py:Page.get_changed_by
cms/models/pagemodel.py:Page.get_meta_description
cms/models/pagemodel.py:Page.get_title
cms/models/pagemodel.py:Page.get_placeholders
cms/models/pagemodel.py:Page.get_redirect
cms/models/pagemodel.py:Page.get_changed_date
cms/cms_menus.py:CMSMenu.select_lang
cms/models/pagemodel.py:Page.get_page_content_obj_attribute
cms/models/pagemodel.py:Page.get_urls
cms/models/pagemodel.py:Page.update_urls
cms/models/pagemodel.py:Page.get_path_for_slug
cms/models/pagemodel.py:Page.get_fallbacks
cms/models/pagemodel.py:Page.get_content_obj
cms/models/pagemodel.py:Page.get_url
cms/models/pagemodel.py:Page._get_page_content_cache
cms/models/pagemodel.py:Page._update_url_path_recursive
cms/models/pagemodel.py:Page.rescan_placeholders
cms/models/pagemodel.py:Page.get_in_navigation
cms/models/pagemodel.py:Page.get_declared_placeholders
cms/models/pagemodel.py:Page.get_limit_visibility_in_menu
cms/models/pagemodel.py:Page.reload
cms/models/pagemodel.py:Page.get_xframe_options
cms/models/pagemodel.py:Page.get_soft_root
cms/forms/utils.py:get_page_choices_for_site
cms/admin/pageadmin.py:PageContentAdmin.get_tree_rows
cms/models/pagemodel.py:Page.set_translations_cache
cms/models/pagemodel.py:Page.update_languages
cms/models/pagemodel.py:Page.get_descendant_pages
cms/models/pagemodel.py:Page.get_languages
cms/models/pagemodel.py:Page.get_ancestor_pages
cms/models/pagemodel.py:Page.get_parent_page
cms/models/pagemodel.py:Page.get_child_pages
cms/models/pagemodel.py:Page.set_admin_content_cache
cms/models/pagemodel.py:Page.get_published_languages
cms/models/pagemodel.py:Page.remove_language
cms/models/pagemodel.py:Page.get_root
cms/models/pagemodel.py:Page.get_application_urls
cms/models/pagemodel.py:Page.get_menu_title
cms/models/pagemodel.py:Page.get_page_title
cms/models/pagemodel.py:Page.get_changed_by
cms/models/pagemodel.py:Page.get_meta_description
cms/models/pagemodel.py:Page.get_title
cms/models/pagemodel.py:Page.get_placeholders
cms/models/pagemodel.py:Page.get_redirect
cms/models/pagemodel.py:Page.get_changed_date
cms/cms_menus.py:CMSMenu.select_lang
cms/models/pagemodel.py:Page.get_page_content_obj_attribute
cms/models/pagemodel.py:Page.get_urls
cms/models/pagemodel.py:Page.update_urls
cms/models/pagemodel.py:Page.get_path_for_slug
cms/models/pagemodel.py:Page.get_fallbacks
cms/models/pagemodel.py:Page.get_content_obj
cms/models/pagemodel.py:Page.get_url
cms/models/pagemodel.py:Page._get_page_content_cache
cms/models/pagemodel.py:Page._update_url_path_recursive
cms/models/pagemodel.py:Page.rescan_placeholders
cms/models/pagemodel.py:Page.get_in_navigation
cms/models/pagemodel.py:Page.get_declared_placeholders
cms/models/pagemodel.py:Page.get_limit_visibility_in_menu
cms/models/pagemodel.py:Page.reload
cms/models/pagemodel.py:Page.get_xframe_options
cms/models/pagemodel.py:Page.get_soft_root
cms/forms/utils.py:get_page_choices_for_site
cms/admin/pageadmin.py:PageContentAdmin.get_tree_rows
cms/models/pagemodel.py:Page.set_translations_cache
cms/models/pagemodel.py:Page.update_languages
cms/models/pagemodel.py:Page.get_descendant_pages
cms/models/pagemodel.py:Page.get_languages
cms/models/pagemodel.py:Page.get_ancestor_pages
cms/models/pagemodel.py:Page.get_parent_page
cms/models/pagemodel.py:Page.get_child_pages
cms/models/pagemodel.py:Page.set_admin_content_cache
cms/models/pagemodel.py:Page.get_published_languages
cms/models/pagemodel.py:Page.remove_language
cms/models/pagemodel.py:Page.get_root
cms/models/pagemodel.py:Page.get_application_urls
cms/models/pagemodel.py:Page.get_menu_title
cms/models/pagemodel.py:Page.get_page_title
cms/models/pagemodel.py:Page.get_changed_by
cms/models/pagemodel.py:Page.get_meta_description
cms/models/pagemodel.py:Page.get_title
cms/models/pagemodel.py:Page.get_placeholders
cms/models/pagemodel.py:Page.get_redirect
cms/models/pagemodel.py:Page.get_changed_date
cms/cms_menus.py:CMSMenu.select_lang
cms/models/pagemodel.py:Page.get_page_content_obj_attribute
cms/models/pagemodel.py:Page.get_urls
cms/models/pagemodel.py:Page.update_urls
cms/models/pagemodel.py:Page.get_path_for_slug
cms/models/pagemodel.py:Page.get_fallbacks
cms/models/pagemodel.py:Page.get_content_obj
cms/models/pagemodel.py:Page.get_url
cms/models/pagemodel.py:Page._get_page_content_cache
cms/models/pagemodel.py:Page._update_url_path_recursive
cms/models/pagemodel.py:Page.rescan_placeholders
cms/models/pagemodel.py:Page.get_in_navigation
cms/models/pagemodel.py:Page.get_declared_placeholders
cms/models/pagemodel.py:Page.get_limit_visibility_in_menu
cms/models/pagemodel.py:Page.reload
cms/models/pagemodel.py:Page.get_xframe_options
cms/models/pagemodel.py:Page.get_soft_root
cms/forms/utils.py:get_page_choices_for_site
cms/admin/pageadmin.py:PageContentAdmin.get_tree_rows
cms/models/pagemodel.py:Page.set_translations_cache
cms/models/pagemodel.py:Page.update_languages
cms/models/pagemodel.py:Page.get_descendant_pages
cms/models/pagemodel.py:Page.get_languages
cms/models/pagemodel.py:Page.get_ancestor_pages
cms/models/pagemodel.py:Page.get_parent_page
cms/models/pagemodel.py:Page.get_child_pages
cms/models/pagemodel.py:Page.set_admin_content_cache
cms/models/pagemodel.py:Page.get_published_languages
cms/models/pagemodel.py:Page.remove_language
cms/models/pagemodel.py:Page.get_root
No files found for file pattern '**/*.html'. Will search all files.
...
##Searching for term "languages.*page", "page.*languages", "languages.*page page.*languages"...
### Search Result:
Found class `cms/middleware/language.py:LanguageCookieMiddleware`.
Source: Retrieved entity using keyword search (bm25).
```
 6 | class LanguageCookieMiddleware(MiddlewareMixin):
 7 |     def __init__(self, get_response):
 8 |         super().__init__(get_response)
 9 | 
10 |     def __call__(self, request):
11 |         response = self.get_response(request)
12 |         language = get_language()
13 |         if (
14 |             settings.LANGUAGE_COOKIE_NAME in request.COOKIES  # noqa: W503
15 |             and request.COOKIES[settings.LANGUAGE_COOKIE_NAME] == language
16 |         ):
17 |             return response
18 | 
19 |         # To ensure support of very old browsers, Django processed automatically "expires" according
20 |         # to max_age value.
21 |         # https://docs.djangoproject.com/en/3.2/ref/request-response/#django.http.HttpResponse.set_cookie
22 | 
23 |         response.set_cookie(
24 |             settings.LANGUAGE_COOKIE_NAME,
25 |             value=language,
26 |             domain=settings.LANGUAGE_COOKIE_DOMAIN,
27 |             max_age=settings.LANGUAGE_COOKIE_AGE or 365 * 24 * 60 * 60,  # 1 year
28 |             httponly=settings.LANGUAGE_COOKIE_HTTPONLY,
29 |             path=settings.LANGUAGE_COOKIE_PATH,
30 |             samesite=settings.LANGUAGE_COOKIE_SAMESITE,
31 |             secure=settings.LANGUAGE_COOKIE_SECURE,
32 |         )
33 |         return response
```

Found function `cms/models/pagemodel.py:Page.get_menu_title`.
Source: Retrieved code content using keyword search (bm25).
```
862 | def get_menu_title(self, language=None, fallback=True, force_reload=False):
863 |         """
864 |         get the menu title of the page depending on the given language
865 |         """
866 |         menu_title = self.get_page_content_obj_attribute("menu_title", language, fallback, force_reload)
867 |         if not menu_title:
868 |             return self.get_title(language, True, force_reload)
869 |         return menu_title
```

Found function `cms/models/pagemodel.py:Page.get_changed_by`.
Source: Retrieved code content using keyword search (bm25).
```
883 | def get_changed_by(self, language=None, fallback=True, force_reload=False):
884 |         """
885 |         get user who last changed this page
886 |         """
887 |         return self.get_page_content_obj_attribute("changed_by", language, fallback, force_reload)
```

Found function `cms/models/pagemodel.py:Page.get_page_title`.
Source: Retrieved code content using keyword search (bm25).
```
889 | def get_page_title(self, language=None, fallback=True, force_reload=False):
890 |         """
891 |         get the page title of the page depending on the given language
892 |         """
893 |         page_title = self.get_page_content_obj_attribute("page_title", language, fallback, force_reload)
894 | 
895 |         if not page_title:
896 |             return self.get_title(language, True, force_reload)
897 |         return page_title
```

Found function `cms/models/pagemodel.py:Page.get_meta_description`.
Source: Retrieved code content using keyword search (bm25).
```
899 | def get_meta_description(self, language=None, fallback=True, force_reload=False):
900 |         """
901 |         get content for the description meta tag for the page depending on the given language
902 |         """
903 |         return self.get_page_content_obj_attribute("meta_description", language, fallback, force_reload)
```

Found function `cms/models/pagemodel.py:Page.get_application_urls`.
Source: Retrieved code content using keyword search (bm25).
```
905 | def get_application_urls(self, language=None, fallback=True, force_reload=False):
906 |         """
907 |         get application urls conf for application hook
908 |         """
909 |         return self.application_urls
```

Found file `cms/middleware/language.py`.
Found file `cms/middleware/page.py`.
Found file `cms/utils/page.py`.
Source: Retrieved entity using keyword search (bm25).
Hint: Use more detailed query to get the full content of some if needed.

2026-09-14 23:34:21 utils.py INFO 
LiteLLM completion() model= qwen/qwen3-coder; provider = openrouter
2026-09-14 23:34:35 utils.py INFO Wrapper: Completed Call, calling success_handler
2026-09-14 23:34:35 utils.py INFO 
LiteLLM completion() model= qwen/qwen3-coder; provider = openrouter
2026-09-14 23:34:47 utils.py INFO Wrapper: Completed Call, calling success_handler
2026-09-14 23:34:47 auto_search_main.py INFO Executing code:
```
print(search_code_snippets(**{'search_terms': ['self.languages', 'page.languages'], 'file_path_or_pattern': '**/*.py'}))
```
2026-09-14 23:34:47 __init__.py DEBUG Building index from IDs objects
2026-09-14 23:34:47 __init__.py DEBUG Building index from IDs objects
2026-09-14 23:34:47 __init__.py DEBUG Building index from IDs objects
2026-09-14 23:34:47 auto_search_main.py INFO OBSERVATION:
cms/models/pagemodel.py:Page.get_slug
cms/models/pagemodel.py:Page.get_path
cms/models/pagemodel.py:Page._get_page_content_cache
cms/models/pagemodel.py:Page.get_page_content_obj_attribute
cms/models/pagemodel.py:Page.get_urls
cms/models/pagemodel.py:Page.update_urls
cms/models/pagemodel.py:Page.get_path_for_slug
cms/models/pagemodel.py:Page.get_fallbacks
cms/models/pagemodel.py:Page.get_content_obj
cms/models/pagemodel.py:Page.get_url
cms/models/pagemodel.py:Page.get_application_urls
cms/models/pagemodel.py:Page.get_menu_title
cms/models/pagemodel.py:Page.get_page_title
cms/models/pagemodel.py:Page.get_changed_by
cms/models/pagemodel.py:Page.get_meta_description
cms/models/pagemodel.py:Page.get_title
cms/models/pagemodel.py:Page.get_placeholders
cms/models/pagemodel.py:Page.get_redirect
cms/models/pagemodel.py:Page.get_changed_date
cms/models/pagemodel.py:Page.save
cms/models/pagemodel.py:Page.has_translation
cms/models/pagemodel.py:Page.update
cms/models/pagemodel.py:Page.delete
cms/models/pagemodel.py:Page.delete_translations
cms/models/pagemodel.py:Page.update_translations
cms/models/pagemodel.py:Page.set_translations_cache
cms/models/pagemodel.py:Page.update_languages
cms/models/pagemodel.py:Page.get_descendant_pages
cms/models/pagemodel.py:Page.get_languages
cms/models/pagemodel.py:Page.get_ancestor_pages
cms/models/pagemodel.py:Page.get_parent_page
cms/models/pagemodel.py:Page.get_child_pages
cms/models/pagemodel.py:Page.set_admin_content_cache
cms/models/pagemodel.py:Page.get_published_languages
cms/models/pagemodel.py:Page.remove_language
cms/models/pagemodel.py:Page.get_root
cms/models/pagemodel.py:Page.rescan_placeholders
cms/models/pagemodel.py:Page.get_in_navigation
cms/models/pagemodel.py:Page.get_declared_placeholders
cms/models/pagemodel.py:Page.get_limit_visibility_in_menu
cms/models/pagemodel.py:Page.reload
cms/models/pagemodel.py:Page.get_xframe_options
cms/models/pagemodel.py:Page.get_soft_root
cms/models/pagemodel.py:Page._update_url_path_recursive
cms/models/pagemodel.py:Page.get_application_urls
cms/models/pagemodel.py:Page.get_menu_title
cms/models/pagemodel.py:Page.get_page_title
cms/models/pagemodel.py:Page.get_changed_by
cms/models/pagemodel.py:Page.get_meta_description
cms/models/pagemodel.py:Page.get_title
cms/models/pagemodel.py:Page.get_placeholders
cms/models/pagemodel.py:Page.get_redirect
cms/models/pagemodel.py:Page.get_changed_date
cms/cms_menus.py:CMSMenu.select_lang
cms/models/pagemodel.py:Page.get_page_content_obj_attribute
cms/models/pagemodel.py:Page.get_urls
cms/models/pagemodel.py:Page.update_urls
cms/models/pagemodel.py:Page.get_path_for_slug
cms/models/pagemodel.py:Page.get_fallbacks
cms/models/pagemodel.py:Page.get_content_obj
cms/models/pagemodel.py:Page.get_url
cms/models/pagemodel.py:Page._get_page_content_cache
cms/models/pagemodel.py:Page._update_url_path_recursive
cms/models/pagemodel.py:Page.rescan_placeholders
cms/models/pagemodel.py:Page.get_in_navigation
cms/models/pagemodel.py:Page.get_declared_placeholders
cms/models/pagemodel.py:Page.get_limit_visibility_in_menu
cms/models/pagemodel.py:Page.reload
cms/models/pagemodel.py:Page.get_xframe_options
cms/models/pagemodel.py:Page.get_soft_root
cms/forms/utils.py:get_page_choices_for_site
cms/admin/pageadmin.py:PageContentAdmin.get_tree_rows
cms/models/pagemodel.py:Page.set_translations_cache
cms/models/pagemodel.py:Page.update_languages
cms/models/pagemodel.py:Page.get_descendant_pages
cms/models/pagemodel.py:Page.get_languages
cms/models/pagemodel.py:Page.get_ancestor_pages
cms/models/pagemodel.py:Page.get_parent_page
cms/models/pagemodel.py:Page.get_child_pages
cms/models/pagemodel.py:Page.set_admin_content_cache
cms/models/pagemodel.py:Page.get_published_languages
cms/models/pagemodel.py:Page.remove_language
cms/models/pagemodel.py:Page.get_root
cms/models/pagemodel.py:Page.get_application_urls
cms/models/pagemodel.py:Page.get_menu_title
cms/models/pagemodel.py:Page.get_page_title
cms/models/pagemodel.py:Page.get_changed_by
cms/models/pagemodel.py:Page.get_meta_description
cms/models/pagemodel.py:Page.get_title
cms/models/pagemodel.py:Page.get_placeholders
cms/models/pagemodel.py:Page.get_redirect
cms/models/pagemodel.py:Page.get_changed_date
cms/models/pagemodel.py:Page.get_page_content_obj_attribute
cms/models/pagemodel.py:Page.get_urls
cms/models/pagemodel.py:Page.update_urls
cms/models/pagemodel.py:Page.get_path_for_slug
cms/models/pagemodel.py:Page.get_fallbacks
cms/models/pagemodel.py:Page.get_content_obj
cms/models/pagemodel.py:Page.get_url
cms/models/pagemodel.py:Page._get_page_content_cache
cms/models/pagemodel.py:Page.rescan_placeholders
cms/models/pagemodel.py:Page.get_in_navigation
cms/models/pagemodel.py:Page.get_declared_placeholders
cms/models/pagemodel.py:Page.get_limit_visibility_in_menu
cms/models/pagemodel.py:Page.reload
cms/models/pagemodel.py:Page.get_xframe_options
cms/models/pagemodel.py:Page.get_soft_root
cms/models/pagemodel.py:Page.get_path
cms/models/pagemodel.py:Page._update_url_path_recursive
cms/cms_menus.py:CMSMenu.select_lang
cms/models/pagemodel.py:Page.set_translations_cache
cms/models/pagemodel.py:Page.update_languages
cms/models/pagemodel.py:Page.get_descendant_pages
cms/models/pagemodel.py:Page.get_languages
cms/models/pagemodel.py:Page.get_ancestor_pages
cms/models/pagemodel.py:Page.get_parent_page
cms/models/pagemodel.py:Page.get_child_pages
cms/models/pagemodel.py:Page.set_admin_content_cache
cms/models/pagemodel.py:Page.get_published_languages
cms/models/pagemodel.py:Page.remove_language
cms/models/pagemodel.py:Page.get_root
cms/models/pagemodel.py:Page.save
cms/models/pagemodel.py:Page.has_translation
cms/models/pagemodel.py:Page.update
cms/models/pagemodel.py:Page.delete
cms/models/pagemodel.py:Page.delete_translations
cms/models/pagemodel.py:Page.update_translations
##Searching for term "self.languages", "page.languages", "self.languages page.languages"...
### Search Result:
Found class `cms/middleware/language.py:LanguageCookieMiddleware`.
Source: Retrieved entity using keyword search (bm25).
```
 6 | class LanguageCookieMiddleware(MiddlewareMixin):
 7 |     def __init__(self, get_response):
 8 |         super().__init__(get_response)
 9 | 
10 |     def __call__(self, request):
11 |         response = self.get_response(request)
12 |         language = get_language()
13 |         if (
14 |             settings.LANGUAGE_COOKIE_NAME in request.COOKIES  # noqa: W503
15 |             and request.COOKIES[settings.LANGUAGE_COOKIE_NAME] == language
16 |         ):
17 |             return response
18 | 
19 |         # To ensure support of very old browsers, Django processed automatically "expires" according
20 |         # to max_age value.
21 |         # https://docs.djangoproject.com/en/3.2/ref/request-response/#django.http.HttpResponse.set_cookie
22 | 
23 |         response.set_cookie(
24 |             settings.LANGUAGE_COOKIE_NAME,
25 |             value=language,
26 |             domain=settings.LANGUAGE_COOKIE_DOMAIN,
27 |             max_age=settings.LANGUAGE_COOKIE_AGE or 365 * 24 * 60 * 60,  # 1 year
28 |             httponly=settings.LANGUAGE_COOKIE_HTTPONLY,
29 |             path=settings.LANGUAGE_COOKIE_PATH,
30 |             samesite=settings.LANGUAGE_COOKIE_SAMESITE,
31 |             secure=settings.LANGUAGE_COOKIE_SECURE,
32 |         )
33 |         return response
```

Found file `cms/middleware/language.py`.
Source: Retrieved entity using keyword search (bm25).
Hint: Search `cms/middleware/language.py` for the full content if needed.



##Searching for term "self.languages"...
### Search Result:
Found function `cms/models/pagemodel.py:Page.get_urls`.
Source: Retrieved code content using keyword search (bm25).
```
769 | def get_urls(self):
770 |         return self.urls.all()
```

Found function `cms/models/pagemodel.py:Page.get_page_content_obj_attribute`.
Source: Retrieved code content using keyword search (bm25).
```
795 | def get_page_content_obj_attribute(self, attrname, language=None, fallback=True, force_reload=False):
796 |         """Helper function for getting attribute or None from wanted/current page content."""
797 |         try:
798 |             attribute = getattr(self.get_content_obj(language, fallback, force_reload), attrname)
799 |             return attribute
800 |         except AttributeError:
801 |             return None
```

Found function `cms/models/pagemodel.py:Page.get_path`.
Source: Retrieved code content using keyword search (bm25).
```
803 | def get_path(self, language, fallback=True):
804 |         """Get the path of the page depending on the given language"""
805 |         languages = [language]
806 | 
807 |         if fallback:
808 |             languages.extend(self.get_fallbacks(language))
809 | 
810 |         page_languages = self.get_languages()
811 | 
812 |         for _language in languages:
813 |             if _language in page_languages:
814 |                 language = _language
815 |                 break
816 | 
817 |         if language not in self.urls_cache:
818 |             self.urls_cache.update({
819 |                 url.language: url for url in self.urls.all() if url.language in languages # TODO: overwrites multiple urls
820 |             })
821 | 
822 |             for _language in languages:
823 |                 self.urls_cache.setdefault(_language, None)
824 | 
825 |         try:
826 |             return self.urls_cache[language].path
827 |         except (AttributeError, KeyError):
828 |             return None
```

Found function `cms/models/pagemodel.py:Page.get_slug`.
Source: Retrieved code content using keyword search (bm25).
```
830 | def get_slug(self, language, fallback=True):
831 |         languages = [language]
832 | 
833 |         if fallback:
834 |             languages.extend(self.get_fallbacks(language))
835 | 
836 |         page_languages = self.get_languages()
837 | 
838 |         for _language in languages:
839 |             if _language in page_languages:
840 |                 language = _language
841 |                 break
842 | 
843 |         if language not in self.urls_cache:
844 |             self.urls_cache.update({
845 |                 url.language: url for url in self.urls.filter(language__in=languages)
846 |             })
847 | 
848 |             for _language in languages:
849 |                 self.urls_cache.setdefault(_language, None)
850 | 
851 |         try:
852 |             return self.urls_cache[language].slug
853 |         except (AttributeError, KeyError):
854 |             return None
```

Found function `cms/models/pagemodel.py:Page._get_page_content_cache`.
Source: Retrieved code content using keyword search (bm25).
```
917 | def _get_page_content_cache(self, language, fallback, force_reload):
918 |         """
919 |         Sets the internal page object cache for page content objects available to the general user.
920 |         It optionally respe
921 |         """
922 |         def get_fallback_language(page, language):
923 |             fallback_langs = i18n.get_fallback_languages(language)
924 |             for lang in fallback_langs:
925 |                 if page.page_content_cache.get(lang):
926 |                     return lang
927 | 
928 |         if not language:
929 |             language = get_language()
930 | 
931 |         # Update page_content_cache from _prefetched_objects_cache if available
932 |         prefetch_cache = getattr(self, "_prefetched_objects_cache", {})
933 |         cached_page_content = prefetch_cache.get("pagecontent_set", [])
934 |         for page_content in cached_page_content:
935 |             self.page_content_cache[page_content.language] = page_content
936 | 
937 |         # Reload if explicitly needed or language not in content cache
938 |         if force_reload or language not in self.page_content_cache:
939 |             for page_content in self.pagecontent_set.all():
940 |                 self.page_content_cache[page_content.language] = page_content
941 | 
942 |         if self.page_content_cache.get(language):
943 |             return language
944 | 
945 |         use_fallback = all([
946 |             fallback,
947 |             not self.page_content_cache.get(language),
948 |             get_fallback_language(self, language)
949 |         ])
950 |         if use_fallback:
951 |             # language can be in the cache but might be an EmptyPageContent instance
952 |             return get_fallback_language(self, language)
953 |         return language
```



##Searching for term "page.languages", "self.languages page.languages"...
### Search Result:
Found function `cms/models/pagemodel.py:Page.get_menu_title`.
Source: Retrieved code content using keyword search (bm25).
```
862 | def get_menu_title(self, language=None, fallback=True, force_reload=False):
863 |         """
864 |         get the menu title of the page depending on the given language
865 |         """
866 |         menu_title = self.get_page_content_obj_attribute("menu_title", language, fallback, force_reload)
867 |         if not menu_title:
868 |             return self.get_title(language, True, force_reload)
869 |         return menu_title
```

Found function `cms/models/pagemodel.py:Page.get_changed_by`.
Source: Retrieved code content using keyword search (bm25).
```
883 | def get_changed_by(self, language=None, fallback=True, force_reload=False):
884 |         """
885 |         get user who last changed this page
886 |         """
887 |         return self.get_page_content_obj_attribute("changed_by", language, fallback, force_reload)
```

Found function `cms/models/pagemodel.py:Page.get_page_title`.
Source: Retrieved code content using keyword search (bm25).
```
889 | def get_page_title(self, language=None, fallback=True, force_reload=False):
890 |         """
891 |         get the page title of the page depending on the given language
892 |         """
893 |         page_title = self.get_page_content_obj_attribute("page_title", language, fallback, force_reload)
894 | 
895 |         if not page_title:
896 |             return self.get_title(language, True, force_reload)
897 |         return page_title
```

Found function `cms/models/pagemodel.py:Page.get_meta_description`.
Source: Retrieved code content using keyword search (bm25).
```
899 | def get_meta_description(self, language=None, fallback=True, force_reload=False):
900 |         """
901 |         get content for the description meta tag for the page depending on the given language
902 |         """
903 |         return self.get_page_content_obj_attribute("meta_description", language, fallback, force_reload)
```

Found function `cms/models/pagemodel.py:Page.get_application_urls`.
Source: Retrieved code content using keyword search (bm25).
```
905 | def get_application_urls(self, language=None, fallback=True, force_reload=False):
906 |         """
907 |         get application urls conf for application hook
908 |         """
909 |         return self.application_urls
```

Found file `cms/middleware/page.py`.
Found file `cms/utils/page.py`.
Source: Retrieved entity using keyword search (bm25).
Hint: Use more detailed query to get the full content of some if needed.

2026-09-14 23:34:47 utils.py INFO 
LiteLLM completion() model= qwen/qwen3-coder; provider = openrouter
2026-09-14 23:35:06 utils.py INFO Wrapper: Completed Call, calling success_handler
2026-09-14 23:35:06 utils.py INFO 
LiteLLM completion() model= qwen/qwen3-coder; provider = openrouter
2026-09-14 23:35:19 utils.py INFO Wrapper: Completed Call, calling success_handler
2026-09-14 23:35:19 auto_search_main.py INFO Executing code:
```
print(get_entity_contents(**{'entity_names': ['cms/models/pagemodel.py:Page.get_languages', 'cms/models/pagemodel.py:Page.update_languages', 'cms/models/pagemodel.py:Page.remove_language']}))
```
2026-09-14 23:35:19 auto_search_main.py INFO OBSERVATION:
##Searching for entity `cms/models/pagemodel.py:Page.get_languages`...
### Search Result:
Found function `cms/models/pagemodel.py:Page.get_languages`.
Source: Exact match found for entity name `cms/models/pagemodel.py:Page.get_languages`.
```
695 | def get_languages(self):
696 |         if self.languages:
697 |             return sorted(self.languages.split(','))
698 |         else:
699 |             return []
```


##Searching for entity `cms/models/pagemodel.py:Page.update_languages`...
### Search Result:
Found function `cms/models/pagemodel.py:Page.update_languages`.
Source: Exact match found for entity name `cms/models/pagemodel.py:Page.update_languages`.
```
708 | def update_languages(self, languages):
709 |         languages = ",".join(set(languages))
710 |         # Update current instance
711 |         self.languages = languages
712 |         # Commit. It's important to not call save()
713 |         # we'd like to commit only the languages field and without
714 |         # any kind of signals.
715 |         self.update(languages=languages)
```


##Searching for entity `cms/models/pagemodel.py:Page.remove_language`...
### Search Result:
Found function `cms/models/pagemodel.py:Page.remove_language`.
Source: Exact match found for entity name `cms/models/pagemodel.py:Page.remove_language`.
```
701 | def remove_language(self, language):
702 |         page_languages = self.get_languages()
703 | 
704 |         if language in page_languages:
705 |             page_languages.remove(language)
706 |             self.update_languages(page_languages)
```

2026-09-14 23:35:19 utils.py INFO 
LiteLLM completion() model= qwen/qwen3-coder; provider = openrouter
2026-09-14 23:35:34 utils.py INFO Wrapper: Completed Call, calling success_handler
2026-09-14 23:35:34 auto_search_main.py INFO Executing code:
```
print(search_code_snippets(**{'line_nums': [432], 'file_path_or_pattern': 'cms/cms_toolbars.py'}))
```
2026-09-14 23:35:34 auto_search_main.py INFO OBSERVATION:
##Searching for term "cms/cms_toolbars.py:line 432"...
### Search Result:
Found function `cms/cms_toolbars.py:PageToolbar.get_on_delete_redirect_url`.
Source: Retrieved code context including cms/cms_toolbars.py:line 432.
```
427 | def get_on_delete_redirect_url(self):
428 |         language = self.current_lang
429 |         parent_page = self.page.parent if self.page else None
430 | 
431 |         # if the current page has a parent in the request's current language redirect to it
432 |         if parent_page and language in parent_page.get_languages():
433 |             return get_object_preview_url(
434 |                 parent_page.pagecontent_set(manager="admin_manager").latest_content(language=language).first()
435 |             )
436 | 
437 |         # else redirect to root, do not redirect to Page.objects.get_home() because user could have deleted the last
438 |         # page, if DEBUG == False this could cause a 404
439 |         try:
440 |             return reverse('pages-root')
441 |         except NoReverseMatch:
442 |             return admin_reverse("cms_pagecontent_changelist")
```

2026-09-14 23:35:34 utils.py INFO 
LiteLLM completion() model= qwen/qwen3-coder; provider = openrouter
2026-09-14 23:35:46 utils.py INFO Wrapper: Completed Call, calling success_handler
2026-09-14 23:35:46 auto_search_main.py INFO Executing code:
```
print(search_code_snippets(**{'line_nums': [923], 'file_path_or_pattern': 'cms/admin/pageadmin.py'}))
```
2026-09-14 23:35:46 auto_search_main.py INFO OBSERVATION:
##Searching for term "cms/admin/pageadmin.py:line 923"...
### Search Result:
Found function `cms/admin/pageadmin.py:PageContentAdmin.get_filled_languages`.
Source: Retrieved code context including cms/admin/pageadmin.py:line 923.
```
921 | def get_filled_languages(self, request, page):
922 |         site_id = get_site(request).pk
923 |         filled_languages = page.get_languages()
924 |         allowed_languages = [lang[0] for lang in get_language_tuple(site_id)]
925 |         return [lang for lang in filled_languages if lang in allowed_languages]
```

2026-09-14 23:35:46 utils.py INFO 
LiteLLM completion() model= qwen/qwen3-coder; provider = openrouter
2026-09-14 23:36:04 utils.py INFO Wrapper: Completed Call, calling success_handler
2026-09-14 23:36:04 auto_search_main.py INFO Executing code:
```
print(get_entity_contents(**{'entity_names': ['cms/models/pagemodel.py:Page.get_path', 'cms/models/pagemodel.py:Page.get_slug']}))
```
2026-09-14 23:36:04 auto_search_main.py INFO OBSERVATION:
##Searching for entity `cms/models/pagemodel.py:Page.get_path`...
### Search Result:
Found function `cms/models/pagemodel.py:Page.get_path`.
Source: Exact match found for entity name `cms/models/pagemodel.py:Page.get_path`.
```
803 | def get_path(self, language, fallback=True):
804 |         """Get the path of the page depending on the given language"""
805 |         languages = [language]
806 | 
807 |         if fallback:
808 |             languages.extend(self.get_fallbacks(language))
809 | 
810 |         page_languages = self.get_languages()
811 | 
812 |         for _language in languages:
813 |             if _language in page_languages:
814 |                 language = _language
815 |                 break
816 | 
817 |         if language not in self.urls_cache:
818 |             self.urls_cache.update({
819 |                 url.language: url for url in self.urls.all() if url.language in languages # TODO: overwrites multiple urls
820 |             })
821 | 
822 |             for _language in languages:
823 |                 self.urls_cache.setdefault(_language, None)
824 | 
825 |         try:
826 |             return self.urls_cache[language].path
827 |         except (AttributeError, KeyError):
828 |             return None
```


##Searching for entity `cms/models/pagemodel.py:Page.get_slug`...
### Search Result:
Found function `cms/models/pagemodel.py:Page.get_slug`.
Source: Exact match found for entity name `cms/models/pagemodel.py:Page.get_slug`.
```
830 | def get_slug(self, language, fallback=True):
831 |         languages = [language]
832 | 
833 |         if fallback:
834 |             languages.extend(self.get_fallbacks(language))
835 | 
836 |         page_languages = self.get_languages()
837 | 
838 |         for _language in languages:
839 |             if _language in page_languages:
840 |                 language = _language
841 |                 break
842 | 
843 |         if language not in self.urls_cache:
844 |             self.urls_cache.update({
845 |                 url.language: url for url in self.urls.filter(language__in=languages)
846 |             })
847 | 
848 |             for _language in languages:
849 |                 self.urls_cache.setdefault(_language, None)
850 | 
851 |         try:
852 |             return self.urls_cache[language].slug
853 |         except (AttributeError, KeyError):
854 |             return None
```

2026-09-14 23:36:04 utils.py INFO 
LiteLLM completion() model= qwen/qwen3-coder; provider = openrouter
2026-09-14 23:36:17 utils.py INFO Wrapper: Completed Call, calling success_handler
2026-09-14 23:36:17 auto_search_main.py INFO Executing code:
```
print(search_code_snippets(**{'search_terms': ['page.languages', 'get_languages', 'update_languages', 'remove_language'], 'file_path_or_pattern': '**/tests*/'}))
```
2026-09-14 23:36:17 __init__.py DEBUG Building index from IDs objects
2026-09-14 23:36:17 auto_search_main.py INFO OBSERVATION:
cms/models/pagemodel.py:Page.get_application_urls
cms/models/pagemodel.py:Page.get_menu_title
cms/models/pagemodel.py:Page.get_page_title
cms/models/pagemodel.py:Page.get_changed_by
cms/models/pagemodel.py:Page.get_meta_description
cms/models/pagemodel.py:Page.get_title
cms/models/pagemodel.py:Page.get_placeholders
cms/models/pagemodel.py:Page.get_redirect
cms/models/pagemodel.py:Page.get_changed_date
cms/cms_menus.py:CMSMenu.select_lang
cms/models/pagemodel.py:Page.get_page_content_obj_attribute
cms/models/pagemodel.py:Page.get_urls
cms/models/pagemodel.py:Page.update_urls
cms/models/pagemodel.py:Page.get_path_for_slug
cms/models/pagemodel.py:Page.get_fallbacks
cms/models/pagemodel.py:Page.get_content_obj
cms/models/pagemodel.py:Page.get_url
cms/models/pagemodel.py:Page._get_page_content_cache
cms/models/pagemodel.py:Page._update_url_path_recursive
cms/models/pagemodel.py:Page.rescan_placeholders
cms/models/pagemodel.py:Page.get_in_navigation
cms/models/pagemodel.py:Page.get_declared_placeholders
cms/models/pagemodel.py:Page.get_limit_visibility_in_menu
cms/models/pagemodel.py:Page.reload
cms/models/pagemodel.py:Page.get_xframe_options
cms/models/pagemodel.py:Page.get_soft_root
cms/forms/utils.py:get_page_choices_for_site
cms/admin/pageadmin.py:PageContentAdmin.get_tree_rows
cms/models/pagemodel.py:Page.set_translations_cache
cms/models/pagemodel.py:Page.update_languages
cms/models/pagemodel.py:Page.get_descendant_pages
cms/models/pagemodel.py:Page.get_languages
cms/models/pagemodel.py:Page.get_ancestor_pages
cms/models/pagemodel.py:Page.get_parent_page
cms/models/pagemodel.py:Page.get_child_pages
cms/models/pagemodel.py:Page.set_admin_content_cache
cms/models/pagemodel.py:Page.get_published_languages
cms/models/pagemodel.py:Page.remove_language
cms/models/pagemodel.py:Page.get_root
No files found for file pattern '**/tests*/'. Will search all files.
...
##Searching for term "page.languages"...
### Search Result:
Found class `cms/middleware/language.py:LanguageCookieMiddleware`.
Source: Retrieved entity using keyword search (bm25).
```
 6 | class LanguageCookieMiddleware(MiddlewareMixin):
 7 |     def __init__(self, get_response):
 8 |         super().__init__(get_response)
 9 | 
10 |     def __call__(self, request):
11 |         response = self.get_response(request)
12 |         language = get_language()
13 |         if (
14 |             settings.LANGUAGE_COOKIE_NAME in request.COOKIES  # noqa: W503
15 |             and request.COOKIES[settings.LANGUAGE_COOKIE_NAME] == language
16 |         ):
17 |             return response
18 | 
19 |         # To ensure support of very old browsers, Django processed automatically "expires" according
20 |         # to max_age value.
21 |         # https://docs.djangoproject.com/en/3.2/ref/request-response/#django.http.HttpResponse.set_cookie
22 | 
23 |         response.set_cookie(
24 |             settings.LANGUAGE_COOKIE_NAME,
25 |             value=language,
26 |             domain=settings.LANGUAGE_COOKIE_DOMAIN,
27 |             max_age=settings.LANGUAGE_COOKIE_AGE or 365 * 24 * 60 * 60,  # 1 year
28 |             httponly=settings.LANGUAGE_COOKIE_HTTPONLY,
29 |             path=settings.LANGUAGE_COOKIE_PATH,
30 |             samesite=settings.LANGUAGE_COOKIE_SAMESITE,
31 |             secure=settings.LANGUAGE_COOKIE_SECURE,
32 |         )
33 |         return response
```

Found function `cms/models/pagemodel.py:Page.get_menu_title`.
Source: Retrieved code content using keyword search (bm25).
```
862 | def get_menu_title(self, language=None, fallback=True, force_reload=False):
863 |         """
864 |         get the menu title of the page depending on the given language
865 |         """
866 |         menu_title = self.get_page_content_obj_attribute("menu_title", language, fallback, force_reload)
867 |         if not menu_title:
868 |             return self.get_title(language, True, force_reload)
869 |         return menu_title
```

Found function `cms/models/pagemodel.py:Page.get_changed_by`.
Source: Retrieved code content using keyword search (bm25).
```
883 | def get_changed_by(self, language=None, fallback=True, force_reload=False):
884 |         """
885 |         get user who last changed this page
886 |         """
887 |         return self.get_page_content_obj_attribute("changed_by", language, fallback, force_reload)
```

Found function `cms/models/pagemodel.py:Page.get_page_title`.
Source: Retrieved code content using keyword search (bm25).
```
889 | def get_page_title(self, language=None, fallback=True, force_reload=False):
890 |         """
891 |         get the page title of the page depending on the given language
892 |         """
893 |         page_title = self.get_page_content_obj_attribute("page_title", language, fallback, force_reload)
894 | 
895 |         if not page_title:
896 |             return self.get_title(language, True, force_reload)
897 |         return page_title
```

Found function `cms/models/pagemodel.py:Page.get_meta_description`.
Source: Retrieved code content using keyword search (bm25).
```
899 | def get_meta_description(self, language=None, fallback=True, force_reload=False):
900 |         """
901 |         get content for the description meta tag for the page depending on the given language
902 |         """
903 |         return self.get_page_content_obj_attribute("meta_description", language, fallback, force_reload)
```

Found function `cms/models/pagemodel.py:Page.get_application_urls`.
Source: Retrieved code content using keyword search (bm25).
```
905 | def get_application_urls(self, language=None, fallback=True, force_reload=False):
906 |         """
907 |         get application urls conf for application hook
908 |         """
909 |         return self.application_urls
```

Found file `cms/middleware/language.py`.
Found file `cms/middleware/page.py`.
Found file `cms/utils/page.py`.
Source: Retrieved entity using keyword search (bm25).
Hint: Use more detailed query to get the full content of some if needed.



##Searching for term "get_languages"...
### Search Result:
Found function `cms/models/pagemodel.py:Page.get_languages`.
Source: Match found for entity name `get_languages`.
```
695 | def get_languages(self):
696 |         if self.languages:
697 |             return sorted(self.languages.split(','))
698 |         else:
699 |             return []
```

Found function `cms/utils/conf.py:get_languages`.
Source: Match found for entity name `get_languages`.
```
248 | def get_languages():
249 |     if settings.SITE_ID != hash(settings.SITE_ID):
250 |         raise ImproperlyConfigured(
251 |             "SITE_ID must be an integer"
252 |         )
253 |     if not settings.USE_I18N:
254 |         return _ensure_languages_settings(
255 |             {settings.SITE_ID: [{'code': settings.LANGUAGE_CODE, 'name': settings.LANGUAGE_CODE}]})
256 |     if settings.LANGUAGE_CODE not in dict(settings.LANGUAGES):
257 |         raise ImproperlyConfigured(
258 |             'LANGUAGE_CODE "%s" must have a matching entry in LANGUAGES' % settings.LANGUAGE_CODE
259 |         )
260 |     languages = getattr(settings, 'CMS_LANGUAGES', {
261 |         settings.SITE_ID: [{'code': code, 'name': _(name)} for code, name in settings.LANGUAGES]
262 |     })
263 |     if VERIFIED in languages:
264 |         return languages
265 |     return _ensure_languages_settings(languages)
```

Found function `cms/utils/i18n.py:get_languages`.
Source: Match found for entity name `get_languages`.
```
21 | def get_languages(site_id=None):
22 |     site_id = get_site_id(site_id)
23 |     result = get_cms_setting('LANGUAGES').get(site_id)
24 |     if not result:
25 |         result = []
26 |         defaults = get_cms_setting('LANGUAGES').get('default', {})
27 |         for code, name in settings.LANGUAGES:
28 |             lang = {'code': code, 'name': _(name)}
29 |             lang.update(defaults)
30 |             result.append(lang)
31 |         get_cms_setting('LANGUAGES')[site_id] = result
32 |     return result
```



##Searching for term "update_languages"...
### Search Result:
Found function `cms/models/pagemodel.py:Page.update_languages`.
Source: Match found for entity name `update_languages`.
```
708 | def update_languages(self, languages):
709 |         languages = ",".join(set(languages))
710 |         # Update current instance
711 |         self.languages = languages
712 |         # Commit. It's important to not call save()
713 |         # we'd like to commit only the languages field and without
714 |         # any kind of signals.
715 |         self.update(languages=languages)
```



##Searching for term "remove_language"...
### Search Result:
Found function `cms/models/pagemodel.py:Page.remove_language`.
Source: Match found for entity name `remove_language`.
```
701 | def remove_language(self, language):
702 |         page_languages = self.get_languages()
703 | 
704 |         if language in page_languages:
705 |             page_languages.remove(language)
706 |             self.update_languages(page_languages)
```

2026-09-14 23:36:17 utils.py INFO 
LiteLLM completion() model= qwen/qwen3-coder; provider = openrouter
2026-09-14 23:36:35 utils.py INFO Wrapper: Completed Call, calling success_handler
2026-09-14 23:36:35 utils.py INFO 
LiteLLM completion() model= qwen/qwen3-coder; provider = openrouter
2026-09-14 23:36:50 utils.py INFO Wrapper: Completed Call, calling success_handler
2026-09-14 23:36:50 auto_search_main.py INFO Executing code:
```
print(explore_tree_structure(**{'start_entities': ['cms/models/pagemodel.py:Page'], 'direction': 'downstream', 'traversal_depth': 2, 'dependency_type_filter': "['invokes']"}))
```
2026-09-14 23:36:50 auto_search_main.py INFO OBSERVATION:
cms/models/pagemodel.py:Page
└── invokes ── cms/models/pagemodel.py:AdminCacheDict

2026-09-14 23:36:50 utils.py INFO 
LiteLLM completion() model= qwen/qwen3-coder; provider = openrouter
2026-09-14 23:37:04 utils.py INFO Wrapper: Completed Call, calling success_handler
2026-09-14 23:37:04 auto_search_main.py INFO Executing code:
```
print(search_code_snippets(**{'search_terms': ['Page.*languages'], 'file_path_or_pattern': '**/*.py'}))
```
2026-09-14 23:37:04 __init__.py DEBUG Building index from IDs objects
2026-09-14 23:37:04 auto_search_main.py INFO OBSERVATION:
cms/models/pagemodel.py:Page.get_application_urls
cms/models/pagemodel.py:Page.get_menu_title
cms/models/pagemodel.py:Page.get_page_title
cms/models/pagemodel.py:Page.get_changed_by
cms/models/pagemodel.py:Page.get_meta_description
cms/models/pagemodel.py:Page.get_title
cms/models/pagemodel.py:Page.get_placeholders
cms/models/pagemodel.py:Page.get_redirect
cms/models/pagemodel.py:Page.get_changed_date
cms/cms_menus.py:CMSMenu.select_lang
cms/models/pagemodel.py:Page.get_page_content_obj_attribute
cms/models/pagemodel.py:Page.get_urls
cms/models/pagemodel.py:Page.update_urls
cms/models/pagemodel.py:Page.get_path_for_slug
cms/models/pagemodel.py:Page.get_fallbacks
cms/models/pagemodel.py:Page.get_content_obj
cms/models/pagemodel.py:Page.get_url
cms/models/pagemodel.py:Page._get_page_content_cache
cms/models/pagemodel.py:Page._update_url_path_recursive
cms/models/pagemodel.py:Page.rescan_placeholders
cms/models/pagemodel.py:Page.get_in_navigation
cms/models/pagemodel.py:Page.get_declared_placeholders
cms/models/pagemodel.py:Page.get_limit_visibility_in_menu
cms/models/pagemodel.py:Page.reload
cms/models/pagemodel.py:Page.get_xframe_options
cms/models/pagemodel.py:Page.get_soft_root
cms/forms/utils.py:get_page_choices_for_site
cms/admin/pageadmin.py:PageContentAdmin.get_tree_rows
cms/models/pagemodel.py:Page.set_translations_cache
cms/models/pagemodel.py:Page.update_languages
cms/models/pagemodel.py:Page.get_descendant_pages
cms/models/pagemodel.py:Page.get_languages
cms/models/pagemodel.py:Page.get_ancestor_pages
cms/models/pagemodel.py:Page.get_parent_page
cms/models/pagemodel.py:Page.get_child_pages
cms/models/pagemodel.py:Page.set_admin_content_cache
cms/models/pagemodel.py:Page.get_published_languages
cms/models/pagemodel.py:Page.remove_language
cms/models/pagemodel.py:Page.get_root
##Searching for term "Page.*languages"...
### Search Result:
Found class `cms/middleware/language.py:LanguageCookieMiddleware`.
Source: Retrieved entity using keyword search (bm25).
```
 6 | class LanguageCookieMiddleware(MiddlewareMixin):
 7 |     def __init__(self, get_response):
 8 |         super().__init__(get_response)
 9 | 
10 |     def __call__(self, request):
11 |         response = self.get_response(request)
12 |         language = get_language()
13 |         if (
14 |             settings.LANGUAGE_COOKIE_NAME in request.COOKIES  # noqa: W503
15 |             and request.COOKIES[settings.LANGUAGE_COOKIE_NAME] == language
16 |         ):
17 |             return response
18 | 
19 |         # To ensure support of very old browsers, Django processed automatically "expires" according
20 |         # to max_age value.
21 |         # https://docs.djangoproject.com/en/3.2/ref/request-response/#django.http.HttpResponse.set_cookie
22 | 
23 |         response.set_cookie(
24 |             settings.LANGUAGE_COOKIE_NAME,
25 |             value=language,
26 |             domain=settings.LANGUAGE_COOKIE_DOMAIN,
27 |             max_age=settings.LANGUAGE_COOKIE_AGE or 365 * 24 * 60 * 60,  # 1 year
28 |             httponly=settings.LANGUAGE_COOKIE_HTTPONLY,
29 |             path=settings.LANGUAGE_COOKIE_PATH,
30 |             samesite=settings.LANGUAGE_COOKIE_SAMESITE,
31 |             secure=settings.LANGUAGE_COOKIE_SECURE,
32 |         )
33 |         return response
```

Found function `cms/models/pagemodel.py:Page.get_menu_title`.
Source: Retrieved code content using keyword search (bm25).
```
862 | def get_menu_title(self, language=None, fallback=True, force_reload=False):
863 |         """
864 |         get the menu title of the page depending on the given language
865 |         """
866 |         menu_title = self.get_page_content_obj_attribute("menu_title", language, fallback, force_reload)
867 |         if not menu_title:
868 |             return self.get_title(language, True, force_reload)
869 |         return menu_title
```

Found function `cms/models/pagemodel.py:Page.get_changed_by`.
Source: Retrieved code content using keyword search (bm25).
```
883 | def get_changed_by(self, language=None, fallback=True, force_reload=False):
884 |         """
885 |         get user who last changed this page
886 |         """
887 |         return self.get_page_content_obj_attribute("changed_by", language, fallback, force_reload)
```

Found function `cms/models/pagemodel.py:Page.get_page_title`.
Source: Retrieved code content using keyword search (bm25).
```
889 | def get_page_title(self, language=None, fallback=True, force_reload=False):
890 |         """
891 |         get the page title of the page depending on the given language
892 |         """
893 |         page_title = self.get_page_content_obj_attribute("page_title", language, fallback, force_reload)
894 | 
895 |         if not page_title:
896 |             return self.get_title(language, True, force_reload)
897 |         return page_title
```

Found function `cms/models/pagemodel.py:Page.get_meta_description`.
Source: Retrieved code content using keyword search (bm25).
```
899 | def get_meta_description(self, language=None, fallback=True, force_reload=False):
900 |         """
901 |         get content for the description meta tag for the page depending on the given language
902 |         """
903 |         return self.get_page_content_obj_attribute("meta_description", language, fallback, force_reload)
```

Found function `cms/models/pagemodel.py:Page.get_application_urls`.
Source: Retrieved code content using keyword search (bm25).
```
905 | def get_application_urls(self, language=None, fallback=True, force_reload=False):
906 |         """
907 |         get application urls conf for application hook
908 |         """
909 |         return self.application_urls
```

Found file `cms/middleware/language.py`.
Found file `cms/middleware/page.py`.
Found file `cms/utils/page.py`.
Source: Retrieved entity using keyword search (bm25).
Hint: Use more detailed query to get the full content of some if needed.

2026-09-14 23:37:04 utils.py INFO 
LiteLLM completion() model= qwen/qwen3-coder; provider = openrouter
2026-09-14 23:37:23 utils.py INFO Wrapper: Completed Call, calling success_handler
2026-09-14 23:37:23 auto_search_main.py INFO Executing code:
```
print(search_code_snippets(**{'search_terms': ['serializer', 'api', 'rest'], 'file_path_or_pattern': '**/*.py'}))
```
2026-09-14 23:37:23 __init__.py DEBUG Building index from IDs objects
2026-09-14 23:37:24 __init__.py DEBUG Building index from IDs objects
2026-09-14 23:37:24 __init__.py DEBUG Building index from IDs objects
2026-09-14 23:37:23 __init__.py DEBUG Building index from IDs objects
2026-09-14 23:37:24 __init__.py DEBUG Building index from IDs objects
2026-09-14 23:37:24 __init__.py DEBUG Building index from IDs objects
2026-09-14 23:37:24 auto_search_main.py INFO OBSERVATION:
cms/migrations/0018_create_pagenode.py:Migration
cms/migrations/0001_initial.py:Migration
cms/models/pluginmodel.py:get_plugin_media_path
cms/models/pluginmodel.py:CMSPlugin.get_action_urls
cms/admin/placeholderadmin.py:PlaceholderAdmin.move_plugin
docs/conf.py:impl:13
docs/conf.py:impl:46
docs/conf.py:impl:46
docs/conf.py:impl:64
cms/admin/placeholderadmin.py:PlaceholderAdmin.move_plugin
cms/migrations/0018_create_pagenode.py:Migration
cms/migrations/0001_initial.py:Migration
docs/conf.py:impl:13
docs/conf.py:impl:46
cms/models/pluginmodel.py:get_plugin_media_path
cms/models/pluginmodel.py:CMSPlugin.get_action_urls
##Searching for term "serializer"...
### Search Result:
Found `cms/migrations/0016_auto_20160608_1535.py:Migration`.
Source: Retrieved code content using keyword search (bm25).
```
 1 | from __future__ import unicode_literals
 2 | 
 3 | from django.db import migrations, models
 4 | 
 5 | 
 6 | class Migration(migrations.Migration):
 7 | 
 8 |     dependencies = [
 9 |         ('cms', '0015_auto_20160421_0000'),
10 |     ]
11 | 
12 |     operations = [
13 |         migrations.AlterField(
14 |             model_name='aliaspluginmodel',
15 |             name='cmsplugin_ptr',
16 |             field=models.OneToOneField(parent_link=True, related_name='cms_aliasplugin', primary_key=True, serialize=False, to='cms.CMSPlugin', on_delete=models.CASCADE),
17 |         ),
18 |         migrations.AlterField(
19 |             model_name='placeholderreference',
20 |             name='cmsplugin_ptr',
21 |             field=models.OneToOneField(parent_link=True, related_name='cms_placeholderreference', primary_key=True, serialize=False, to='cms.CMSPlugin', on_delete=models.CASCADE),
22 |         ),
23 |     ]
24 | 
```

Found `cms/migrations/0013_urlconfrevision.py:Migration`.
Source: Retrieved code content using keyword search (bm25).
```
 1 | from __future__ import unicode_literals
 2 | 
 3 | from django.db import models, migrations
 4 | 
 5 | 
 6 | class Migration(migrations.Migration):
 7 | 
 8 |     dependencies = [
 9 |         ('cms', '0012_auto_20150607_2207'),
10 |     ]
11 | 
12 |     operations = [
13 |         migrations.CreateModel(
14 |             name='UrlconfRevision',
15 |             fields=[
16 |                 ('id', models.AutoField(verbose_name='ID', serialize=False, auto_created=True, primary_key=True)),
17 |                 ('revision', models.CharField(max_length=255)),
18 |             ],
19 |             options={
20 |             },
21 |             bases=(models.Model,),
22 |         ),
23 |     ]
24 | 
```

Found `menus/migrations/0001_initial.py:Migration`.
Source: Retrieved code content using keyword search (bm25).
```
 1 | from django.db import models, migrations
 2 | 
 3 | 
 4 | class Migration(migrations.Migration):
 5 | 
 6 |     dependencies = [
 7 |     ]
 8 | 
 9 |     operations = [
10 |         migrations.CreateModel(
11 |             name='CacheKey',
12 |             fields=[
13 |                 ('id', models.AutoField(primary_key=True, verbose_name='ID', auto_created=True, serialize=False)),
14 |                 ('language', models.CharField(max_length=255)),
15 |                 ('site', models.PositiveIntegerField()),
16 |                 ('key', models.CharField(max_length=255)),
17 |             ],
18 |             options={
19 |             },
20 |             bases=(models.Model,),
21 |         ),
22 |     ]
23 | 
```

Found `cms/migrations/0002_auto_20140816_1918.py:Migration`.
Source: Retrieved code content using keyword search (bm25).
```
  1 | from __future__ import unicode_literals
  2 | 
  3 | import cms.models.static_placeholder
  4 | import cms.models.fields
  5 | from django.conf import settings
  6 | from django.contrib.auth import get_user_model
  7 | from django.db import models, migrations
  8 | import django.utils.timezone
  9 | 
 10 | User = get_user_model()
 11 | 
 12 | user_model_label = '%s.%s' % (User._meta.app_label, User._meta.model_name)
 13 | user_ptr_name = '%s_ptr' % User._meta.object_name.lower()
 14 | 
 15 | 
 16 | class Migration(migrations.Migration):
 17 | 
 18 |     dependencies = [
 19 |         ('cms', '0001_initial'),
 20 |     ]
 21 | 
 22 |     operations = [
 23 |         migrations.CreateModel(
 24 |             name='PageUser',
 25 |             fields=[
 26 |                 (user_ptr_name, models.OneToOneField(primary_key=True, to=settings.AUTH_USER_MODEL, auto_created=True, parent_link=True, serialize=False, on_delete=models.CASCADE)),
 27 |                 ('created_by', models.ForeignKey(to=settings.AUTH_USER_MODEL, related_name='created_users', on_delete=models.CASCADE)),
 28 |             ],
 29 |             options={
 30 |                 'verbose_name': 'User (page)',
 31 |                 'verbose_name_plural': 'Users (page)',
 32 |             },
 33 |             bases=(user_model_label,),
 34 |         ),
 35 |         migrations.CreateModel(
 36 |             name='PageUserGroup',
 37 |             fields=[
 38 |                 ('group_ptr', models.OneToOneField(primary_key=True, to='auth.Group', auto_created=True, parent_link=True, serialize=False, on_delete=models.CASCADE)),
 39 |                 ('created_by', models.ForeignKey(to=settings.AUTH_USER_MODEL, related_name='created_usergroups', on_delete=models.CASCADE)),
 40 |             ],
 41 |             options={
 42 |                 'verbose_name': 'User group (page)',
 43 |                 'verbose_name_plural': 'User groups (page)',
 44 |             },
 45 |             bases=('auth.group',),
 46 |         ),
 47 |         migrations.CreateModel(
 48 |             name='Placeholder',
 49 |             fields=[
 50 |                 ('id', models.AutoField(primary_key=True, verbose_name='ID', auto_created=True, serialize=False)),
 51 |                 ('slot', models.CharField(db_index=True, max_length=50, verbose_name='slot', editable=False)),
 52 |                 ('default_width', models.PositiveSmallIntegerField(null=True, verbose_name='width', editable=False)),
 53 |             ],
 54 |             options={
 55 |             },
 56 |             bases=(models.Model,),
 57 |         ),
 58 |         migrations.AddField(
 59 |             model_name='page',
 60 |             name='placeholders',
 61 |             field=models.ManyToManyField(to='cms.Placeholder', editable=False),
 62 |             preserve_default=True,
 63 |         ),
 64 |         migrations.AlterUniqueTogether(
 65 |             name='page',
 66 |             unique_together=set([('publisher_is_draft', 'application_namespace'), ('reverse_id', 'site', 'publisher_is_draft')]),
 67 |         ),
 68 |         migrations.AddField(
 69 |             model_name='cmsplugin',
 70 |             name='placeholder',
 71 |             field=models.ForeignKey(null=True, to='cms.Placeholder', editable=False, on_delete=models.CASCADE),
 72 |             preserve_default=True,
 73 |         ),
 74 |         migrations.AddField(
 75 |             model_name='aliaspluginmodel',
 76 |             name='alias_placeholder',
 77 |             field=models.ForeignKey(null=True, to='cms.Placeholder', related_name='alias_placeholder', editable=False, on_delete=models.CASCADE),
 78 |             preserve_default=True,
 79 |         ),
 80 |         migrations.CreateModel(
 81 |             name='PlaceholderReference',
 82 |             fields=[
 83 |                 ('cmsplugin_ptr', models.OneToOneField(primary_key=True, to='cms.CMSPlugin', auto_created=True, parent_link=True, serialize=False, on_delete=models.CASCADE)),
 84 |                 ('name', models.CharField(max_length=255)),
 85 |                 ('placeholder_ref', cms.models.fields.PlaceholderField(null=True, to='cms.Placeholder', slotname='clipboard', editable=False)),
 86 |             ],
 87 |             options={
 88 |             },
 89 |             bases=('cms.cmsplugin',),
 90 |         ),
 91 |         migrations.CreateModel(
 92 |             name='StaticPlaceholder',
 93 |             fields=[
 94 |                 ('id', models.AutoField(primary_key=True, verbose_name='ID', auto_created=True, serialize=False)),
 95 |                 ('name', models.CharField(max_length=255, default='', help_text='Descriptive name to identify this static placeholder. Not displayed to users.', blank=True, verbose_name='static placeholder name')),
 96 |                 ('code', models.CharField(max_length=255, verbose_name='placeholder code', help_text='To render the static placeholder in templates.', blank=True)),
 97 |                 ('dirty', models.BooleanField(default=False, editable=False)),
 98 |                 ('creation_method', models.CharField(max_length=20, default='code', blank=True, verbose_name='creation_method', choices=cms.models.static_placeholder.StaticPlaceholder.CREATION_METHODS)),
 99 |                 ('draft', cms.models.fields.PlaceholderField(null=True, to='cms.Placeholder', verbose_name='placeholder content', related_name='static_draft', slotname=cms.models.static_placeholder.static_slotname, editable=False)),
100 |                 ('public', cms.models.fields.PlaceholderField(null=True, to='cms.Placeholder', slotname=cms.models.static_placeholder.static_slotname, related_name='static_public', editable=False)),
101 |                 ('site', models.ForeignKey(null=True, to='sites.Site', blank=True, on_delete=models.CASCADE)),
102 |             ],
103 |             options={
104 |                 'verbose_name': 'static placeholder',
105 |                 'verbose_name_plural': 'static placeholders',
106 |             },
107 |             bases=(models.Model,),
108 |         ),
109 |         migrations.AlterUniqueTogether(
110 |             name='staticplaceholder',
111 |             unique_together=set([('code', 'site')]),
112 |         ),
113 |         migrations.CreateModel(
114 |             name='Title',
115 |             fields=[
116 |                 ('id', models.AutoField(primary_key=True, verbose_name='ID', auto_created=True, serialize=False)),
117 |                 ('language', models.CharField(db_index=True, max_length=15, verbose_name='language')),
118 |                 ('meta_description', models.TextField(max_length=155, null=True, help_text='The text displayed in search engines.', blank=True, verbose_name='description')),
119 |                 ('title', models.CharField(max_length=255, help_text='The default title', verbose_name='title')),
120 |                 ('page_title', models.CharField(max_length=255, null=True, help_text='Overwrites what is displayed at the top of your browser or in bookmarks', blank=True, verbose_name='Page Title')),
121 |                 ('menu_title', models.CharField(max_length=255, null=True, help_text='Overwrite what is displayed in the menu', blank=True, verbose_name='Menu Title')),
122 |                 ('slug', models.SlugField(max_length=255, verbose_name='slug')),
123 |                 ('path', models.CharField(db_index=True, max_length=255, verbose_name='Path')),
124 |                 ('has_url_overwrite', models.BooleanField(db_index=True, default=False, editable=False, verbose_name='has url overwrite')),
125 |                 ('redirect', models.CharField(max_length=255, null=True, blank=True, verbose_name='redirect')),
126 |                 ('creation_date', models.DateTimeField(default=django.utils.timezone.now, verbose_name='creation date', editable=False)),
127 |                 ('published', models.BooleanField(default=False, verbose_name='is published')),
128 |                 ('publisher_is_draft', models.BooleanField(db_index=True, default=True, editable=False)),
129 |                 ('publisher_state', models.SmallIntegerField(db_index=True, default=0, editable=False)),
130 |                 ('page', models.ForeignKey(to='cms.Page', verbose_name='page', related_name='title_set', on_delete=models.CASCADE)),
131 |                 ('publisher_public', models.OneToOneField(null=True, to='cms.Title', related_name='publisher_draft', editable=False, on_delete=models.CASCADE)),
132 |             ],
133 |             options={
134 |             },
135 |             bases=(models.Model,),
136 |         ),
137 |         migrations.AlterUniqueTogether(
138 |             name='title',
139 |             unique_together=set([('language', 'page')]),
140 |         ),
141 |         migrations.CreateModel(
142 |             name='UserSettings',
143 |             fields=[
144 |                 ('id', models.AutoField(primary_key=True, verbose_name='ID', auto_created=True, serialize=False)),
145 |                 ('language', models.CharField(max_length=10, choices=settings.LANGUAGES, help_text='The language for the admin interface and toolbar', verbose_name='Language')),
146 |                 ('clipboard', models.ForeignKey(null=True, to='cms.Placeholder', blank=True, editable=False, on_delete=models.CASCADE)),
147 |                 ('user', models.ForeignKey(to=settings.AUTH_USER_MODEL, unique=True, related_name='djangocms_usersettings', editable=False, on_delete=models.CASCADE)),
148 |             ],
149 |             options={
150 |                 'verbose_name': 'user setting',
151 |                 'verbose_name_plural': 'user settings',
152 |             },
153 |             bases=(models.Model,),
154 |         ),
155 |     ]
156 | 
```

Found `cms/utils/encoder.py:SafeJSONEncoder`, `cms/utils/encoder.py:SafeJSONEncoder._recursive_escape`, `cms/utils/encoder.py:SafeJSONEncoder.encode`, `cms/utils/encoder.py:SafeJSONEncoder.default`.
Source: Retrieved code content using keyword search (bm25).
```
 1 | from django.core.serializers.json import DjangoJSONEncoder
 2 | from django.utils.encoding import force_str
 3 | from django.utils.functional import Promise
 4 | from django.utils.html import conditional_escape
 5 | 
 6 | 
 7 | class SafeJSONEncoder(DjangoJSONEncoder):
 8 |     def _recursive_escape(self, o, esc=conditional_escape):
 9 |         if isinstance(o, dict):
10 |             return type(o)((esc(k), self._recursive_escape(v)) for (k, v) in dict.items(o))
11 |         if isinstance(o, (list, tuple)):
12 |             return type(o)(self._recursive_escape(v) for v in o)
13 |         if isinstance(o, bool):
14 |             return o
15 |         try:
16 |             return type(o)(esc(o))
17 |         except (ValueError, TypeError):
18 |             return self.default(o)
19 | 
20 |     def encode(self, o):
21 |         value = self._recursive_escape(o)
22 |         return super().encode(value)
23 | 
24 |     def default(self, o):
25 |         if isinstance(o, Promise):
26 |             return force_str(o)
27 |         return super().default(o)
28 | 
```

Found function `cms/views.py:details`.
Source: Retrieved entity using keyword search (bm25).
```
 61 | def details(request, slug):
 62 |     """
 63 |     The main view of the Django-CMS! Takes a request and a slug, renders the
 64 |     page.
 65 |     """
 66 |     is_authenticated = request.user.is_authenticated
 67 |     response_timestamp = now()
 68 |     if get_cms_setting("PAGE_CACHE") and (
 69 |         not hasattr(request, 'toolbar') or (
 70 |             not request.toolbar.edit_mode_active and not request.toolbar.show_toolbar and not is_authenticated
 71 |         )
 72 |     ):
 73 |         cache_content = get_page_cache(request)
 74 |         if cache_content is not None:
 75 |             content, headers, expires_datetime = cache_content
 76 |             response = HttpResponse(content)
 77 |             response.xframe_options_exempt = True
 78 |             response.headers = headers
 79 |             # Recalculate the max-age header for this cached response
 80 |             max_age = int(
 81 |                 (expires_datetime - response_timestamp).total_seconds() + 0.5)
 82 |             patch_cache_control(response, max_age=max_age)
 83 |             return response
 84 | 
 85 |     # Get a Page model object from the request
 86 |     site = get_current_site()
 87 |     page = get_page_from_request(request, use_path=slug)
 88 | 
 89 |     if not page and not slug and not Page.objects.on_site(site).exists():
 90 |         # render the welcome page if the requested path is root "/"
 91 |         # and there's no pages
 92 |         return _render_welcome_page(request)
 93 | 
 94 |     if not page and get_cms_setting("REDIRECT_TO_LOWERCASE_SLUG"):
 95 |         # Redirect to the lowercase version of the slug
 96 |         if slug.lower() != slug:
 97 |             # Only redirect if the slug changes
 98 |             redirect_url = reverse("pages-details-by-slug", kwargs={"slug": slug.lower()})
 99 |             if get_cms_setting('REDIRECT_PRESERVE_QUERY_PARAMS'):
100 |                 query_string = request.META.get('QUERY_STRING')
101 |                 if query_string:
102 |                     redirect_url += "?" + query_string
103 |             return HttpResponseRedirect(redirect_url)
104 | 
105 |     if not page:
106 |         # raise 404 or redirect to PageContent's
107 |         # changelist in the admin if this is a
108 |         # request to the root URL
109 |         return _handle_no_page(request)
110 | 
111 |     request.current_page = page
112 | 
113 |     if hasattr(request, 'user') and request.user.is_staff:
114 |         user_languages = get_language_list(site_id=site.pk)
115 |     else:
116 |         user_languages = get_public_languages(site_id=site.pk)
117 | 
118 |     request_language = None
119 |     if is_language_prefix_patterns_used():
120 |         request_language = get_language_from_request(request, check_path=True)
121 |     if not request_language:
122 |         request_language = get_default_language_for_site(get_current_site().pk)
123 | 
124 |     if not page.is_home and request_language not in user_languages:
125 |         # The homepage is treated differently because
126 |         # when a request goes to the root of the site (/)
127 |         # without a language, Django will redirect to the user's
128 |         # browser language which might not be a valid cms language,
129 |         # this means we need to correctly redirect that request.
130 |         return _handle_no_page(request)
131 | 
132 |     # we use the _get_page_content_cache method to populate the cache with all public languages
133 |     # The languages are then filtered out by the user allowed languages
134 |     page._get_page_content_cache(None, fallback=True, force_reload=True)
135 |     pagecontent_languages = list(page.page_content_cache.keys())
136 |     available_languages = [
137 |         language for language in user_languages
138 |         if language in pagecontent_languages
139 |     ]
140 | 
141 |     own_urls = [
142 |         request.build_absolute_uri(request.path),
143 |         '/%s' % request.path,
144 |         request.path,
145 |     ]
146 | 
147 |     try:
148 |         redirect_on_fallback = get_redirect_on_fallback(request_language, site_id=site.pk)
149 |     except LanguageError:
150 |         redirect_on_fallback = False
151 | 
152 |     if request_language not in user_languages:
153 |         # Language is not allowed
154 |         # Use the default site language
155 |         default_language = get_default_language_for_site(site.pk)
156 |         fallbacks = get_fallback_languages(default_language, site_id=site.pk)
157 |         fallbacks = [default_language] + fallbacks
158 |     else:
159 |         fallbacks = get_fallback_languages(request_language, site_id=site.pk)
160 | 
161 |     # Only fallback to languages the user is allowed to see
162 |     fallback_languages = [
163 |         language for language in fallbacks
164 |         if language != request_language and language in available_languages
165 |     ]
166 |     language_is_unavailable = request_language not in available_languages
167 |     first_fallback_language = next(iter(fallback_languages or []), None)
168 | 
169 |     if language_is_unavailable and not fallback_languages:
170 |         # There is no page with the requested language
171 |         # and there's no configured fallbacks
172 |         return _handle_no_page(request)
173 |     elif language_is_unavailable and redirect_on_fallback:
174 |         # There is no page with the requested language and
175 |         # redirect_on_fallback is True,
176 |         # so redirect to the first configured / available fallback language
177 |         redirect_url = page.get_absolute_url(
178 |             first_fallback_language, fallback=False)
179 |     else:
180 |         page_path = page.get_absolute_url(request_language)
181 |         page_slug = page.get_path(request_language) or page.get_slug(request_language)
182 | 
183 |         if slug and slug != page_slug and request.path[:len(page_path)] != page_path:
184 |             # The current language does not match its slug.
185 |             # Redirect to the current language.
186 |             return HttpResponseRedirect(page_path)
187 |         # Check if the page has a redirect url defined for this language.
188 |         redirect_url = page.get_redirect(request_language, fallback=False) or ''
189 |         redirect_url = _clean_redirect_url(redirect_url, request_language)
190 | 
191 |     if redirect_url:
192 |         if redirect_url not in own_urls:
193 |             if get_cms_setting('REDIRECT_PRESERVE_QUERY_PARAMS'):
194 |                 query_string = request.META.get('QUERY_STRING')
195 |                 if query_string:
196 |                     redirect_url += "?" + query_string
197 |             # prevent redirect to self
198 |             return HttpResponseRedirect(redirect_url)
199 | 
200 |     # permission checks
201 |     if page.login_required and not request.user.is_authenticated:
202 |         return redirect_to_login(quote(request.get_full_path()), settings.LOGIN_URL)
203 | 
204 |     content_language = request_language
205 |     if language_is_unavailable:
206 |         # When redirect_on_fallback is False and
207 |         # language is unavailable, render the content
208 |         # in the first fallback language available
209 |         # by switching to it
210 |         content_language = first_fallback_language
211 |         # translation.activate() is used without context
212 |         # as the context won't be preserved when the
213 |         # plugins get rendered
214 |         activate(content_language)
215 | 
216 |     content = page.get_content_obj(language=content_language)
217 |     # use the page object with populated cache
218 |     content.page = page
219 |     if hasattr(request, 'toolbar'):
220 |         request.toolbar.set_object(content)
221 | 
222 |     return render_pagecontent(request, content)
```

Found file `cms/wizards/urls.py`.
Found file `cms/wizards/wizard_base.py`.
Source: Retrieved entity using keyword search (bm25).
Hint: Use more detailed query to get the full content of some if needed.



##Searching for term "api"...
### Search Result:
Found file `cms/api.py`.
Source: Match found for entity name `api`.
Just show the structure of this file due to response length limitations:
```

# ===============================================================================
# Helpers/Internals
# ===============================================================================


def _verify_apphook(apphook, namespace):
...

def _verify_plugin_type(plugin_type):
...

# ===============================================================================
# Public API
# ===============================================================================

@transaction.atomic
def create_page(title, template, language, menu_title=None, slug=None,
                apphook=None, apphook_namespace=None, redirect=None, meta_description=None,
                created_by='python-api', parent=None,
                publication_date=None, publication_end_date=None,
                in_navigation=False, soft_root=False, reverse_id=None,
                navigation_extenders=None, published=None, site=None,
                login_required=False, limit_visibility_in_menu=constants.VISIBILITY_ALL,
                position="last-child", overwrite_url=None,
                xframe_options=constants.X_FRAME_OPTIONS_INHERIT):
...

@transaction.atomic
def create_page_content(language, title, page, menu_title=None, slug=None,
                        redirect=None, meta_description=None, parent=None,
                        overwrite_url=None, page_title=None, path=None,
                        created_by='python-api', soft_root=False, in_navigation=False,
                        template=TEMPLATE_INHERITANCE_MAGIC,
                        limit_visibility_in_menu=constants.VISIBILITY_ALL,
                        xframe_options=constants.X_FRAME_OPTIONS_INHERIT):
...

def create_title(language, title, page, menu_title=None, slug=None,
                 redirect=None, meta_description=None, parent=None,
                 overwrite_url=None, page_title=None, path=None,
                 created_by='python-api', soft_root=False, in_navigation=False,
                 template=TEMPLATE_INHERITANCE_MAGIC,
                 limit_visibility_in_menu=constants.VISIBILITY_ALL,
                 xframe_options=constants.X_FRAME_OPTIONS_INHERIT):
...

@transaction.atomic
def add_plugin(placeholder, plugin_type, language, position='last-child',
               target=None, **data):
...

def create_page_user(created_by, user,
                     can_add_page=True, can_view_page=True,
                     can_change_page=True, can_delete_page=True,
                     can_publish_page=True, can_add_pageuser=True,
                     can_change_pageuser=True, can_delete_pageuser=True,
                     can_add_pagepermission=True,
                     can_change_pagepermission=True,
                     can_delete_pagepermission=True, grant_all=False):
...

def assign_user_to_page(page, user, grant_on=ACCESS_PAGE_AND_DESCENDANTS,
                        can_add=False, can_change=False, can_delete=False,
                        can_change_advanced_settings=False, can_publish=None,
                        can_change_permissions=False, can_move_page=False,
                        can_recover_page=True, can_view=False,
                        grant_all=False, global_permission=False):
...

def publish_page(page, user, language):
...

def publish_pages(include_unpublished=False, language=None, site=None):
...

def get_page_draft(page):
...

def copy_plugins_to_language(page, source_language, target_language,
                             only_empty=True):
...

def can_change_page(request):
...

```
Hint: Search `cms/api.py` to get the full content if needed.



##Searching for term "rest"...
### Search Result:
Found `cms/migrations/0008_auto_20150121_0059.py:Migration`.
Source: Retrieved code content using keyword search (bm25).
```
 1 | from __future__ import unicode_literals
 2 | 
 3 | from django.db import models, migrations
 4 | 
 5 | 
 6 | class Migration(migrations.Migration):
 7 | 
 8 |     dependencies = [
 9 |         ('cms', '0007_auto_20141028_1559'),
10 |     ]
11 | 
12 |     operations = [
13 |         migrations.AlterUniqueTogether(
14 |             name='page',
15 |             unique_together=set([('reverse_id', 'site', 'publisher_is_draft'), ('publisher_is_draft', 'site', 'application_namespace')]),
16 |         ),
17 |     ]
18 | 
```

Found `cms/migrations/0008_auto_20150208_2149.py:Migration`.
Source: Retrieved code content using keyword search (bm25).
```
 1 | from __future__ import unicode_literals
 2 | 
 3 | from django.db import models, migrations
 4 | 
 5 | 
 6 | class Migration(migrations.Migration):
 7 | 
 8 |     dependencies = [
 9 |         ('cms', '0007_auto_20141028_1559'),
10 |     ]
11 | 
12 |     operations = [
13 |         migrations.AlterField(
14 |             model_name='title',
15 |             name='redirect',
16 |             field=models.CharField(max_length=2048, null=True, help_text='Redirects to this URL.', verbose_name='redirect', blank=True),
17 |             preserve_default=True,
18 |         ),
19 |     ]
20 | 
```

Found `cms/migrations/0009_merge.py:Migration`.
Source: Retrieved code content using keyword search (bm25).
```
 1 | from __future__ import unicode_literals
 2 | 
 3 | from django.db import models, migrations
 4 | 
 5 | 
 6 | class Migration(migrations.Migration):
 7 | 
 8 |     dependencies = [
 9 |         ('cms', '0008_auto_20150121_0059'),
10 |         ('cms', '0008_auto_20150208_2149'),
11 |     ]
12 | 
13 |     operations = [
14 |     ]
15 | 
```

Found `cms/migrations/0010_migrate_use_structure.py:_get_manager`, `cms/migrations/0010_migrate_use_structure.py:forwards`.
Source: Retrieved code content using keyword search (bm25).
```
 1 | import warnings
 2 | import functools
 3 | 
 4 | from django.conf import settings
 5 | from django.db import models, migrations
 6 | 
 7 | 
 8 | def _get_manager(model, db_alias):
 9 |     return model.objects.db_manager(db_alias)
10 | 
11 | 
12 | def forwards(apps, schema_editor):
13 |     db_alias = schema_editor.connection.alias
14 | 
15 |     get_manager = functools.partial(_get_manager, db_alias=db_alias)
16 | 
17 |     ContentType = apps.get_model('contenttypes', 'ContentType')
18 |     Permission = apps.get_model('auth', 'Permission')
19 |     Group = apps.get_model('auth', 'Group')
20 |     user_model = apps.get_model(settings.AUTH_USER_MODEL)
21 |     ph_model = apps.get_model('cms', 'Placeholder')
22 |     page_model = apps.get_model('cms', 'Page')
23 | 
24 |     try:
25 |         ph_ctype = get_manager(ContentType).get_for_model(ph_model)
26 |         page_ctype = get_manager(ContentType).get_for_model(page_model)
27 |         permission, __ = get_manager(Permission).get_or_create(
28 |             codename='use_structure', content_type=ph_ctype, name=u"Can use Structure mode")
29 |         page_permission, __ = get_manager(Permission).get_or_create(
30 |             codename='change_page', content_type=page_ctype, name=u'Can change page'
31 |         )
32 |         for user in get_manager(user_model).filter(is_superuser=False, is_staff=True):
33 |             if user.user_permissions.filter(codename='change_page', content_type_id=page_ctype.pk).exists():
34 |                 user.user_permissions.add(permission.pk)
35 |         for group in get_manager(Group).all():
36 |             if page_permission in group.permissions.all():
37 |                 group.permissions.add(permission.pk)
38 |     except Exception:
39 |         warnings.warn(u'Users not migrated to use_structure permission, please add the permission manually')
```

Found function `cms/admin/placeholderadmin.py:PlaceholderAdmin.move_plugin`.
Source: Retrieved code content using keyword search (bm25).
```
669 | def move_plugin(self, request):
670 |         """
671 |         Performs a move or a "paste" operation (when «move_a_copy» is set)
672 | 
673 |         POST request with following parameters:
674 |         - plugin_id
675 |         - placeholder_id
676 |         - plugin_language (optional)
677 |         - plugin_parent (optional)
678 |         - plugin_order (array, optional)
679 |         - move_a_copy (Boolean, optional) (anything supplied here except a case-
680 |                                         insensitive "false" is True)
681 |         NOTE: If move_a_copy is set, the plugin_order should contain an item
682 |               '__COPY__' with the desired destination of the copied plugin.
683 |         """
684 |         # plugin_id and placeholder_id are required, so, if nothing is supplied,
685 |         # an ValueError exception will be raised by get_int().
686 |         try:
687 |             plugin_id = get_int(request.POST.get('plugin_id'))
688 |         except TypeError:
689 |             raise RuntimeError("'plugin_id' is a required parameter.")
690 | 
691 |         plugin = self._get_plugin_from_id(plugin_id)
692 | 
693 |         if request.POST.get('placeholder_id'):
694 |             placeholder_id = get_int(request.POST.get('placeholder_id'))
695 |             placeholder = Placeholder.objects.get(pk=placeholder_id)
696 |             assert plugin.placeholder_id != placeholder_id
697 |         else:
698 |             placeholder = None
699 | 
700 |         # The rest are optional
701 |         parent_id = get_int(request.POST.get('plugin_parent', ""), None)
702 |         target_language = request.POST['target_language']
703 |         move_a_copy = request.POST.get('move_a_copy')
704 |         move_a_copy = (
705 |             move_a_copy and move_a_copy != "0" and move_a_copy.lower() != "false"
706 |         )
707 |         move_to_clipboard = placeholder == request.toolbar.clipboard
708 |         source_placeholder = plugin.placeholder
709 | 
710 |         if placeholder and placeholder != source_placeholder:
711 |             try:
712 |                 template = self.get_placeholder_template(request, placeholder)
713 |                 has_reached_plugin_limit(placeholder, plugin.plugin_type,
714 |                                          target_language, template=template)
715 |             except PluginLimitReached as er:
716 |                 return HttpResponseBadRequest(er)
717 | 
718 |         # True if the plugin is not being moved from the clipboard
719 |         # to a placeholder or from a placeholder to the clipboard.
720 |         move_a_plugin = not move_a_copy and not move_to_clipboard
721 | 
722 |         if parent_id and plugin.parent_id != parent_id:
723 |             target_pl = placeholder or plugin.placeholder
724 | 
725 |             if move_a_plugin:
726 |                 target_parent = get_object_or_404(
727 |                     CMSPlugin,
728 |                     pk=parent_id,
729 |                     language=target_language,
730 |                     placeholder=target_pl,
731 |                 )
732 |             else:
733 |                 target_parent = get_object_or_404(CMSPlugin, pk=parent_id)
734 |         elif parent_id:
735 |             target_parent = plugin.parent
736 |         else:
737 |             target_parent = None
738 | 
739 |         new_plugin = None
740 |         fetch_tree = False
741 | 
742 |         if move_a_copy and plugin.plugin_type == "PlaceholderPlugin":
743 |             new_plugins = self._paste_placeholder(
744 |                 request,
745 |                 plugin=plugin,
746 |                 target_language=target_language,
747 |                 target_placeholder=placeholder,
748 |                 target_position=int(request.POST['target_position']),
749 |             )
750 |         elif move_a_copy:
751 |             fetch_tree = True
752 |             new_plugin = self._paste_plugin(
753 |                 request,
754 |                 plugin=plugin,
755 |                 target_parent=target_parent,
756 |                 target_language=target_language,
757 |                 target_placeholder=placeholder,
758 |                 target_position=int(request.POST['target_position']),
759 |             )
760 |         elif move_to_clipboard:
761 |             new_plugin = self._cut_plugin(
762 |                 request,
763 |                 plugin=plugin,
764 |                 target_language=target_language,
765 |                 target_placeholder=placeholder,
766 |             )
767 |             new_plugins = [new_plugin]
768 |         else:
769 |             fetch_tree = True
770 |             new_plugin = self._move_plugin(
771 |                 request,
772 |                 plugin=plugin,
773 |                 target_parent=target_parent,
774 |                 target_position=int(request.POST['target_position']),
775 |                 target_placeholder=placeholder,
776 |             )
777 | 
778 |         if new_plugin and fetch_tree:
779 |             root = (new_plugin.parent or new_plugin)
780 |             new_plugins = [root] + list(root.get_descendants())
781 |         data = get_plugin_tree(request, new_plugins)
782 |         return HttpResponse(json.dumps(data), content_type='application/json')
```

Found file `setup.py`.
Found file `menus/utils.py`.
Found file `cms/app_registration.py`.
Source: Retrieved entity using keyword search (bm25).
Hint: Use more detailed query to get the full content of some if needed.



##Searching for term "serializer rest"...
### Search Result:
Found `cms/migrations/0016_auto_20160608_1535.py:Migration`.
Source: Retrieved code content using keyword search (bm25).
```
 1 | from __future__ import unicode_literals
 2 | 
 3 | from django.db import migrations, models
 4 | 
 5 | 
 6 | class Migration(migrations.Migration):
 7 | 
 8 |     dependencies = [
 9 |         ('cms', '0015_auto_20160421_0000'),
10 |     ]
11 | 
12 |     operations = [
13 |         migrations.AlterField(
14 |             model_name='aliaspluginmodel',
15 |             name='cmsplugin_ptr',
16 |             field=models.OneToOneField(parent_link=True, related_name='cms_aliasplugin', primary_key=True, serialize=False, to='cms.CMSPlugin', on_delete=models.CASCADE),
17 |         ),
18 |         migrations.AlterField(
19 |             model_name='placeholderreference',
20 |             name='cmsplugin_ptr',
21 |             field=models.OneToOneField(parent_link=True, related_name='cms_placeholderreference', primary_key=True, serialize=False, to='cms.CMSPlugin', on_delete=models.CASCADE),
22 |         ),
23 |     ]
24 | 
```

Found `cms/migrations/0013_urlconfrevision.py:Migration`.
Source: Retrieved code content using keyword search (bm25).
```
 1 | from __future__ import unicode_literals
 2 | 
 3 | from django.db import models, migrations
 4 | 
 5 | 
 6 | class Migration(migrations.Migration):
 7 | 
 8 |     dependencies = [
 9 |         ('cms', '0012_auto_20150607_2207'),
10 |     ]
11 | 
12 |     operations = [
13 |         migrations.CreateModel(
14 |             name='UrlconfRevision',
15 |             fields=[
16 |                 ('id', models.AutoField(verbose_name='ID', serialize=False, auto_created=True, primary_key=True)),
17 |                 ('revision', models.CharField(max_length=255)),
18 |             ],
19 |             options={
20 |             },
21 |             bases=(models.Model,),
22 |         ),
23 |     ]
24 | 
```

Found `menus/migrations/0001_initial.py:Migration`.
Source: Retrieved code content using keyword search (bm25).
```
 1 | from django.db import models, migrations
 2 | 
 3 | 
 4 | class Migration(migrations.Migration):
 5 | 
 6 |     dependencies = [
 7 |     ]
 8 | 
 9 |     operations = [
10 |         migrations.CreateModel(
11 |             name='CacheKey',
12 |             fields=[
13 |                 ('id', models.AutoField(primary_key=True, verbose_name='ID', auto_created=True, serialize=False)),
14 |                 ('language', models.CharField(max_length=255)),
15 |                 ('site', models.PositiveIntegerField()),
16 |                 ('key', models.CharField(max_length=255)),
17 |             ],
18 |             options={
19 |             },
20 |             bases=(models.Model,),
21 |         ),
22 |     ]
23 | 
```

Found `cms/migrations/0002_auto_20140816_1918.py:Migration`.
Source: Retrieved code content using keyword search (bm25).
```
  1 | from __future__ import unicode_literals
  2 | 
  3 | import cms.models.static_placeholder
  4 | import cms.models.fields
  5 | from django.conf import settings
  6 | from django.contrib.auth import get_user_model
  7 | from django.db import models, migrations
  8 | import django.utils.timezone
  9 | 
 10 | User = get_user_model()
 11 | 
 12 | user_model_label = '%s.%s' % (User._meta.app_label, User._meta.model_name)
 13 | user_ptr_name = '%s_ptr' % User._meta.object_name.lower()
 14 | 
 15 | 
 16 | class Migration(migrations.Migration):
 17 | 
 18 |     dependencies = [
 19 |         ('cms', '0001_initial'),
 20 |     ]
 21 | 
 22 |     operations = [
 23 |         migrations.CreateModel(
 24 |             name='PageUser',
 25 |             fields=[
 26 |                 (user_ptr_name, models.OneToOneField(primary_key=True, to=settings.AUTH_USER_MODEL, auto_created=True, parent_link=True, serialize=False, on_delete=models.CASCADE)),
 27 |                 ('created_by', models.ForeignKey(to=settings.AUTH_USER_MODEL, related_name='created_users', on_delete=models.CASCADE)),
 28 |             ],
 29 |             options={
 30 |                 'verbose_name': 'User (page)',
 31 |                 'verbose_name_plural': 'Users (page)',
 32 |             },
 33 |             bases=(user_model_label,),
 34 |         ),
 35 |         migrations.CreateModel(
 36 |             name='PageUserGroup',
 37 |             fields=[
 38 |                 ('group_ptr', models.OneToOneField(primary_key=True, to='auth.Group', auto_created=True, parent_link=True, serialize=False, on_delete=models.CASCADE)),
 39 |                 ('created_by', models.ForeignKey(to=settings.AUTH_USER_MODEL, related_name='created_usergroups', on_delete=models.CASCADE)),
 40 |             ],
 41 |             options={
 42 |                 'verbose_name': 'User group (page)',
 43 |                 'verbose_name_plural': 'User groups (page)',
 44 |             },
 45 |             bases=('auth.group',),
 46 |         ),
 47 |         migrations.CreateModel(
 48 |             name='Placeholder',
 49 |             fields=[
 50 |                 ('id', models.AutoField(primary_key=True, verbose_name='ID', auto_created=True, serialize=False)),
 51 |                 ('slot', models.CharField(db_index=True, max_length=50, verbose_name='slot', editable=False)),
 52 |                 ('default_width', models.PositiveSmallIntegerField(null=True, verbose_name='width', editable=False)),
 53 |             ],
 54 |             options={
 55 |             },
 56 |             bases=(models.Model,),
 57 |         ),
 58 |         migrations.AddField(
 59 |             model_name='page',
 60 |             name='placeholders',
 61 |             field=models.ManyToManyField(to='cms.Placeholder', editable=False),
 62 |             preserve_default=True,
 63 |         ),
 64 |         migrations.AlterUniqueTogether(
 65 |             name='page',
 66 |             unique_together=set([('publisher_is_draft', 'application_namespace'), ('reverse_id', 'site', 'publisher_is_draft')]),
 67 |         ),
 68 |         migrations.AddField(
 69 |             model_name='cmsplugin',
 70 |             name='placeholder',
 71 |             field=models.ForeignKey(null=True, to='cms.Placeholder', editable=False, on_delete=models.CASCADE),
 72 |             preserve_default=True,
 73 |         ),
 74 |         migrations.AddField(
 75 |             model_name='aliaspluginmodel',
 76 |             name='alias_placeholder',
 77 |             field=models.ForeignKey(null=True, to='cms.Placeholder', related_name='alias_placeholder', editable=False, on_delete=models.CASCADE),
 78 |             preserve_default=True,
 79 |         ),
 80 |         migrations.CreateModel(
 81 |             name='PlaceholderReference',
 82 |             fields=[
 83 |                 ('cmsplugin_ptr', models.OneToOneField(primary_key=True, to='cms.CMSPlugin', auto_created=True, parent_link=True, serialize=False, on_delete=models.CASCADE)),
 84 |                 ('name', models.CharField(max_length=255)),
 85 |                 ('placeholder_ref', cms.models.fields.PlaceholderField(null=True, to='cms.Placeholder', slotname='clipboard', editable=False)),
 86 |             ],
 87 |             options={
 88 |             },
 89 |             bases=('cms.cmsplugin',),
 90 |         ),
 91 |         migrations.CreateModel(
 92 |             name='StaticPlaceholder',
 93 |             fields=[
 94 |                 ('id', models.AutoField(primary_key=True, verbose_name='ID', auto_created=True, serialize=False)),
 95 |                 ('name', models.CharField(max_length=255, default='', help_text='Descriptive name to identify this static placeholder. Not displayed to users.', blank=True, verbose_name='static placeholder name')),
 96 |                 ('code', models.CharField(max_length=255, verbose_name='placeholder code', help_text='To render the static placeholder in templates.', blank=True)),
 97 |                 ('dirty', models.BooleanField(default=False, editable=False)),
 98 |                 ('creation_method', models.CharField(max_length=20, default='code', blank=True, verbose_name='creation_method', choices=cms.models.static_placeholder.StaticPlaceholder.CREATION_METHODS)),
 99 |                 ('draft', cms.models.fields.PlaceholderField(null=True, to='cms.Placeholder', verbose_name='placeholder content', related_name='static_draft', slotname=cms.models.static_placeholder.static_slotname, editable=False)),
100 |                 ('public', cms.models.fields.PlaceholderField(null=True, to='cms.Placeholder', slotname=cms.models.static_placeholder.static_slotname, related_name='static_public', editable=False)),
101 |                 ('site', models.ForeignKey(null=True, to='sites.Site', blank=True, on_delete=models.CASCADE)),
102 |             ],
103 |             options={
104 |                 'verbose_name': 'static placeholder',
105 |                 'verbose_name_plural': 'static placeholders',
106 |             },
107 |             bases=(models.Model,),
108 |         ),
109 |         migrations.AlterUniqueTogether(
110 |             name='staticplaceholder',
111 |             unique_together=set([('code', 'site')]),
112 |         ),
113 |         migrations.CreateModel(
114 |             name='Title',
115 |             fields=[
116 |                 ('id', models.AutoField(primary_key=True, verbose_name='ID', auto_created=True, serialize=False)),
117 |                 ('language', models.CharField(db_index=True, max_length=15, verbose_name='language')),
118 |                 ('meta_description', models.TextField(max_length=155, null=True, help_text='The text displayed in search engines.', blank=True, verbose_name='description')),
119 |                 ('title', models.CharField(max_length=255, help_text='The default title', verbose_name='title')),
120 |                 ('page_title', models.CharField(max_length=255, null=True, help_text='Overwrites what is displayed at the top of your browser or in bookmarks', blank=True, verbose_name='Page Title')),
121 |                 ('menu_title', models.CharField(max_length=255, null=True, help_text='Overwrite what is displayed in the menu', blank=True, verbose_name='Menu Title')),
122 |                 ('slug', models.SlugField(max_length=255, verbose_name='slug')),
123 |                 ('path', models.CharField(db_index=True, max_length=255, verbose_name='Path')),
124 |                 ('has_url_overwrite', models.BooleanField(db_index=True, default=False, editable=False, verbose_name='has url overwrite')),
125 |                 ('redirect', models.CharField(max_length=255, null=True, blank=True, verbose_name='redirect')),
126 |                 ('creation_date', models.DateTimeField(default=django.utils.timezone.now, verbose_name='creation date', editable=False)),
127 |                 ('published', models.BooleanField(default=False, verbose_name='is published')),
128 |                 ('publisher_is_draft', models.BooleanField(db_index=True, default=True, editable=False)),
129 |                 ('publisher_state', models.SmallIntegerField(db_index=True, default=0, editable=False)),
130 |                 ('page', models.ForeignKey(to='cms.Page', verbose_name='page', related_name='title_set', on_delete=models.CASCADE)),
131 |                 ('publisher_public', models.OneToOneField(null=True, to='cms.Title', related_name='publisher_draft', editable=False, on_delete=models.CASCADE)),
132 |             ],
133 |             options={
134 |             },
135 |             bases=(models.Model,),
136 |         ),
137 |         migrations.AlterUniqueTogether(
138 |             name='title',
139 |             unique_together=set([('language', 'page')]),
140 |         ),
141 |         migrations.CreateModel(
142 |             name='UserSettings',
143 |             fields=[
144 |                 ('id', models.AutoField(primary_key=True, verbose_name='ID', auto_created=True, serialize=False)),
145 |                 ('language', models.CharField(max_length=10, choices=settings.LANGUAGES, help_text='The language for the admin interface and toolbar', verbose_name='Language')),
146 |                 ('clipboard', models.ForeignKey(null=True, to='cms.Placeholder', blank=True, editable=False, on_delete=models.CASCADE)),
147 |                 ('user', models.ForeignKey(to=settings.AUTH_USER_MODEL, unique=True, related_name='djangocms_usersettings', editable=False, on_delete=models.CASCADE)),
148 |             ],
149 |             options={
150 |                 'verbose_name': 'user setting',
151 |                 'verbose_name_plural': 'user settings',
152 |             },
153 |             bases=(models.Model,),
154 |         ),
155 |     ]
156 | 
```

Found `cms/utils/encoder.py:SafeJSONEncoder`, `cms/utils/encoder.py:SafeJSONEncoder._recursive_escape`, `cms/utils/encoder.py:SafeJSONEncoder.encode`, `cms/utils/encoder.py:SafeJSONEncoder.default`.
Source: Retrieved code content using keyword search (bm25).
```
 1 | from django.core.serializers.json import DjangoJSONEncoder
 2 | from django.utils.encoding import force_str
 3 | from django.utils.functional import Promise
 4 | from django.utils.html import conditional_escape
 5 | 
 6 | 
 7 | class SafeJSONEncoder(DjangoJSONEncoder):
 8 |     def _recursive_escape(self, o, esc=conditional_escape):
 9 |         if isinstance(o, dict):
10 |             return type(o)((esc(k), self._recursive_escape(v)) for (k, v) in dict.items(o))
11 |         if isinstance(o, (list, tuple)):
12 |             return type(o)(self._recursive_escape(v) for v in o)
13 |         if isinstance(o, bool):
14 |             return o
15 |         try:
16 |             return type(o)(esc(o))
17 |         except (ValueError, TypeError):
18 |             return self.default(o)
19 | 
20 |     def encode(self, o):
21 |         value = self._recursive_escape(o)
22 |         return super().encode(value)
23 | 
24 |     def default(self, o):
25 |         if isinstance(o, Promise):
26 |             return force_str(o)
27 |         return super().default(o)
28 | 
```

Found function `cms/signals/apphook.py:trigger_server_restart`.
Source: Retrieved entity using keyword search (bm25).
```
15 | def trigger_server_restart(**kwargs):
16 |     """
17 |     Marks the URLs as stale so that they can be reloaded.
18 |     """
19 |     mark_urlconf_as_changed()
```

Found function `cms/signals/apphook.py:set_restart_trigger`.
Source: Retrieved entity using keyword search (bm25).
```
22 | def set_restart_trigger():
23 |     request_finished.connect(trigger_restart, dispatch_uid=DISPATCH_UID)
```

Found function `cms/signals/apphook.py:trigger_restart`.
Source: Retrieved entity using keyword search (bm25).
```
26 | def trigger_restart(**kwargs):
27 |     from cms.signals import urls_need_reloading
28 | 
29 |     request_finished.disconnect(trigger_restart, dispatch_uid=DISPATCH_UID)
30 |     urls_need_reloading.send(sender=None)
```

2026-09-14 23:37:24 utils.py INFO 
LiteLLM completion() model= qwen/qwen3-coder; provider = openrouter
2026-09-14 23:37:49 utils.py INFO Wrapper: Completed Call, calling success_handler
2026-09-14 23:37:49 utils.py INFO 
LiteLLM completion() model= qwen/qwen3-coder; provider = openrouter
